303 719
CONFIG 720 10 3000 10 24 100 0.005 3 4 24 1
ENGINE 1.32.7 bc8a54879ef02c7ea64b8b333d6a976f0ea65c4949149d01f463f23bccee653e
1 9 0 0 1 1 0 1 1 0 1 1 0 1 1 0 1 1 0 1 5 11 2 5 10 2 3 0 7 3 4 12
1 9 0 0 1 1 0 1 1 0 1 1 0 1 1 0 1 1 0 1 5 11 2 5 10 2 3 0 7 3 4 12
6 1 5 10 2 4 0 1 1 0 1 0 0 1 5 11 2 4 0 1 4 0 2
6 1 5 10 2 4 0 1 1 0 1 0 0 1 5 11 2 4 0 1 4 0 2
6 0 14 0 1 1 0 1 1 0 1 0 0 1 5 0 2 1 0 1
6 0 14 0 1 1 0 1 1 0 1 0 0 1 5 0 2 1 0 1
6 0 7 10 1 1 0 1 1 0 1 0 0 1 1 0 1 1 0 1
6 0 7 10 1 1 0 1 1 0 1 0 0 1 1 0 1 1 0 1
6 0 4 0 1 14 0 1 1 0 1 0 0 1 14 0 1 1 0 1
6 0 4 0 1 14 0 1 1 0 1 0 0 1 14 0 1 1 0 1
6 0 14 0 1 4 0 1 8 0 1 0 0 1 7 11 1 1 0 1
6 0 14 0 1 4 0 1 8 0 1 0 0 1 7 11 1 1 0 1
6 0 7 10 1 8 4 1 9 0 1 0 0 1 15 0 1 8 4 1
6 0 7 10 1 8 4 1 9 0 1 0 0 1 15 0 1 8 4 1
6 0 4 0 1 9 0 1 4 0 1 0 0 1 17 0 1 9 0 1
6 0 4 0 1 9 0 1 4 0 1 0 0 1 17 0 1 9 0 1
6 0 14 0 1 4 0 1 8 4 1 0 0 1 4 0 1 4 0 1
6 0 14 0 1 4 0 1 8 4 1 0 0 1 4 0 1 4 0 1
6 0 4 0 1 8 0 1 9 0 1 0 0 1 14 0 1 8 0 1
6 0 4 0 1 8 0 1 9 0 1 0 0 1 14 0 1 8 0 1
6 0 8 0 1 9 0 1 4 0 1 0 0 1 7 11 1 9 0 1
6 0 8 0 1 9 0 1 4 0 1 0 0 1 7 11 1 9 0 1
6 0 9 0 1 4 0 1 8 4 1 0 0 1 15 0 1 4 0 1
6 0 9 0 1 4 0 1 8 4 1 0 0 1 15 0 1 4 0 1
6 0 4 0 1 8 4 1 9 0 1 0 0 1 17 0 1 8 4 1
6 0 4 0 1 8 4 1 9 0 1 0 0 1 17 0 1 8 4 1
6 0 8 4 1 9 0 1 4 0 1 0 0 1 4 0 1 9 0 1
6 0 8 4 1 9 0 1 4 0 1 0 0 1 4 0 1 9 0 1
6 0 9 0 1 4 0 1 8 0 1 0 0 1 8 4 1 4 0 1
6 0 9 0 1 4 0 1 8 0 1 0 0 1 8 4 1 4 0 1
6 0 0 0 1 8 4 1 9 0 1 0 0 1 9 0 1 8 4 1
6 0 0 0 1 8 4 1 9 0 1 0 0 1 9 0 1 8 4 1
6 0 0 0 1 9 0 1 4 0 1 0 0 1 4 0 1 9 0 1
6 0 0 0 1 9 0 1 4 0 1 0 0 1 4 0 1 9 0 1
6 0 0 0 1 0 0 1 8 4 1 0 0 1 8 0 1 4 0 1
6 0 0 0 1 0 0 1 8 4 1 0 0 1 8 0 1 4 0 1
6 0 0 0 1 0 0 1 9 0 1 0 0 1 9 0 1 8 0 1
6 0 0 0 1 0 0 1 9 0 1 0 0 1 9 0 1 8 0 1
6 0 0 0 1 0 0 1 0 0 1 0 0 1 4 0 1 9 0 1
6 0 0 0 1 0 0 1 0 0 1 0 0 1 4 0 1 9 0 1
6 0 0 0 1 0 0 1 0 0 1 0 0 1 8 4 1 0 0 1
6 0 0 0 1 0 0 1 0 0 1 0 0 1 8 4 1 0 0 1
6 0 0 0 1 0 0 1 0 0 1 0 0 1 9 0 1 0 0 1
6 0 0 0 1 0 0 1 0 0 1 0 0 1 9 0 1 0 0 1
6 0 0 0 1 0 0 1 0 0 1 0 0 1 0 0 1 0 0 1
6 0 0 0 1 0 0 1 0 0 1 0 0 1 0 0 1 0 0 1
6 0 0 0 1 0 0 1 0 0 1 0 0 1 0 0 1 0 0 1
6 0 0 0 1 0 0 1 0 0 1 0 0 1 0 0 1 0 0 1
1 1 17 0 1 4 0 3
1 1 17 0 1 4 0 3
1 1 5 0 3 4 0 2
1 1 5 0 3 4 0 2
1 1 15 0 1 4 0 2
1 1 15 0 1 4 0 2
1 1 4 0 1 4 0 2
1 1 4 0 1 4 0 2
1 1 15 0 1 4 0 2
1 1 15 0 1 4 0 2
1 1 17 0 1 4 0 2
1 1 17 0 1 4 0 2
1 1 1 0 1 4 0 2
1 1 1 0 1 4 0 2
1 1 15 0 1 4 0 2
1 1 15 0 1 4 0 2
1 1 17 0 1 4 0 2
1 1 17 0 1 4 0 2
1 1 3 0 1 4 0 2
1 1 3 0 1 4 0 2
1 1 17 0 1 4 0 2
1 1 17 0 1 4 0 2
1 1 16 0 1 4 0 2
1 1 16 0 1 4 0 2
1 1 2 0 1 4 0 2
1 1 2 0 1 4 0 2
1 1 16 0 1 4 0 2
1 1 16 0 1 4 0 2
1 1 6 0 1 4 0 2
1 1 6 0 1 4 0 2
1 2 4 0 1 6 8 2 4 0 2
1 2 4 0 1 6 8 2 4 0 2
1 1 3 0 1 4 0 3
1 1 3 0 1 4 0 3
1 1 5 0 1 4 0 3
1 1 5 0 1 4 0 3
1 1 1 0 1 4 0 2
1 1 1 0 1 4 0 2
1 1 15 0 1 4 0 2
1 1 15 0 1 4 0 2
1 0 4 0 1
1 0 4 0 1
1 0 16 0 1
1 0 16 0 1
1 0 2 0 1
1 0 2 0 1
1 0 16 0 1
1 0 16 0 1
1 6 5 0 2 6 8 2 1 0 1 1 0 1 1 0 1 1 0 1 4 0 3
1 6 5 0 2 6 8 2 1 0 1 1 0 1 1 0 1 1 0 1 4 0 3
5 0 1 0 1 4 0 1 1 0 1 0 0 1 1 0 1
5 0 1 0 1 4 0 1 1 0 1 0 0 1 1 0 1
5 0 15 0 1 1 0 1 17 0 1 0 0 1 1 0 1
5 0 15 0 1 1 0 1 17 0 1 0 0 1 1 0 1
5 2 17 0 1 1 0 1 16 0 1 0 0 1 4 0 1 6 0 1 4 0 1
5 2 17 0 1 1 0 1 16 0 1 0 0 1 4 0 1 6 0 1 4 0 1
5 2 4 0 1 1 0 1 4 0 1 0 0 1 9 0 1 6 0 1 4 0 1
5 2 4 0 1 1 0 1 4 0 1 0 0 1 9 0 1 6 0 1 4 0 1
5 2 15 0 1 9 0 1 17 0 1 0 0 1 4 0 1 6 0 1 4 0 1
5 2 15 0 1 9 0 1 17 0 1 0 0 1 4 0 1 6 0 1 4 0 1
5 2 17 0 1 1 0 1 16 0 1 0 0 1 9 0 1 6 0 2 4 0 2
5 2 17 0 1 1 0 1 16 0 1 0 0 1 9 0 1 6 0 2 4 0 2
5 2 4 0 1 9 0 1 4 0 1 0 0 1 4 0 1 6 0 2 4 0 2
5 2 4 0 1 9 0 1 4 0 1 0 0 1 4 0 1 6 0 2 4 0 2
5 2 9 0 1 4 0 1 4 0 1 0 0 1 9 0 1 6 0 2 4 0 2
5 2 9 0 1 4 0 1 4 0 1 0 0 1 9 0 1 6 0 2 4 0 2
5 2 4 0 1 9 0 1 9 0 1 0 0 1 4 0 1 6 0 2 4 0 2
5 2 4 0 1 9 0 1 9 0 1 0 0 1 4 0 1 6 0 2 4 0 2
5 2 9 0 1 4 0 1 4 0 1 0 0 1 9 0 1 6 0 2 4 0 2
5 2 9 0 1 4 0 1 4 0 1 0 0 1 9 0 1 6 0 2 4 0 2
5 2 4 0 1 9 0 1 9 0 1 0 0 1 1 0 1 6 0 2 4 0 2
5 2 4 0 1 9 0 1 9 0 1 0 0 1 1 0 1 6 0 2 4 0 2
5 2 9 0 1 4 0 1 0 0 1 0 0 1 9 0 1 6 0 2 4 0 2
5 2 9 0 1 4 0 1 0 0 1 0 0 1 9 0 1 6 0 2 4 0 2
5 2 3 0 1 9 0 1 0 0 1 0 0 1 3 0 1 6 0 2 4 0 2
5 2 3 0 1 9 0 1 0 0 1 0 0 1 3 0 1 6 0 2 4 0 2
5 2 3 0 1 4 0 1 0 0 1 0 0 1 9 0 1 6 0 2 4 0 2
5 2 3 0 1 4 0 1 0 0 1 0 0 1 9 0 1 6 0 2 4 0 2
5 2 3 0 1 9 0 1 0 0 1 0 0 1 3 0 1 6 0 2 4 0 2
5 2 3 0 1 9 0 1 0 0 1 0 0 1 3 0 1 6 0 2 4 0 2
5 2 16 0 1 0 0 1 0 0 1 0 0 1 9 0 1 6 0 2 4 0 2
5 2 16 0 1 0 0 1 0 0 1 0 0 1 9 0 1 6 0 2 4 0 2
5 2 3 0 1 0 0 1 0 0 1 0 0 1 3 0 1 6 0 2 4 0 2
5 2 3 0 1 0 0 1 0 0 1 0 0 1 3 0 1 6 0 2 4 0 2
5 2 16 0 1 0 0 1 0 0 1 0 0 1 9 0 1 6 0 2 4 0 2
5 2 16 0 1 0 0 1 0 0 1 0 0 1 9 0 1 6 0 2 4 0 2
5 2 0 0 1 0 0 1 0 0 1 0 0 1 0 0 1 6 0 2 4 0 2
5 2 0 0 1 0 0 1 0 0 1 0 0 1 0 0 1 6 0 2 4 0 2
5 1 0 0 1 0 0 1 0 0 1 0 0 1 0 0 1 6 0 2
5 1 0 0 1 0 0 1 0 0 1 0 0 1 0 0 1 6 0 2
5 0 0 0 1 0 0 1 0 0 1 0 0 1 0 0 1
5 0 0 0 1 0 0 1 0 0 1 0 0 1 0 0 1
5 0 0 0 1 0 0 1 0 0 1 0 0 1 0 0 1
5 0 0 0 1 0 0 1 0 0 1 0 0 1 0 0 1
5 0 0 0 1 0 0 1 0 0 1 0 0 1 0 0 1
5 0 0 0 1 0 0 1 0 0 1 0 0 1 0 0 1
1 8 5 0 4 6 8 4 1 0 1 1 0 1 1 0 1 1 0 1 1 0 1 4 0 4 5 10 1
1 8 5 0 4 6 8 4 1 0 1 1 0 1 1 0 1 1 0 1 1 0 1 4 0 4 5 10 1
6 0 15 0 1 4 0 1 1 0 1 0 0 1 5 10 1 4 0 1
6 0 15 0 1 4 0 1 1 0 1 0 0 1 5 10 1 4 0 1
6 1 17 0 1 1 0 1 1 0 1 0 0 1 4 0 1 1 0 1 4 0 1
6 1 17 0 1 1 0 1 1 0 1 0 0 1 4 0 1 1 0 1 4 0 1
6 0 4 0 1 1 0 1 1 0 1 0 0 1 4 0 1 1 0 1
6 0 4 0 1 1 0 1 1 0 1 0 0 1 4 0 1 1 0 1
6 0 15 0 1 4 0 1 1 0 1 0 0 1 7 10 1 1 0 1
6 0 15 0 1 4 0 1 1 0 1 0 0 1 7 10 1 1 0 1
6 1 17 0 1 4 0 1 9 0 1 0 0 1 4 0 1 1 0 1 4 0 1
6 1 17 0 1 4 0 1 9 0 1 0 0 1 4 0 1 1 0 1 4 0 1
6 1 1 0 1 9 0 1 4 0 1 0 0 1 9 0 1 4 0 1 4 0 1
6 1 1 0 1 9 0 1 4 0 1 0 0 1 9 0 1 4 0 1 4 0 1
6 1 15 0 1 0 0 1 4 0 1 0 0 1 1 0 1 9 0 1 4 0 1
6 1 15 0 1 0 0 1 4 0 1 0 0 1 1 0 1 9 0 1 4 0 1
6 1 17 0 1 0 0 1 4 0 1 0 0 1 9 0 1 4 0 1 4 0 2
6 1 17 0 1 0 0 1 4 0 1 0 0 1 9 0 1 4 0 1 4 0 2
6 1 3 0 1 0 0 1 9 0 1 0 0 1 0 0 1 4 0 1 4 0 2
6 1 3 0 1 0 0 1 9 0 1 0 0 1 0 0 1 4 0 1 4 0 2
6 1 15 0 1 0 0 1 0 0 1 0 0 1 0 0 1 4 0 1 4 0 2
6 1 15 0 1 0 0 1 0 0 1 0 0 1 0 0 1 4 0 1 4 0 2
6 2 17 0 1 0 0 1 0 0 1 0 0 1 0 0 1 9 0 1 6 0 1 4 0 3
6 2 17 0 1 0 0 1 0 0 1 0 0 1 0 0 1 9 0 1 6 0 1 4 0 3
6 2 16 0 1 0 0 1 0 0 1 0 0 1 0 0 1 0 0 1 6 0 1 4 0 3
6 2 16 0 1 0 0 1 0 0 1 0 0 1 0 0 1 0 0 1 6 0 1 4 0 3
6 2 2 0 1 0 0 1 0 0 1 0 0 1 0 0 1 0 0 1 6 0 1 4 0 3
6 2 2 0 1 0 0 1 0 0 1 0 0 1 0 0 1 0 0 1 6 0 1 4 0 3
6 2 16 0 1 0 0 1 0 0 1 0 0 1 0 0 1 0 0 1 6 0 1 4 0 3
6 2 16 0 1 0 0 1 0 0 1 0 0 1 0 0 1 0 0 1 6 0 1 4 0 3
6 2 4 0 1 0 0 1 0 0 1 0 0 1 0 0 1 0 0 1 6 0 1 4 0 3
6 2 4 0 1 0 0 1 0 0 1 0 0 1 0 0 1 0 0 1 6 0 1 4 0 3
6 2 16 0 1 0 0 1 0 0 1 0 0 1 0 0 1 0 0 1 6 0 1 4 0 3
6 2 16 0 1 0 0 1 0 0 1 0 0 1 0 0 1 0 0 1 6 0 1 4 0 3
6 2 1 0 1 0 0 1 0 0 1 0 0 1 0 0 1 0 0 1 6 0 1 4 0 3
6 2 1 0 1 0 0 1 0 0 1 0 0 1 0 0 1 0 0 1 6 0 1 4 0 3
6 2 16 0 1 0 0 1 0 0 1 0 0 1 0 0 1 0 0 1 6 0 1 4 0 3
6 2 16 0 1 0 0 1 0 0 1 0 0 1 0 0 1 0 0 1 6 0 1 4 0 3
6 2 0 0 1 0 0 1 0 0 1 0 0 1 0 0 1 0 0 1 6 0 1 4 0 3
6 2 0 0 1 0 0 1 0 0 1 0 0 1 0 0 1 0 0 1 6 0 1 4 0 3
6 1 0 0 1 0 0 1 0 0 1 0 0 1 0 0 1 0 0 1 6 0 1
6 1 0 0 1 0 0 1 0 0 1 0 0 1 0 0 1 0 0 1 6 0 1
6 0 0 0 1 0 0 1 0 0 1 0 0 1 0 0 1 0 0 1
6 0 0 0 1 0 0 1 0 0 1 0 0 1 0 0 1 0 0 1
6 0 0 0 1 0 0 1 0 0 1 0 0 1 0 0 1 0 0 1
6 0 0 0 1 0 0 1 0 0 1 0 0 1 0 0 1 0 0 1
6 0 0 0 1 0 0 1 0 0 1 0 0 1 0 0 1 0 0 1
6 0 0 0 1 0 0 1 0 0 1 0 0 1 0 0 1 0 0 1
1 9 5 0 3 6 8 4 4 0 1 1 0 1 1 0 1 1 0 1 1 0 1 1 0 1 4 0 5 3 0 7
1 9 5 0 3 6 8 4 4 0 1 1 0 1 1 0 1 1 0 1 1 0 1 1 0 1 4 0 5 3 0 7
6 0 15 0 1 4 0 1 1 0 1 0 0 1 5 0 2 4 0 1
6 0 15 0 1 4 0 1 1 0 1 0 0 1 5 0 2 4 0 1
6 1 17 0 1 1 0 1 1 0 1 0 0 1 1 0 1 1 0 1 4 0 1
6 1 17 0 1 1 0 1 1 0 1 0 0 1 1 0 1 1 0 1 4 0 1
6 0 4 0 1 1 0 1 1 0 1 0 0 1 15 0 1 1 0 1
6 0 4 0 1 1 0 1 1 0 1 0 0 1 15 0 1 1 0 1
6 1 15 0 1 4 0 1 4 0 1 0 0 1 17 0 1 1 0 1 4 0 1
6 1 15 0 1 4 0 1 4 0 1 0 0 1 17 0 1 1 0 1 4 0 1
6 1 17 0 1 9 0 1 9 0 1 0 0 1 4 0 1 1 0 1 4 0 1
6 1 17 0 1 9 0 1 9 0 1 0 0 1 4 0 1 1 0 1 4 0 1
6 1 4 0 1 1 0 1 4 0 1 0 0 1 15 0 1 9 0 1 6 0 1
6 1 4 0 1 1 0 1 4 0 1 0 0 1 15 0 1 9 0 1 6 0 1
6 2 15 0 1 9 0 1 4 0 1 0 0 1 17 0 1 4 0 1 6 0 1 4 0 2
6 2 15 0 1 9 0 1 4 0 1 0 0 1 17 0 1 4 0 1 6 0 1 4 0 2
6 2 17 0 1 4 0 1 9 0 1 0 0 1 4 0 1 9 0 1 6 0 3 4 0 2
6 2 17 0 1 4 0 1 9 0 1 0 0 1 4 0 1 9 0 1 6 0 3 4 0 2
6 1 4 0 1 9 0 1 4 0 1 0 0 1 9 0 1 10 0 1 4 0 3
6 1 4 0 1 9 0 1 4 0 1 0 0 1 9 0 1 10 0 1 4 0 3
6 0 9 0 1 3 0 1 9 0 1 0 0 1 4 0 1 8 0 1
6 0 9 0 1 3 0 1 9 0 1 0 0 1 4 0 1 8 0 1
6 0 10 0 1 3 0 1 1 0 1 0 0 1 9 0 1 9 0 1
6 0 10 0 1 3 0 1 1 0 1 0 0 1 9 0 1 9 0 1
6 0 4 0 1 9 0 1 9 0 1 0 0 1 10 0 1 4 0 1
6 0 4 0 1 9 0 1 9 0 1 0 0 1 10 0 1 4 0 1
6 0 9 0 1 10 0 1 1 0 1 0 0 1 8 0 1 9 0 1
6 0 9 0 1 10 0 1 1 0 1 0 0 1 8 0 1 9 0 1
6 0 1 0 1 8 0 1 3 0 1 0 0 1 9 0 1 4 0 1
6 0 1 0 1 8 0 1 3 0 1 0 0 1 9 0 1 4 0 1
6 0 9 0 1 9 0 1 9 0 1 0 0 1 3 0 1 9 0 1
6 0 9 0 1 9 0 1 9 0 1 0 0 1 3 0 1 9 0 1
6 0 2 0 1 2 0 1 2 0 1 0 0 1 3 0 1 4 0 1
6 0 2 0 1 2 0 1 2 0 1 0 0 1 3 0 1 4 0 1
6 0 3 0 1 4 0 1 9 0 1 0 0 1 16 0 1 9 0 1
6 0 3 0 1 4 0 1 9 0 1 0 0 1 16 0 1 9 0 1
6 0 8 0 1 4 0 1 10 0 1 0 0 1 3 0 1 10 0 1
6 0 8 0 1 4 0 1 10 0 1 0 0 1 3 0 1 10 0 1
6 0 9 0 1 9 0 1 8 0 1 0 0 1 16 0 1 8 0 1
6 0 9 0 1 9 0 1 8 0 1 0 0 1 16 0 1 8 0 1
6 0 3 0 1 10 0 1 9 0 1 0 0 1 2 0 1 9 0 1
6 0 3 0 1 10 0 1 9 0 1 0 0 1 2 0 1 9 0 1
6 0 16 0 1 8 0 1 2 0 1 0 0 1 6 0 1 2 0 1
6 0 16 0 1 8 0 1 2 0 1 0 0 1 6 0 1 2 0 1
6 2 3 0 1 9 0 1 2 0 1 0 0 1 0 0 1 2 0 1 6 0 3 6 8 2
6 2 3 0 1 9 0 1 2 0 1 0 0 1 0 0 1 2 0 1 6 0 3 6 8 2
6 0 16 0 1 2 0 1 2 0 1 0 0 1 16 0 1 2 0 1
6 0 16 0 1 2 0 1 2 0 1 0 0 1 16 0 1 2 0 1
1 4 5 0 4 6 0 25 6 8 3 1 0 1 5 10 1
1 4 5 0 4 6 0 25 6 8 3 1 0 1 5 10 1
2 0 5 10 1 4 0 1
2 0 5 10 1 4 0 1
2 0 15 0 1 4 0 1
2 0 15 0 1 4 0 1
2 0 17 0 1 4 0 1
2 0 17 0 1 4 0 1
2 0 4 0 1 17 0 1
2 0 4 0 1 17 0 1
2 0 15 0 1 16 0 1
2 0 15 0 1 16 0 1
2 0 17 0 1 0 0 1
2 0 17 0 1 0 0 1
2 0 1 0 1 0 0 1
2 0 1 0 1 0 0 1
2 0 15 0 1 0 0 1
2 0 15 0 1 0 0 1
2 0 17 0 1 0 0 1
2 0 17 0 1 0 0 1
2 0 3 0 1 0 0 1
2 0 3 0 1 0 0 1
2 0 15 0 1 3 0 1
2 0 15 0 1 3 0 1
2 0 17 0 1 16 0 1
2 0 17 0 1 16 0 1
2 0 1 0 1 0 0 1
2 0 1 0 1 0 0 1
2 0 7 10 1 3 0 1
2 0 7 10 1 3 0 1
2 0 2 0 1 0 0 1
2 0 2 0 1 0 0 1
2 0 16 0 1 16 0 1
2 0 16 0 1 16 0 1
2 0 4 0 1 0 0 1
2 0 4 0 1 0 0 1
2 0 16 0 1 0 0 1
2 0 16 0 1 0 0 1
2 0 0 0 1 0 0 1
2 0 0 0 1 0 0 1
2 0 0 0 1 0 0 1
2 0 0 0 1 0 0 1
2 0 0 0 1 0 0 1
2 0 0 0 1 0 0 1
2 0 0 0 1 0 0 1
2 0 0 0 1 0 0 1
2 0 0 0 1 0 0 1
2 0 0 0 1 0 0 1
1 7 5 0 3 6 8 5 4 0 1 1 0 1 1 0 1 1 0 1 1 0 1 4 0 6
1 7 5 0 3 6 8 5 4 0 1 1 0 1 1 0 1 1 0 1 1 0 1 4 0 6
5 0 15 0 1 4 0 1 1 0 1 0 0 1 5 0 3
5 0 15 0 1 4 0 1 1 0 1 0 0 1 5 0 3
5 1 17 0 1 1 0 1 1 0 1 0 0 1 1 0 1 4 0 1
5 1 17 0 1 1 0 1 1 0 1 0 0 1 1 0 1 4 0 1
5 0 4 0 1 1 0 1 1 0 1 0 0 1 15 0 1
5 0 4 0 1 1 0 1 1 0 1 0 0 1 15 0 1
5 1 15 0 1 4 0 1 1 0 1 0 0 1 17 0 1 4 0 1
5 1 15 0 1 4 0 1 1 0 1 0 0 1 17 0 1 4 0 1
5 1 17 0 1 9 0 1 9 0 1 0 0 1 4 0 1 4 0 1
5 1 17 0 1 9 0 1 9 0 1 0 0 1 4 0 1 4 0 1
5 0 4 0 1 4 0 1 1 0 1 0 0 1 15 0 1
5 0 4 0 1 4 0 1 1 0 1 0 0 1 15 0 1
5 2 15 0 1 9 0 1 9 0 1 0 0 1 17 0 1 6 0 1 4 0 1
5 2 15 0 1 9 0 1 9 0 1 0 0 1 17 0 1 6 0 1 4 0 1
5 2 17 0 1 4 0 1 4 0 1 0 0 1 1 0 1 6 0 2 4 0 2
5 2 17 0 1 4 0 1 4 0 1 0 0 1 1 0 1 6 0 2 4 0 2
5 2 4 0 1 9 0 1 9 0 1 0 0 1 3 0 1 6 0 2 4 0 2
5 2 4 0 1 9 0 1 9 0 1 0 0 1 3 0 1 6 0 2 4 0 2
5 2 9 0 1 4 0 1 4 0 1 0 0 1 15 0 1 6 0 2 4 0 2
5 2 9 0 1 4 0 1 4 0 1 0 0 1 15 0 1 6 0 2 4 0 2
5 2 4 0 1 9 0 1 9 0 1 0 0 1 17 0 1 6 0 3 4 0 3
5 2 4 0 1 9 0 1 9 0 1 0 0 1 17 0 1 6 0 3 4 0 3
5 1 9 0 1 1 0 1 4 0 1 0 0 1 1 0 1 4 0 3
5 1 9 0 1 1 0 1 4 0 1 0 0 1 1 0 1 4 0 3
5 0 1 0 1 9 0 1 9 0 1 0 0 1 4 0 1
5 0 1 0 1 9 0 1 9 0 1 0 0 1 4 0 1
5 0 9 0 1 3 0 1 4 0 1 0 0 1 9 0 1
5 0 9 0 1 3 0 1 4 0 1 0 0 1 9 0 1
5 0 3 0 1 9 0 1 9 0 1 0 0 1 2 0 1
5 0 3 0 1 9 0 1 9 0 1 0 0 1 2 0 1
5 0 9 0 1 3 0 1 0 0 1 0 0 1 3 0 1
5 0 9 0 1 3 0 1 0 0 1 0 0 1 3 0 1
5 0 3 0 1 9 0 1 0 0 1 0 0 1 16 0 1
5 0 3 0 1 9 0 1 0 0 1 0 0 1 16 0 1
5 0 9 0 1 2 0 1 0 0 1 0 0 1 2 0 1
5 0 9 0 1 2 0 1 0 0 1 0 0 1 2 0 1
5 0 2 0 1 2 0 1 0 0 1 0 0 1 10 0 1
5 0 2 0 1 2 0 1 0 0 1 0 0 1 10 0 1
5 0 16 0 1 2 0 1 0 0 1 0 0 1 16 0 1
5 0 16 0 1 2 0 1 0 0 1 0 0 1 16 0 1
5 0 3 0 1 3 0 1 0 0 1 0 0 1 4 0 1
5 0 3 0 1 3 0 1 0 0 1 0 0 1 4 0 1
5 0 16 0 1 3 0 1 0 0 1 0 0 1 10 0 1
5 0 16 0 1 3 0 1 0 0 1 0 0 1 10 0 1
5 0 3 0 1 16 0 1 0 0 1 0 0 1 16 0 1
5 0 3 0 1 16 0 1 0 0 1 0 0 1 16 0 1
1 10 5 0 5 6 7 12 6 8 6 6 0 1 1 0 1 1 0 1 1 0 1 1 0 1 2 0 1 5 11 2 5 10 2
1 10 5 0 5 6 7 12 6 8 6 6 0 1 1 0 1 1 0 1 1 0 1 1 0 1 2 0 1 5 11 2 5 10 2
5 4 15 0 1 5 10 2 1 0 1 1 0 1 4 0 1 1 0 1 1 0 1 4 0 9 3 3 8
5 4 15 0 1 5 10 2 1 0 1 1 0 1 4 0 1 1 0 1 1 0 1 4 0 9 3 3 8
7 1 17 0 1 14 0 1 1 0 1 5 0 2 4 0 1 1 0 1 1 0 1 4 0 1
7 1 17 0 1 14 0 1 1 0 1 5 0 2 4 0 1 1 0 1 1 0 1 4 0 1
7 0 4 0 1 7 10 1 4 0 1 5 11 2 4 0 1 1 0 1 1 0 1
7 0 4 0 1 7 10 1 4 0 1 5 11 2 4 0 1 1 0 1 1 0 1
7 0 15 0 1 3 0 1 4 0 1 1 0 1 9 0 1 1 0 1 1 0 1
7 0 15 0 1 3 0 1 4 0 1 1 0 1 9 0 1 1 0 1 1 0 1
7 1 17 0 1 14 0 1 9 0 1 14 0 1 4 0 1 17 0 1 14 0 1 4 0 1
7 1 17 0 1 14 0 1 9 0 1 14 0 1 4 0 1 17 0 1 14 0 1 4 0 1
7 0 4 0 1 7 10 1 4 0 1 7 11 1 9 0 1 16 0 1 3 0 1
7 0 4 0 1 7 10 1 4 0 1 7 11 1 9 0 1 16 0 1 3 0 1
7 0 15 0 1 3 0 1 9 0 1 15 0 1 1 0 1 4 0 1 8 3 1
7 0 15 0 1 3 0 1 9 0 1 15 0 1 1 0 1 4 0 1 8 3 1
7 2 17 0 1 14 0 1 1 0 1 17 0 1 9 0 1 9 0 1 9 0 1 6 0 2 4 0 2
7 2 17 0 1 14 0 1 1 0 1 17 0 1 9 0 1 9 0 1 9 0 1 6 0 2 4 0 2
7 2 1 0 1 3 0 1 9 0 1 3 0 1 1 0 1 4 0 1 3 0 1 6 0 2 4 0 2
7 2 1 0 1 3 0 1 9 0 1 3 0 1 1 0 1 4 0 1 3 0 1 6 0 2 4 0 2
7 2 3 0 1 8 3 1 1 0 1 14 0 1 9 0 1 9 0 1 3 0 1 6 0 2 4 0 2
7 2 3 0 1 8 3 1 1 0 1 14 0 1 9 0 1 9 0 1 3 0 1 6 0 2 4 0 2
7 2 15 0 1 9 0 1 9 0 1 7 11 1 1 0 1 1 0 1 8 3 1 6 0 2 4 0 2
7 2 15 0 1 9 0 1 9 0 1 7 11 1 1 0 1 1 0 1 8 3 1 6 0 2 4 0 2
7 2 17 0 1 3 0 1 3 0 1 15 0 1 9 0 1 3 0 1 9 0 1 6 0 3 4 0 3
7 2 17 0 1 3 0 1 3 0 1 15 0 1 9 0 1 3 0 1 9 0 1 6 0 3 4 0 3
7 2 3 0 1 8 3 1 9 0 1 17 0 1 1 0 1 9 0 1 2 0 1 6 0 4 4 0 4
7 2 3 0 1 8 3 1 9 0 1 17 0 1 1 0 1 9 0 1 2 0 1 6 0 4 4 0 4
7 2 15 0 1 9 0 1 3 0 1 3 0 1 9 0 1 1 0 1 8 3 1 6 0 4 4 0 4
7 2 15 0 1 9 0 1 3 0 1 3 0 1 9 0 1 1 0 1 8 3 1 6 0 4 4 0 4
7 2 17 0 1 1 0 1 3 0 1 8 3 1 3 0 1 9 0 1 9 0 1 6 0 5 4 0 5
7 2 17 0 1 1 0 1 3 0 1 8 3 1 3 0 1 9 0 1 9 0 1 6 0 5 4 0 5
7 2 16 0 1 8 3 1 9 0 1 9 0 1 9 0 1 2 0 1 1 0 1 6 0 5 4 0 5
7 2 16 0 1 8 3 1 9 0 1 9 0 1 9 0 1 2 0 1 1 0 1 6 0 5 4 0 5
7 2 2 0 1 9 0 1 1 0 1 1 0 1 3 0 1 2 0 1 3 0 1 6 0 5 4 0 5
7 2 2 0 1 9 0 1 1 0 1 1 0 1 3 0 1 2 0 1 3 0 1 6 0 5 4 0 5
7 2 16 0 1 1 0 1 9 0 1 8 3 1 9 0 1 2 0 1 0 0 1 6 0 5 4 0 5
7 2 16 0 1 1 0 1 9 0 1 8 3 1 9 0 1 2 0 1 0 0 1 6 0 5 4 0 5
7 2 4 0 1 0 0 1 2 0 1 9 0 1 0 0 1 0 0 1 0 0 1 6 0 5 4 0 5
7 2 4 0 1 0 0 1 2 0 1 9 0 1 0 0 1 0 0 1 0 0 1 6 0 5 4 0 5
7 1 16 0 1 0 0 1 2 0 1 0 0 1 0 0 1 0 0 1 0 0 1 6 0 5
7 1 16 0 1 0 0 1 2 0 1 0 0 1 0 0 1 0 0 1 0 0 1 6 0 5
7 0 4 0 1 0 0 1 2 0 1 0 0 1 0 0 1 0 0 1 0 0 1
7 0 4 0 1 0 0 1 2 0 1 0 0 1 0 0 1 0 0 1 0 0 1
7 0 16 0 1 0 0 1 4 0 1 0 0 1 0 0 1 0 0 1 0 0 1
7 0 16 0 1 0 0 1 4 0 1 0 0 1 0 0 1 0 0 1 0 0 1
7 0 1 0 1 0 0 1 16 0 1 0 0 1 0 0 1 0 0 1 0 0 1
7 0 1 0 1 0 0 1 16 0 1 0 0 1 0 0 1 0 0 1 0 0 1
1 8 5 0 3 6 8 6 1 0 1 1 0 1 1 0 1 1 0 1 1 0 1 3 0 7 3 3 4
1 8 5 0 3 6 8 6 1 0 1 1 0 1 1 0 1 1 0 1 1 0 1 3 0 7 3 3 4
6 5 15 0 1 5 0 4 1 0 1 1 0 1 5 0 2 1 0 1 1 0 1 1 0 1 1 0 1 1 0 1 4 0 10
6 5 15 0 1 5 0 4 1 0 1 1 0 1 5 0 2 1 0 1 1 0 1 1 0 1 1 0 1 1 0 1 4 0 10
10 1 17 0 1 15 0 1 5 0 1 1 0 1 1 0 1 1 0 1 1 0 1 1 0 1 1 0 1 1 0 1 4 0 8
10 1 17 0 1 15 0 1 5 0 1 1 0 1 1 0 1 1 0 1 1 0 1 1 0 1 1 0 1 1 0 1 4 0 8
10 1 4 0 1 17 0 1 1 0 1 1 0 1 15 0 1 3 0 1 1 0 1 1 0 1 1 0 1 1 0 1 4 0 9
10 1 4 0 1 17 0 1 1 0 1 1 0 1 15 0 1 3 0 1 1 0 1 1 0 1 1 0 1 1 0 1 4 0 9
10 1 15 0 1 3 0 1 1 0 1 1 0 1 17 0 1 3 0 1 1 0 1 1 0 1 4 0 1 1 0 1 4 0 10
10 1 15 0 1 3 0 1 1 0 1 1 0 1 17 0 1 3 0 1 1 0 1 1 0 1 4 0 1 1 0 1 4 0 10
10 1 17 0 1 15 0 1 15 0 1 8 3 1 4 0 1 3 0 1 1 0 1 4 0 1 4 0 1 1 0 1 4 0 10
10 1 17 0 1 15 0 1 15 0 1 8 3 1 4 0 1 3 0 1 1 0 1 4 0 1 4 0 1 1 0 1 4 0 10
10 1 4 0 1 17 0 1 17 0 1 9 0 1 15 0 1 3 0 1 4 0 1 4 0 1 9 0 1 9 0 1 4 0 10
10 1 4 0 1 17 0 1 17 0 1 9 0 1 15 0 1 3 0 1 4 0 1 4 0 1 9 0 1 9 0 1 4 0 10
10 1 15 0 1 1 0 1 16 0 1 3 0 1 17 0 1 8 3 1 4 0 1 9 0 1 4 0 1 1 0 1 4 0 10
10 1 15 0 1 1 0 1 16 0 1 3 0 1 17 0 1 8 3 1 4 0 1 9 0 1 4 0 1 1 0 1 4 0 10
10 1 17 0 1 15 0 1 1 0 1 8 3 1 16 0 1 9 0 1 4 0 1 4 0 1 9 0 1 4 0 1 4 0 10
10 1 17 0 1 15 0 1 1 0 1 8 3 1 16 0 1 9 0 1 4 0 1 4 0 1 9 0 1 4 0 1 4 0 10
10 1 16 0 1 17 0 1 9 0 1 9 0 1 4 0 1 1 0 1 9 0 1 4 0 1 4 0 1 9 0 1 4 0 10
10 1 16 0 1 17 0 1 9 0 1 9 0 1 4 0 1 1 0 1 9 0 1 4 0 1 4 0 1 9 0 1 4 0 10
10 1 4 0 1 4 0 1 10 0 1 2 0 1 4 0 1 8 3 1 10 0 1 9 0 1 9 0 1 4 0 1 4 0 10
10 1 4 0 1 4 0 1 10 0 1 2 0 1 4 0 1 8 3 1 10 0 1 9 0 1 9 0 1 4 0 1 4 0 10
10 1 9 0 1 15 0 1 8 0 1 2 0 1 10 0 1 9 0 1 8 0 1 4 0 1 0 0 1 9 0 1 4 0 8
10 1 9 0 1 15 0 1 8 0 1 2 0 1 10 0 1 9 0 1 8 0 1 4 0 1 0 0 1 9 0 1 4 0 8
10 1 10 0 1 17 0 1 9 0 1 2 0 1 8 0 1 0 0 1 9 0 1 9 0 1 0 0 1 10 0 1 4 0 5
10 1 10 0 1 17 0 1 9 0 1 2 0 1 8 0 1 0 0 1 9 0 1 9 0 1 0 0 1 10 0 1 4 0 5
10 0 8 0 1 16 0 1 1 0 1 4 0 1 9 0 1 0 0 1 1 0 1 1 0 1 0 0 1 2 0 1
10 0 8 0 1 16 0 1 1 0 1 4 0 1 9 0 1 0 0 1 1 0 1 1 0 1 0 0 1 2 0 1
10 0 9 0 1 2 0 1 4 0 1 4 0 1 1 0 1 0 0 1 4 0 1 9 0 1 0 0 1 9 0 1
10 0 9 0 1 2 0 1 4 0 1 4 0 1 1 0 1 0 0 1 4 0 1 9 0 1 0 0 1 9 0 1
10 0 4 0 1 16 0 1 8 0 1 16 0 1 3 0 1 0 0 1 9 0 1 3 0 1 0 0 1 2 0 1
10 0 4 0 1 16 0 1 8 0 1 16 0 1 3 0 1 0 0 1 9 0 1 3 0 1 0 0 1 2 0 1
10 0 9 0 1 3 0 1 9 0 1 0 0 1 9 0 1 0 0 1 10 0 1 3 0 1 0 0 1 2 0 1
10 0 9 0 1 3 0 1 9 0 1 0 0 1 9 0 1 0 0 1 10 0 1 3 0 1 0 0 1 2 0 1
10 0 3 0 1 16 0 1 4 0 1 0 0 1 10 0 1 0 0 1 8 0 1 9 0 1 0 0 1 2 0 1
10 0 3 0 1 16 0 1 4 0 1 0 0 1 10 0 1 0 0 1 8 0 1 9 0 1 0 0 1 2 0 1
10 0 3 0 1 1 0 1 9 0 1 0 0 1 8 0 1 0 0 1 9 0 1 0 0 1 0 0 1 10 0 1
10 0 3 0 1 1 0 1 9 0 1 0 0 1 8 0 1 0 0 1 9 0 1 0 0 1 0 0 1 10 0 1
10 0 3 0 1 16 0 1 4 0 1 0 0 1 9 0 1 0 0 1 2 0 1 0 0 1 0 0 1 16 0 1
10 0 3 0 1 16 0 1 4 0 1 0 0 1 9 0 1 0 0 1 2 0 1 0 0 1 0 0 1 16 0 1
10 0 3 0 1 0 0 1 9 0 1 0 0 1 2 0 1 0 0 1 2 0 1 0 0 1 0 0 1 3 0 1
10 0 3 0 1 0 0 1 9 0 1 0 0 1 2 0 1 0 0 1 2 0 1 0 0 1 0 0 1 3 0 1
10 1 6 0 1 0 0 1 2 0 1 0 0 1 3 0 1 0 0 1 2 0 1 0 0 1 0 0 1 6 0 1 6 6 6
10 1 6 0 1 0 0 1 2 0 1 0 0 1 3 0 1 0 0 1 2 0 1 0 0 1 0 0 1 6 0 1 6 6 6
10 1 10 0 1 0 0 1 2 0 1 0 0 1 3 0 1 0 0 1 2 0 1 0 0 1 0 0 1 0 0 1 6 8 2
10 1 10 0 1 0 0 1 2 0 1 0 0 1 3 0 1 0 0 1 2 0 1 0 0 1 0 0 1 0 0 1 6 8 2
10 1 6 0 1 0 0 1 2 0 1 0 0 1 16 0 1 0 0 1 3 0 1 0 0 1 0 0 1 0 0 1 6 6 6
10 1 6 0 1 0 0 1 2 0 1 0 0 1 16 0 1 0 0 1 3 0 1 0 0 1 0 0 1 0 0 1 6 6 6
1 9 5 0 5 6 8 1 1 0 1 1 0 1 1 0 1 1 0 1 1 0 1 5 10 2 3 3 7 6 0 13
1 9 5 0 5 6 8 1 1 0 1 1 0 1 1 0 1 1 0 1 1 0 1 5 10 2 3 3 7 6 0 13
6 5 15 0 1 5 0 2 1 0 1 1 0 1 5 0 1 1 0 1 1 0 1 1 0 1 1 0 1 1 0 1 1 0 1
6 5 15 0 1 5 0 2 1 0 1 1 0 1 5 0 1 1 0 1 1 0 1 1 0 1 1 0 1 1 0 1 1 0 1
11 0 17 0 1 1 0 1 1 0 1 5 10 1 1 0 1 1 0 1 1 0 1 1 0 1 1 0 1 1 0 1 5 10 1
11 0 17 0 1 1 0 1 1 0 1 5 10 1 1 0 1 1 0 1 1 0 1 1 0 1 1 0 1 1 0 1 5 10 1
11 0 4 0 1 15 0 1 4 0 1 3 0 1 1 0 1 3 0 1 1 0 1 1 0 1 1 0 1 1 0 1 1 0 1
11 0 4 0 1 15 0 1 4 0 1 3 0 1 1 0 1 3 0 1 1 0 1 1 0 1 1 0 1 1 0 1 1 0 1
11 0 15 0 1 17 0 1 4 0 1 3 0 1 15 0 1 9 0 1 1 0 1 1 0 1 1 0 1 1 0 1 1 0 1
11 0 15 0 1 17 0 1 4 0 1 3 0 1 15 0 1 9 0 1 1 0 1 1 0 1 1 0 1 1 0 1 1 0 1
11 0 17 0 1 3 0 1 9 0 1 7 10 1 17 0 1 3 0 1 1 0 1 1 0 1 1 0 1 1 0 1 7 10 1
11 0 17 0 1 3 0 1 9 0 1 7 10 1 17 0 1 3 0 1 1 0 1 1 0 1 1 0 1 1 0 1 7 10 1
11 0 4 0 1 15 0 1 2 0 1 4 0 1 16 0 1 9 0 1 4 0 1 3 0 1 1 0 1 1 0 1 0 0 1
11 0 4 0 1 15 0 1 2 0 1 4 0 1 16 0 1 9 0 1 4 0 1 3 0 1 1 0 1 1 0 1 0 0 1
11 0 15 0 1 17 0 1 4 0 1 17 0 1 4 0 1 3 0 1 9 0 1 3 0 1 9 0 1 8 3 1 0 0 1
11 0 15 0 1 17 0 1 4 0 1 17 0 1 4 0 1 3 0 1 9 0 1 3 0 1 9 0 1 8 3 1 0 0 1
11 0 17 0 1 3 0 1 4 0 1 16 0 1 9 0 1 9 0 1 4 0 1 8 3 1 4 0 1 9 0 1 0 0 1
11 0 17 0 1 3 0 1 4 0 1 16 0 1 9 0 1 9 0 1 4 0 1 8 3 1 4 0 1 9 0 1 0 0 1
11 0 1 0 1 9 0 1 9 0 1 4 0 1 4 0 1 1 0 1 9 0 1 9 0 1 4 0 1 3 0 1 2 0 1
11 0 1 0 1 9 0 1 9 0 1 4 0 1 4 0 1 1 0 1 9 0 1 9 0 1 4 0 1 3 0 1 2 0 1
11 0 3 0 1 3 0 1 1 0 1 17 0 1 4 0 1 8 3 1 1 0 1 1 0 1 4 0 1 8 3 1 16 0 1
11 0 3 0 1 3 0 1 1 0 1 17 0 1 4 0 1 8 3 1 1 0 1 1 0 1 4 0 1 8 3 1 16 0 1
11 0 15 0 1 9 0 1 9 0 1 16 0 1 9 0 1 9 0 1 9 0 1 8 3 1 9 0 1 9 0 1 3 0 1
11 0 15 0 1 9 0 1 9 0 1 16 0 1 9 0 1 9 0 1 9 0 1 8 3 1 9 0 1 9 0 1 3 0 1
11 0 17 0 1 2 0 1 2 0 1 1 0 1 4 0 1 1 0 1 0 0 1 9 0 1 0 0 1 0 0 1 16 0 1
11 0 17 0 1 2 0 1 2 0 1 1 0 1 4 0 1 1 0 1 0 0 1 9 0 1 0 0 1 0 0 1 16 0 1
11 0 3 0 1 9 0 1 3 0 1 4 0 1 9 0 1 8 3 1 0 0 1 0 0 1 0 0 1 0 0 1 0 0 1
11 0 3 0 1 9 0 1 3 0 1 4 0 1 9 0 1 8 3 1 0 0 1 0 0 1 0 0 1 0 0 1 0 0 1
11 0 15 0 1 3 0 1 3 0 1 4 0 1 1 0 1 9 0 1 0 0 1 0 0 1 0 0 1 0 0 1 0 0 1
11 0 15 0 1 3 0 1 3 0 1 4 0 1 1 0 1 9 0 1 0 0 1 0 0 1 0 0 1 0 0 1 0 0 1
11 0 17 0 1 9 0 1 16 0 1 16 0 1 9 0 1 3 0 1 0 0 1 0 0 1 0 0 1 0 0 1 0 0 1
11 0 17 0 1 9 0 1 16 0 1 16 0 1 9 0 1 3 0 1 0 0 1 0 0 1 0 0 1 0 0 1 0 0 1
11 0 10 0 1 1 0 1 0 0 1 0 0 1 0 0 1 8 3 1 0 0 1 0 0 1 0 0 1 0 0 1 0 0 1
11 0 10 0 1 1 0 1 0 0 1 0 0 1 0 0 1 8 3 1 0 0 1 0 0 1 0 0 1 0 0 1 0 0 1
11 0 16 0 1 9 0 1 0 0 1 0 0 1 0 0 1 9 0 1 0 0 1 0 0 1 0 0 1 0 0 1 0 0 1
11 0 16 0 1 9 0 1 0 0 1 0 0 1 0 0 1 9 0 1 0 0 1 0 0 1 0 0 1 0 0 1 0 0 1
11 0 2 0 1 0 0 1 0 0 1 0 0 1 0 0 1 0 0 1 0 0 1 0 0 1 0 0 1 0 0 1 0 0 1
11 0 2 0 1 0 0 1 0 0 1 0 0 1 0 0 1 0 0 1 0 0 1 0 0 1 0 0 1 0 0 1 0 0 1
11 1 6 0 1 0 0 1 0 0 1 0 0 1 0 0 1 0 0 1 0 0 1 0 0 1 0 0 1 0 0 1 0 0 1 6 7 4
11 1 6 0 1 0 0 1 0 0 1 0 0 1 0 0 1 0 0 1 0 0 1 0 0 1 0 0 1 0 0 1 0 0 1 6 7 4
11 0 16 0 1 0 0 1 0 0 1 0 0 1 0 0 1 0 0 1 0 0 1 0 0 1 0 0 1 0 0 1 0 0 1
11 0 16 0 1 0 0 1 0 0 1 0 0 1 0 0 1 0 0 1 0 0 1 0 0 1 0 0 1 0 0 1 0 0 1
11 0 4 0 1 0 0 1 0 0 1 0 0 1 0 0 1 0 0 1 0 0 1 0 0 1 0 0 1 0 0 1 0 0 1
11 0 4 0 1 0 0 1 0 0 1 0 0 1 0 0 1 0 0 1 0 0 1 0 0 1 0 0 1 0 0 1 0 0 1
11 0 16 0 1 0 0 1 0 0 1 0 0 1 0 0 1 0 0 1 0 0 1 0 0 1 0 0 1 0 0 1 0 0 1
11 0 16 0 1 0 0 1 0 0 1 0 0 1 0 0 1 0 0 1 0 0 1 0 0 1 0 0 1 0 0 1 0 0 1
11 0 4 0 1 0 0 1 0 0 1 0 0 1 0 0 1 0 0 1 0 0 1 0 0 1 0 0 1 0 0 1 0 0 1
11 0 4 0 1 0 0 1 0 0 1 0 0 1 0 0 1 0 0 1 0 0 1 0 0 1 0 0 1 0 0 1 0 0 1
1 7 5 0 3 4 0 2 1 0 1 1 0 1 1 0 1 1 0 1 1 0 1 6 8 2
1 7 5 0 3 4 0 2 1 0 1 1 0 1 1 0 1 1 0 1 1 0 1 6 8 2
6 4 15 0 1 1 0 1 1 0 1 1 0 1 5 0 3 5 0 5 1 0 1 1 0 1 1 0 1 4 0 12
6 4 15 0 1 1 0 1 1 0 1 1 0 1 5 0 3 5 0 5 1 0 1 1 0 1 1 0 1 4 0 12
9 1 17 0 1 1 0 1 4 0 1 5 0 1 1 0 1 15 0 1 1 0 1 1 0 1 1 0 1 4 0 1
9 1 17 0 1 1 0 1 4 0 1 5 0 1 1 0 1 15 0 1 1 0 1 1 0 1 1 0 1 4 0 1
9 1 4 0 1 4 0 1 4 0 1 1 0 1 15 0 1 17 0 1 1 0 1 1 0 1 1 0 1 4 0 1
9 1 4 0 1 4 0 1 4 0 1 1 0 1 15 0 1 17 0 1 1 0 1 1 0 1 1 0 1 4 0 1
9 1 15 0 1 4 0 1 4 0 1 1 0 1 17 0 1 3 0 1 4 0 1 1 0 1 1 0 1 4 0 1
9 1 15 0 1 4 0 1 4 0 1 1 0 1 17 0 1 3 0 1 4 0 1 1 0 1 1 0 1 4 0 1
9 1 17 0 1 4 0 1 9 0 1 15 0 1 4 0 1 15 0 1 4 0 1 1 0 1 4 0 1 4 0 1
9 1 17 0 1 4 0 1 9 0 1 15 0 1 4 0 1 15 0 1 4 0 1 1 0 1 4 0 1 4 0 1
9 1 4 0 1 9 0 1 4 0 1 17 0 1 15 0 1 17 0 1 9 0 1 9 0 1 9 0 1 4 0 2
9 1 4 0 1 9 0 1 4 0 1 17 0 1 15 0 1 17 0 1 9 0 1 9 0 1 9 0 1 4 0 2
9 2 15 0 1 1 0 1 9 0 1 1 0 1 17 0 1 3 0 1 10 0 1 4 0 1 10 0 1 6 0 1 4 0 1
9 2 15 0 1 1 0 1 9 0 1 1 0 1 17 0 1 3 0 1 10 0 1 4 0 1 10 0 1 6 0 1 4 0 1
9 2 17 0 1 4 0 1 10 0 1 3 0 1 1 0 1 15 0 1 4 0 1 9 0 1 4 0 1 6 0 2 4 0 2
9 2 17 0 1 4 0 1 10 0 1 3 0 1 1 0 1 15 0 1 4 0 1 9 0 1 4 0 1 6 0 2 4 0 2
9 2 1 0 1 9 0 1 1 0 1 9 0 1 3 0 1 17 0 1 9 0 1 4 0 1 4 0 1 6 0 3 4 0 3
9 2 1 0 1 9 0 1 1 0 1 9 0 1 3 0 1 17 0 1 9 0 1 4 0 1 4 0 1 6 0 3 4 0 3
9 2 2 0 1 1 0 1 9 0 1 3 0 1 15 0 1 1 0 1 1 0 1 9 0 1 9 0 1 6 0 3 4 0 3
9 2 2 0 1 1 0 1 9 0 1 3 0 1 15 0 1 1 0 1 1 0 1 9 0 1 9 0 1 6 0 3 4 0 3
9 2 16 0 1 4 0 1 10 0 1 3 0 1 17 0 1 4 0 1 4 0 1 10 0 1 10 0 1 6 0 4 4 0 4
9 2 16 0 1 4 0 1 10 0 1 3 0 1 17 0 1 4 0 1 4 0 1 10 0 1 10 0 1 6 0 4 4 0 4
9 2 3 0 1 9 0 1 1 0 1 3 0 1 1 0 1 15 0 1 2 0 1 4 0 1 2 0 1 6 0 4 4 0 4
9 2 3 0 1 9 0 1 1 0 1 3 0 1 1 0 1 15 0 1 2 0 1 4 0 1 2 0 1 6 0 4 4 0 4
9 2 16 0 1 3 0 1 9 0 1 9 0 1 1 0 1 17 0 1 2 0 1 9 0 1 3 0 1 6 0 5 4 0 5
9 2 16 0 1 3 0 1 9 0 1 9 0 1 1 0 1 17 0 1 2 0 1 9 0 1 3 0 1 6 0 5 4 0 5
9 2 1 0 1 9 0 1 1 0 1 2 0 1 4 0 1 4 0 1 3 0 1 10 0 1 3 0 1 6 0 5 4 0 5
9 2 1 0 1 9 0 1 1 0 1 2 0 1 4 0 1 4 0 1 3 0 1 10 0 1 3 0 1 6 0 5 4 0 5
9 2 3 0 1 10 0 1 9 0 1 9 0 1 9 0 1 15 0 1 3 0 1 2 0 1 10 0 1 6 0 5 4 0 5
9 2 3 0 1 10 0 1 9 0 1 9 0 1 9 0 1 15 0 1 3 0 1 2 0 1 10 0 1 6 0 5 4 0 5
9 2 3 0 1 3 0 1 10 0 1 4 0 1 2 0 1 17 0 1 1 0 1 3 0 1 2 0 1 6 0 6 4 0 6
9 2 3 0 1 3 0 1 10 0 1 4 0 1 2 0 1 17 0 1 1 0 1 3 0 1 2 0 1 6 0 6 4 0 6
9 1 3 0 1 9 0 1 2 0 1 4 0 1 2 0 1 16 0 1 3 0 1 3 0 1 3 0 1 6 0 6
9 1 3 0 1 9 0 1 2 0 1 4 0 1 2 0 1 16 0 1 3 0 1 3 0 1 3 0 1 6 0 6
9 2 16 0 1 10 0 1 2 0 1 4 0 1 2 0 1 2 0 1 3 0 1 16 0 1 6 0 1 6 4 12 6 7 4
9 2 16 0 1 10 0 1 2 0 1 4 0 1 2 0 1 2 0 1 3 0 1 16 0 1 6 0 1 6 4 12 6 7 4
9 0 2 0 1 2 0 1 2 0 1 4 0 1 16 0 1 16 0 1 2 0 1 2 0 1 10 0 1
9 0 2 0 1 2 0 1 2 0 1 4 0 1 16 0 1 16 0 1 2 0 1 2 0 1 10 0 1
9 2 1 0 1 1 0 1 3 0 1 16 0 1 3 0 1 3 0 1 6 0 1 2 0 1 6 0 1 6 4 6 6 6 3
9 2 1 0 1 1 0 1 3 0 1 16 0 1 3 0 1 3 0 1 6 0 1 2 0 1 6 0 1 6 4 6 6 6 3
9 2 2 0 1 3 0 1 3 0 1 0 0 1 16 0 1 16 0 1 16 0 1 6 0 1 0 0 1 6 4 6 6 4 6
9 2 2 0 1 3 0 1 3 0 1 0 0 1 16 0 1 16 0 1 16 0 1 6 0 1 0 0 1 6 4 6 6 4 6
9 0 1 0 1 3 0 1 3 0 1 0 0 1 0 0 1 3 0 1 0 0 1 0 0 1 0 0 1
9 0 1 0 1 3 0 1 3 0 1 0 0 1 0 0 1 3 0 1 0 0 1 0 0 1 0 0 1
9 0 2 0 1 9 0 1 3 0 1 0 0 1 0 0 1 16 0 1 0 0 1 0 0 1 0 0 1
9 0 2 0 1 9 0 1 3 0 1 0 0 1 0 0 1 16 0 1 0 0 1 0 0 1 0 0 1
1 10 5 0 5 6 4 30 6 8 9 1 0 1 1 0 1 1 0 1 1 0 1 1 0 1 2 0 1 5 11 2 3 4 12
1 10 5 0 5 6 4 30 6 8 9 1 0 1 1 0 1 1 0 1 1 0 1 1 0 1 2 0 1 5 11 2 3 4 12
6 6 6 0 1 5 0 4 5 0 2 4 0 1 5 0 2 3 0 1 1 0 1 1 0 1 1 0 1 1 0 1 1 0 1 3 3 23
6 6 6 0 1 5 0 4 5 0 2 4 0 1 5 0 2 3 0 1 1 0 1 1 0 1 1 0 1 1 0 1 1 0 1 3 3 23
11 5 5 0 4 15 0 1 5 11 2 2 0 1 1 0 1 3 0 1 4 0 1 1 0 1 1 0 1 4 0 1 1 0 1 1 0 1 1 0 1 1 0 1 1 0 1 4 0 16
11 5 5 0 4 15 0 1 5 11 2 2 0 1 1 0 1 3 0 1 4 0 1 1 0 1 1 0 1 4 0 1 1 0 1 1 0 1 1 0 1 1 0 1 1 0 1 4 0 16
15 1 15 0 1 17 0 1 14 0 1 8 3 1 15 0 1 3 0 1 2 0 1 1 0 1 3 0 1 4 0 1 4 0 1 4 0 1 1 0 1 1 0 1 1 0 1 4 0 1
15 1 15 0 1 17 0 1 14 0 1 8 3 1 15 0 1 3 0 1 2 0 1 1 0 1 3 0 1 4 0 1 4 0 1 4 0 1 1 0 1 1 0 1 1 0 1 4 0 1
15 1 17 0 1 3 0 1 7 11 1 9 0 1 17 0 1 9 0 1 9 0 1 1 0 1 3 0 1 4 0 1 4 0 1 2 0 1 1 0 1 1 0 1 1 0 1 4 0 2
15 1 17 0 1 3 0 1 7 11 1 9 0 1 17 0 1 9 0 1 9 0 1 1 0 1 3 0 1 4 0 1 4 0 1 2 0 1 1 0 1 1 0 1 1 0 1 4 0 2
15 0 4 0 1 15 0 1 15 0 1 4 0 1 1 0 1 3 0 1 2 0 1 1 0 1 17 0 1 9 0 1 4 0 1 2 0 1 1 0 1 1 0 1 1 0 1
15 0 4 0 1 15 0 1 15 0 1 4 0 1 1 0 1 3 0 1 2 0 1 1 0 1 17 0 1 9 0 1 4 0 1 2 0 1 1 0 1 1 0 1 1 0 1
15 1 15 0 1 17 0 1 17 0 1 8 3 1 15 0 1 9 0 1 8 3 1 9 0 1 16 0 1 4 0 1 4 0 1 2 0 1 9 0 1 17 0 1 1 0 1 4 0 2
15 1 15 0 1 17 0 1 17 0 1 8 3 1 15 0 1 9 0 1 8 3 1 9 0 1 16 0 1 4 0 1 4 0 1 2 0 1 9 0 1 17 0 1 1 0 1 4 0 2
15 2 17 0 1 1 0 1 4 0 1 9 0 1 17 0 1 1 0 1 9 0 1 3 0 1 1 0 1 8 4 1 9 0 1 8 3 1 4 0 1 16 0 1 10 0 1 6 0 2 4 0 2
15 2 17 0 1 1 0 1 4 0 1 9 0 1 17 0 1 1 0 1 9 0 1 3 0 1 1 0 1 8 4 1 9 0 1 8 3 1 4 0 1 16 0 1 10 0 1 6 0 2 4 0 2
15 2 4 0 1 15 0 1 14 0 1 4 0 1 16 0 1 9 0 1 4 0 1 9 0 1 9 0 1 9 0 1 3 0 1 9 0 1 8 4 1 3 0 1 8 4 1 6 0 2 4 0 2
15 2 4 0 1 15 0 1 14 0 1 4 0 1 16 0 1 9 0 1 4 0 1 9 0 1 9 0 1 9 0 1 3 0 1 9 0 1 8 4 1 3 0 1 8 4 1 6 0 2 4 0 2
15 2 15 0 1 17 0 1 7 11 1 8 3 1 4 0 1 1 0 1 8 3 1 3 0 1 3 0 1 1 0 1 3 0 1 4 0 1 9 0 1 9 0 1 9 0 1 6 0 3 4 0 3
15 2 15 0 1 17 0 1 7 11 1 8 3 1 4 0 1 1 0 1 8 3 1 3 0 1 3 0 1 1 0 1 3 0 1 4 0 1 9 0 1 9 0 1 9 0 1 6 0 3 4 0 3
15 2 17 0 1 4 0 1 15 0 1 9 0 1 8 4 1 4 0 1 9 0 1 9 0 1 9 0 1 8 4 1 17 0 1 8 3 1 4 0 1 3 0 1 4 0 1 6 0 4 4 0 4
15 2 17 0 1 4 0 1 15 0 1 9 0 1 8 4 1 4 0 1 9 0 1 9 0 1 9 0 1 8 4 1 17 0 1 8 3 1 4 0 1 3 0 1 4 0 1 6 0 4 4 0 4
15 2 1 0 1 15 0 1 17 0 1 4 0 1 9 0 1 9 0 1 4 0 1 3 0 1 0 0 1 9 0 1 3 0 1 9 0 1 8 4 1 9 0 1 9 0 1 6 0 5 4 0 5
15 2 1 0 1 15 0 1 17 0 1 4 0 1 9 0 1 9 0 1 4 0 1 3 0 1 0 0 1 9 0 1 3 0 1 9 0 1 8 4 1 9 0 1 9 0 1 6 0 5 4 0 5
15 2 3 0 1 17 0 1 4 0 1 8 3 1 4 0 1 1 0 1 8 3 1 9 0 1 0 0 1 1 0 1 16 0 1 4 0 1 9 0 1 1 0 1 2 0 1 6 0 6 4 0 6
15 2 3 0 1 17 0 1 4 0 1 8 3 1 4 0 1 1 0 1 8 3 1 9 0 1 0 0 1 1 0 1 16 0 1 4 0 1 9 0 1 1 0 1 2 0 1 6 0 6 4 0 6
15 2 15 0 1 16 0 1 8 3 1 9 0 1 9 0 1 9 0 1 9 0 1 3 0 1 0 0 1 10 0 1 2 0 1 8 3 1 4 0 1 9 0 1 2 0 1 6 0 6 4 0 6
15 2 15 0 1 16 0 1 8 3 1 9 0 1 9 0 1 9 0 1 9 0 1 3 0 1 0 0 1 10 0 1 2 0 1 8 3 1 4 0 1 9 0 1 2 0 1 6 0 6 4 0 6
15 2 16 0 1 2 0 1 9 0 1 4 0 1 4 0 1 0 0 1 4 0 1 9 0 1 0 0 1 8 4 1 16 0 1 9 0 1 9 0 1 0 0 1 2 0 1 6 0 7 4 0 7
15 2 16 0 1 2 0 1 9 0 1 4 0 1 4 0 1 0 0 1 4 0 1 9 0 1 0 0 1 8 4 1 16 0 1 9 0 1 9 0 1 0 0 1 2 0 1 6 0 7 4 0 7
15 2 4 0 1 16 0 1 4 0 1 8 3 1 8 4 1 0 0 1 8 3 1 0 0 1 0 0 1 9 0 1 0 0 1 2 0 1 1 0 1 0 0 1 2 0 1 6 0 7 4 0 7
15 2 4 0 1 16 0 1 4 0 1 8 3 1 8 4 1 0 0 1 8 3 1 0 0 1 0 0 1 9 0 1 0 0 1 2 0 1 1 0 1 0 0 1 2 0 1 6 0 7 4 0 7
15 2 8 4 1 3 0 1 8 3 1 9 0 1 9 0 1 0 0 1 9 0 1 0 0 1 0 0 1 1 0 1 4 0 1 8 3 1 8 4 1 0 0 1 3 0 1 6 0 7 4 0 7
15 2 8 4 1 3 0 1 8 3 1 9 0 1 9 0 1 0 0 1 9 0 1 0 0 1 0 0 1 1 0 1 4 0 1 8 3 1 8 4 1 0 0 1 3 0 1 6 0 7 4 0 7
15 3 9 0 1 16 0 1 9 0 1 2 0 1 0 0 1 0 0 1 2 0 1 0 0 1 0 0 1 8 4 1 10 0 1 9 0 1 9 0 1 0 0 1 6 0 1 6 4 6 6 0 7 4 0 7
15 3 9 0 1 16 0 1 9 0 1 2 0 1 0 0 1 0 0 1 2 0 1 0 0 1 0 0 1 8 4 1 10 0 1 9 0 1 9 0 1 0 0 1 6 0 1 6 4 6 6 0 7 4 0 7
15 2 2 0 1 1 0 1 4 0 1 8 3 1 0 0 1 0 0 1 8 3 1 0 0 1 0 0 1 9 0 1 3 0 1 4 0 1 3 0 1 0 0 1 0 0 1 6 0 7 4 0 7
15 2 2 0 1 1 0 1 4 0 1 8 3 1 0 0 1 0 0 1 8 3 1 0 0 1 0 0 1 9 0 1 3 0 1 4 0 1 3 0 1 0 0 1 0 0 1 6 0 7 4 0 7
15 3 10 0 1 16 0 1 8 3 1 9 0 1 0 0 1 0 0 1 9 0 1 0 0 1 0 0 1 1 0 1 6 0 1 8 3 1 8 4 1 0 0 1 0 0 1 6 6 3 6 0 7 4 0 7
15 3 10 0 1 16 0 1 8 3 1 9 0 1 0 0 1 0 0 1 9 0 1 0 0 1 0 0 1 1 0 1 6 0 1 8 3 1 8 4 1 0 0 1 0 0 1 6 6 3 6 0 7 4 0 7
15 2 16 0 1 0 0 1 9 0 1 2 0 1 0 0 1 0 0 1 4 0 1 0 0 1 0 0 1 9 0 1 0 0 1 9 0 1 9 0 1 0 0 1 0 0 1 6 8 2 6 0 7
15 2 16 0 1 0 0 1 9 0 1 2 0 1 0 0 1 0 0 1 4 0 1 0 0 1 0 0 1 9 0 1 0 0 1 9 0 1 9 0 1 0 0 1 0 0 1 6 8 2 6 0 7
15 0 3 0 1 0 0 1 2 0 1 2 0 1 0 0 1 0 0 1 8 3 1 0 0 1 0 0 1 2 0 1 0 0 1 3 0 1 0 0 1 0 0 1 0 0 1
15 0 3 0 1 0 0 1 2 0 1 2 0 1 0 0 1 0 0 1 8 3 1 0 0 1 0 0 1 2 0 1 0 0 1 3 0 1 0 0 1 0 0 1 0 0 1
15 0 16 0 1 0 0 1 2 0 1 3 0 1 0 0 1 0 0 1 9 0 1 0 0 1 0 0 1 2 0 1 0 0 1 3 0 1 0 0 1 0 0 1 0 0 1
15 0 16 0 1 0 0 1 2 0 1 3 0 1 0 0 1 0 0 1 9 0 1 0 0 1 0 0 1 2 0 1 0 0 1 3 0 1 0 0 1 0 0 1 0 0 1
15 0 3 0 1 0 0 1 0 0 1 0 0 1 0 0 1 0 0 1 0 0 1 0 0 1 0 0 1 2 0 1 0 0 1 0 0 1 0 0 1 0 0 1 0 0 1
15 0 3 0 1 0 0 1 0 0 1 0 0 1 0 0 1 0 0 1 0 0 1 0 0 1 0 0 1 2 0 1 0 0 1 0 0 1 0 0 1 0 0 1 0 0 1
1 9 5 0 3 6 4 6 6 6 6 6 8 10 1 0 1 1 0 1 1 0 1 1 0 1 1 0 1 3 0 7
1 9 5 0 3 6 4 6 6 6 6 6 8 10 1 0 1 1 0 1 1 0 1 1 0 1 1 0 1 3 0 7
6 3 15 0 1 5 0 5 5 0 2 4 0 1 5 0 2 5 0 1 1 0 1 1 0 1 4 0 14
6 3 15 0 1 5 0 5 5 0 2 4 0 1 5 0 2 5 0 1 1 0 1 1 0 1 4 0 14
8 1 17 0 1 15 0 1 15 0 1 2 0 1 1 0 1 1 0 1 1 0 1 1 0 1 4 0 1
8 1 17 0 1 15 0 1 15 0 1 2 0 1 1 0 1 1 0 1 1 0 1 1 0 1 4 0 1
8 1 4 0 1 17 0 1 17 0 1 2 0 1 15 0 1 1 0 1 5 0 1 1 0 1 4 0 2
8 1 4 0 1 17 0 1 17 0 1 2 0 1 15 0 1 1 0 1 5 0 1 1 0 1 4 0 2
8 1 15 0 1 3 0 1 4 0 1 2 0 1 17 0 1 15 0 1 1 0 1 1 0 1 4 0 1
8 1 15 0 1 3 0 1 4 0 1 2 0 1 17 0 1 15 0 1 1 0 1 1 0 1 4 0 1
8 1 17 0 1 15 0 1 15 0 1 2 0 1 4 0 1 17 0 1 1 0 1 4 0 1 4 0 2
8 1 17 0 1 15 0 1 15 0 1 2 0 1 4 0 1 17 0 1 1 0 1 4 0 1 4 0 2
8 1 4 0 1 17 0 1 17 0 1 8 3 1 15 0 1 1 0 1 4 0 1 4 0 1 4 0 2
8 1 4 0 1 17 0 1 17 0 1 8 3 1 15 0 1 1 0 1 4 0 1 4 0 1 4 0 2
8 2 15 0 1 3 0 1 16 0 1 9 0 1 17 0 1 9 0 1 15 0 1 4 0 1 6 0 3 4 0 1
8 2 15 0 1 3 0 1 16 0 1 9 0 1 17 0 1 9 0 1 15 0 1 4 0 1 6 0 3 4 0 1
8 2 17 0 1 15 0 1 3 0 1 4 0 1 10 0 1 3 0 1 17 0 1 9 0 1 6 0 3 4 0 5
8 2 17 0 1 15 0 1 3 0 1 4 0 1 10 0 1 3 0 1 17 0 1 9 0 1 6 0 3 4 0 5
8 2 16 0 1 17 0 1 16 0 1 8 3 1 16 0 1 9 0 1 16 0 1 10 0 1 6 0 6 4 0 4
8 2 16 0 1 17 0 1 16 0 1 8 3 1 16 0 1 9 0 1 16 0 1 10 0 1 6 0 6 4 0 4
8 2 4 0 1 1 0 1 1 0 1 9 0 1 4 0 1 3 0 1 1 0 1 8 0 1 6 0 4 4 0 2
8 2 4 0 1 1 0 1 1 0 1 9 0 1 4 0 1 3 0 1 1 0 1 8 0 1 6 0 4 4 0 2
8 2 9 0 1 4 0 1 1 0 1 4 0 1 4 0 1 3 0 1 9 0 1 9 0 1 6 0 2 4 0 4
8 2 9 0 1 4 0 1 1 0 1 4 0 1 4 0 1 3 0 1 9 0 1 9 0 1 6 0 2 4 0 4
8 2 10 0 1 15 0 1 3 0 1 4 0 1 9 0 1 3 0 1 10 0 1 1 0 1 6 0 4 4 0 2
8 2 10 0 1 15 0 1 3 0 1 4 0 1 9 0 1 3 0 1 10 0 1 1 0 1 6 0 4 4 0 2
8 1 8 0 1 17 0 1 3 0 1 4 0 1 10 0 1 9 0 1 8 0 1 4 0 1 6 0 3
8 1 8 0 1 17 0 1 3 0 1 4 0 1 10 0 1 9 0 1 8 0 1 4 0 1 6 0 3
8 0 9 0 1 4 0 1 16 0 1 8 3 1 8 0 1 2 0 1 9 0 1 9 0 1
8 0 9 0 1 4 0 1 16 0 1 8 3 1 8 0 1 2 0 1 9 0 1 9 0 1
8 0 3 0 1 15 0 1 0 0 1 9 0 1 9 0 1 9 0 1 1 0 1 10 0 1
8 0 3 0 1 15 0 1 0 0 1 9 0 1 9 0 1 9 0 1 1 0 1 10 0 1
8 1 3 0 1 17 0 1 0 0 1 0 0 1 3 0 1 4 0 1 4 0 1 8 0 1 6 0 1
8 1 3 0 1 17 0 1 0 0 1 0 0 1 3 0 1 4 0 1 4 0 1 8 0 1 6 0 1
8 0 10 0 1 16 0 1 0 0 1 0 0 1 3 0 1 4 0 1 9 0 1 9 0 1
8 0 10 0 1 16 0 1 0 0 1 0 0 1 3 0 1 4 0 1 9 0 1 9 0 1
8 0 16 0 1 2 0 1 0 0 1 0 0 1 3 0 1 4 0 1 10 0 1 1 0 1
8 0 16 0 1 2 0 1 0 0 1 0 0 1 3 0 1 4 0 1 10 0 1 1 0 1
8 0 3 0 1 16 0 1 0 0 1 0 0 1 10 0 1 4 0 1 8 0 1 4 0 1
8 0 3 0 1 16 0 1 0 0 1 0 0 1 10 0 1 4 0 1 8 0 1 4 0 1
8 1 6 0 1 3 0 1 0 0 1 0 0 1 16 0 1 16 0 1 9 0 1 9 0 1 6 6 3
8 1 6 0 1 3 0 1 0 0 1 0 0 1 16 0 1 16 0 1 9 0 1 9 0 1 6 6 3
8 1 10 0 1 16 0 1 0 0 1 0 0 1 2 0 1 0 0 1 2 0 1 10 0 1 6 8 2
8 1 10 0 1 16 0 1 0 0 1 0 0 1 2 0 1 0 0 1 2 0 1 10 0 1 6 8 2
8 2 6 0 1 3 0 1 0 0 1 0 0 1 6 0 1 0 0 1 2 0 1 8 0 1 6 7 8 6 6 3
8 2 6 0 1 3 0 1 0 0 1 0 0 1 6 0 1 0 0 1 2 0 1 8 0 1 6 7 8 6 6 3
8 1 16 0 1 16 0 1 0 0 1 0 0 1 0 0 1 0 0 1 2 0 1 9 0 1 6 8 2
8 1 16 0 1 16 0 1 0 0 1 0 0 1 0 0 1 0 0 1 2 0 1 9 0 1 6 8 2
1 7 5 0 5 6 8 10 6 0 14 1 0 1 1 0 1 1 0 1 1 0 1 1 0 1
1 7 5 0 5 6 8 10 6 0 14 1 0 1 1 0 1 1 0 1 1 0 1 1 0 1
6 4 15 0 1 5 0 3 5 0 2 4 0 1 5 0 1 5 0 3 1 0 1 1 0 1 1 0 1 1 0 1
6 4 15 0 1 5 0 3 5 0 2 4 0 1 5 0 1 5 0 3 1 0 1 1 0 1 1 0 1 1 0 1
10 0 17 0 1 15 0 1 15 0 1 2 0 1 1 0 1 1 0 1 4 0 1 1 0 1 1 0 1 1 0 1
10 0 17 0 1 15 0 1 15 0 1 2 0 1 1 0 1 1 0 1 4 0 1 1 0 1 1 0 1 1 0 1
10 0 4 0 1 17 0 1 17 0 1 9 0 1 1 0 1 15 0 1 2 0 1 1 0 1 1 0 1 1 0 1
10 0 4 0 1 17 0 1 17 0 1 9 0 1 1 0 1 15 0 1 2 0 1 1 0 1 1 0 1 1 0 1
10 0 15 0 1 3 0 1 4 0 1 2 0 1 15 0 1 17 0 1 2 0 1 1 0 1 1 0 1 1 0 1
10 0 15 0 1 3 0 1 4 0 1 2 0 1 15 0 1 17 0 1 2 0 1 1 0 1 1 0 1 1 0 1
10 0 17 0 1 15 0 1 15 0 1 9 0 1 17 0 1 3 0 1 9 0 1 1 0 1 4 0 1 1 0 1
10 0 17 0 1 15 0 1 15 0 1 9 0 1 17 0 1 3 0 1 9 0 1 1 0 1 4 0 1 1 0 1
10 0 4 0 1 17 0 1 17 0 1 4 0 1 4 0 1 15 0 1 2 0 1 1 0 1 9 0 1 9 0 1
10 0 4 0 1 17 0 1 17 0 1 4 0 1 4 0 1 15 0 1 2 0 1 1 0 1 9 0 1 9 0 1
10 0 15 0 1 3 0 1 4 0 1 9 0 1 9 0 1 17 0 1 9 0 1 3 0 1 4 0 1 3 0 1
10 0 15 0 1 3 0 1 4 0 1 9 0 1 9 0 1 17 0 1 9 0 1 3 0 1 4 0 1 3 0 1
10 0 17 0 1 15 0 1 9 0 1 4 0 1 4 0 1 1 0 1 2 0 1 9 0 1 9 0 1 9 0 1
10 0 17 0 1 15 0 1 9 0 1 4 0 1 4 0 1 1 0 1 2 0 1 9 0 1 9 0 1 9 0 1
10 0 1 0 1 17 0 1 4 0 1 9 0 1 4 0 1 9 0 1 4 0 1 3 0 1 1 0 1 3 0 1
10 0 1 0 1 17 0 1 4 0 1 9 0 1 4 0 1 9 0 1 4 0 1 3 0 1 1 0 1 3 0 1
10 0 9 0 1 3 0 1 9 0 1 4 0 1 9 0 1 4 0 1 4 0 1 9 0 1 9 0 1 9 0 1
10 0 9 0 1 3 0 1 9 0 1 4 0 1 9 0 1 4 0 1 4 0 1 9 0 1 9 0 1 9 0 1
10 0 3 0 1 9 0 1 4 0 1 9 0 1 4 0 1 15 0 1 9 0 1 3 0 1 4 0 1 2 0 1
10 0 3 0 1 9 0 1 4 0 1 9 0 1 4 0 1 15 0 1 9 0 1 3 0 1 4 0 1 2 0 1
10 0 15 0 1 3 0 1 9 0 1 4 0 1 9 0 1 17 0 1 4 0 1 9 0 1 9 0 1 9 0 1
10 0 15 0 1 3 0 1 9 0 1 4 0 1 9 0 1 17 0 1 4 0 1 9 0 1 9 0 1 9 0 1
10 0 17 0 1 9 0 1 2 0 1 9 0 1 2 0 1 3 0 1 9 0 1 3 0 1 2 0 1 3 0 1
10 0 17 0 1 9 0 1 2 0 1 9 0 1 2 0 1 3 0 1 9 0 1 3 0 1 2 0 1 3 0 1
10 0 3 0 1 1 0 1 9 0 1 2 0 1 9 0 1 3 0 1 1 0 1 9 0 1 4 0 1 9 0 1
10 0 3 0 1 1 0 1 9 0 1 2 0 1 9 0 1 3 0 1 1 0 1 9 0 1 4 0 1 9 0 1
10 0 15 0 1 9 0 1 3 0 1 9 0 1 2 0 1 9 0 1 9 0 1 2 0 1 9 0 1 2 0 1
10 0 15 0 1 9 0 1 3 0 1 9 0 1 2 0 1 9 0 1 9 0 1 2 0 1 9 0 1 2 0 1
10 0 17 0 1 4 0 1 9 0 1 3 0 1 9 0 1 2 0 1 3 0 1 2 0 1 1 0 1 9 0 1
10 0 17 0 1 4 0 1 9 0 1 3 0 1 9 0 1 2 0 1 3 0 1 2 0 1 1 0 1 9 0 1
10 0 16 0 1 9 0 1 3 0 1 3 0 1 1 0 1 9 0 1 9 0 1 4 0 1 3 0 1 2 0 1
10 0 16 0 1 9 0 1 3 0 1 3 0 1 1 0 1 9 0 1 9 0 1 4 0 1 3 0 1 2 0 1
10 0 2 0 1 2 0 1 9 0 1 3 0 1 1 0 1 4 0 1 1 0 1 4 0 1 3 0 1 4 0 1
10 0 2 0 1 2 0 1 9 0 1 3 0 1 1 0 1 4 0 1 1 0 1 4 0 1 3 0 1 4 0 1
10 0 16 0 1 4 0 1 3 0 1 9 0 1 3 0 1 10 0 1 1 0 1 4 0 1 3 0 1 4 0 1
10 0 16 0 1 4 0 1 3 0 1 9 0 1 3 0 1 10 0 1 1 0 1 4 0 1 3 0 1 4 0 1
10 0 4 0 1 16 0 1 9 0 1 0 0 1 3 0 1 16 0 1 1 0 1 4 0 1 3 0 1 4 0 1
10 0 4 0 1 16 0 1 9 0 1 0 0 1 3 0 1 16 0 1 1 0 1 4 0 1 3 0 1 4 0 1
10 0 16 0 1 4 0 1 1 0 1 0 0 1 3 0 1 1 0 1 1 0 1 4 0 1 9 0 1 16 0 1
10 0 16 0 1 4 0 1 1 0 1 0 0 1 3 0 1 1 0 1 1 0 1 4 0 1 9 0 1 16 0 1
10 0 4 0 1 16 0 1 16 0 1 0 0 1 3 0 1 4 0 1 16 0 1 16 0 1 0 0 1 2 0 1
10 0 4 0 1 16 0 1 16 0 1 0 0 1 3 0 1 4 0 1 16 0 1 16 0 1 0 0 1 2 0 1
10 0 10 0 1 4 0 1 3 0 1 0 0 1 10 0 1 16 0 1 0 0 1 0 0 1 0 0 1 16 0 1
10 0 10 0 1 4 0 1 3 0 1 0 0 1 10 0 1 16 0 1 0 0 1 0 0 1 0 0 1 16 0 1
1 9 5 0 4 6 7 6 6 6 9 6 8 12 1 0 1 1 0 1 1 0 1 1 0 1 1 0 1 4 0 14
1 9 5 0 4 6 7 6 6 6 9 6 8 12 1 0 1 1 0 1 1 0 1 1 0 1 1 0 1 4 0 14
6 0 15 0 1 5 0 2 1 0 1 1 0 1 5 0 2 5 0 5
6 0 15 0 1 5 0 2 1 0 1 1 0 1 5 0 2 5 0 5
6 1 17 0 1 1 0 1 1 0 1 5 0 1 2 0 1 15 0 1 4 0 1
6 1 17 0 1 1 0 1 1 0 1 5 0 1 2 0 1 15 0 1 4 0 1
6 1 4 0 1 4 0 1 1 0 1 1 0 1 15 0 1 17 0 1 4 0 1
6 1 4 0 1 4 0 1 1 0 1 1 0 1 15 0 1 17 0 1 4 0 1
6 1 15 0 1 15 0 1 1 0 1 1 0 1 17 0 1 3 0 1 4 0 1
6 1 15 0 1 15 0 1 1 0 1 1 0 1 17 0 1 3 0 1 4 0 1
6 1 17 0 1 17 0 1 9 0 1 15 0 1 4 0 1 15 0 1 4 0 2
6 1 17 0 1 17 0 1 9 0 1 15 0 1 4 0 1 15 0 1 4 0 2
6 1 4 0 1 1 0 1 1 0 1 17 0 1 15 0 1 17 0 1 4 0 2
6 1 4 0 1 1 0 1 1 0 1 17 0 1 15 0 1 17 0 1 4 0 2
6 2 15 0 1 15 0 1 4 0 1 1 0 1 17 0 1 3 0 1 6 0 1 4 0 1
6 2 15 0 1 15 0 1 4 0 1 1 0 1 17 0 1 3 0 1 6 0 1 4 0 1
6 2 17 0 1 17 0 1 9 0 1 9 0 1 2 0 1 15 0 1 6 0 3 4 0 3
6 2 17 0 1 17 0 1 9 0 1 9 0 1 2 0 1 15 0 1 6 0 3 4 0 3
6 2 1 0 1 4 0 1 4 0 1 3 0 1 2 0 1 17 0 1 6 0 4 4 0 4
6 2 1 0 1 4 0 1 4 0 1 3 0 1 2 0 1 17 0 1 6 0 4 4 0 4
6 2 3 0 1 4 0 1 4 0 1 9 0 1 2 0 1 1 0 1 6 0 4 4 0 4
6 2 3 0 1 4 0 1 4 0 1 9 0 1 2 0 1 1 0 1 6 0 4 4 0 4
6 2 15 0 1 9 0 1 4 0 1 3 0 1 2 0 1 4 0 1 6 0 4 4 0 4
6 2 15 0 1 9 0 1 4 0 1 3 0 1 2 0 1 4 0 1 6 0 4 4 0 4
6 2 17 0 1 1 0 1 9 0 1 3 0 1 9 0 1 15 0 1 6 0 5 4 0 5
6 2 17 0 1 1 0 1 9 0 1 3 0 1 9 0 1 15 0 1 6 0 5 4 0 5
6 2 4 0 1 4 0 1 2 0 1 3 0 1 3 0 1 17 0 1 6 0 6 4 0 6
6 2 4 0 1 4 0 1 2 0 1 3 0 1 3 0 1 17 0 1 6 0 6 4 0 6
6 2 4 0 1 9 0 1 2 0 1 9 0 1 9 0 1 4 0 1 6 0 6 4 0 6
6 2 4 0 1 9 0 1 2 0 1 9 0 1 9 0 1 4 0 1 6 0 6 4 0 6
6 2 9 0 1 2 0 1 2 0 1 2 0 1 4 0 1 15 0 1 6 0 6 4 0 6
6 2 9 0 1 2 0 1 2 0 1 2 0 1 4 0 1 15 0 1 6 0 6 4 0 6
6 2 2 0 1 3 0 1 3 0 1 9 0 1 4 0 1 17 0 1 6 0 7 4 0 7
6 2 2 0 1 3 0 1 3 0 1 9 0 1 4 0 1 17 0 1 6 0 7 4 0 7
6 1 9 0 1 2 0 1 3 0 1 4 0 1 4 0 1 10 0 1 4 0 7
6 1 9 0 1 2 0 1 3 0 1 4 0 1 4 0 1 10 0 1 4 0 7
6 0 1 0 1 3 0 1 3 0 1 4 0 1 4 0 1 16 0 1
6 0 1 0 1 3 0 1 3 0 1 4 0 1 4 0 1 16 0 1
6 0 3 0 1 3 0 1 16 0 1 4 0 1 9 0 1 2 0 1
6 0 3 0 1 3 0 1 16 0 1 4 0 1 9 0 1 2 0 1
6 1 2 0 1 16 0 1 2 0 1 4 0 1 1 0 1 6 0 1 6 7 2
6 1 2 0 1 16 0 1 2 0 1 4 0 1 1 0 1 6 0 1 6 7 2
6 2 16 0 1 1 0 1 16 0 1 16 0 1 1 0 1 16 0 1 6 7 2 6 8 1
6 2 16 0 1 1 0 1 16 0 1 16 0 1 1 0 1 16 0 1 6 7 2 6 8 1
6 0 1 0 1 16 0 1 2 0 1 0 0 1 1 0 1 3 0 1
6 0 1 0 1 16 0 1 2 0 1 0 0 1 1 0 1 3 0 1
6 0 3 0 1 2 0 1 16 0 1 0 0 1 1 0 1 16 0 1
6 0 3 0 1 2 0 1 16 0 1 0 0 1 1 0 1 16 0 1
1 7 5 0 4 6 8 9 6 7 2 1 0 1 1 0 1 1 0 1 1 0 1 1 0 1
1 7 5 0 4 6 8 9 6 7 2 1 0 1 1 0 1 1 0 1 1 0 1 1 0 1
6 5 15 0 1 5 0 3 5 0 2 4 0 1 5 0 1 5 0 3 1 0 1 1 0 1 1 0 1 1 0 1 1 0 1
6 5 15 0 1 5 0 3 5 0 2 4 0 1 5 0 1 5 0 3 1 0 1 1 0 1 1 0 1 1 0 1 1 0 1
11 3 17 0 1 15 0 1 15 0 1 2 0 1 1 0 1 1 0 1 1 0 1 4 0 1 1 0 1 1 0 1 5 0 1 1 0 1 1 0 1 1 0 1
11 3 17 0 1 15 0 1 15 0 1 2 0 1 1 0 1 1 0 1 1 0 1 4 0 1 1 0 1 1 0 1 5 0 1 1 0 1 1 0 1 1 0 1
14 0 4 0 1 17 0 1 17 0 1 9 0 1 1 0 1 15 0 1 1 0 1 2 0 1 1 0 1 1 0 1 1 0 1 1 0 1 4 0 1 1 0 1
14 0 4 0 1 17 0 1 17 0 1 9 0 1 1 0 1 15 0 1 1 0 1 2 0 1 1 0 1 1 0 1 1 0 1 1 0 1 4 0 1 1 0 1
14 0 15 0 1 3 0 1 4 0 1 2 0 1 15 0 1 17 0 1 1 0 1 2 0 1 1 0 1 1 0 1 1 0 1 1 0 1 4 0 1 1 0 1
14 0 15 0 1 3 0 1 4 0 1 2 0 1 15 0 1 17 0 1 1 0 1 2 0 1 1 0 1 1 0 1 1 0 1 1 0 1 4 0 1 1 0 1
14 0 17 0 1 15 0 1 15 0 1 9 0 1 17 0 1 3 0 1 1 0 1 9 0 1 1 0 1 1 0 1 15 0 1 1 0 1 4 0 1 1 0 1
14 0 17 0 1 15 0 1 15 0 1 9 0 1 17 0 1 3 0 1 1 0 1 9 0 1 1 0 1 1 0 1 15 0 1 1 0 1 4 0 1 1 0 1
14 0 4 0 1 17 0 1 17 0 1 4 0 1 4 0 1 15 0 1 1 0 1 2 0 1 9 0 1 9 0 1 17 0 1 4 0 1 9 0 1 1 0 1
14 0 4 0 1 17 0 1 17 0 1 4 0 1 4 0 1 15 0 1 1 0 1 2 0 1 9 0 1 9 0 1 17 0 1 4 0 1 9 0 1 1 0 1
14 0 15 0 1 3 0 1 4 0 1 9 0 1 9 0 1 17 0 1 3 0 1 9 0 1 4 0 1 3 0 1 1 0 1 4 0 1 1 0 1 4 0 1
14 0 15 0 1 3 0 1 4 0 1 9 0 1 9 0 1 17 0 1 3 0 1 9 0 1 4 0 1 3 0 1 1 0 1 4 0 1 1 0 1 4 0 1
14 0 17 0 1 15 0 1 9 0 1 4 0 1 4 0 1 1 0 1 9 0 1 2 0 1 9 0 1 9 0 1 1 0 1 4 0 1 9 0 1 9 0 1
14 0 17 0 1 15 0 1 9 0 1 4 0 1 4 0 1 1 0 1 9 0 1 2 0 1 9 0 1 9 0 1 1 0 1 4 0 1 9 0 1 9 0 1
14 0 1 0 1 17 0 1 4 0 1 9 0 1 4 0 1 9 0 1 3 0 1 4 0 1 4 0 1 3 0 1 4 0 1 9 0 1 4 0 1 4 0 1
14 0 1 0 1 17 0 1 4 0 1 9 0 1 4 0 1 9 0 1 3 0 1 4 0 1 4 0 1 3 0 1 4 0 1 9 0 1 4 0 1 4 0 1
14 0 9 0 1 3 0 1 9 0 1 4 0 1 9 0 1 4 0 1 9 0 1 4 0 1 9 0 1 9 0 1 9 0 1 3 0 1 9 0 1 9 0 1
14 0 9 0 1 3 0 1 9 0 1 4 0 1 9 0 1 4 0 1 9 0 1 4 0 1 9 0 1 9 0 1 9 0 1 3 0 1 9 0 1 9 0 1
14 0 3 0 1 9 0 1 4 0 1 9 0 1 4 0 1 15 0 1 3 0 1 9 0 1 4 0 1 2 0 1 4 0 1 3 0 1 2 0 1 4 0 1
14 0 3 0 1 9 0 1 4 0 1 9 0 1 4 0 1 15 0 1 3 0 1 9 0 1 4 0 1 2 0 1 4 0 1 3 0 1 2 0 1 4 0 1
14 0 15 0 1 3 0 1 9 0 1 4 0 1 9 0 1 17 0 1 9 0 1 4 0 1 9 0 1 9 0 1 9 0 1 10 0 1 9 0 1 9 0 1
14 0 15 0 1 3 0 1 9 0 1 4 0 1 9 0 1 17 0 1 9 0 1 4 0 1 9 0 1 9 0 1 9 0 1 10 0 1 9 0 1 9 0 1
14 0 17 0 1 9 0 1 2 0 1 9 0 1 3 0 1 3 0 1 3 0 1 9 0 1 4 0 1 3 0 1 4 0 1 2 0 1 2 0 1 4 0 1
14 0 17 0 1 9 0 1 2 0 1 9 0 1 3 0 1 3 0 1 3 0 1 9 0 1 4 0 1 3 0 1 4 0 1 2 0 1 2 0 1 4 0 1
14 0 10 0 1 1 0 1 9 0 1 2 0 1 3 0 1 3 0 1 9 0 1 1 0 1 9 0 1 9 0 1 4 0 1 2 0 1 3 0 1 9 0 1
14 0 10 0 1 1 0 1 9 0 1 2 0 1 3 0 1 3 0 1 9 0 1 1 0 1 9 0 1 9 0 1 4 0 1 2 0 1 3 0 1 9 0 1
14 1 16 0 1 9 0 1 3 0 1 9 0 1 3 0 1 9 0 1 2 0 1 9 0 1 0 0 1 2 0 1 9 0 1 6 0 1 3 0 1 2 0 1 6 6 3
14 1 16 0 1 9 0 1 3 0 1 9 0 1 3 0 1 9 0 1 2 0 1 9 0 1 0 0 1 2 0 1 9 0 1 6 0 1 3 0 1 2 0 1 6 6 3
14 0 2 0 1 4 0 1 9 0 1 3 0 1 3 0 1 2 0 1 2 0 1 3 0 1 0 0 1 9 0 1 2 0 1 0 0 1 3 0 1 2 0 1
14 0 2 0 1 4 0 1 9 0 1 3 0 1 3 0 1 2 0 1 2 0 1 3 0 1 0 0 1 9 0 1 2 0 1 0 0 1 3 0 1 2 0 1
14 0 10 0 1 9 0 1 3 0 1 3 0 1 16 0 1 9 0 1 2 0 1 9 0 1 0 0 1 2 0 1 2 0 1 10 0 1 3 0 1 0 0 1
14 0 10 0 1 9 0 1 3 0 1 3 0 1 16 0 1 9 0 1 2 0 1 9 0 1 0 0 1 2 0 1 2 0 1 10 0 1 3 0 1 0 0 1
14 1 16 0 1 2 0 1 9 0 1 3 0 1 2 0 1 1 0 1 4 0 1 1 0 1 0 0 1 2 0 1 0 0 1 6 0 1 0 0 1 0 0 1 6 6 3
14 1 16 0 1 2 0 1 9 0 1 3 0 1 2 0 1 1 0 1 4 0 1 1 0 1 0 0 1 2 0 1 0 0 1 6 0 1 0 0 1 0 0 1 6 6 3
14 0 4 0 1 4 0 1 3 0 1 9 0 1 10 0 1 4 0 1 4 0 1 1 0 1 0 0 1 4 0 1 0 0 1 16 0 1 0 0 1 0 0 1
14 0 4 0 1 4 0 1 3 0 1 9 0 1 10 0 1 4 0 1 4 0 1 1 0 1 0 0 1 4 0 1 0 0 1 16 0 1 0 0 1 0 0 1
14 0 10 0 1 16 0 1 9 0 1 0 0 1 16 0 1 4 0 1 4 0 1 1 0 1 0 0 1 4 0 1 0 0 1 0 0 1 0 0 1 0 0 1
14 0 10 0 1 16 0 1 9 0 1 0 0 1 16 0 1 4 0 1 4 0 1 1 0 1 0 0 1 4 0 1 0 0 1 0 0 1 0 0 1 0 0 1
14 0 16 0 1 4 0 1 1 0 1 0 0 1 2 0 1 16 0 1 16 0 1 3 0 1 0 0 1 4 0 1 0 0 1 0 0 1 0 0 1 0 0 1
14 0 16 0 1 4 0 1 1 0 1 0 0 1 2 0 1 16 0 1 16 0 1 3 0 1 0 0 1 4 0 1 0 0 1 0 0 1 0 0 1 0 0 1
14 0 3 0 1 10 0 1 16 0 1 0 0 1 6 0 1 2 0 1 0 0 1 3 0 1 0 0 1 16 0 1 0 0 1 0 0 1 0 0 1 0 0 1
14 0 3 0 1 10 0 1 16 0 1 0 0 1 6 0 1 2 0 1 0 0 1 3 0 1 0 0 1 16 0 1 0 0 1 0 0 1 0 0 1 0 0 1
14 1 3 0 1 16 0 1 3 0 1 0 0 1 0 0 1 16 0 1 0 0 1 16 0 1 0 0 1 0 0 1 0 0 1 0 0 1 0 0 1 0 0 1 6 8 2
14 1 3 0 1 16 0 1 3 0 1 0 0 1 0 0 1 16 0 1 0 0 1 16 0 1 0 0 1 0 0 1 0 0 1 0 0 1 0 0 1 0 0 1 6 8 2
1 8 5 0 3 6 6 12 6 8 12 1 0 1 1 0 1 1 0 1 1 0 1 1 0 1 3 0 7
1 8 5 0 3 6 6 12 6 8 12 1 0 1 1 0 1 1 0 1 1 0 1 1 0 1 3 0 7
6 4 15 0 1 5 0 2 5 0 1 1 0 1 5 0 2 5 0 4 1 0 1 1 0 1 1 0 1 4 0 14
6 4 15 0 1 5 0 2 5 0 1 1 0 1 5 0 2 5 0 4 1 0 1 1 0 1 1 0 1 4 0 14
9 1 17 0 1 1 0 1 1 0 1 5 0 2 2 0 1 15 0 1 1 0 1 1 0 1 1 0 1 4 0 1
9 1 17 0 1 1 0 1 1 0 1 5 0 2 2 0 1 15 0 1 1 0 1 1 0 1 1 0 1 4 0 1
9 1 4 0 1 4 0 1 1 0 1 1 0 1 15 0 1 10 0 1 5 8 5 1 0 1 5 8 3 4 0 1
9 1 4 0 1 4 0 1 1 0 1 1 0 1 15 0 1 10 0 1 5 8 5 1 0 1 5 8 3 4 0 1
9 2 15 0 1 15 0 1 1 0 1 15 0 1 17 0 1 6 0 1 3 0 1 1 0 1 1 0 1 6 6 6 4 0 1
9 2 15 0 1 15 0 1 1 0 1 15 0 1 17 0 1 6 0 1 3 0 1 1 0 1 1 0 1 6 6 6 4 0 1
9 1 17 0 1 17 0 1 15 0 1 17 0 1 4 0 1 5 0 3 3 0 1 1 0 1 3 0 1 4 0 3
9 1 17 0 1 17 0 1 15 0 1 17 0 1 4 0 1 5 0 3 3 0 1 1 0 1 3 0 1 4 0 3
9 1 4 0 1 4 0 1 17 0 1 1 0 1 15 0 1 17 0 1 3 0 1 4 0 1 3 0 1 4 0 1
9 1 4 0 1 4 0 1 17 0 1 1 0 1 15 0 1 17 0 1 3 0 1 4 0 1 3 0 1 4 0 1
9 2 15 0 1 15 0 1 16 0 1 15 0 1 17 0 1 3 0 1 11 0 1 4 0 1 11 0 1 6 0 1 4 0 1
9 2 15 0 1 15 0 1 16 0 1 15 0 1 17 0 1 3 0 1 11 0 1 4 0 1 11 0 1 6 0 1 4 0 1
9 2 17 0 1 17 0 1 1 0 1 17 0 1 2 0 1 15 0 1 9 0 1 4 0 1 9 0 1 6 0 4 4 0 4
9 2 17 0 1 17 0 1 1 0 1 17 0 1 2 0 1 15 0 1 9 0 1 4 0 1 9 0 1 6 0 4 4 0 4
9 2 16 0 1 16 0 1 9 0 1 1 0 1 2 0 1 17 0 1 3 0 1 9 0 1 1 0 1 6 0 5 4 0 5
9 2 16 0 1 16 0 1 9 0 1 1 0 1 2 0 1 17 0 1 3 0 1 9 0 1 1 0 1 6 0 5 4 0 5
9 2 4 0 1 4 0 1 10 0 1 9 0 1 2 0 1 3 0 1 11 0 1 10 0 1 11 0 1 6 0 5 4 0 5
9 2 4 0 1 4 0 1 10 0 1 9 0 1 2 0 1 3 0 1 11 0 1 10 0 1 11 0 1 6 0 5 4 0 5
9 1 9 0 1 4 0 1 8 0 1 3 0 1 2 0 1 15 0 1 9 0 1 8 0 1 9 0 1 6 0 5
9 1 9 0 1 4 0 1 8 0 1 3 0 1 2 0 1 15 0 1 9 0 1 8 0 1 9 0 1 6 0 5
9 2 10 0 1 9 0 1 9 0 1 9 0 1 9 0 1 17 0 1 1 0 1 9 0 1 4 0 1 6 0 1 4 0 3
9 2 10 0 1 9 0 1 9 0 1 9 0 1 9 0 1 17 0 1 1 0 1 9 0 1 4 0 1 6 0 1 4 0 3
9 1 8 0 1 10 0 1 1 0 1 3 0 1 3 0 1 1 0 1 11 0 1 1 0 1 11 0 1 6 0 3
9 1 8 0 1 10 0 1 1 0 1 3 0 1 3 0 1 1 0 1 11 0 1 1 0 1 11 0 1 6 0 3
9 0 9 0 1 8 0 1 4 0 1 3 0 1 9 0 1 4 0 1 9 0 1 4 0 1 9 0 1
9 0 9 0 1 8 0 1 4 0 1 3 0 1 9 0 1 4 0 1 9 0 1 4 0 1 9 0 1
9 0 3 0 1 9 0 1 9 0 1 3 0 1 4 0 1 15 0 1 4 0 1 9 0 1 4 0 1
9 0 3 0 1 9 0 1 9 0 1 3 0 1 4 0 1 15 0 1 4 0 1 9 0 1 4 0 1
9 1 3 0 1 1 0 1 10 0 1 9 0 1 4 0 1 17 0 1 11 0 1 10 0 1 16 0 1 6 0 1
9 1 3 0 1 1 0 1 10 0 1 9 0 1 4 0 1 17 0 1 11 0 1 10 0 1 16 0 1 6 0 1
9 0 10 0 1 3 0 1 8 0 1 2 0 1 4 0 1 10 0 1 9 0 1 8 0 1 2 0 1
9 0 10 0 1 3 0 1 8 0 1 2 0 1 4 0 1 10 0 1 9 0 1 8 0 1 2 0 1
9 0 16 0 1 9 0 1 9 0 1 9 0 1 4 0 1 16 0 1 1 0 1 9 0 1 10 0 1
9 0 16 0 1 9 0 1 9 0 1 9 0 1 4 0 1 16 0 1 1 0 1 9 0 1 10 0 1
9 0 3 0 1 10 0 1 2 0 1 2 0 1 9 0 1 2 0 1 11 0 1 2 0 1 2 0 1
9 0 3 0 1 10 0 1 2 0 1 2 0 1 9 0 1 2 0 1 11 0 1 2 0 1 2 0 1
9 1 6 0 1 8 0 1 2 0 1 4 0 1 1 0 1 16 0 1 9 0 1 2 0 1 6 0 1 6 6 3
9 1 6 0 1 8 0 1 2 0 1 4 0 1 1 0 1 16 0 1 9 0 1 2 0 1 6 0 1 6 6 3
9 0 10 0 1 9 0 1 2 0 1 4 0 1 1 0 1 3 0 1 0 0 1 2 0 1 16 0 1
9 0 10 0 1 9 0 1 2 0 1 4 0 1 1 0 1 3 0 1 0 0 1 2 0 1 16 0 1
9 1 6 0 1 2 0 1 3 0 1 4 0 1 1 0 1 16 0 1 0 0 1 2 0 1 1 0 1 6 6 3
9 1 6 0 1 2 0 1 3 0 1 4 0 1 1 0 1 16 0 1 0 0 1 2 0 1 1 0 1 6 6 3
9 0 16 0 1 3 0 1 16 0 1 4 0 1 1 0 1 4 0 1 0 0 1 3 0 1 16 0 1
9 0 16 0 1 3 0 1 16 0 1 4 0 1 1 0 1 4 0 1 0 0 1 3 0 1 16 0 1
1 7 5 0 5 6 0 14 6 8 4 1 0 1 1 0 1 1 0 1 1 0 1 1 0 1
1 7 5 0 5 6 0 14 6 8 4 1 0 1 1 0 1 1 0 1 1 0 1 1 0 1
6 5 15 0 1 5 0 4 5 0 2 4 0 1 5 0 1 5 0 2 1 0 1 1 0 1 1 0 1 1 0 1 1 0 1
6 5 15 0 1 5 0 4 5 0 2 4 0 1 5 0 1 5 0 2 1 0 1 1 0 1 1 0 1 1 0 1 1 0 1
11 1 17 0 1 15 0 1 15 0 1 2 0 1 1 0 1 1 0 1 1 0 1 1 0 1 1 0 1 1 0 1 2 0 1 1 0 1
11 1 17 0 1 15 0 1 15 0 1 2 0 1 1 0 1 1 0 1 1 0 1 1 0 1 1 0 1 1 0 1 2 0 1 1 0 1
12 0 4 0 1 17 0 1 17 0 1 9 0 1 1 0 1 15 0 1 5 8 3 1 0 1 1 0 1 1 0 1 9 0 1 1 0 1
12 0 4 0 1 17 0 1 17 0 1 9 0 1 1 0 1 15 0 1 5 8 3 1 0 1 1 0 1 1 0 1 9 0 1 1 0 1
12 0 15 0 1 3 0 1 4 0 1 4 0 1 15 0 1 17 0 1 3 0 1 1 0 1 1 0 1 1 0 1 2 0 1 5 8 1
12 0 15 0 1 3 0 1 4 0 1 4 0 1 15 0 1 17 0 1 3 0 1 1 0 1 1 0 1 1 0 1 2 0 1 5 8 1
12 0 17 0 1 15 0 1 15 0 1 9 0 1 17 0 1 1 0 1 3 0 1 3 0 1 4 0 1 1 0 1 9 0 1 1 0 1
12 0 17 0 1 15 0 1 15 0 1 9 0 1 17 0 1 1 0 1 3 0 1 3 0 1 4 0 1 1 0 1 9 0 1 1 0 1
12 0 4 0 1 17 0 1 17 0 1 2 0 1 4 0 1 15 0 1 3 0 1 10 0 1 9 0 1 9 0 1 2 0 1 1 0 1
12 0 4 0 1 17 0 1 17 0 1 2 0 1 4 0 1 15 0 1 3 0 1 10 0 1 9 0 1 9 0 1 2 0 1 1 0 1
12 0 15 0 1 3 0 1 4 0 1 9 0 1 9 0 1 17 0 1 10 0 1 2 0 1 4 0 1 3 0 1 9 0 1 1 0 1
12 0 15 0 1 3 0 1 4 0 1 9 0 1 9 0 1 17 0 1 10 0 1 2 0 1 4 0 1 3 0 1 9 0 1 1 0 1
12 0 17 0 1 15 0 1 9 0 1 2 0 1 4 0 1 1 0 1 3 0 1 3 0 1 9 0 1 9 0 1 4 0 1 11 0 1
12 0 17 0 1 15 0 1 9 0 1 2 0 1 4 0 1 1 0 1 3 0 1 3 0 1 9 0 1 9 0 1 4 0 1 11 0 1
12 0 1 0 1 17 0 1 4 0 1 9 0 1 4 0 1 3 0 1 10 0 1 3 0 1 1 0 1 3 0 1 9 0 1 9 0 1
12 0 1 0 1 17 0 1 4 0 1 9 0 1 4 0 1 3 0 1 10 0 1 3 0 1 1 0 1 3 0 1 9 0 1 9 0 1
12 0 9 0 1 1 0 1 9 0 1 4 0 1 9 0 1 3 0 1 1 0 1 10 0 1 9 0 1 9 0 1 4 0 1 2 0 1
12 0 9 0 1 1 0 1 9 0 1 4 0 1 9 0 1 3 0 1 1 0 1 10 0 1 9 0 1 9 0 1 4 0 1 2 0 1
12 0 3 0 1 4 0 1 4 0 1 9 0 1 4 0 1 9 0 1 10 0 1 1 0 1 4 0 1 3 0 1 9 0 1 10 0 1
12 0 3 0 1 4 0 1 4 0 1 9 0 1 4 0 1 9 0 1 10 0 1 1 0 1 4 0 1 3 0 1 9 0 1 10 0 1
12 0 15 0 1 15 0 1 9 0 1 1 0 1 9 0 1 3 0 1 1 0 1 10 0 1 9 0 1 9 0 1 4 0 1 16 0 1
12 0 15 0 1 15 0 1 9 0 1 1 0 1 9 0 1 3 0 1 1 0 1 10 0 1 9 0 1 9 0 1 4 0 1 16 0 1
12 0 17 0 1 17 0 1 2 0 1 9 0 1 2 0 1 9 0 1 11 0 1 4 0 1 2 0 1 3 0 1 9 0 1 2 0 1
12 0 17 0 1 17 0 1 2 0 1 9 0 1 2 0 1 9 0 1 11 0 1 4 0 1 2 0 1 3 0 1 9 0 1 2 0 1
12 0 3 0 1 16 0 1 9 0 1 4 0 1 9 0 1 2 0 1 9 0 1 10 0 1 4 0 1 9 0 1 4 0 1 2 0 1
12 0 3 0 1 16 0 1 9 0 1 4 0 1 9 0 1 2 0 1 9 0 1 10 0 1 4 0 1 9 0 1 4 0 1 2 0 1
12 1 15 0 1 3 0 1 3 0 1 9 0 1 2 0 1 2 0 1 1 0 1 2 0 1 9 0 1 2 0 1 9 0 1 6 0 1 6 6 6
12 1 15 0 1 3 0 1 3 0 1 9 0 1 2 0 1 2 0 1 1 0 1 2 0 1 9 0 1 2 0 1 9 0 1 6 0 1 6 6 6
12 0 17 0 1 10 0 1 9 0 1 4 0 1 9 0 1 4 0 1 11 0 1 2 0 1 1 0 1 2 0 1 2 0 1 10 0 1
12 0 17 0 1 10 0 1 9 0 1 4 0 1 9 0 1 4 0 1 11 0 1 2 0 1 1 0 1 2 0 1 2 0 1 10 0 1
12 1 16 0 1 2 0 1 3 0 1 9 0 1 1 0 1 4 0 1 9 0 1 10 0 1 3 0 1 4 0 1 3 0 1 6 0 1 6 6 3
12 1 16 0 1 2 0 1 3 0 1 9 0 1 1 0 1 4 0 1 9 0 1 10 0 1 3 0 1 4 0 1 3 0 1 6 0 1 6 6 3
12 0 2 0 1 16 0 1 9 0 1 1 0 1 1 0 1 4 0 1 4 0 1 4 0 1 3 0 1 4 0 1 9 0 1 16 0 1
12 0 2 0 1 16 0 1 9 0 1 1 0 1 1 0 1 4 0 1 4 0 1 4 0 1 3 0 1 4 0 1 9 0 1 16 0 1
12 0 16 0 1 4 0 1 1 0 1 1 0 1 3 0 1 16 0 1 4 0 1 4 0 1 3 0 1 4 0 1 3 0 1 4 0 1
12 0 16 0 1 4 0 1 1 0 1 1 0 1 3 0 1 16 0 1 4 0 1 4 0 1 3 0 1 4 0 1 3 0 1 4 0 1
12 2 4 0 1 10 0 1 3 0 1 1 0 1 3 0 1 4 0 1 4 0 1 6 0 1 3 0 1 4 0 1 9 0 1 2 0 1 6 6 6 6 3 8
12 2 4 0 1 10 0 1 3 0 1 1 0 1 3 0 1 4 0 1 4 0 1 6 0 1 3 0 1 4 0 1 9 0 1 2 0 1 6 6 6 6 3 8
12 0 16 0 1 16 0 1 10 0 1 3 0 1 3 0 1 4 0 1 11 0 1 4 0 1 9 0 1 4 0 1 0 0 1 0 0 1
12 0 16 0 1 16 0 1 10 0 1 3 0 1 3 0 1 4 0 1 11 0 1 4 0 1 9 0 1 4 0 1 0 0 1 0 0 1
12 0 4 0 1 4 0 1 16 0 1 3 0 1 3 0 1 16 0 1 9 0 1 2 0 1 0 0 1 16 0 1 0 0 1 0 0 1
12 0 4 0 1 4 0 1 16 0 1 3 0 1 3 0 1 16 0 1 9 0 1 2 0 1 0 0 1 16 0 1 0 0 1 0 0 1
12 2 10 0 1 6 0 1 3 0 1 16 0 1 10 0 1 0 0 1 2 0 1 16 0 1 0 0 1 0 0 1 0 0 1 0 0 1 6 6 3 6 3 2
12 2 10 0 1 6 0 1 3 0 1 16 0 1 10 0 1 0 0 1 2 0 1 16 0 1 0 0 1 0 0 1 0 0 1 0 0 1 6 6 3 6 3 2
1 8 5 0 3 6 6 6 6 3 6 6 8 7 1 0 1 1 0 1 1 0 1 1 0 1 1 0 1
1 8 5 0 3 6 6 6 6 3 6 6 8 7 1 0 1 1 0 1 1 0 1 1 0 1 1 0 1
6 5 15 0 1 5 0 3 1 0 1 1 0 1 5 0 2 5 0 3 1 0 1 1 0 1 1 0 1 1 0 1 1 0 1
6 5 15 0 1 5 0 3 1 0 1 1 0 1 5 0 2 5 0 3 1 0 1 1 0 1 1 0 1 1 0 1 1 0 1
11 3 17 0 1 1 0 1 1 0 1 5 0 3 2 0 1 15 0 1 1 0 1 1 0 1 1 0 1 1 0 1 1 0 1 1 0 1 1 0 1 4 0 14
11 3 17 0 1 1 0 1 1 0 1 5 0 3 2 0 1 15 0 1 1 0 1 1 0 1 1 0 1 1 0 1 1 0 1 1 0 1 1 0 1 4 0 14
13 1 4 0 1 4 0 1 1 0 1 1 0 1 15 0 1 17 0 1 1 0 1 5 8 2 1 0 1 5 8 3 4 0 1 1 0 1 1 0 1 4 0 2
13 1 4 0 1 4 0 1 1 0 1 1 0 1 15 0 1 17 0 1 1 0 1 5 8 2 1 0 1 5 8 3 4 0 1 1 0 1 1 0 1 4 0 2
13 1 15 0 1 15 0 1 4 0 1 15 0 1 17 0 1 3 0 1 1 0 1 1 0 1 4 0 1 1 0 1 4 0 1 5 8 2 1 0 1 4 0 1
13 1 15 0 1 15 0 1 4 0 1 15 0 1 17 0 1 3 0 1 1 0 1 1 0 1 4 0 1 1 0 1 4 0 1 5 8 2 1 0 1 4 0 1
13 1 17 0 1 17 0 1 4 0 1 17 0 1 4 0 1 15 0 1 4 0 1 1 0 1 4 0 1 1 0 1 4 0 1 1 0 1 1 0 1 4 0 3
13 1 17 0 1 17 0 1 4 0 1 17 0 1 4 0 1 15 0 1 4 0 1 1 0 1 4 0 1 1 0 1 4 0 1 1 0 1 1 0 1 4 0 3
13 1 4 0 1 4 0 1 9 0 1 3 0 1 15 0 1 17 0 1 9 0 1 1 0 1 9 0 1 3 0 1 9 0 1 1 0 1 1 0 1 4 0 1
13 1 4 0 1 4 0 1 9 0 1 3 0 1 15 0 1 17 0 1 9 0 1 1 0 1 9 0 1 3 0 1 9 0 1 1 0 1 1 0 1 4 0 1
13 2 15 0 1 15 0 1 1 0 1 15 0 1 17 0 1 3 0 1 4 0 1 10 0 1 4 0 1 9 0 1 4 0 1 1 0 1 9 0 1 6 0 1 4 0 1
13 2 15 0 1 15 0 1 1 0 1 15 0 1 17 0 1 3 0 1 4 0 1 10 0 1 4 0 1 9 0 1 4 0 1 1 0 1 9 0 1 6 0 1 4 0 1
13 2 17 0 1 17 0 1 4 0 1 17 0 1 2 0 1 15 0 1 4 0 1 3 0 1 9 0 1 3 0 1 9 0 1 1 0 1 4 0 1 6 0 4 4 0 4
13 2 17 0 1 17 0 1 4 0 1 17 0 1 2 0 1 15 0 1 4 0 1 3 0 1 9 0 1 3 0 1 9 0 1 1 0 1 4 0 1 6 0 4 4 0 4
13 2 16 0 1 1 0 1 9 0 1 1 0 1 2 0 1 17 0 1 9 0 1 10 0 1 4 0 1 9 0 1 2 0 1 11 0 1 9 0 1 6 0 5 4 0 5
13 2 16 0 1 1 0 1 9 0 1 1 0 1 2 0 1 17 0 1 9 0 1 10 0 1 4 0 1 9 0 1 2 0 1 11 0 1 9 0 1 6 0 5 4 0 5
13 2 1 0 1 3 0 1 1 0 1 4 0 1 2 0 1 3 0 1 4 0 1 3 0 1 1 0 1 3 0 1 3 0 1 9 0 1 4 0 1 6 0 5 4 0 5
13 2 1 0 1 3 0 1 1 0 1 4 0 1 2 0 1 3 0 1 4 0 1 3 0 1 1 0 1 3 0 1 3 0 1 9 0 1 4 0 1 6 0 5 4 0 5
13 2 2 0 1 15 0 1 4 0 1 15 0 1 2 0 1 9 0 1 9 0 1 11 0 1 2 0 1 9 0 1 3 0 1 3 0 1 9 0 1 6 0 5 4 0 5
13 2 2 0 1 15 0 1 4 0 1 15 0 1 2 0 1 9 0 1 9 0 1 11 0 1 2 0 1 9 0 1 3 0 1 3 0 1 9 0 1 6 0 5 4 0 5
13 2 1 0 1 17 0 1 9 0 1 17 0 1 9 0 1 3 0 1 1 0 1 9 0 1 0 0 1 3 0 1 3 0 1 11 0 1 1 0 1 6 0 7 4 0 7
13 2 1 0 1 17 0 1 9 0 1 17 0 1 9 0 1 3 0 1 1 0 1 9 0 1 0 0 1 3 0 1 3 0 1 11 0 1 1 0 1 6 0 7 4 0 7
13 1 2 0 1 1 0 1 3 0 1 16 0 1 3 0 1 9 0 1 9 0 1 3 0 1 9 0 1 10 0 1 16 0 1 9 0 1 9 0 1 4 0 7
13 1 2 0 1 1 0 1 3 0 1 16 0 1 3 0 1 9 0 1 9 0 1 3 0 1 9 0 1 10 0 1 16 0 1 9 0 1 9 0 1 4 0 7
13 0 3 0 1 1 0 1 9 0 1 2 0 1 9 0 1 1 0 1 2 0 1 11 0 1 0 0 1 1 0 1 0 0 1 0 0 1 3 0 1
13 0 3 0 1 1 0 1 9 0 1 2 0 1 9 0 1 1 0 1 2 0 1 11 0 1 0 0 1 1 0 1 0 0 1 0 0 1 3 0 1
13 0 10 0 1 4 0 1 3 0 1 16 0 1 4 0 1 9 0 1 2 0 1 9 0 1 3 0 1 10 0 1 0 0 1 0 0 1 9 0 1
13 0 10 0 1 4 0 1 3 0 1 16 0 1 4 0 1 9 0 1 2 0 1 9 0 1 3 0 1 10 0 1 0 0 1 0 0 1 9 0 1
13 0 16 0 1 2 0 1 3 0 1 3 0 1 4 0 1 4 0 1 2 0 1 2 0 1 3 0 1 1 0 1 0 0 1 0 0 1 0 0 1
13 0 16 0 1 2 0 1 3 0 1 3 0 1 4 0 1 4 0 1 2 0 1 2 0 1 3 0 1 1 0 1 0 0 1 0 0 1 0 0 1
13 0 3 0 1 2 0 1 3 0 1 16 0 1 4 0 1 9 0 1 2 0 1 2 0 1 3 0 1 11 0 1 0 0 1 0 0 1 0 0 1
13 0 3 0 1 2 0 1 3 0 1 16 0 1 4 0 1 9 0 1 2 0 1 2 0 1 3 0 1 11 0 1 0 0 1 0 0 1 0 0 1
13 2 6 0 1 2 0 1 9 0 1 2 0 1 4 0 1 4 0 1 3 0 1 2 0 1 3 0 1 9 0 1 0 0 1 0 0 1 0 0 1 6 7 22 6 6 3
13 2 6 0 1 2 0 1 9 0 1 2 0 1 4 0 1 4 0 1 3 0 1 2 0 1 3 0 1 9 0 1 0 0 1 0 0 1 0 0 1 6 7 22 6 6 3
13 1 10 0 1 10 0 1 0 0 1 16 0 1 9 0 1 9 0 1 3 0 1 4 0 1 10 0 1 4 0 1 0 0 1 0 0 1 0 0 1 6 0 14
13 1 10 0 1 10 0 1 0 0 1 16 0 1 9 0 1 9 0 1 3 0 1 4 0 1 10 0 1 4 0 1 0 0 1 0 0 1 0 0 1 6 0 14
13 1 6 0 1 16 0 1 0 0 1 4 0 1 1 0 1 2 0 1 3 0 1 4 0 1 16 0 1 11 0 1 0 0 1 0 0 1 0 0 1 6 6 3
13 1 6 0 1 16 0 1 0 0 1 4 0 1 1 0 1 2 0 1 3 0 1 4 0 1 16 0 1 11 0 1 0 0 1 0 0 1 0 0 1 6 6 3
13 0 16 0 1 1 0 1 0 0 1 16 0 1 1 0 1 16 0 1 3 0 1 4 0 1 2 0 1 9 0 1 0 0 1 0 0 1 0 0 1
13 0 16 0 1 1 0 1 0 0 1 16 0 1 1 0 1 16 0 1 3 0 1 4 0 1 2 0 1 9 0 1 0 0 1 0 0 1 0 0 1
13 1 2 0 1 3 0 1 0 0 1 0 0 1 1 0 1 0 0 1 0 0 1 6 0 1 6 0 1 4 0 1 0 0 1 0 0 1 0 0 1 6 3 4
13 1 2 0 1 3 0 1 0 0 1 0 0 1 1 0 1 0 0 1 0 0 1 6 0 1 6 0 1 4 0 1 0 0 1 0 0 1 0 0 1 6 3 4
13 0 16 0 1 16 0 1 0 0 1 0 0 1 1 0 1 0 0 1 0 0 1 0 0 1 0 0 1 11 0 1 0 0 1 0 0 1 0 0 1
13 0 16 0 1 16 0 1 0 0 1 0 0 1 1 0 1 0 0 1 0 0 1 0 0 1 0 0 1 11 0 1 0 0 1 0 0 1 0 0 1
1 7 5 0 5 6 3 4 1 0 1 1 0 1 1 0 1 1 0 1 1 0 1 6 8 2
1 7 5 0 5 6 3 4 1 0 1 1 0 1 1 0 1 1 0 1 1 0 1 6 8 2
6 5 15 0 1 5 0 4 5 0 2 4 0 1 5 0 1 5 0 2 1 0 1 1 0 1 1 0 1 1 0 1 1 0 1
6 5 15 0 1 5 0 4 5 0 2 4 0 1 5 0 1 5 0 2 1 0 1 1 0 1 1 0 1 1 0 1 1 0 1
11 3 17 0 1 15 0 1 15 0 1 2 0 1 1 0 1 1 0 1 1 0 1 1 0 1 2 0 1 1 0 1 1 0 1 1 0 1 1 0 1 4 0 14
11 3 17 0 1 15 0 1 15 0 1 2 0 1 1 0 1 1 0 1 1 0 1 1 0 1 2 0 1 1 0 1 1 0 1 1 0 1 1 0 1 4 0 14
13 1 4 0 1 17 0 1 10 0 1 9 0 1 1 0 1 15 0 1 1 0 1 3 0 1 2 0 1 1 0 1 4 0 1 1 0 1 1 0 1 4 0 3
13 1 4 0 1 17 0 1 10 0 1 9 0 1 1 0 1 15 0 1 1 0 1 3 0 1 2 0 1 1 0 1 4 0 1 1 0 1 1 0 1 4 0 3
13 1 15 0 1 3 0 1 6 0 1 4 0 1 15 0 1 17 0 1 3 0 1 3 0 1 2 0 1 3 0 1 4 0 1 1 0 1 1 0 1 4 0 1
13 1 15 0 1 3 0 1 6 0 1 4 0 1 15 0 1 17 0 1 3 0 1 3 0 1 2 0 1 3 0 1 4 0 1 1 0 1 1 0 1 4 0 1
13 1 17 0 1 15 0 1 5 0 1 9 0 1 17 0 1 1 0 1 3 0 1 3 0 1 9 0 1 3 0 1 4 0 1 1 0 1 1 0 1 4 0 2
13 1 17 0 1 15 0 1 5 0 1 9 0 1 17 0 1 1 0 1 3 0 1 3 0 1 9 0 1 3 0 1 4 0 1 1 0 1 1 0 1 4 0 2
13 1 4 0 1 17 0 1 17 0 1 2 0 1 10 0 1 15 0 1 10 0 1 10 0 1 2 0 1 3 0 1 9 0 1 1 0 1 1 0 1 4 0 1
13 1 4 0 1 17 0 1 17 0 1 2 0 1 10 0 1 15 0 1 10 0 1 10 0 1 2 0 1 3 0 1 9 0 1 1 0 1 1 0 1 4 0 1
13 2 15 0 1 3 0 1 4 0 1 9 0 1 16 0 1 17 0 1 1 0 1 3 0 1 9 0 1 3 0 1 4 0 1 9 0 1 9 0 1 6 0 1 4 0 1
13 2 15 0 1 3 0 1 4 0 1 9 0 1 16 0 1 17 0 1 1 0 1 3 0 1 9 0 1 3 0 1 4 0 1 9 0 1 9 0 1 6 0 1 4 0 1
13 2 17 0 1 15 0 1 15 0 1 2 0 1 4 0 1 1 0 1 10 0 1 10 0 1 4 0 1 9 0 1 9 0 1 4 0 1 1 0 1 6 0 2 4 0 2
13 2 17 0 1 15 0 1 15 0 1 2 0 1 4 0 1 1 0 1 10 0 1 10 0 1 4 0 1 9 0 1 9 0 1 4 0 1 1 0 1 6 0 2 4 0 2
13 2 1 0 1 17 0 1 17 0 1 9 0 1 9 0 1 3 0 1 4 0 1 1 0 1 9 0 1 1 0 1 1 0 1 9 0 1 4 0 1 6 0 4 4 0 4
13 2 1 0 1 17 0 1 17 0 1 9 0 1 9 0 1 3 0 1 4 0 1 1 0 1 9 0 1 1 0 1 1 0 1 9 0 1 4 0 1 6 0 4 4 0 4
13 2 3 0 1 1 0 1 4 0 1 4 0 1 4 0 1 9 0 1 10 0 1 10 0 1 4 0 1 9 0 1 9 0 1 4 0 1 9 0 1 6 0 4 4 0 4
13 2 3 0 1 1 0 1 4 0 1 4 0 1 4 0 1 9 0 1 10 0 1 10 0 1 4 0 1 9 0 1 9 0 1 4 0 1 9 0 1 6 0 4 4 0 4
13 2 15 0 1 4 0 1 9 0 1 9 0 1 9 0 1 1 0 1 4 0 1 4 0 1 9 0 1 1 0 1 3 0 1 9 0 1 4 0 1 6 0 4 4 0 4
13 2 15 0 1 4 0 1 9 0 1 9 0 1 9 0 1 1 0 1 4 0 1 4 0 1 9 0 1 1 0 1 3 0 1 9 0 1 4 0 1 6 0 4 4 0 4
13 2 17 0 1 15 0 1 4 0 1 1 0 1 4 0 1 3 0 1 10 0 1 10 0 1 4 0 1 10 0 1 9 0 1 4 0 1 9 0 1 6 0 5 4 0 5
13 2 17 0 1 15 0 1 4 0 1 1 0 1 4 0 1 3 0 1 10 0 1 10 0 1 4 0 1 10 0 1 9 0 1 4 0 1 9 0 1 6 0 5 4 0 5
13 2 3 0 1 17 0 1 9 0 1 9 0 1 9 0 1 9 0 1 16 0 1 1 0 1 9 0 1 4 0 1 3 0 1 9 0 1 4 0 1 6 0 6 4 0 6
13 2 3 0 1 17 0 1 9 0 1 9 0 1 9 0 1 9 0 1 16 0 1 1 0 1 9 0 1 4 0 1 3 0 1 9 0 1 4 0 1 6 0 6 4 0 6
13 3 15 0 1 10 0 1 4 0 1 4 0 1 4 0 1 3 0 1 2 0 1 10 0 1 4 0 1 4 0 1 9 0 1 4 0 1 9 0 1 6 7 14 6 0 6 4 0 6
13 3 15 0 1 10 0 1 4 0 1 4 0 1 4 0 1 3 0 1 2 0 1 10 0 1 4 0 1 4 0 1 9 0 1 4 0 1 9 0 1 6 7 14 6 0 6 4 0 6
13 2 17 0 1 16 0 1 9 0 1 9 0 1 9 0 1 10 0 1 10 0 1 1 0 1 9 0 1 4 0 1 2 0 1 9 0 1 4 0 1 6 8 8 6 0 7
13 2 17 0 1 16 0 1 9 0 1 9 0 1 9 0 1 10 0 1 10 0 1 1 0 1 9 0 1 4 0 1 2 0 1 9 0 1 4 0 1 6 8 8 6 0 7
13 1 16 0 1 2 0 1 2 0 1 4 0 1 1 0 1 2 0 1 2 0 1 10 0 1 2 0 1 10 0 1 10 0 1 1 0 1 4 0 1 4 0 14
13 1 16 0 1 2 0 1 2 0 1 4 0 1 1 0 1 2 0 1 2 0 1 10 0 1 2 0 1 10 0 1 10 0 1 1 0 1 4 0 1 4 0 14
13 3 2 0 1 10 0 1 9 0 1 9 0 1 9 0 1 2 0 1 6 0 1 4 0 1 3 0 1 4 0 1 16 0 1 9 0 1 9 0 1 6 3 6 6 6 3 6 0 14
13 3 2 0 1 10 0 1 9 0 1 9 0 1 9 0 1 2 0 1 6 0 1 4 0 1 3 0 1 4 0 1 16 0 1 9 0 1 9 0 1 6 3 6 6 6 3 6 0 14
13 2 16 0 1 16 0 1 3 0 1 1 0 1 2 0 1 2 0 1 10 0 1 10 0 1 9 0 1 10 0 1 3 0 1 0 0 1 0 0 1 6 7 4 4 0 14
13 2 16 0 1 16 0 1 3 0 1 1 0 1 2 0 1 2 0 1 10 0 1 10 0 1 9 0 1 10 0 1 3 0 1 0 0 1 0 0 1 6 7 4 4 0 14
13 3 4 0 1 4 0 1 9 0 1 1 0 1 2 0 1 2 0 1 6 0 1 2 0 1 3 0 1 2 0 1 3 0 1 0 0 1 0 0 1 6 6 3 6 0 14 6 8 1
13 3 4 0 1 4 0 1 9 0 1 1 0 1 2 0 1 2 0 1 6 0 1 2 0 1 3 0 1 2 0 1 3 0 1 0 0 1 0 0 1 6 6 3 6 0 14 6 8 1
13 2 16 0 1 6 0 1 3 0 1 3 0 1 2 0 1 4 0 1 1 0 1 2 0 1 9 0 1 2 0 1 6 0 1 0 0 1 0 0 1 6 6 3 6 6 3
13 2 16 0 1 6 0 1 3 0 1 3 0 1 2 0 1 4 0 1 1 0 1 2 0 1 9 0 1 2 0 1 6 0 1 0 0 1 0 0 1 6 6 3 6 6 3
13 0 1 0 1 16 0 1 9 0 1 3 0 1 3 0 1 16 0 1 16 0 1 2 0 1 0 0 1 2 0 1 2 0 1 0 0 1 0 0 1
13 0 1 0 1 16 0 1 9 0 1 3 0 1 3 0 1 16 0 1 16 0 1 2 0 1 0 0 1 2 0 1 2 0 1 0 0 1 0 0 1
13 0 16 0 1 3 0 1 1 0 1 3 0 1 3 0 1 4 0 1 0 0 1 4 0 1 0 0 1 2 0 1 16 0 1 0 0 1 0 0 1
13 0 16 0 1 3 0 1 1 0 1 3 0 1 3 0 1 4 0 1 0 0 1 4 0 1 0 0 1 2 0 1 16 0 1 0 0 1 0 0 1
13 1 0 0 1 3 0 1 3 0 1 16 0 1 3 0 1 4 0 1 0 0 1 4 0 1 0 0 1 6 0 1 0 0 1 0 0 1 0 0 1 6 3 6
13 1 0 0 1 3 0 1 3 0 1 16 0 1 3 0 1 4 0 1 0 0 1 4 0 1 0 0 1 6 0 1 0 0 1 0 0 1 0 0 1 6 3 6
1 9 5 0 3 6 3 16 6 6 3 1 0 1 1 0 1 1 0 1 1 0 1 1 0 1 3 0 7 6 8 4
1 9 5 0 3 6 3 16 6 6 3 1 0 1 1 0 1 1 0 1 1 0 1 1 0 1 3 0 7 6 8 4
6 5 15 0 1 5 0 3 5 0 2 4 0 1 5 0 2 5 0 2 1 0 1 1 0 1 1 0 1 1 0 1 1 0 1
6 5 15 0 1 5 0 3 5 0 2 4 0 1 5 0 2 5 0 2 1 0 1 1 0 1 1 0 1 1 0 1 1 0 1
11 5 17 0 1 5 8 2 15 0 1 5 8 6 1 0 1 5 8 3 1 0 1 1 0 1 5 8 6 5 0 1 5 0 1 1 0 1 1 0 1 1 0 1 1 0 1 4 0 14
11 5 17 0 1 5 8 2 15 0 1 5 8 6 1 0 1 5 8 3 1 0 1 1 0 1 5 8 6 5 0 1 5 0 1 1 0 1 1 0 1 1 0 1 1 0 1 4 0 14
15 1 4 0 1 15 0 1 17 0 1 4 0 1 15 0 1 1 0 1 1 0 1 1 0 1 2 0 1 5 8 3 1 0 1 1 0 1 1 0 1 1 0 1 1 0 1 4 0 2
15 1 4 0 1 15 0 1 17 0 1 4 0 1 15 0 1 1 0 1 1 0 1 1 0 1 2 0 1 5 8 3 1 0 1 1 0 1 1 0 1 1 0 1 1 0 1 4 0 2
15 1 15 0 1 17 0 1 4 0 1 4 0 1 17 0 1 15 0 1 1 0 1 1 0 1 2 0 1 1 0 1 1 0 1 1 0 1 1 0 1 1 0 1 1 0 1 4 0 2
15 1 15 0 1 17 0 1 4 0 1 4 0 1 17 0 1 15 0 1 1 0 1 1 0 1 2 0 1 1 0 1 1 0 1 1 0 1 1 0 1 1 0 1 1 0 1 4 0 2
15 1 17 0 1 3 0 1 15 0 1 11 0 1 4 0 1 17 0 1 1 0 1 1 0 1 11 0 1 1 0 1 1 0 1 4 0 1 1 0 1 1 0 1 1 0 1 4 0 2
15 1 17 0 1 3 0 1 15 0 1 11 0 1 4 0 1 17 0 1 1 0 1 1 0 1 11 0 1 1 0 1 1 0 1 4 0 1 1 0 1 1 0 1 1 0 1 4 0 2
15 1 4 0 1 15 0 1 17 0 1 9 0 1 15 0 1 3 0 1 10 0 1 1 0 1 9 0 1 15 0 1 15 0 1 4 0 1 4 0 1 4 0 1 1 0 1 4 0 1
15 1 4 0 1 15 0 1 17 0 1 9 0 1 15 0 1 3 0 1 10 0 1 1 0 1 9 0 1 15 0 1 15 0 1 4 0 1 4 0 1 4 0 1 1 0 1 4 0 1
15 2 15 0 1 17 0 1 2 0 1 4 0 1 17 0 1 15 0 1 3 0 1 9 0 1 4 0 1 17 0 1 17 0 1 4 0 1 4 0 1 4 0 1 1 0 1 6 0 4 4 0 4
15 2 15 0 1 17 0 1 2 0 1 4 0 1 17 0 1 15 0 1 3 0 1 9 0 1 4 0 1 17 0 1 17 0 1 4 0 1 4 0 1 4 0 1 1 0 1 6 0 4 4 0 4
15 2 17 0 1 3 0 1 2 0 1 11 0 1 16 0 1 17 0 1 10 0 1 3 0 1 11 0 1 3 0 1 16 0 1 9 0 1 9 0 1 4 0 1 4 0 1 6 0 6 4 0 6
15 2 17 0 1 3 0 1 2 0 1 11 0 1 16 0 1 17 0 1 10 0 1 3 0 1 11 0 1 3 0 1 16 0 1 9 0 1 9 0 1 4 0 1 4 0 1 6 0 6 4 0 6
15 2 16 0 1 15 0 1 2 0 1 9 0 1 4 0 1 3 0 1 3 0 1 9 0 1 9 0 1 9 0 1 1 0 1 1 0 1 4 0 1 9 0 1 9 0 1 6 0 6 4 0 6
15 2 16 0 1 15 0 1 2 0 1 9 0 1 4 0 1 3 0 1 3 0 1 9 0 1 9 0 1 9 0 1 1 0 1 1 0 1 4 0 1 9 0 1 9 0 1 6 0 6 4 0 6
15 2 4 0 1 17 0 1 2 0 1 4 0 1 4 0 1 9 0 1 9 0 1 3 0 1 4 0 1 3 0 1 9 0 1 9 0 1 4 0 1 10 0 1 4 0 1 6 0 7 4 0 7
15 2 4 0 1 17 0 1 2 0 1 4 0 1 4 0 1 9 0 1 9 0 1 3 0 1 4 0 1 3 0 1 9 0 1 9 0 1 4 0 1 10 0 1 4 0 1 6 0 7 4 0 7
15 1 9 0 1 3 0 1 9 0 1 11 0 1 9 0 1 3 0 1 3 0 1 3 0 1 11 0 1 9 0 1 10 0 1 10 0 1 9 0 1 8 0 1 9 0 1 4 0 3
15 1 9 0 1 3 0 1 9 0 1 11 0 1 9 0 1 3 0 1 3 0 1 3 0 1 11 0 1 9 0 1 10 0 1 10 0 1 9 0 1 8 0 1 9 0 1 4 0 3
15 0 10 0 1 9 0 1 3 0 1 9 0 1 10 0 1 9 0 1 9 0 1 9 0 1 9 0 1 3 0 1 8 0 1 8 0 1 4 0 1 9 0 1 10 0 1
15 0 10 0 1 9 0 1 3 0 1 9 0 1 10 0 1 9 0 1 9 0 1 9 0 1 9 0 1 3 0 1 8 0 1 8 0 1 4 0 1 9 0 1 10 0 1
15 0 8 0 1 3 0 1 9 0 1 2 0 1 1 0 1 3 0 1 3 0 1 3 0 1 4 0 1 9 0 1 9 0 1 9 0 1 9 0 1 1 0 1 8 0 1
15 0 8 0 1 3 0 1 9 0 1 2 0 1 1 0 1 3 0 1 3 0 1 3 0 1 4 0 1 9 0 1 9 0 1 9 0 1 9 0 1 1 0 1 8 0 1
15 0 9 0 1 9 0 1 4 0 1 11 0 1 2 0 1 9 0 1 10 0 1 9 0 1 11 0 1 11 0 1 1 0 1 1 0 1 1 0 1 9 0 1 9 0 1
15 0 9 0 1 9 0 1 4 0 1 11 0 1 2 0 1 9 0 1 10 0 1 9 0 1 11 0 1 11 0 1 1 0 1 1 0 1 1 0 1 9 0 1 9 0 1
15 0 4 0 1 11 0 1 4 0 1 9 0 1 8 0 1 11 0 1 2 0 1 4 0 1 9 0 1 4 0 1 4 0 1 9 0 1 9 0 1 4 0 1 2 0 1
15 0 4 0 1 11 0 1 4 0 1 9 0 1 8 0 1 11 0 1 2 0 1 4 0 1 9 0 1 4 0 1 4 0 1 9 0 1 9 0 1 4 0 1 2 0 1
15 0 9 0 1 4 0 1 4 0 1 2 0 1 9 0 1 1 0 1 2 0 1 4 0 1 2 0 1 11 0 1 4 0 1 3 0 1 2 0 1 9 0 1 2 0 1
15 0 9 0 1 4 0 1 4 0 1 2 0 1 9 0 1 1 0 1 2 0 1 4 0 1 2 0 1 11 0 1 4 0 1 3 0 1 2 0 1 9 0 1 2 0 1
15 0 1 0 1 11 0 1 4 0 1 11 0 1 3 0 1 10 0 1 4 0 1 9 0 1 11 0 1 4 0 1 9 0 1 9 0 1 2 0 1 10 0 1 2 0 1
15 0 1 0 1 11 0 1 4 0 1 11 0 1 3 0 1 10 0 1 4 0 1 9 0 1 11 0 1 4 0 1 9 0 1 9 0 1 2 0 1 10 0 1 2 0 1
15 0 9 0 1 4 0 1 9 0 1 9 0 1 3 0 1 2 0 1 4 0 1 2 0 1 9 0 1 11 0 1 2 0 1 2 0 1 2 0 1 8 0 1 2 0 1
15 0 9 0 1 4 0 1 9 0 1 9 0 1 3 0 1 2 0 1 4 0 1 2 0 1 9 0 1 11 0 1 2 0 1 2 0 1 2 0 1 8 0 1 2 0 1
15 0 2 0 1 10 0 1 1 0 1 2 0 1 3 0 1 4 0 1 4 0 1 2 0 1 2 0 1 4 0 1 2 0 1 2 0 1 2 0 1 9 0 1 3 0 1
15 0 2 0 1 10 0 1 1 0 1 2 0 1 3 0 1 4 0 1 4 0 1 2 0 1 2 0 1 4 0 1 2 0 1 2 0 1 2 0 1 9 0 1 3 0 1
15 0 3 0 1 16 0 1 1 0 1 11 0 1 16 0 1 11 0 1 16 0 1 2 0 1 11 0 1 16 0 1 2 0 1 2 0 1 3 0 1 2 0 1 6 0 1
15 0 3 0 1 16 0 1 1 0 1 11 0 1 16 0 1 11 0 1 16 0 1 2 0 1 11 0 1 16 0 1 2 0 1 2 0 1 3 0 1 2 0 1 6 0 1
15 0 3 0 1 4 0 1 1 0 1 9 0 1 2 0 1 4 0 1 2 0 1 4 0 1 9 0 1 2 0 1 2 0 1 10 0 1 3 0 1 2 0 1 16 0 1
15 0 3 0 1 4 0 1 1 0 1 9 0 1 2 0 1 4 0 1 2 0 1 4 0 1 9 0 1 2 0 1 2 0 1 10 0 1 3 0 1 2 0 1 16 0 1
15 0 3 0 1 16 0 1 1 0 1 0 0 1 6 0 1 11 0 1 4 0 1 4 0 1 0 0 1 2 0 1 3 0 1 16 0 1 3 0 1 2 0 1 2 0 1
15 0 3 0 1 16 0 1 1 0 1 0 0 1 6 0 1 11 0 1 4 0 1 4 0 1 0 0 1 2 0 1 3 0 1 16 0 1 3 0 1 2 0 1 2 0 1
15 2 3 0 1 4 0 1 3 0 1 0 0 1 0 0 1 4 0 1 6 0 1 16 0 1 0 0 1 16 0 1 3 0 1 3 0 1 16 0 1 2 0 1 16 0 1 6 3 6 6 0 4
15 2 3 0 1 4 0 1 3 0 1 0 0 1 0 0 1 4 0 1 6 0 1 16 0 1 0 0 1 16 0 1 3 0 1 3 0 1 16 0 1 2 0 1 16 0 1 6 3 6 6 0 4
1 9 5 0 4 6 6 6 6 0 20 6 3 2 1 0 1 1 0 1 1 0 1 1 0 1 1 0 1 6 8 5
1 9 5 0 4 6 6 6 6 0 20 6 3 2 1 0 1 1 0 1 1 0 1 1 0 1 1 0 1 6 8 5
6 5 15 0 1 5 0 4 5 0 2 4 0 1 5 0 2 5 0 2 1 0 1 1 0 1 1 0 1 1 0 1 1 0 1
6 5 15 0 1 5 0 4 5 0 2 4 0 1 5 0 2 5 0 2 1 0 1 1 0 1 1 0 1 1 0 1 1 0 1
11 3 17 0 1 15 0 1 15 0 1 5 8 2 1 0 1 5 8 2 4 0 1 1 0 1 2 0 1 5 8 2 1 0 1 1 0 1 1 0 1 1 0 1
11 3 17 0 1 15 0 1 15 0 1 5 8 2 1 0 1 5 8 2 4 0 1 1 0 1 2 0 1 5 8 2 1 0 1 1 0 1 1 0 1 1 0 1
14 0 4 0 1 17 0 1 17 0 1 2 0 1 15 0 1 1 0 1 2 0 1 3 0 1 4 0 1 1 0 1 4 0 1 1 0 1 4 0 1 1 0 1
14 0 4 0 1 17 0 1 17 0 1 2 0 1 15 0 1 1 0 1 2 0 1 3 0 1 4 0 1 1 0 1 4 0 1 1 0 1 4 0 1 1 0 1
14 0 15 0 1 3 0 1 4 0 1 2 0 1 17 0 1 15 0 1 10 0 1 3 0 1 4 0 1 1 0 1 4 0 1 1 0 1 5 8 1 1 0 1
14 0 15 0 1 3 0 1 4 0 1 2 0 1 17 0 1 15 0 1 10 0 1 3 0 1 4 0 1 1 0 1 4 0 1 1 0 1 5 8 1 1 0 1
14 0 17 0 1 15 0 1 15 0 1 9 0 1 1 0 1 17 0 1 4 0 1 3 0 1 10 0 1 3 0 1 4 0 1 1 0 1 2 0 1 1 0 1
14 0 17 0 1 15 0 1 15 0 1 9 0 1 1 0 1 17 0 1 4 0 1 3 0 1 10 0 1 3 0 1 4 0 1 1 0 1 2 0 1 1 0 1
14 0 4 0 1 17 0 1 17 0 1 4 0 1 15 0 1 1 0 1 10 0 1 10 0 1 4 0 1 3 0 1 4 0 1 1 0 1 2 0 1 4 0 1
14 0 4 0 1 17 0 1 17 0 1 4 0 1 15 0 1 1 0 1 10 0 1 10 0 1 4 0 1 3 0 1 4 0 1 1 0 1 2 0 1 4 0 1
14 0 15 0 1 3 0 1 2 0 1 9 0 1 17 0 1 15 0 1 4 0 1 3 0 1 10 0 1 3 0 1 9 0 1 9 0 1 2 0 1 9 0 1
14 0 15 0 1 3 0 1 2 0 1 9 0 1 17 0 1 15 0 1 4 0 1 3 0 1 10 0 1 3 0 1 9 0 1 9 0 1 2 0 1 9 0 1
14 0 17 0 1 15 0 1 2 0 1 4 0 1 10 0 1 17 0 1 10 0 1 10 0 1 4 0 1 3 0 1 10 0 1 1 0 1 9 0 1 10 0 1
14 0 17 0 1 15 0 1 2 0 1 4 0 1 10 0 1 17 0 1 10 0 1 10 0 1 4 0 1 3 0 1 10 0 1 1 0 1 9 0 1 10 0 1
14 0 1 0 1 17 0 1 2 0 1 9 0 1 16 0 1 1 0 1 4 0 1 1 0 1 10 0 1 9 0 1 1 0 1 10 0 1 2 0 1 4 0 1
14 0 1 0 1 17 0 1 2 0 1 9 0 1 16 0 1 1 0 1 4 0 1 1 0 1 10 0 1 9 0 1 1 0 1 10 0 1 2 0 1 4 0 1
14 0 3 0 1 1 0 1 9 0 1 2 0 1 4 0 1 3 0 1 10 0 1 10 0 1 2 0 1 1 0 1 9 0 1 3 0 1 11 0 1 9 0 1
14 0 3 0 1 1 0 1 9 0 1 2 0 1 4 0 1 3 0 1 10 0 1 10 0 1 2 0 1 1 0 1 9 0 1 3 0 1 11 0 1 9 0 1
14 1 15 0 1 4 0 1 4 0 1 9 0 1 9 0 1 9 0 1 2 0 1 4 0 1 10 0 1 9 0 1 10 0 1 10 0 1 9 0 1 10 0 1 6 7 4
14 1 15 0 1 4 0 1 4 0 1 9 0 1 9 0 1 9 0 1 2 0 1 4 0 1 10 0 1 9 0 1 10 0 1 10 0 1 9 0 1 10 0 1 6 7 4
14 0 17 0 1 15 0 1 1 0 1 2 0 1 10 0 1 11 0 1 10 0 1 10 0 1 2 0 1 11 0 1 1 0 1 3 0 1 1 0 1 1 0 1
14 0 17 0 1 15 0 1 1 0 1 2 0 1 10 0 1 11 0 1 10 0 1 10 0 1 2 0 1 11 0 1 1 0 1 3 0 1 1 0 1 1 0 1
14 0 10 0 1 17 0 1 1 0 1 9 0 1 4 0 1 3 0 1 2 0 1 1 0 1 10 0 1 1 0 1 9 0 1 10 0 1 1 0 1 9 0 1
14 0 10 0 1 17 0 1 1 0 1 9 0 1 4 0 1 3 0 1 2 0 1 1 0 1 10 0 1 1 0 1 9 0 1 10 0 1 1 0 1 9 0 1
14 1 2 0 1 16 0 1 1 0 1 4 0 1 2 0 1 10 0 1 1 0 1 2 0 1 1 0 1 10 0 1 2 0 1 2 0 1 1 0 1 2 0 1 6 0 5
14 1 2 0 1 16 0 1 1 0 1 4 0 1 2 0 1 10 0 1 1 0 1 2 0 1 1 0 1 10 0 1 2 0 1 2 0 1 1 0 1 2 0 1 6 0 5
14 0 3 0 1 3 0 1 3 0 1 9 0 1 2 0 1 2 0 1 1 0 1 2 0 1 1 0 1 2 0 1 2 0 1 2 0 1 1 0 1 2 0 1
14 0 3 0 1 3 0 1 3 0 1 9 0 1 2 0 1 2 0 1 1 0 1 2 0 1 1 0 1 2 0 1 2 0 1 2 0 1 1 0 1 2 0 1
14 3 6 0 1 10 0 1 10 0 1 4 0 1 3 0 1 2 0 1 1 0 1 4 0 1 3 0 1 2 0 1 3 0 1 2 0 1 1 0 1 2 0 1 6 7 4 6 8 5 6 0 1
14 3 6 0 1 10 0 1 10 0 1 4 0 1 3 0 1 2 0 1 1 0 1 4 0 1 3 0 1 2 0 1 3 0 1 2 0 1 1 0 1 2 0 1 6 7 4 6 8 5 6 0 1
14 0 10 0 1 2 0 1 3 0 1 11 0 1 3 0 1 2 0 1 3 0 1 4 0 1 3 0 1 2 0 1 3 0 1 2 0 1 4 0 1 2 0 1
14 0 10 0 1 2 0 1 3 0 1 11 0 1 3 0 1 2 0 1 3 0 1 4 0 1 3 0 1 2 0 1 3 0 1 2 0 1 4 0 1 2 0 1
14 3 6 0 1 4 0 1 6 0 1 9 0 1 6 0 1 4 0 1 3 0 1 4 0 1 3 0 1 2 0 1 3 0 1 4 0 1 4 0 1 3 0 1 6 7 4 6 4 6 6 6 6
14 3 6 0 1 4 0 1 6 0 1 9 0 1 6 0 1 4 0 1 3 0 1 4 0 1 3 0 1 2 0 1 3 0 1 4 0 1 4 0 1 3 0 1 6 7 4 6 4 6 6 6 6
14 1 16 0 1 4 0 1 10 0 1 3 0 1 1 0 1 4 0 1 3 0 1 6 0 1 3 0 1 4 0 1 3 0 1 4 0 1 16 0 1 3 0 1 6 3 8
14 1 16 0 1 4 0 1 10 0 1 3 0 1 1 0 1 4 0 1 3 0 1 6 0 1 3 0 1 4 0 1 3 0 1 4 0 1 16 0 1 3 0 1 6 3 8
14 2 4 0 1 6 0 1 6 0 1 3 0 1 10 0 1 6 0 1 6 0 1 1 0 1 6 0 1 1 0 1 6 0 1 6 0 1 1 0 1 6 0 1 6 3 31 6 4 24
14 2 4 0 1 6 0 1 6 0 1 3 0 1 10 0 1 6 0 1 6 0 1 1 0 1 6 0 1 1 0 1 6 0 1 6 0 1 1 0 1 6 0 1 6 3 31 6 4 24
14 0 16 0 1 10 0 1 16 0 1 3 0 1 16 0 1 1 0 1 0 0 1 1 0 1 2 0 1 1 0 1 1 0 1 3 0 1 4 0 1 1 0 1
14 0 16 0 1 10 0 1 16 0 1 3 0 1 16 0 1 1 0 1 0 0 1 1 0 1 2 0 1 1 0 1 1 0 1 3 0 1 4 0 1 1 0 1
14 1 4 0 1 6 0 1 4 0 1 11 0 1 4 0 1 16 0 1 0 0 1 3 0 1 2 0 1 3 0 1 0 0 1 16 0 1 4 0 1 1 0 1 6 6 3
14 1 4 0 1 6 0 1 4 0 1 11 0 1 4 0 1 16 0 1 0 0 1 3 0 1 2 0 1 3 0 1 0 0 1 16 0 1 4 0 1 1 0 1 6 6 3
14 0 10 0 1 16 0 1 16 0 1 9 0 1 16 0 1 1 0 1 0 0 1 10 0 1 2 0 1 11 0 1 0 0 1 0 0 1 4 0 1 1 0 1
14 0 10 0 1 16 0 1 16 0 1 9 0 1 16 0 1 1 0 1 0 0 1 10 0 1 2 0 1 11 0 1 0 0 1 0 0 1 4 0 1 1 0 1
1 10 5 0 3 6 6 3 6 3 4 4 0 6 1 0 1 1 0 1 1 0 1 1 0 1 1 0 1 3 0 7 6 8 3
1 10 5 0 3 6 6 3 6 3 4 4 0 6 1 0 1 1 0 1 1 0 1 1 0 1 1 0 1 3 0 7 6 8 3
6 5 15 0 1 5 0 3 5 0 2 4 0 1 5 0 3 5 0 2 1 0 1 1 0 1 1 0 1 1 0 1 1 0 1
6 5 15 0 1 5 0 3 5 0 2 4 0 1 5 0 3 5 0 2 1 0 1 1 0 1 1 0 1 1 0 1 1 0 1
11 5 17 0 1 15 0 1 15 0 1 5 8 1 1 0 1 1 0 1 4 0 1 1 0 1 5 8 3 5 0 1 1 0 1 1 0 1 1 0 1 1 0 1 1 0 1 4 0 15
11 5 17 0 1 15 0 1 15 0 1 5 8 1 1 0 1 1 0 1 4 0 1 1 0 1 5 8 3 5 0 1 1 0 1 1 0 1 1 0 1 1 0 1 1 0 1 4 0 15
15 1 4 0 1 17 0 1 17 0 1 2 0 1 15 0 1 15 0 1 5 8 3 5 8 3 2 0 1 5 8 3 1 0 1 1 0 1 1 0 1 1 0 1 1 0 1 4 0 2
15 1 4 0 1 17 0 1 17 0 1 2 0 1 15 0 1 15 0 1 5 8 3 5 8 3 2 0 1 5 8 3 1 0 1 1 0 1 1 0 1 1 0 1 1 0 1 4 0 2
15 1 15 0 1 3 0 1 4 0 1 9 0 1 17 0 1 17 0 1 2 0 1 1 0 1 2 0 1 1 0 1 1 0 1 1 0 1 5 8 1 1 0 1 1 0 1 4 0 2
15 1 15 0 1 3 0 1 4 0 1 9 0 1 17 0 1 17 0 1 2 0 1 1 0 1 2 0 1 1 0 1 1 0 1 1 0 1 5 8 1 1 0 1 1 0 1 4 0 2
15 1 17 0 1 15 0 1 15 0 1 2 0 1 4 0 1 3 0 1 2 0 1 1 0 1 2 0 1 1 0 1 4 0 1 1 0 1 1 0 1 1 0 1 4 0 1 4 0 1
15 1 17 0 1 15 0 1 15 0 1 2 0 1 4 0 1 3 0 1 2 0 1 1 0 1 2 0 1 1 0 1 4 0 1 1 0 1 1 0 1 1 0 1 4 0 1 4 0 1
15 1 4 0 1 17 0 1 17 0 1 4 0 1 15 0 1 15 0 1 2 0 1 3 0 1 11 0 1 15 0 1 4 0 1 1 0 1 1 0 1 1 0 1 8 0 1 4 0 2
15 1 4 0 1 17 0 1 17 0 1 4 0 1 15 0 1 15 0 1 2 0 1 3 0 1 11 0 1 15 0 1 4 0 1 1 0 1 1 0 1 1 0 1 8 0 1 4 0 2
15 2 15 0 1 3 0 1 4 0 1 4 0 1 17 0 1 17 0 1 11 0 1 9 0 1 9 0 1 17 0 1 9 0 1 4 0 1 1 0 1 3 0 1 9 0 1 6 0 5 4 0 3
15 2 15 0 1 3 0 1 4 0 1 4 0 1 17 0 1 17 0 1 11 0 1 9 0 1 9 0 1 17 0 1 9 0 1 4 0 1 1 0 1 3 0 1 9 0 1 6 0 5 4 0 3
15 2 17 0 1 15 0 1 9 0 1 4 0 1 1 0 1 3 0 1 9 0 1 3 0 1 4 0 1 1 0 1 4 0 1 9 0 1 1 0 1 10 0 1 2 0 1 6 0 4 4 0 6
15 2 17 0 1 15 0 1 9 0 1 4 0 1 1 0 1 3 0 1 9 0 1 3 0 1 4 0 1 1 0 1 4 0 1 9 0 1 1 0 1 10 0 1 2 0 1 6 0 4 4 0 6
15 2 4 0 1 17 0 1 4 0 1 9 0 1 3 0 1 9 0 1 4 0 1 9 0 1 11 0 1 1 0 1 9 0 1 4 0 1 9 0 1 2 0 1 4 0 1 6 0 7 4 0 5
15 2 4 0 1 17 0 1 4 0 1 9 0 1 3 0 1 9 0 1 4 0 1 9 0 1 11 0 1 1 0 1 9 0 1 4 0 1 9 0 1 2 0 1 4 0 1 6 0 7 4 0 5
15 2 9 0 1 3 0 1 9 0 1 4 0 1 15 0 1 1 0 1 11 0 1 3 0 1 9 0 1 3 0 1 1 0 1 8 0 1 3 0 1 3 0 1 9 0 1 6 0 5 4 0 7
15 2 9 0 1 3 0 1 9 0 1 4 0 1 15 0 1 1 0 1 11 0 1 3 0 1 9 0 1 3 0 1 1 0 1 8 0 1 3 0 1 3 0 1 9 0 1 6 0 5 4 0 7
15 2 1 0 1 9 0 1 4 0 1 9 0 1 17 0 1 10 0 1 9 0 1 9 0 1 4 0 1 9 0 1 9 0 1 9 0 1 9 0 1 3 0 1 4 0 1 6 0 8 4 0 6
15 2 1 0 1 9 0 1 4 0 1 9 0 1 17 0 1 10 0 1 9 0 1 9 0 1 4 0 1 9 0 1 9 0 1 9 0 1 9 0 1 3 0 1 4 0 1 6 0 8 4 0 6
15 1 9 0 1 3 0 1 9 0 1 2 0 1 1 0 1 2 0 1 2 0 1 1 0 1 11 0 1 3 0 1 4 0 1 4 0 1 3 0 1 3 0 1 9 0 1 4 0 8
15 1 9 0 1 3 0 1 9 0 1 2 0 1 1 0 1 2 0 1 2 0 1 1 0 1 11 0 1 3 0 1 4 0 1 4 0 1 3 0 1 3 0 1 9 0 1 4 0 8
15 0 3 0 1 9 0 1 2 0 1 9 0 1 1 0 1 4 0 1 10 0 1 9 0 1 9 0 1 9 0 1 9 0 1 8 0 1 9 0 1 10 0 1 4 0 1
15 0 3 0 1 9 0 1 2 0 1 9 0 1 1 0 1 4 0 1 10 0 1 9 0 1 9 0 1 9 0 1 9 0 1 8 0 1 9 0 1 10 0 1 4 0 1
15 0 10 0 1 1 0 1 9 0 1 3 0 1 9 0 1 10 0 1 4 0 1 4 0 1 1 0 1 11 0 1 1 0 1 9 0 1 3 0 1 1 0 1 8 0 1
15 0 10 0 1 1 0 1 9 0 1 3 0 1 9 0 1 10 0 1 4 0 1 4 0 1 1 0 1 11 0 1 1 0 1 9 0 1 3 0 1 1 0 1 8 0 1
15 0 8 0 1 9 0 1 3 0 1 9 0 1 4 0 1 16 0 1 11 0 1 9 0 1 9 0 1 2 0 1 9 0 1 1 0 1 9 0 1 10 0 1 9 0 1
15 0 8 0 1 9 0 1 3 0 1 9 0 1 4 0 1 16 0 1 11 0 1 9 0 1 9 0 1 2 0 1 9 0 1 1 0 1 9 0 1 10 0 1 9 0 1
15 0 9 0 1 4 0 1 9 0 1 10 0 1 9 0 1 4 0 1 9 0 1 11 0 1 3 0 1 1 0 1 3 0 1 10 0 1 3 0 1 2 0 1 1 0 1
15 0 9 0 1 4 0 1 9 0 1 10 0 1 9 0 1 4 0 1 9 0 1 11 0 1 3 0 1 1 0 1 3 0 1 10 0 1 3 0 1 2 0 1 1 0 1
15 0 2 0 1 9 0 1 3 0 1 3 0 1 2 0 1 10 0 1 4 0 1 1 0 1 9 0 1 2 0 1 9 0 1 8 0 1 9 0 1 4 0 1 10 0 1
15 0 2 0 1 9 0 1 3 0 1 3 0 1 2 0 1 10 0 1 4 0 1 1 0 1 9 0 1 2 0 1 9 0 1 8 0 1 9 0 1 4 0 1 10 0 1
15 0 16 0 1 2 0 1 1 0 1 11 0 1 2 0 1 16 0 1 4 0 1 3 0 1 1 0 1 1 0 1 3 0 1 9 0 1 11 0 1 10 0 1 8 0 1
15 0 16 0 1 2 0 1 1 0 1 11 0 1 2 0 1 16 0 1 4 0 1 3 0 1 1 0 1 1 0 1 3 0 1 9 0 1 11 0 1 10 0 1 8 0 1
15 1 3 0 1 4 0 1 3 0 1 9 0 1 2 0 1 1 0 1 10 0 1 11 0 1 16 0 1 4 0 1 2 0 1 3 0 1 0 0 1 2 0 1 9 0 1 6 7 8
15 1 3 0 1 4 0 1 3 0 1 9 0 1 2 0 1 1 0 1 10 0 1 11 0 1 16 0 1 4 0 1 2 0 1 3 0 1 0 0 1 2 0 1 9 0 1 6 7 8
15 1 10 0 1 10 0 1 3 0 1 4 0 1 16 0 1 10 0 1 3 0 1 10 0 1 1 0 1 11 0 1 2 0 1 3 0 1 0 0 1 2 0 1 1 0 1 6 0 14
15 1 10 0 1 10 0 1 3 0 1 4 0 1 16 0 1 10 0 1 3 0 1 10 0 1 1 0 1 11 0 1 2 0 1 3 0 1 0 0 1 2 0 1 1 0 1 6 0 14
15 0 16 0 1 16 0 1 16 0 1 4 0 1 1 0 1 16 0 1 3 0 1 2 0 1 3 0 1 4 0 1 4 0 1 10 0 1 0 0 1 4 0 1 10 0 1
15 0 16 0 1 16 0 1 16 0 1 4 0 1 1 0 1 16 0 1 3 0 1 2 0 1 3 0 1 4 0 1 4 0 1 10 0 1 0 0 1 4 0 1 10 0 1
15 0 3 0 1 4 0 1 1 0 1 10 0 1 3 0 1 2 0 1 1 0 1 11 0 1 1 0 1 11 0 1 10 0 1 2 0 1 0 0 1 4 0 1 2 0 1
15 0 3 0 1 4 0 1 1 0 1 10 0 1 3 0 1 2 0 1 1 0 1 11 0 1 1 0 1 11 0 1 10 0 1 2 0 1 0 0 1 4 0 1 2 0 1
15 2 6 0 1 16 0 1 16 0 1 1 0 1 16 0 1 2 0 1 1 0 1 2 0 1 16 0 1 0 0 1 2 0 1 2 0 1 0 0 1 4 0 1 2 0 1 6 6 3 6 4 6
15 2 6 0 1 16 0 1 16 0 1 1 0 1 16 0 1 2 0 1 1 0 1 2 0 1 16 0 1 0 0 1 2 0 1 2 0 1 0 0 1 4 0 1 2 0 1 6 6 3 6 4 6
1 10 5 0 5 6 3 20 6 7 8 6 6 6 6 4 30 1 0 1 1 0 1 1 0 1 1 0 1 1 0 1 3 0 5
1 10 5 0 5 6 3 20 6 7 8 6 6 6 6 4 30 1 0 1 1 0 1 1 0 1 1 0 1 1 0 1 3 0 5
6 6 15 0 1 5 0 3 5 0 2 4 0 1 5 0 1 5 0 2 1 0 1 1 0 1 1 0 1 1 0 1 1 0 1 6 8 3
6 6 15 0 1 5 0 3 5 0 2 4 0 1 5 0 1 5 0 2 1 0 1 1 0 1 1 0 1 1 0 1 1 0 1 6 8 3
11 3 17 0 1 15 0 1 15 0 1 2 0 1 1 0 1 1 0 1 4 0 1 1 0 1 2 0 1 5 0 1 1 0 1 1 0 1 1 0 1 1 0 1
11 3 17 0 1 15 0 1 15 0 1 2 0 1 1 0 1 1 0 1 4 0 1 1 0 1 2 0 1 5 0 1 1 0 1 1 0 1 1 0 1 1 0 1
14 0 4 0 1 17 0 1 17 0 1 2 0 1 1 0 1 15 0 1 2 0 1 1 0 1 4 0 1 5 8 1 4 0 1 1 0 1 1 0 1 1 0 1
14 0 4 0 1 17 0 1 17 0 1 2 0 1 1 0 1 15 0 1 2 0 1 1 0 1 4 0 1 5 8 1 4 0 1 1 0 1 1 0 1 1 0 1
14 0 15 0 1 3 0 1 4 0 1 2 0 1 15 0 1 17 0 1 10 0 1 1 0 1 4 0 1 1 0 1 4 0 1 1 0 1 1 0 1 1 0 1
14 0 15 0 1 3 0 1 4 0 1 2 0 1 15 0 1 17 0 1 10 0 1 1 0 1 4 0 1 1 0 1 4 0 1 1 0 1 1 0 1 1 0 1
14 0 17 0 1 15 0 1 15 0 1 2 0 1 17 0 1 3 0 1 4 0 1 1 0 1 10 0 1 1 0 1 4 0 1 1 0 1 1 0 1 1 0 1
14 0 17 0 1 15 0 1 15 0 1 2 0 1 17 0 1 3 0 1 4 0 1 1 0 1 10 0 1 1 0 1 4 0 1 1 0 1 1 0 1 1 0 1
14 0 4 0 1 17 0 1 17 0 1 9 0 1 10 0 1 15 0 1 10 0 1 9 0 1 4 0 1 15 0 1 9 0 1 4 0 1 1 0 1 9 0 1
14 0 4 0 1 17 0 1 17 0 1 9 0 1 10 0 1 15 0 1 10 0 1 9 0 1 4 0 1 15 0 1 9 0 1 4 0 1 1 0 1 9 0 1
14 0 15 0 1 3 0 1 2 0 1 4 0 1 16 0 1 17 0 1 4 0 1 1 0 1 10 0 1 17 0 1 4 0 1 4 0 1 1 0 1 2 0 1
14 0 15 0 1 3 0 1 2 0 1 4 0 1 16 0 1 17 0 1 4 0 1 1 0 1 10 0 1 17 0 1 4 0 1 4 0 1 1 0 1 2 0 1
14 0 17 0 1 15 0 1 2 0 1 9 0 1 1 0 1 16 0 1 10 0 1 10 0 1 4 0 1 1 0 1 8 0 1 4 0 1 4 0 1 4 0 1
14 0 17 0 1 15 0 1 2 0 1 9 0 1 1 0 1 16 0 1 10 0 1 10 0 1 4 0 1 1 0 1 8 0 1 4 0 1 4 0 1 4 0 1
14 0 1 0 1 17 0 1 1 0 1 4 0 1 1 0 1 3 0 1 4 0 1 2 0 1 10 0 1 3 0 1 9 0 1 9 0 1 8 0 1 4 0 1
14 0 1 0 1 17 0 1 1 0 1 4 0 1 1 0 1 3 0 1 4 0 1 2 0 1 10 0 1 3 0 1 9 0 1 9 0 1 8 0 1 4 0 1
14 0 3 0 1 10 0 1 1 0 1 4 0 1 9 0 1 10 0 1 10 0 1 3 0 1 2 0 1 9 0 1 0 0 1 2 0 1 9 0 1 4 0 1
14 0 3 0 1 10 0 1 1 0 1 4 0 1 9 0 1 10 0 1 10 0 1 3 0 1 2 0 1 9 0 1 0 0 1 2 0 1 9 0 1 4 0 1
14 0 15 0 1 16 0 1 10 0 1 9 0 1 4 0 1 12 0 1 2 0 1 3 0 1 10 0 1 3 0 1 0 0 1 3 0 1 2 0 1 8 0 1
14 0 15 0 1 16 0 1 10 0 1 9 0 1 4 0 1 12 0 1 2 0 1 3 0 1 10 0 1 3 0 1 0 0 1 3 0 1 2 0 1 8 0 1
14 0 17 0 1 3 0 1 16 0 1 4 0 1 9 0 1 8 0 1 10 0 1 10 0 1 2 0 1 3 0 1 0 0 1 16 0 1 2 0 1 9 0 1
14 0 17 0 1 3 0 1 16 0 1 4 0 1 9 0 1 8 0 1 10 0 1 10 0 1 2 0 1 3 0 1 0 0 1 16 0 1 2 0 1 9 0 1
14 0 3 0 1 10 0 1 2 0 1 9 0 1 4 0 1 9 0 1 3 0 1 3 0 1 10 0 1 3 0 1 0 0 1 3 0 1 2 0 1 1 0 1
14 0 3 0 1 10 0 1 2 0 1 9 0 1 4 0 1 9 0 1 3 0 1 3 0 1 10 0 1 3 0 1 0 0 1 3 0 1 2 0 1 1 0 1
14 0 15 0 1 12 0 1 1 0 1 3 0 1 4 0 1 3 0 1 10 0 1 10 0 1 2 0 1 9 0 1 3 0 1 3 0 1 2 0 1 9 0 1
14 0 15 0 1 12 0 1 1 0 1 3 0 1 4 0 1 3 0 1 10 0 1 10 0 1 2 0 1 9 0 1 3 0 1 3 0 1 2 0 1 9 0 1
14 0 17 0 1 8 0 1 2 0 1 10 0 1 10 0 1 10 0 1 3 0 1 1 0 1 10 0 1 2 0 1 3 0 1 16 0 1 3 0 1 2 0 1
14 0 17 0 1 8 0 1 2 0 1 10 0 1 10 0 1 10 0 1 3 0 1 1 0 1 10 0 1 2 0 1 3 0 1 16 0 1 3 0 1 2 0 1
14 0 16 0 1 9 0 1 1 0 1 3 0 1 4 0 1 12 0 1 10 0 1 10 0 1 3 0 1 9 0 1 10 0 1 2 0 1 3 0 1 2 0 1
14 0 16 0 1 9 0 1 1 0 1 3 0 1 4 0 1 12 0 1 10 0 1 10 0 1 3 0 1 9 0 1 10 0 1 2 0 1 3 0 1 2 0 1
14 0 2 0 1 3 0 1 2 0 1 10 0 1 9 0 1 1 0 1 3 0 1 3 0 1 10 0 1 4 0 1 16 0 1 16 0 1 16 0 1 9 0 1
14 0 2 0 1 3 0 1 2 0 1 10 0 1 9 0 1 1 0 1 3 0 1 3 0 1 10 0 1 4 0 1 16 0 1 16 0 1 16 0 1 9 0 1
14 0 10 0 1 10 0 1 1 0 1 3 0 1 2 0 1 10 0 1 10 0 1 10 0 1 3 0 1 4 0 1 3 0 1 0 0 1 0 0 1 0 0 1
14 0 10 0 1 10 0 1 1 0 1 3 0 1 2 0 1 10 0 1 10 0 1 10 0 1 3 0 1 4 0 1 3 0 1 0 0 1 0 0 1 0 0 1
14 1 6 0 1 4 0 1 3 0 1 1 0 1 2 0 1 4 0 1 1 0 1 2 0 1 1 0 1 4 0 1 3 0 1 0 0 1 0 0 1 0 0 1 6 6 3
14 1 6 0 1 4 0 1 3 0 1 1 0 1 2 0 1 4 0 1 1 0 1 2 0 1 1 0 1 4 0 1 3 0 1 0 0 1 0 0 1 0 0 1 6 6 3
14 2 16 0 1 1 0 1 6 0 1 1 0 1 2 0 1 10 0 1 1 0 1 2 0 1 1 0 1 4 0 1 6 0 1 0 0 1 0 0 1 0 0 1 6 7 4 6 6 3
14 2 16 0 1 1 0 1 6 0 1 1 0 1 2 0 1 10 0 1 1 0 1 2 0 1 1 0 1 4 0 1 6 0 1 0 0 1 0 0 1 0 0 1 6 7 4 6 6 3
14 1 4 0 1 3 0 1 10 0 1 1 0 1 2 0 1 4 0 1 6 0 1 2 0 1 1 0 1 10 0 1 0 0 1 0 0 1 0 0 1 0 0 1 6 3 19
14 1 4 0 1 3 0 1 10 0 1 1 0 1 2 0 1 4 0 1 6 0 1 2 0 1 1 0 1 10 0 1 0 0 1 0 0 1 0 0 1 0 0 1 6 3 19
14 0 16 0 1 10 0 1 6 0 1 2 0 1 3 0 1 10 0 1 2 0 1 1 0 1 2 0 1 16 0 1 0 0 1 0 0 1 0 0 1 0 0 1
14 0 16 0 1 10 0 1 6 0 1 2 0 1 3 0 1 10 0 1 2 0 1 1 0 1 2 0 1 16 0 1 0 0 1 0 0 1 0 0 1 0 0 1
14 0 1 0 1 12 0 1 16 0 1 2 0 1 3 0 1 12 0 1 2 0 1 1 0 1 2 0 1 1 0 1 0 0 1 0 0 1 0 0 1 0 0 1
14 0 1 0 1 12 0 1 16 0 1 2 0 1 3 0 1 12 0 1 2 0 1 1 0 1 2 0 1 1 0 1 0 0 1 0 0 1 0 0 1 0 0 1
1 10 17 0 1 6 6 9 6 8 4 4 0 14 1 0 1 1 0 1 1 0 1 1 0 1 1 0 1 3 0 12 6 3 47
1 10 17 0 1 6 6 9 6 8 4 4 0 14 1 0 1 1 0 1 1 0 1 1 0 1 1 0 1 3 0 12 6 3 47
6 5 5 0 3 5 0 3 5 0 2 4 0 1 5 0 2 5 0 3 1 0 1 1 0 1 1 0 1 1 0 1 1 0 1
6 5 5 0 3 5 0 3 5 0 2 4 0 1 5 0 2 5 0 3 1 0 1 1 0 1 1 0 1 1 0 1 1 0 1
11 5 15 0 1 15 0 1 5 8 4 5 8 5 1 0 1 1 0 1 4 0 1 1 0 1 5 8 2 1 0 1 5 0 1 1 0 1 1 0 1 1 0 1 1 0 1 4 0 14
11 5 15 0 1 15 0 1 5 8 4 5 8 5 1 0 1 1 0 1 4 0 1 1 0 1 5 8 2 1 0 1 5 0 1 1 0 1 1 0 1 1 0 1 1 0 1 4 0 14
15 1 4 0 1 17 0 1 15 0 1 2 0 1 15 0 1 15 0 1 5 8 2 1 0 1 2 0 1 1 0 1 1 0 1 1 0 1 1 0 1 1 0 1 1 0 1 4 0 2
15 1 4 0 1 17 0 1 15 0 1 2 0 1 15 0 1 15 0 1 5 8 2 1 0 1 2 0 1 1 0 1 1 0 1 1 0 1 1 0 1 1 0 1 1 0 1 4 0 2
15 1 15 0 1 3 0 1 17 0 1 9 0 1 17 0 1 17 0 1 2 0 1 1 0 1 2 0 1 1 0 1 1 0 1 1 0 1 1 0 1 1 0 1 1 0 1 4 0 3
15 1 15 0 1 3 0 1 17 0 1 9 0 1 17 0 1 17 0 1 2 0 1 1 0 1 2 0 1 1 0 1 1 0 1 1 0 1 1 0 1 1 0 1 1 0 1 4 0 3
15 1 17 0 1 15 0 1 4 0 1 4 0 1 4 0 1 3 0 1 2 0 1 1 0 1 2 0 1 3 0 1 1 0 1 1 0 1 1 0 1 4 0 1 1 0 1 4 0 1
15 1 17 0 1 15 0 1 4 0 1 4 0 1 4 0 1 3 0 1 2 0 1 1 0 1 2 0 1 3 0 1 1 0 1 1 0 1 1 0 1 4 0 1 1 0 1 4 0 1
15 1 4 0 1 10 0 1 15 0 1 9 0 1 15 0 1 15 0 1 9 0 1 1 0 1 9 0 1 3 0 1 15 0 1 1 0 1 1 0 1 9 0 1 4 0 1 4 0 1
15 1 4 0 1 10 0 1 15 0 1 9 0 1 15 0 1 15 0 1 9 0 1 1 0 1 9 0 1 3 0 1 15 0 1 1 0 1 1 0 1 9 0 1 4 0 1 4 0 1
15 2 15 0 1 17 0 1 17 0 1 4 0 1 17 0 1 17 0 1 4 0 1 9 0 1 2 0 1 9 0 1 17 0 1 1 0 1 4 0 1 4 0 1 9 0 1 6 0 4 4 0 4
15 2 15 0 1 17 0 1 17 0 1 4 0 1 17 0 1 17 0 1 4 0 1 9 0 1 2 0 1 9 0 1 17 0 1 1 0 1 4 0 1 4 0 1 9 0 1 6 0 4 4 0 4
15 2 17 0 1 3 0 1 4 0 1 9 0 1 4 0 1 1 0 1 9 0 1 3 0 1 9 0 1 3 0 1 1 0 1 4 0 1 4 0 1 4 0 1 10 0 1 6 0 5 4 0 5
15 2 17 0 1 3 0 1 4 0 1 9 0 1 4 0 1 1 0 1 9 0 1 3 0 1 9 0 1 3 0 1 1 0 1 4 0 1 4 0 1 4 0 1 10 0 1 6 0 5 4 0 5
15 2 16 0 1 15 0 1 9 0 1 4 0 1 9 0 1 4 0 1 4 0 1 9 0 1 4 0 1 9 0 1 4 0 1 4 0 1 9 0 1 4 0 1 8 0 1 6 0 5 4 0 1
15 2 16 0 1 15 0 1 9 0 1 4 0 1 9 0 1 4 0 1 4 0 1 9 0 1 4 0 1 9 0 1 4 0 1 4 0 1 9 0 1 4 0 1 8 0 1 6 0 5 4 0 1
15 2 4 0 1 17 0 1 4 0 1 9 0 1 4 0 1 15 0 1 9 0 1 10 0 1 9 0 1 1 0 1 4 0 1 4 0 1 4 0 1 9 0 1 9 0 1 6 0 2 4 0 6
15 2 4 0 1 17 0 1 4 0 1 9 0 1 4 0 1 15 0 1 9 0 1 10 0 1 9 0 1 1 0 1 4 0 1 4 0 1 4 0 1 9 0 1 9 0 1 6 0 2 4 0 6
15 2 9 0 1 16 0 1 9 0 1 2 0 1 9 0 1 17 0 1 4 0 1 2 0 1 4 0 1 9 0 1 9 0 1 9 0 1 9 0 1 1 0 1 1 0 1 6 0 7 4 0 3
15 2 9 0 1 16 0 1 9 0 1 2 0 1 9 0 1 17 0 1 4 0 1 2 0 1 4 0 1 9 0 1 9 0 1 9 0 1 9 0 1 1 0 1 1 0 1 6 0 7 4 0 3
15 1 10 0 1 3 0 1 4 0 1 9 0 1 10 0 1 16 0 1 9 0 1 10 0 1 9 0 1 3 0 1 2 0 1 4 0 1 4 0 1 3 0 1 4 0 1 4 0 7
15 1 10 0 1 3 0 1 4 0 1 9 0 1 10 0 1 16 0 1 9 0 1 10 0 1 9 0 1 3 0 1 2 0 1 4 0 1 4 0 1 3 0 1 4 0 1 4 0 7
15 0 8 0 1 3 0 1 9 0 1 11 0 1 4 0 1 1 0 1 4 0 1 12 0 1 4 0 1 9 0 1 9 0 1 4 0 1 4 0 1 9 0 1 9 0 1
15 0 8 0 1 3 0 1 9 0 1 11 0 1 4 0 1 1 0 1 4 0 1 12 0 1 4 0 1 9 0 1 9 0 1 4 0 1 4 0 1 9 0 1 9 0 1
15 2 9 0 1 12 0 1 2 0 1 1 0 1 9 0 1 10 0 1 9 0 1 8 0 1 9 0 1 4 0 1 10 0 1 9 0 1 8 0 1 10 0 1 10 0 1 6 7 4 6 4 6
15 2 9 0 1 12 0 1 2 0 1 1 0 1 9 0 1 10 0 1 9 0 1 8 0 1 9 0 1 4 0 1 10 0 1 9 0 1 8 0 1 10 0 1 10 0 1 6 7 4 6 4 6
15 1 3 0 1 8 0 1 9 0 1 11 0 1 3 0 1 3 0 1 2 0 1 9 0 1 4 0 1 4 0 1 8 0 1 10 0 1 9 0 1 8 0 1 8 0 1 6 0 10
15 1 3 0 1 8 0 1 9 0 1 11 0 1 3 0 1 3 0 1 2 0 1 9 0 1 4 0 1 4 0 1 8 0 1 10 0 1 9 0 1 8 0 1 8 0 1 6 0 10
15 0 3 0 1 9 0 1 11 0 1 3 0 1 8 0 1 2 0 1 9 0 1 2 0 1 9 0 1 9 0 1 9 0 1 8 0 1 2 0 1 9 0 1 9 0 1
15 0 3 0 1 9 0 1 11 0 1 3 0 1 8 0 1 2 0 1 9 0 1 2 0 1 9 0 1 9 0 1 9 0 1 8 0 1 2 0 1 9 0 1 9 0 1
15 0 10 0 1 1 0 1 1 0 1 11 0 1 9 0 1 2 0 1 2 0 1 2 0 1 11 0 1 10 0 1 3 0 1 9 0 1 2 0 1 1 0 1 2 0 1
15 0 10 0 1 1 0 1 1 0 1 11 0 1 9 0 1 2 0 1 2 0 1 2 0 1 11 0 1 10 0 1 3 0 1 9 0 1 2 0 1 1 0 1 2 0 1
15 0 16 0 1 1 0 1 11 0 1 3 0 1 3 0 1 16 0 1 3 0 1 2 0 1 3 0 1 2 0 1 3 0 1 2 0 1 2 0 1 8 0 1 2 0 1
15 0 16 0 1 1 0 1 11 0 1 3 0 1 3 0 1 16 0 1 3 0 1 2 0 1 3 0 1 2 0 1 3 0 1 2 0 1 2 0 1 8 0 1 2 0 1
15 0 3 0 1 10 0 1 3 0 1 11 0 1 3 0 1 4 0 1 3 0 1 4 0 1 11 0 1 3 0 1 16 0 1 2 0 1 2 0 1 9 0 1 2 0 1
15 0 3 0 1 10 0 1 3 0 1 11 0 1 3 0 1 4 0 1 3 0 1 4 0 1 11 0 1 3 0 1 16 0 1 2 0 1 2 0 1 9 0 1 2 0 1
15 2 6 0 1 12 0 1 11 0 1 3 0 1 10 0 1 16 0 1 9 0 1 6 0 1 3 0 1 3 0 1 2 0 1 2 0 1 3 0 1 2 0 1 2 0 1 6 3 4 6 6 3
15 2 6 0 1 12 0 1 11 0 1 3 0 1 10 0 1 16 0 1 9 0 1 6 0 1 3 0 1 3 0 1 2 0 1 2 0 1 3 0 1 2 0 1 2 0 1 6 3 4 6 6 3
15 1 10 0 1 8 0 1 3 0 1 11 0 1 16 0 1 2 0 1 4 0 1 10 0 1 10 0 1 10 0 1 10 0 1 2 0 1 3 0 1 2 0 1 3 0 1 6 0 4
15 1 10 0 1 8 0 1 3 0 1 11 0 1 16 0 1 2 0 1 4 0 1 10 0 1 10 0 1 10 0 1 10 0 1 2 0 1 3 0 1 2 0 1 3 0 1 6 0 4
15 1 6 0 1 9 0 1 11 0 1 1 0 1 3 0 1 16 0 1 11 0 1 6 0 1 3 0 1 12 0 1 2 0 1 3 0 1 3 0 1 2 0 1 6 0 1 6 6 6
15 1 6 0 1 9 0 1 11 0 1 1 0 1 3 0 1 16 0 1 11 0 1 6 0 1 3 0 1 12 0 1 2 0 1 3 0 1 3 0 1 2 0 1 6 0 1 6 6 6
15 1 16 0 1 2 0 1 3 0 1 16 0 1 16 0 1 6 0 1 9 0 1 3 0 1 10 0 1 2 0 1 6 0 1 3 0 1 16 0 1 2 0 1 0 0 1 6 3 2
15 1 16 0 1 2 0 1 3 0 1 16 0 1 16 0 1 6 0 1 9 0 1 3 0 1 10 0 1 2 0 1 6 0 1 3 0 1 16 0 1 2 0 1 0 0 1 6 3 2
1 10 5 0 3 6 3 12 6 6 6 6 7 1 6 0 10 1 0 1 1 0 1 1 0 1 1 0 1 1 0 1 3 0 6
1 10 5 0 3 6 3 12 6 6 6 6 7 1 6 0 10 1 0 1 1 0 1 1 0 1 1 0 1 1 0 1 3 0 6
6 7 15 0 1 5 0 3 5 0 2 4 0 1 5 0 3 5 0 3 6 7 1 1 0 1 1 0 1 1 0 1 1 0 1 1 0 1 6 8 4
6 7 15 0 1 5 0 3 5 0 2 4 0 1 5 0 3 5 0 3 6 7 1 1 0 1 1 0 1 1 0 1 1 0 1 1 0 1 6 8 4
11 4 17 0 1 15 0 1 5 8 1 5 8 1 1 0 1 1 0 1 4 0 1 1 0 1 2 0 1 1 0 1 1 0 1 1 0 1 1 0 1 1 0 1 1 0 1
11 4 17 0 1 15 0 1 5 8 1 5 8 1 1 0 1 1 0 1 4 0 1 1 0 1 2 0 1 1 0 1 1 0 1 1 0 1 1 0 1 1 0 1 1 0 1
15 0 4 0 1 17 0 1 15 0 1 2 0 1 15 0 1 15 0 1 2 0 1 1 0 1 4 0 1 1 0 1 1 0 1 4 0 1 1 0 1 1 0 1 1 0 1
15 0 4 0 1 17 0 1 15 0 1 2 0 1 15 0 1 15 0 1 2 0 1 1 0 1 4 0 1 1 0 1 1 0 1 4 0 1 1 0 1 1 0 1 1 0 1
15 0 15 0 1 3 0 1 17 0 1 2 0 1 17 0 1 17 0 1 10 0 1 1 0 1 4 0 1 1 0 1 4 0 1 2 0 1 1 0 1 1 0 1 3 0 1
15 0 15 0 1 3 0 1 17 0 1 2 0 1 17 0 1 17 0 1 10 0 1 1 0 1 4 0 1 1 0 1 4 0 1 2 0 1 1 0 1 1 0 1 3 0 1
15 0 17 0 1 15 0 1 4 0 1 2 0 1 4 0 1 3 0 1 4 0 1 1 0 1 10 0 1 1 0 1 4 0 1 2 0 1 1 0 1 4 0 1 3 0 1
15 0 17 0 1 15 0 1 4 0 1 2 0 1 4 0 1 3 0 1 4 0 1 1 0 1 10 0 1 1 0 1 4 0 1 2 0 1 1 0 1 4 0 1 3 0 1
15 0 4 0 1 17 0 1 15 0 1 2 0 1 15 0 1 15 0 1 10 0 1 1 0 1 4 0 1 10 0 1 9 0 1 10 0 1 3 0 1 9 0 1 9 0 1
15 0 4 0 1 17 0 1 15 0 1 2 0 1 15 0 1 15 0 1 10 0 1 1 0 1 4 0 1 10 0 1 9 0 1 10 0 1 3 0 1 9 0 1 9 0 1
15 0 15 0 1 3 0 1 17 0 1 9 0 1 17 0 1 17 0 1 4 0 1 3 0 1 10 0 1 12 0 1 4 0 1 2 0 1 8 0 1 1 0 1 3 0 1
15 0 15 0 1 3 0 1 17 0 1 9 0 1 17 0 1 17 0 1 4 0 1 3 0 1 10 0 1 12 0 1 4 0 1 2 0 1 8 0 1 1 0 1 3 0 1
15 0 17 0 1 15 0 1 2 0 1 4 0 1 1 0 1 1 0 1 10 0 1 3 0 1 4 0 1 8 0 1 4 0 1 10 0 1 9 0 1 9 0 1 8 0 1
15 0 17 0 1 15 0 1 2 0 1 4 0 1 1 0 1 1 0 1 10 0 1 3 0 1 4 0 1 8 0 1 4 0 1 10 0 1 9 0 1 9 0 1 8 0 1
15 0 4 0 1 17 0 1 2 0 1 9 0 1 3 0 1 4 0 1 2 0 1 3 0 1 10 0 1 9 0 1 9 0 1 4 0 1 3 0 1 4 0 1 9 0 1
15 0 4 0 1 17 0 1 2 0 1 9 0 1 3 0 1 4 0 1 2 0 1 3 0 1 10 0 1 9 0 1 9 0 1 4 0 1 3 0 1 4 0 1 9 0 1
15 0 4 0 1 3 0 1 1 0 1 4 0 1 15 0 1 15 0 1 10 0 1 3 0 1 2 0 1 2 0 1 1 0 1 10 0 1 12 0 1 9 0 1 3 0 1
15 0 4 0 1 3 0 1 1 0 1 4 0 1 15 0 1 15 0 1 10 0 1 3 0 1 2 0 1 2 0 1 1 0 1 10 0 1 12 0 1 9 0 1 3 0 1
15 0 9 0 1 9 0 1 1 0 1 4 0 1 17 0 1 17 0 1 3 0 1 10 0 1 10 0 1 3 0 1 3 0 1 4 0 1 8 0 1 1 0 1 8 0 1
15 0 9 0 1 9 0 1 1 0 1 4 0 1 17 0 1 17 0 1 3 0 1 10 0 1 10 0 1 3 0 1 3 0 1 4 0 1 8 0 1 1 0 1 8 0 1
15 1 1 0 1 4 0 1 16 0 1 4 0 1 1 0 1 10 0 1 10 0 1 12 0 1 3 0 1 3 0 1 9 0 1 10 0 1 9 0 1 9 0 1 9 0 1 6 7 6
15 1 1 0 1 4 0 1 16 0 1 4 0 1 1 0 1 10 0 1 10 0 1 12 0 1 3 0 1 3 0 1 9 0 1 10 0 1 9 0 1 9 0 1 9 0 1 6 7 6
15 0 1 0 1 10 0 1 3 0 1 9 0 1 1 0 1 16 0 1 2 0 1 8 0 1 10 0 1 10 0 1 0 0 1 4 0 1 3 0 1 2 0 1 4 0 1
15 0 1 0 1 10 0 1 3 0 1 9 0 1 1 0 1 16 0 1 2 0 1 8 0 1 10 0 1 10 0 1 0 0 1 4 0 1 3 0 1 2 0 1 4 0 1
15 0 9 0 1 16 0 1 16 0 1 11 0 1 9 0 1 1 0 1 2 0 1 9 0 1 2 0 1 12 0 1 2 0 1 10 0 1 12 0 1 2 0 1 4 0 1
15 0 9 0 1 16 0 1 16 0 1 11 0 1 9 0 1 1 0 1 2 0 1 9 0 1 2 0 1 12 0 1 2 0 1 10 0 1 12 0 1 2 0 1 4 0 1
15 0 2 0 1 4 0 1 1 0 1 10 0 1 2 0 1 12 0 1 3 0 1 4 0 1 10 0 1 3 0 1 2 0 1 4 0 1 2 0 1 3 0 1 4 0 1
15 0 2 0 1 4 0 1 1 0 1 10 0 1 2 0 1 12 0 1 3 0 1 4 0 1 10 0 1 3 0 1 2 0 1 4 0 1 2 0 1 3 0 1 4 0 1
15 0 2 0 1 10 0 1 1 0 1 3 0 1 2 0 1 2 0 1 10 0 1 10 0 1 2 0 1 10 0 1 3 0 1 2 0 1 4 0 1 3 0 1 4 0 1
15 0 2 0 1 10 0 1 1 0 1 3 0 1 2 0 1 2 0 1 10 0 1 10 0 1 2 0 1 10 0 1 3 0 1 2 0 1 4 0 1 3 0 1 4 0 1
15 1 3 0 1 16 0 1 4 0 1 10 0 1 10 0 1 2 0 1 4 0 1 2 0 1 4 0 1 12 0 1 10 0 1 1 0 1 4 0 1 16 0 1 0 0 1 6 0 1
15 1 3 0 1 16 0 1 4 0 1 10 0 1 10 0 1 2 0 1 4 0 1 2 0 1 4 0 1 12 0 1 10 0 1 1 0 1 4 0 1 16 0 1 0 0 1 6 0 1
15 0 3 0 1 4 0 1 16 0 1 1 0 1 2 0 1 2 0 1 1 0 1 2 0 1 1 0 1 1 0 1 3 0 1 1 0 1 4 0 1 0 0 1 0 0 1
15 0 3 0 1 4 0 1 16 0 1 1 0 1 2 0 1 2 0 1 1 0 1 2 0 1 1 0 1 1 0 1 3 0 1 1 0 1 4 0 1 0 0 1 0 0 1
15 2 16 0 1 6 0 1 3 0 1 1 0 1 2 0 1 6 0 1 1 0 1 2 0 1 1 0 1 4 0 1 3 0 1 1 0 1 0 0 1 0 0 1 0 0 1 6 6 9 6 0 1
15 2 16 0 1 6 0 1 3 0 1 1 0 1 2 0 1 6 0 1 1 0 1 2 0 1 1 0 1 4 0 1 3 0 1 1 0 1 0 0 1 0 0 1 0 0 1 6 6 9 6 0 1
15 1 3 0 1 10 0 1 3 0 1 1 0 1 6 0 1 1 0 1 1 0 1 4 0 1 1 0 1 10 0 1 6 0 1 1 0 1 0 0 1 0 0 1 0 0 1 6 6 6
15 1 3 0 1 10 0 1 3 0 1 1 0 1 6 0 1 1 0 1 1 0 1 4 0 1 1 0 1 10 0 1 6 0 1 1 0 1 0 0 1 0 0 1 0 0 1 6 6 6
15 1 16 0 1 6 0 1 16 0 1 1 0 1 1 0 1 10 0 1 1 0 1 4 0 1 3 0 1 4 0 1 16 0 1 3 0 1 0 0 1 0 0 1 0 0 1 6 6 3
15 1 16 0 1 6 0 1 16 0 1 1 0 1 1 0 1 10 0 1 1 0 1 4 0 1 3 0 1 4 0 1 16 0 1 3 0 1 0 0 1 0 0 1 0 0 1 6 6 3
15 0 0 0 1 16 0 1 3 0 1 3 0 1 16 0 1 2 0 1 3 0 1 4 0 1 3 0 1 10 0 1 0 0 1 3 0 1 0 0 1 0 0 1 0 0 1
15 0 0 0 1 16 0 1 3 0 1 3 0 1 16 0 1 2 0 1 3 0 1 4 0 1 3 0 1 10 0 1 0 0 1 3 0 1 0 0 1 0 0 1 0 0 1
15 2 0 0 1 0 0 1 16 0 1 3 0 1 4 0 1 6 0 1 6 0 1 4 0 1 3 0 1 2 0 1 0 0 1 3 0 1 0 0 1 0 0 1 0 0 1 6 3 14 6 7 3
15 2 0 0 1 0 0 1 16 0 1 3 0 1 4 0 1 6 0 1 6 0 1 4 0 1 3 0 1 2 0 1 0 0 1 3 0 1 0 0 1 0 0 1 0 0 1 6 3 14 6 7 3
1 10 5 0 3 6 8 5 6 7 1 4 0 2 1 0 1 1 0 1 1 0 1 1 0 1 1 0 1 3 0 12 6 3 42
1 10 5 0 3 6 8 5 6 7 1 4 0 2 1 0 1 1 0 1 1 0 1 1 0 1 1 0 1 3 0 12 6 3 42
6 5 15 0 1 5 0 3 5 0 2 4 0 1 5 0 3 5 0 3 1 0 1 1 0 1 1 0 1 1 0 1 1 0 1
6 5 15 0 1 5 0 3 5 0 2 4 0 1 5 0 3 5 0 3 1 0 1 1 0 1 1 0 1 1 0 1 1 0 1
11 5 17 0 1 15 0 1 15 0 1 5 8 5 1 0 1 1 0 1 4 0 1 1 0 1 5 8 2 1 0 1 1 0 1 1 0 1 1 0 1 1 0 1 1 0 1 4 0 15
11 5 17 0 1 15 0 1 15 0 1 5 8 5 1 0 1 1 0 1 4 0 1 1 0 1 5 8 2 1 0 1 1 0 1 1 0 1 1 0 1 1 0 1 1 0 1 4 0 15
15 1 4 0 1 17 0 1 17 0 1 2 0 1 15 0 1 15 0 1 5 8 1 3 0 1 2 0 1 1 0 1 1 0 1 1 0 1 1 0 1 1 0 1 1 0 1 4 0 2
15 1 4 0 1 17 0 1 17 0 1 2 0 1 15 0 1 15 0 1 5 8 1 3 0 1 2 0 1 1 0 1 1 0 1 1 0 1 1 0 1 1 0 1 1 0 1 4 0 2
15 1 15 0 1 3 0 1 4 0 1 9 0 1 17 0 1 17 0 1 2 0 1 3 0 1 2 0 1 1 0 1 1 0 1 1 0 1 4 0 1 1 0 1 1 0 1 4 0 2
15 1 15 0 1 3 0 1 4 0 1 9 0 1 17 0 1 17 0 1 2 0 1 3 0 1 2 0 1 1 0 1 1 0 1 1 0 1 4 0 1 1 0 1 1 0 1 4 0 2
15 1 17 0 1 15 0 1 15 0 1 4 0 1 4 0 1 3 0 1 2 0 1 3 0 1 2 0 1 1 0 1 1 0 1 1 0 1 4 0 1 4 0 1 1 0 1 4 0 1
15 1 17 0 1 15 0 1 15 0 1 4 0 1 4 0 1 3 0 1 2 0 1 3 0 1 2 0 1 1 0 1 1 0 1 1 0 1 4 0 1 4 0 1 1 0 1 4 0 1
15 1 4 0 1 17 0 1 17 0 1 9 0 1 15 0 1 15 0 1 9 0 1 9 0 1 9 0 1 3 0 1 9 0 1 1 0 1 4 0 1 4 0 1 4 0 1 4 0 2
15 1 4 0 1 17 0 1 17 0 1 9 0 1 15 0 1 15 0 1 9 0 1 9 0 1 9 0 1 3 0 1 9 0 1 1 0 1 4 0 1 4 0 1 4 0 1 4 0 2
15 2 15 0 1 3 0 1 4 0 1 2 0 1 17 0 1 17 0 1 2 0 1 3 0 1 4 0 1 3 0 1 4 0 1 1 0 1 4 0 1 4 0 1 4 0 1 6 0 4 4 0 2
15 2 15 0 1 3 0 1 4 0 1 2 0 1 17 0 1 17 0 1 2 0 1 3 0 1 4 0 1 3 0 1 4 0 1 1 0 1 4 0 1 4 0 1 4 0 1 6 0 4 4 0 2
15 2 17 0 1 15 0 1 9 0 1 9 0 1 1 0 1 1 0 1 9 0 1 9 0 1 9 0 1 12 0 1 4 0 1 4 0 1 9 0 1 9 0 1 4 0 1 6 0 3 4 0 5
15 2 17 0 1 15 0 1 9 0 1 9 0 1 1 0 1 1 0 1 9 0 1 9 0 1 9 0 1 12 0 1 4 0 1 4 0 1 9 0 1 9 0 1 4 0 1 6 0 3 4 0 5
15 2 1 0 1 17 0 1 4 0 1 2 0 1 3 0 1 4 0 1 2 0 1 1 0 1 4 0 1 8 0 1 4 0 1 4 0 1 4 0 1 1 0 1 4 0 1 6 0 6 4 0 4
15 2 1 0 1 17 0 1 4 0 1 2 0 1 3 0 1 4 0 1 2 0 1 1 0 1 4 0 1 8 0 1 4 0 1 4 0 1 4 0 1 1 0 1 4 0 1 6 0 6 4 0 4
15 2 9 0 1 1 0 1 9 0 1 9 0 1 15 0 1 15 0 1 4 0 1 4 0 1 9 0 1 9 0 1 9 0 1 9 0 1 9 0 1 9 0 1 9 0 1 6 0 4 4 0 6
15 2 9 0 1 1 0 1 9 0 1 9 0 1 15 0 1 15 0 1 4 0 1 4 0 1 9 0 1 9 0 1 9 0 1 9 0 1 9 0 1 9 0 1 9 0 1 6 0 4 4 0 6
15 2 10 0 1 1 0 1 4 0 1 4 0 1 17 0 1 17 0 1 4 0 1 4 0 1 4 0 1 2 0 1 4 0 1 4 0 1 1 0 1 10 0 1 4 0 1 6 0 8 4 0 6
15 2 10 0 1 1 0 1 4 0 1 4 0 1 17 0 1 17 0 1 4 0 1 4 0 1 4 0 1 2 0 1 4 0 1 4 0 1 1 0 1 10 0 1 4 0 1 6 0 8 4 0 6
15 0 4 0 1 3 0 1 9 0 1 9 0 1 16 0 1 1 0 1 9 0 1 9 0 1 9 0 1 8 0 1 9 0 1 9 0 1 9 0 1 8 0 1 9 0 1
15 0 4 0 1 3 0 1 9 0 1 9 0 1 16 0 1 1 0 1 9 0 1 9 0 1 9 0 1 8 0 1 9 0 1 9 0 1 9 0 1 8 0 1 9 0 1
15 0 9 0 1 3 0 1 2 0 1 11 0 1 2 0 1 3 0 1 11 0 1 1 0 1 4 0 1 9 0 1 2 0 1 10 0 1 0 0 1 9 0 1 10 0 1
15 0 9 0 1 3 0 1 2 0 1 11 0 1 2 0 1 3 0 1 11 0 1 1 0 1 4 0 1 9 0 1 2 0 1 10 0 1 0 0 1 9 0 1 10 0 1
15 0 3 0 1 9 0 1 9 0 1 1 0 1 16 0 1 9 0 1 10 0 1 3 0 1 9 0 1 3 0 1 8 0 1 4 0 1 10 0 1 3 0 1 2 0 1
15 0 3 0 1 9 0 1 9 0 1 1 0 1 16 0 1 9 0 1 10 0 1 3 0 1 9 0 1 3 0 1 8 0 1 4 0 1 10 0 1 3 0 1 2 0 1
15 0 8 0 1 1 0 1 3 0 1 3 0 1 4 0 1 1 0 1 4 0 1 8 0 1 2 0 1 8 0 1 9 0 1 9 0 1 8 0 1 9 0 1 2 0 1
15 0 8 0 1 1 0 1 3 0 1 3 0 1 4 0 1 1 0 1 4 0 1 8 0 1 2 0 1 8 0 1 9 0 1 9 0 1 8 0 1 9 0 1 2 0 1
15 0 9 0 1 1 0 1 9 0 1 11 0 1 16 0 1 12 0 1 9 0 1 9 0 1 9 0 1 9 0 1 2 0 1 4 0 1 9 0 1 10 0 1 3 0 1
15 0 9 0 1 1 0 1 9 0 1 11 0 1 16 0 1 12 0 1 9 0 1 9 0 1 9 0 1 9 0 1 2 0 1 4 0 1 9 0 1 10 0 1 3 0 1
15 0 2 0 1 4 0 1 3 0 1 3 0 1 1 0 1 8 0 1 4 0 1 1 0 1 3 0 1 4 0 1 2 0 1 9 0 1 2 0 1 8 0 1 3 0 1
15 0 2 0 1 4 0 1 3 0 1 3 0 1 1 0 1 8 0 1 4 0 1 1 0 1 3 0 1 4 0 1 2 0 1 9 0 1 2 0 1 8 0 1 3 0 1
15 0 16 0 1 12 0 1 9 0 1 11 0 1 9 0 1 9 0 1 10 0 1 3 0 1 9 0 1 4 0 1 3 0 1 3 0 1 3 0 1 9 0 1 3 0 1
15 0 16 0 1 12 0 1 9 0 1 11 0 1 9 0 1 9 0 1 10 0 1 3 0 1 9 0 1 4 0 1 3 0 1 3 0 1 3 0 1 9 0 1 3 0 1
15 0 3 0 1 8 0 1 1 0 1 2 0 1 10 0 1 2 0 1 3 0 1 8 0 1 1 0 1 2 0 1 3 0 1 2 0 1 3 0 1 1 0 1 10 0 1
15 0 3 0 1 8 0 1 1 0 1 2 0 1 10 0 1 2 0 1 3 0 1 8 0 1 1 0 1 2 0 1 3 0 1 2 0 1 3 0 1 1 0 1 10 0 1
15 0 16 0 1 9 0 1 3 0 1 11 0 1 2 0 1 2 0 1 3 0 1 9 0 1 4 0 1 1 0 1 3 0 1 2 0 1 3 0 1 3 0 1 3 0 1
15 0 16 0 1 9 0 1 3 0 1 11 0 1 2 0 1 2 0 1 3 0 1 9 0 1 4 0 1 1 0 1 3 0 1 2 0 1 3 0 1 3 0 1 3 0 1
15 1 3 0 1 2 0 1 10 0 1 4 0 1 2 0 1 2 0 1 3 0 1 0 0 1 11 0 1 2 0 1 3 0 1 2 0 1 3 0 1 9 0 1 6 0 1 6 6 3
15 1 3 0 1 2 0 1 10 0 1 4 0 1 2 0 1 2 0 1 3 0 1 0 0 1 11 0 1 2 0 1 3 0 1 2 0 1 3 0 1 9 0 1 6 0 1 6 6 3
15 0 6 0 1 2 0 1 16 0 1 11 0 1 3 0 1 10 0 1 10 0 1 0 0 1 2 0 1 4 0 1 16 0 1 2 0 1 6 0 1 2 0 1 2 0 1
15 0 6 0 1 2 0 1 16 0 1 11 0 1 3 0 1 10 0 1 10 0 1 0 0 1 2 0 1 4 0 1 16 0 1 2 0 1 6 0 1 2 0 1 2 0 1
15 2 10 0 1 2 0 1 3 0 1 0 0 1 6 0 1 16 0 1 1 0 1 0 0 1 10 0 1 16 0 1 0 0 1 3 0 1 0 0 1 2 0 1 16 0 1 6 0 18 6 8 1
15 2 10 0 1 2 0 1 3 0 1 0 0 1 6 0 1 16 0 1 1 0 1 0 0 1 10 0 1 16 0 1 0 0 1 3 0 1 0 0 1 2 0 1 16 0 1 6 0 18 6 8 1
1 10 5 0 3 6 7 7 6 3 9 6 6 3 6 0 2 1 0 1 1 0 1 1 0 1 1 0 1 1 0 1 3 0 8
1 10 5 0 3 6 7 7 6 3 9 6 6 3 6 0 2 1 0 1 1 0 1 1 0 1 1 0 1 1 0 1 3 0 8
6 7 15 0 1 5 0 3 5 0 2 4 0 1 5 0 3 5 0 2 6 7 1 1 0 1 1 0 1 1 0 1 1 0 1 1 0 1 6 8 2
6 7 15 0 1 5 0 3 5 0 2 4 0 1 5 0 3 5 0 2 6 7 1 1 0 1 1 0 1 1 0 1 1 0 1 1 0 1 6 8 2
11 4 17 0 1 15 0 1 15 0 1 2 0 1 1 0 1 1 0 1 4 0 1 1 0 1 5 8 1 1 0 1 1 0 1 1 0 1 1 0 1 1 0 1 1 0 1
11 4 17 0 1 15 0 1 15 0 1 2 0 1 1 0 1 1 0 1 4 0 1 1 0 1 5 8 1 1 0 1 1 0 1 1 0 1 1 0 1 1 0 1 1 0 1
15 0 4 0 1 17 0 1 17 0 1 10 0 1 15 0 1 15 0 1 5 8 1 5 0 1 2 0 1 1 0 1 1 0 1 1 0 1 1 0 1 1 0 1 1 0 1
15 0 4 0 1 17 0 1 17 0 1 10 0 1 15 0 1 15 0 1 5 8 1 5 0 1 2 0 1 1 0 1 1 0 1 1 0 1 1 0 1 1 0 1 1 0 1
15 0 15 0 1 3 0 1 4 0 1 12 0 1 17 0 1 17 0 1 2 0 1 1 0 1 2 0 1 1 0 1 1 0 1 3 0 1 1 0 1 1 0 1 1 0 1
15 0 15 0 1 3 0 1 4 0 1 12 0 1 17 0 1 17 0 1 2 0 1 1 0 1 2 0 1 1 0 1 1 0 1 3 0 1 1 0 1 1 0 1 1 0 1
15 0 17 0 1 15 0 1 15 0 1 8 0 1 4 0 1 3 0 1 2 0 1 1 0 1 2 0 1 1 0 1 1 0 1 3 0 1 1 0 1 4 0 1 1 0 1
15 0 17 0 1 15 0 1 15 0 1 8 0 1 4 0 1 3 0 1 2 0 1 1 0 1 2 0 1 1 0 1 1 0 1 3 0 1 1 0 1 4 0 1 1 0 1
15 0 4 0 1 17 0 1 17 0 1 9 0 1 15 0 1 15 0 1 2 0 1 15 0 1 2 0 1 9 0 1 1 0 1 3 0 1 1 0 1 4 0 1 1 0 1
15 0 4 0 1 17 0 1 17 0 1 9 0 1 15 0 1 15 0 1 2 0 1 15 0 1 2 0 1 9 0 1 1 0 1 3 0 1 1 0 1 4 0 1 1 0 1
15 0 15 0 1 3 0 1 16 0 1 4 0 1 17 0 1 17 0 1 2 0 1 17 0 1 2 0 1 3 0 1 9 0 1 3 0 1 8 0 1 4 0 1 9 0 1
15 0 15 0 1 3 0 1 16 0 1 4 0 1 17 0 1 17 0 1 2 0 1 17 0 1 2 0 1 3 0 1 9 0 1 3 0 1 8 0 1 4 0 1 9 0 1
15 0 17 0 1 15 0 1 4 0 1 10 0 1 1 0 1 1 0 1 9 0 1 10 0 1 9 0 1 3 0 1 10 0 1 9 0 1 9 0 1 9 0 1 4 0 1
15 0 17 0 1 15 0 1 4 0 1 10 0 1 1 0 1 1 0 1 9 0 1 10 0 1 9 0 1 3 0 1 10 0 1 9 0 1 9 0 1 9 0 1 4 0 1
15 0 10 0 1 17 0 1 10 0 1 12 0 1 3 0 1 9 0 1 11 0 1 16 0 1 4 0 1 3 0 1 8 0 1 1 0 1 3 0 1 4 0 1 4 0 1
15 0 10 0 1 17 0 1 10 0 1 12 0 1 3 0 1 9 0 1 11 0 1 16 0 1 4 0 1 3 0 1 8 0 1 1 0 1 3 0 1 4 0 1 4 0 1
15 0 16 0 1 1 0 1 12 0 1 8 0 1 15 0 1 3 0 1 1 0 1 3 0 1 9 0 1 3 0 1 9 0 1 9 0 1 9 0 1 9 0 1 4 0 1
15 0 16 0 1 1 0 1 12 0 1 8 0 1 15 0 1 3 0 1 1 0 1 3 0 1 9 0 1 3 0 1 9 0 1 9 0 1 9 0 1 9 0 1 4 0 1
15 0 4 0 1 3 0 1 8 0 1 9 0 1 17 0 1 9 0 1 10 0 1 3 0 1 4 0 1 9 0 1 4 0 1 2 0 1 2 0 1 10 0 1 9 0 1
15 0 4 0 1 3 0 1 8 0 1 9 0 1 17 0 1 9 0 1 10 0 1 3 0 1 4 0 1 9 0 1 4 0 1 2 0 1 2 0 1 10 0 1 9 0 1
15 0 9 0 1 9 0 1 9 0 1 2 0 1 10 0 1 2 0 1 1 0 1 3 0 1 10 0 1 2 0 1 9 0 1 4 0 1 0 0 1 8 0 1 4 0 1
15 0 9 0 1 9 0 1 9 0 1 2 0 1 10 0 1 2 0 1 1 0 1 3 0 1 10 0 1 2 0 1 9 0 1 4 0 1 0 0 1 8 0 1 4 0 1
15 0 1 0 1 2 0 1 4 0 1 10 0 1 16 0 1 9 0 1 10 0 1 3 0 1 4 0 1 2 0 1 2 0 1 4 0 1 0 0 1 9 0 1 9 0 1
15 0 1 0 1 2 0 1 4 0 1 10 0 1 16 0 1 9 0 1 10 0 1 3 0 1 4 0 1 2 0 1 2 0 1 4 0 1 0 0 1 9 0 1 9 0 1
15 0 9 0 1 9 0 1 10 0 1 12 0 1 4 0 1 10 0 1 12 0 1 9 0 1 10 0 1 2 0 1 1 0 1 4 0 1 0 0 1 2 0 1 1 0 1
15 0 9 0 1 9 0 1 10 0 1 12 0 1 4 0 1 10 0 1 12 0 1 9 0 1 10 0 1 2 0 1 1 0 1 4 0 1 0 0 1 2 0 1 1 0 1
15 0 2 0 1 10 0 1 12 0 1 8 0 1 8 0 1 4 0 1 2 0 1 2 0 1 4 0 1 2 0 1 2 0 1 4 0 1 0 0 1 2 0 1 9 0 1
15 0 2 0 1 10 0 1 12 0 1 8 0 1 8 0 1 4 0 1 2 0 1 2 0 1 4 0 1 2 0 1 2 0 1 4 0 1 0 0 1 2 0 1 9 0 1
15 0 3 0 1 4 0 1 4 0 1 9 0 1 9 0 1 16 0 1 12 0 1 2 0 1 9 0 1 4 0 1 2 0 1 4 0 1 0 0 1 3 0 1 3 0 1
15 0 3 0 1 4 0 1 4 0 1 9 0 1 9 0 1 16 0 1 12 0 1 2 0 1 9 0 1 4 0 1 2 0 1 4 0 1 0 0 1 3 0 1 3 0 1
15 0 4 0 1 10 0 1 10 0 1 2 0 1 2 0 1 4 0 1 1 0 1 4 0 1 3 0 1 4 0 1 2 0 1 2 0 1 0 0 1 3 0 1 9 0 1
15 0 4 0 1 10 0 1 10 0 1 2 0 1 2 0 1 4 0 1 1 0 1 4 0 1 3 0 1 4 0 1 2 0 1 2 0 1 0 0 1 3 0 1 9 0 1
15 1 3 0 1 16 0 1 2 0 1 10 0 1 10 0 1 16 0 1 1 0 1 4 0 1 12 0 1 4 0 1 2 0 1 16 0 1 0 0 1 3 0 1 0 0 1 6 8 20
15 1 3 0 1 16 0 1 2 0 1 10 0 1 10 0 1 16 0 1 1 0 1 4 0 1 12 0 1 4 0 1 2 0 1 16 0 1 0 0 1 3 0 1 0 0 1 6 8 20
15 0 4 0 1 4 0 1 10 0 1 1 0 1 16 0 1 2 0 1 1 0 1 4 0 1 1 0 1 4 0 1 16 0 1 0 0 1 0 0 1 6 0 1 0 0 1
15 0 4 0 1 4 0 1 10 0 1 1 0 1 16 0 1 2 0 1 1 0 1 4 0 1 1 0 1 4 0 1 16 0 1 0 0 1 0 0 1 6 0 1 0 0 1
15 2 4 0 1 10 0 1 3 0 1 4 0 1 3 0 1 6 0 1 6 0 1 4 0 1 10 0 1 16 0 1 3 0 1 0 0 1 0 0 1 0 0 1 0 0 1 6 3 4 6 0 4
15 2 4 0 1 10 0 1 3 0 1 4 0 1 3 0 1 6 0 1 6 0 1 4 0 1 10 0 1 16 0 1 3 0 1 0 0 1 0 0 1 0 0 1 0 0 1 6 3 4 6 0 4
15 3 9 0 1 16 0 1 10 0 1 10 0 1 10 0 1 10 0 1 10 0 1 6 0 1 4 0 1 0 0 1 6 0 1 0 0 1 0 0 1 16 0 1 0 0 1 6 6 3 6 8 2 6 0 4
15 3 9 0 1 16 0 1 10 0 1 10 0 1 10 0 1 10 0 1 10 0 1 6 0 1 4 0 1 0 0 1 6 0 1 0 0 1 0 0 1 16 0 1 0 0 1 6 6 3 6 8 2 6 0 4
15 4 10 0 1 4 0 1 3 0 1 2 0 1 16 0 1 6 0 1 6 0 1 0 0 1 10 0 1 0 0 1 0 0 1 0 0 1 0 0 1 0 0 1 0 0 1 6 7 4 6 6 3 6 0 4 6 8 2
15 4 10 0 1 4 0 1 3 0 1 2 0 1 16 0 1 6 0 1 6 0 1 0 0 1 10 0 1 0 0 1 0 0 1 0 0 1 0 0 1 0 0 1 0 0 1 6 7 4 6 6 3 6 0 4 6 8 2
15 2 3 0 1 6 0 1 10 0 1 10 0 1 2 0 1 0 0 1 2 0 1 0 0 1 12 0 1 0 0 1 0 0 1 0 0 1 0 0 1 0 0 1 0 0 1 6 6 3 6 6 3
15 2 3 0 1 6 0 1 10 0 1 10 0 1 2 0 1 0 0 1 2 0 1 0 0 1 12 0 1 0 0 1 0 0 1 0 0 1 0 0 1 0 0 1 0 0 1 6 6 3 6 6 3
1 10 5 0 3 6 3 31 6 7 8 6 8 14 6 6 6 6 0 8 1 0 1 1 0 1 1 0 1 1 0 1 1 0 1
1 10 5 0 3 6 3 31 6 7 8 6 8 14 6 6 6 6 0 8 1 0 1 1 0 1 1 0 1 1 0 1 1 0 1
6 5 15 0 1 5 0 3 5 0 2 4 0 1 5 0 3 5 0 3 1 0 1 1 0 1 1 0 1 1 0 1 1 0 1
6 5 15 0 1 5 0 3 5 0 2 4 0 1 5 0 3 5 0 3 1 0 1 1 0 1 1 0 1 1 0 1 1 0 1
11 3 17 0 1 15 0 1 15 0 1 2 0 1 1 0 1 1 0 1 1 0 1 1 0 1 2 0 1 1 0 1 1 0 1 1 0 1 1 0 1 1 0 1
11 3 17 0 1 15 0 1 15 0 1 2 0 1 1 0 1 1 0 1 1 0 1 1 0 1 2 0 1 1 0 1 1 0 1 1 0 1 1 0 1 1 0 1
14 0 4 0 1 17 0 1 17 0 1 2 0 1 15 0 1 15 0 1 1 0 1 1 0 1 2 0 1 1 0 1 1 0 1 1 0 1 1 0 1 1 0 1
14 0 4 0 1 17 0 1 17 0 1 2 0 1 15 0 1 15 0 1 1 0 1 1 0 1 2 0 1 1 0 1 1 0 1 1 0 1 1 0 1 1 0 1
14 0 15 0 1 3 0 1 4 0 1 4 0 1 17 0 1 17 0 1 3 0 1 1 0 1 2 0 1 3 0 1 4 0 1 1 0 1 1 0 1 1 0 1
14 0 15 0 1 3 0 1 4 0 1 4 0 1 17 0 1 17 0 1 3 0 1 1 0 1 2 0 1 3 0 1 4 0 1 1 0 1 1 0 1 1 0 1
14 0 17 0 1 15 0 1 15 0 1 4 0 1 4 0 1 3 0 1 3 0 1 1 0 1 2 0 1 3 0 1 4 0 1 1 0 1 1 0 1 4 0 1
14 0 17 0 1 15 0 1 15 0 1 4 0 1 4 0 1 3 0 1 3 0 1 1 0 1 2 0 1 3 0 1 4 0 1 1 0 1 1 0 1 4 0 1
14 0 4 0 1 17 0 1 17 0 1 12 0 1 15 0 1 15 0 1 3 0 1 3 0 1 2 0 1 3 0 1 9 0 1 3 0 1 1 0 1 4 0 1
14 0 4 0 1 17 0 1 17 0 1 12 0 1 15 0 1 15 0 1 3 0 1 3 0 1 2 0 1 3 0 1 9 0 1 3 0 1 1 0 1 4 0 1
14 0 15 0 1 3 0 1 16 0 1 4 0 1 17 0 1 17 0 1 9 0 1 3 0 1 4 0 1 9 0 1 4 0 1 9 0 1 1 0 1 9 0 1
14 0 15 0 1 3 0 1 16 0 1 4 0 1 17 0 1 17 0 1 9 0 1 3 0 1 4 0 1 9 0 1 4 0 1 9 0 1 1 0 1 9 0 1
14 0 17 0 1 15 0 1 2 0 1 12 0 1 1 0 1 1 0 1 10 0 1 9 0 1 4 0 1 1 0 1 4 0 1 10 0 1 9 0 1 10 0 1
14 0 17 0 1 15 0 1 2 0 1 12 0 1 1 0 1 1 0 1 10 0 1 9 0 1 4 0 1 1 0 1 4 0 1 10 0 1 9 0 1 10 0 1
14 0 16 0 1 17 0 1 4 0 1 2 0 1 3 0 1 4 0 1 3 0 1 3 0 1 4 0 1 9 0 1 9 0 1 3 0 1 10 0 1 1 0 1
14 0 16 0 1 17 0 1 4 0 1 2 0 1 3 0 1 4 0 1 3 0 1 3 0 1 4 0 1 9 0 1 9 0 1 3 0 1 10 0 1 1 0 1
14 0 4 0 1 16 0 1 12 0 1 12 0 1 15 0 1 15 0 1 9 0 1 3 0 1 4 0 1 1 0 1 1 0 1 9 0 1 3 0 1 9 0 1
14 0 4 0 1 16 0 1 12 0 1 12 0 1 15 0 1 15 0 1 9 0 1 3 0 1 4 0 1 1 0 1 1 0 1 9 0 1 3 0 1 9 0 1
14 0 9 0 1 3 0 1 4 0 1 3 0 1 17 0 1 17 0 1 10 0 1 9 0 1 10 0 1 9 0 1 9 0 1 10 0 1 9 0 1 1 0 1
14 0 9 0 1 3 0 1 4 0 1 3 0 1 17 0 1 17 0 1 10 0 1 9 0 1 10 0 1 9 0 1 9 0 1 10 0 1 9 0 1 1 0 1
14 0 10 0 1 3 0 1 12 0 1 12 0 1 1 0 1 16 0 1 1 0 1 10 0 1 12 0 1 4 0 1 10 0 1 3 0 1 2 0 1 3 0 1
14 0 10 0 1 3 0 1 12 0 1 12 0 1 1 0 1 16 0 1 1 0 1 10 0 1 12 0 1 4 0 1 10 0 1 3 0 1 2 0 1 3 0 1
14 0 1 0 1 9 0 1 4 0 1 3 0 1 9 0 1 1 0 1 9 0 1 1 0 1 1 0 1 9 0 1 1 0 1 10 0 1 2 0 1 9 0 1
14 0 1 0 1 9 0 1 4 0 1 3 0 1 9 0 1 1 0 1 9 0 1 1 0 1 1 0 1 9 0 1 1 0 1 10 0 1 2 0 1 9 0 1
14 0 9 0 1 10 0 1 12 0 1 12 0 1 10 0 1 3 0 1 10 0 1 9 0 1 1 0 1 10 0 1 9 0 1 1 0 1 2 0 1 10 0 1
14 0 9 0 1 10 0 1 12 0 1 12 0 1 10 0 1 3 0 1 10 0 1 9 0 1 1 0 1 10 0 1 9 0 1 1 0 1 2 0 1 10 0 1
14 0 10 0 1 4 0 1 1 0 1 2 0 1 4 0 1 9 0 1 2 0 1 10 0 1 12 0 1 4 0 1 10 0 1 10 0 1 10 0 1 4 0 1
14 0 10 0 1 4 0 1 1 0 1 2 0 1 4 0 1 9 0 1 2 0 1 10 0 1 12 0 1 4 0 1 10 0 1 10 0 1 10 0 1 4 0 1
14 0 3 0 1 4 0 1 12 0 1 10 0 1 9 0 1 10 0 1 2 0 1 4 0 1 1 0 1 10 0 1 3 0 1 4 0 1 16 0 1 4 0 1
14 0 3 0 1 4 0 1 12 0 1 10 0 1 9 0 1 10 0 1 2 0 1 4 0 1 1 0 1 10 0 1 3 0 1 4 0 1 16 0 1 4 0 1
14 0 10 0 1 4 0 1 1 0 1 12 0 1 10 0 1 2 0 1 4 0 1 10 0 1 1 0 1 2 0 1 9 0 1 2 0 1 2 0 1 9 0 1
14 0 10 0 1 4 0 1 1 0 1 12 0 1 10 0 1 2 0 1 4 0 1 10 0 1 1 0 1 2 0 1 9 0 1 2 0 1 2 0 1 9 0 1
14 0 2 0 1 16 0 1 3 0 1 3 0 1 2 0 1 2 0 1 4 0 1 2 0 1 3 0 1 3 0 1 10 0 1 2 0 1 4 0 1 10 0 1
14 0 2 0 1 16 0 1 3 0 1 3 0 1 2 0 1 2 0 1 4 0 1 2 0 1 3 0 1 3 0 1 10 0 1 2 0 1 4 0 1 10 0 1
14 3 3 0 1 4 0 1 3 0 1 10 0 1 2 0 1 2 0 1 4 0 1 2 0 1 3 0 1 2 0 1 2 0 1 2 0 1 6 0 1 4 0 1 6 7 4 6 8 1 6 0 3
14 3 3 0 1 4 0 1 3 0 1 10 0 1 2 0 1 2 0 1 4 0 1 2 0 1 3 0 1 2 0 1 2 0 1 2 0 1 6 0 1 4 0 1 6 7 4 6 8 1 6 0 3
14 2 10 0 1 6 0 1 3 0 1 12 0 1 2 0 1 1 0 1 4 0 1 2 0 1 3 0 1 1 0 1 2 0 1 4 0 1 16 0 1 9 0 1 6 8 2 6 0 4
14 2 10 0 1 6 0 1 3 0 1 12 0 1 2 0 1 1 0 1 4 0 1 2 0 1 3 0 1 1 0 1 2 0 1 4 0 1 16 0 1 9 0 1 6 8 2 6 0 4
14 1 3 0 1 4 0 1 16 0 1 4 0 1 3 0 1 4 0 1 6 0 1 2 0 1 3 0 1 10 0 1 4 0 1 4 0 1 1 0 1 10 0 1 6 0 10
14 1 3 0 1 4 0 1 16 0 1 4 0 1 3 0 1 4 0 1 6 0 1 2 0 1 3 0 1 10 0 1 4 0 1 4 0 1 1 0 1 10 0 1 6 0 10
14 4 6 0 1 16 0 1 1 0 1 4 0 1 6 0 1 10 0 1 1 0 1 4 0 1 6 0 1 2 0 1 10 0 1 6 0 1 4 0 1 2 0 1 6 6 3 6 3 2 6 0 26 6 8 1
14 4 6 0 1 16 0 1 1 0 1 4 0 1 6 0 1 10 0 1 1 0 1 4 0 1 6 0 1 2 0 1 10 0 1 6 0 1 4 0 1 2 0 1 6 6 3 6 3 2 6 0 26 6 8 1
14 0 10 0 1 0 0 1 16 0 1 12 0 1 0 0 1 16 0 1 0 0 1 4 0 1 16 0 1 2 0 1 1 0 1 0 0 1 16 0 1 2 0 1
14 0 10 0 1 0 0 1 16 0 1 12 0 1 0 0 1 16 0 1 0 0 1 4 0 1 16 0 1 2 0 1 1 0 1 0 0 1 16 0 1 2 0 1
1 10 16 0 1 6 7 4 6 0 45 6 3 4 6 6 3 6 8 9 1 0 1 1 0 1 1 0 1 1 0 1 1 0 1
1 10 16 0 1 6 7 4 6 0 45 6 3 4 6 6 3 6 8 9 1 0 1 1 0 1 1 0 1 1 0 1 1 0 1
6 2 6 0 1 10 0 1 10 0 1 4 0 1 1 0 1 1 0 1 6 8 1 1 0 1
6 2 6 0 1 10 0 1 10 0 1 4 0 1 1 0 1 1 0 1 6 8 1 1 0 1
7 2 4 0 1 6 0 1 6 0 1 2 0 1 1 0 1 1 0 1 1 0 1 6 7 4 6 6 3
7 2 4 0 1 6 0 1 6 0 1 2 0 1 1 0 1 1 0 1 1 0 1 6 7 4 6 6 3
7 0 16 0 1 16 0 1 16 0 1 2 0 1 10 0 1 10 0 1 1 0 1
7 0 16 0 1 16 0 1 16 0 1 2 0 1 10 0 1 10 0 1 1 0 1
7 1 4 0 1 6 0 1 6 0 1 4 0 1 4 0 1 1 0 1 1 0 1 6 8 2
7 1 4 0 1 6 0 1 6 0 1 4 0 1 4 0 1 1 0 1 1 0 1 6 8 2
7 0 10 0 1 3 0 1 4 0 1 9 0 1 4 0 1 9 0 1 1 0 1
7 0 10 0 1 3 0 1 4 0 1 9 0 1 4 0 1 9 0 1 1 0 1
7 0 16 0 1 10 0 1 10 0 1 10 0 1 4 0 1 10 0 1 1 0 1
7 0 16 0 1 10 0 1 10 0 1 10 0 1 4 0 1 10 0 1 1 0 1
7 0 1 0 1 16 0 1 16 0 1 1 0 1 9 0 1 3 0 1 4 0 1
7 0 1 0 1 16 0 1 16 0 1 1 0 1 9 0 1 3 0 1 4 0 1
7 0 3 0 1 3 0 1 4 0 1 9 0 1 10 0 1 3 0 1 9 0 1
7 0 3 0 1 3 0 1 4 0 1 9 0 1 10 0 1 3 0 1 9 0 1
7 0 16 0 1 10 0 1 9 0 1 10 0 1 1 0 1 12 0 1 10 0 1
7 0 16 0 1 10 0 1 9 0 1 10 0 1 1 0 1 12 0 1 10 0 1
7 0 3 0 1 16 0 1 10 0 1 3 0 1 3 0 1 2 0 1 2 0 1
7 0 3 0 1 16 0 1 10 0 1 3 0 1 3 0 1 2 0 1 2 0 1
7 0 16 0 1 1 0 1 2 0 1 9 0 1 9 0 1 4 0 1 2 0 1
7 0 16 0 1 1 0 1 2 0 1 9 0 1 9 0 1 4 0 1 2 0 1
7 0 1 0 1 4 0 1 3 0 1 10 0 1 10 0 1 4 0 1 16 0 1
7 0 1 0 1 4 0 1 3 0 1 10 0 1 10 0 1 4 0 1 16 0 1
7 0 4 0 1 16 0 1 1 0 1 1 0 1 2 0 1 16 0 1 2 0 1
7 0 4 0 1 16 0 1 1 0 1 1 0 1 2 0 1 16 0 1 2 0 1
7 1 9 0 1 4 0 1 3 0 1 6 0 1 2 0 1 2 0 1 2 0 1 6 0 6
7 1 9 0 1 4 0 1 3 0 1 6 0 1 2 0 1 2 0 1 2 0 1 6 0 6
7 3 10 0 1 16 0 1 6 0 1 0 0 1 2 0 1 16 0 1 6 0 1 6 7 4 6 8 2 6 0 4
7 3 10 0 1 16 0 1 6 0 1 0 0 1 2 0 1 16 0 1 6 0 1 6 7 4 6 8 2 6 0 4
7 0 2 0 1 2 0 1 0 0 1 0 0 1 3 0 1 2 0 1 0 0 1
7 0 2 0 1 2 0 1 0 0 1 0 0 1 3 0 1 2 0 1 0 0 1
7 3 2 0 1 6 0 1 0 0 1 0 0 1 3 0 1 6 0 1 0 0 1 6 6 9 6 8 5 6 0 2
7 3 2 0 1 6 0 1 0 0 1 0 0 1 3 0 1 6 0 1 0 0 1 6 6 9 6 8 5 6 0 2
7 2 3 0 1 0 0 1 0 0 1 0 0 1 6 0 1 0 0 1 0 0 1 6 6 3 6 0 5
7 2 3 0 1 0 0 1 0 0 1 0 0 1 6 0 1 0 0 1 0 0 1 6 6 3 6 0 5
7 3 6 0 1 0 0 1 0 0 1 0 0 1 0 0 1 0 0 1 0 0 1 6 6 3 6 8 4 6 0 2
7 3 6 0 1 0 0 1 0 0 1 0 0 1 0 0 1 0 0 1 0 0 1 6 6 3 6 8 4 6 0 2
7 0 0 0 1 0 0 1 0 0 1 0 0 1 0 0 1 0 0 1 0 0 1
7 0 0 0 1 0 0 1 0 0 1 0 0 1 0 0 1 0 0 1 0 0 1
7 0 0 0 1 0 0 1 0 0 1 0 0 1 0 0 1 0 0 1 0 0 1
7 0 0 0 1 0 0 1 0 0 1 0 0 1 0 0 1 0 0 1 0 0 1
7 1 0 0 1 0 0 1 0 0 1 0 0 1 0 0 1 0 0 1 0 0 1 6 0 8
7 1 0 0 1 0 0 1 0 0 1 0 0 1 0 0 1 0 0 1 0 0 1 6 0 8
TRUTH
3000 3000 10000 10000 10000 10000 10000 10000 10000 10000 10000 1933054426603526306
158 158 9999 9999 9999 9999 9999 9999 9999 9999 10000 12704659895190369891
105 105 9995 9999 9999 9999 9999 9999 9999 9999 10000 16512146853746412162
105 105 9995 9999 9999 9999 9999 9999 9999 9999 10000 6804365843953408098
105 105 9995 9999 9999 9999 9999 9999 9999 9999 10000 13129673606705191842
105 105 9995 9999 9999 9999 9999 9999 9999 9999 10000 9278372856584536290
105 105 9995 9999 9999 9999 9999 9999 9999 9999 10000 2076527260524540482
105 105 9995 9999 9999 9999 9999 9999 9999 9999 10000 1520941388363083658
105 105 9995 9999 9999 9999 9999 9999 9999 9999 10000 759164397702555354
105 105 9995 9999 9999 9999 9999 9999 9999 9999 10000 5199565815435110638
105 105 9995 9999 9999 9999 9999 9999 9999 9999 10000 17174444773501256838
105 105 9995 9999 9999 9999 9999 9999 9999 9999 10000 18397699283122916662
105 105 9995 9999 9999 9999 9999 9999 9999 9999 10000 6213195485044901034
105 105 9995 9999 9999 9999 9999 9999 9999 9999 10000 15169514971881115602
105 105 9995 9999 9999 9999 9999 9999 9999 9999 10000 15059805436712276322
105 105 9995 9999 9999 9999 9999 9999 9999 9999 10000 6842622157061645114
105 105 9995 9999 9999 9999 9999 9999 9999 9999 10000 8063415430098260762
105 105 9995 9999 9999 9999 9999 9999 9999 9999 10000 9356536019073432578
105 105 9995 9999 9999 9999 9999 9999 9999 9999 10000 11131039291332611238
105 105 9995 9999 9999 9999 9999 9999 9999 9999 10000 600503584265086014
105 105 9995 9999 9999 9999 9999 9999 9999 9999 10000 7245271688607876478
105 105 9995 9999 9999 9999 9999 9999 9999 9999 10000 2184092141556431818
105 105 9995 9999 9999 9999 9999 9999 9999 9999 10000 12436896030331336594
105 105 9995 9999 9999 9999 9999 9999 9999 9999 10000 16353624808056306770
105 105 9995 9999 9999 9999 9999 9999 9999 9999 10000 14907689926693852199
22 22 9988 9998 9998 9998 9998 9998 9998 9998 10000 7587352597619587508
22 22 9988 9998 9998 9998 9998 9998 9998 9998 10000 12706341292700561292
22 22 9988 9998 9998 9998 9998 9998 9998 9998 10000 126733651692919932
22 22 9988 9998 9998 9998 9998 9998 9998 9998 10000 15205809312325108236
22 22 9988 9998 9998 9998 9998 9998 9998 9998 10000 6202583626219685716
22 22 9988 9998 9998 9998 9998 9998 9998 9998 10000 14032238891207877156
22 22 9988 9998 9998 9998 9998 9998 9998 9998 10000 11186058002250970244
22 22 9988 9998 9998 9998 9998 9998 9998 9998 10000 5446169548030184388
22 22 9988 9998 9998 9998 9998 9998 9998 9998 10000 4973876904435291316
22 22 9988 9998 9998 9998 9998 9998 9998 9998 10000 12018631008794847636
22 22 9988 9998 9998 9998 9998 9998 9998 9998 10000 14620933186953481396
22 22 9988 9998 9998 9998 9998 9998 9998 9998 10000 15109971684113305924
22 22 9988 9998 9998 9998 9998 9998 9998 9998 10000 6355696573955474660
22 22 9988 9998 9998 9998 9998 9998 9998 9998 10000 12310790642468891484
22 22 9988 9998 9998 9998 9998 9998 9998 9998 10000 17188856952471697764
164 164 9984 9998 9998 9998 9998 9998 9998 9998 10004 10186316991019382366
76 76 9978 9998 9998 9998 9998 9998 9998 9998 10004 3808480738703130476
16 16 9974 9998 9998 9998 9998 9998 9998 9998 10004 861179005564933704
16 16 9974 9998 9998 9998 9998 9998 9998 9998 10004 14872602136373501080
16 16 9974 9998 9998 9998 9998 9998 9998 9998 10004 16232739525892317864
16 16 9974 9998 9998 9998 9998 9998 9998 9998 10004 638972908876175944
16 16 9974 9998 9998 9998 9998 9998 9998 9998 10004 2932887389297985608
16 16 9974 9998 9998 9998 9998 9998 9998 9998 10004 9200913673042812952
16 16 9974 9998 9998 9998 9998 9998 9998 9998 10004 1293309209211486975
116 116 9967 9997 9997 9997 9997 9997 9997 9997 10008 13991934214965052930
116 116 9967 9997 9997 9997 9997 9997 9997 9997 10008 9817931500747997698
116 116 9967 9997 9997 9997 9997 9997 9997 9997 10008 14107703050642998410
116 116 9967 9997 9997 9997 9997 9997 9997 9997 10008 11164940927718021834
116 116 9967 9997 9997 9997 9997 9997 9997 9997 10008 13137716332019719890
116 116 9967 9997 9997 9997 9997 9997 9997 9997 10008 1898205479424822010
117 117 9967 9997 9997 9997 9997 9997 9997 9997 10008 8740369860390779706
118 118 9967 9997 9997 9997 9997 9997 9997 9997 10008 5875276842933084682
119 119 9967 9997 9997 9997 9997 9997 9997 9997 10008 4135536318939914546
120 120 9967 9997 9997 9997 9997 9997 9997 9997 10008 10005622742870787962
121 121 9967 9997 9997 9997 9997 9997 9997 9997 10008 4476241997592997634
122 122 9967 9997 9997 9997 9997 9997 9997 9997 10008 15153942630873504586
123 123 9967 9997 9997 9997 9997 9997 9997 9997 10008 9756137221548198082
124 124 9967 9997 9997 9997 9997 9997 9997 9997 10008 16935848449243582202
125 125 9967 9997 9997 9997 9997 9997 9997 9997 10008 9339240155109957250
126 126 9967 9997 9997 9997 9997 9997 9997 9997 10008 9459553887278886530
127 127 9967 9997 9997 9997 9997 9997 9997 9997 10008 8191311250003561346
128 128 9967 9997 9997 9997 9997 9997 9997 9997 10008 11796879847190958082
129 129 9967 9997 9997 9997 9997 9997 9997 9997 10008 10714487841177200922
130 130 9967 9997 9997 9997 9997 9997 9997 9997 10008 1014561274838888898
192 192 9971 9997 9997 9997 9997 9997 9997 9997 10008 7285054679360546275
192 192 9971 9997 9997 9997 9997 9997 9997 9997 10008 2706235282292960163
192 192 9971 9997 9997 9997 9997 9997 9997 9997 10008 11213385655134793187
192 192 9971 9997 9997 9997 9997 9997 9997 9997 10008 234478357587073935
48 48 9962 9994 9996 9996 9996 9996 9996 9996 10016 14594050917649082563
48 48 9962 9994 9996 9996 9996 9996 9996 9996 10016 1470904426229793747
17 17 9960 9994 9996 9996 9996 9996 9996 9996 10016 11239776605599242101
17 17 9960 9994 9996 9996 9996 9996 9996 9996 10016 6741036768930629205
17 17 9960 9992 9996 9996 9996 9996 9996 9996 10016 8122047489488752508
17 17 9960 9992 9996 9996 9996 9996 9996 9996 10016 14826305330998621908
17 17 9960 9992 9996 9996 9996 9996 9996 9996 10016 4129136646811457332
17 17 9960 9992 9996 9996 9996 9996 9996 9996 10016 6795500629400652068
17 17 9960 9990 9996 9996 9996 9996 9996 9996 10016 13852625910409528390
17 17 9960 9990 9996 9996 9996 9996 9996 9996 10016 176698250800447790
17 17 9960 9990 9996 9996 9996 9996 9996 9996 10016 4440115188289550662
17 17 9960 9990 9996 9996 9996 9996 9996 9996 10016 9320529162177939310
17 17 9960 9988 9996 9996 9996 9996 9996 9996 10016 6714828907338218984
17 17 9960 9988 9996 9996 9996 9996 9996 9996 10016 18164687210412476776
17 17 9960 9988 9996 9996 9996 9996 9996 9996 10016 15791936346327766720
17 17 9960 9988 9996 9996 9996 9996 9996 9996 10016 17482840380302687280
17 17 9960 9986 9996 9996 9996 9996 9996 9996 10016 9585535933011555922
17 17 9960 9986 9996 9996 9996 9996 9996 9996 10016 11994556563524598226
17 17 9960 9986 9996 9996 9996 9996 9996 9996 10016 16764054104412796122
17 17 9960 9986 9996 9996 9996 9996 9996 9996 10016 11920132306063036378
48 48 9962 9984 9996 9996 9996 9996 9996 9996 10016 15334833828664179146
48 48 9962 9984 9996 9996 9996 9996 9996 9996 10016 14196039033845482954
48 48 9962 9984 9996 9996 9996 9996 9996 9996 10016 8426722607548531146
48 48 9962 9984 9996 9996 9996 9996 9996 9996 10016 1000672854763145297
161 161 9949 9981 9995 9995 9995 9995 9995 9995 10024 7509451129242752263
161 161 9949 9981 9995 9995 9995 9995 9995 9995 10024 16111219497601905263
129 129 9947 9981 9995 9995 9995 9995 9995 9995 10024 3990306935485924601
129 129 9947 9981 9995 9995 9995 9995 9995 9995 10024 1059050995607339521
97 97 9945 9979 9995 9995 9995 9995 9995 9995 10024 9698311537788766608
65 65 9943 9979 9995 9995 9995 9995 9995 9995 10024 9872379157635854115
98 98 9945 9979 9995 9995 9995 9995 9995 9995 10024 8720912759314434632
66 66 9943 9979 9995 9995 9995 9995 9995 9995 10024 10294096304086139763
99 99 9945 9977 9995 9995 9995 9995 9995 9995 10024 6266568986953114738
1 1 9939 9977 9995 9995 9995 9995 9995 9995 10024 8153616618758944277
1 1 9939 9977 9995 9995 9995 9995 9995 9995 10024 292624577983237117
1 1 9939 9977 9995 9995 9995 9995 9995 9995 10024 1191717391870954445
1 1 9939 9975 9995 9995 9995 9995 9995 9995 10024 1194584559221668139
1 1 9939 9975 9995 9995 9995 9995 9995 9995 10024 2802687457725346707
1 1 9939 9975 9995 9995 9995 9995 9995 9995 10024 15252474874351512483
1 1 9939 9975 9995 9995 9995 9995 9995 9995 10024 11098257794665227851
1 1 9939 9973 9995 9995 9995 9995 9995 9995 10024 7354737144170299609
1 1 9939 9973 9995 9995 9995 9995 9995 9995 10024 10532348587772629809
1 1 9939 9973 9995 9995 9995 9995 9995 9995 10024 4064082067543942521
1 1 9939 9973 9995 9995 9995 9995 9995 9995 10024 11188027527763537953
1 1 9939 9971 9995 9995 9995 9995 9995 9995 10024 9871797562498192999
1 1 9939 9971 9995 9995 9995 9995 9995 9995 10024 13974680214110657447
290 290 9945 9971 9995 9995 9995 9995 9995 9995 10028 3501526743964623517
290 290 9945 9971 9995 9995 9995 9995 9995 9995 10028 8091877245666871884
931 931 9994 9968 9994 9994 9994 9994 9994 9994 10034 7142268730787306602
931 931 9994 9968 9994 9994 9994 9994 9994 9994 10034 10460807176621705854
931 931 9994 9968 9994 9994 9994 9994 9994 9994 10034 8469767784227988006
931 931 9994 9968 9994 9994 9994 9994 9994 9994 10034 2278739850115304902
931 931 9994 9966 9994 9994 9994 9994 9994 9994 10034 8631150065172711975
931 931 9994 9966 9994 9994 9994 9994 9994 9994 10034 4559849260066289527
931 931 9994 9966 9994 9994 9994 9994 9994 9994 10034 13672656708386714887
931 931 9994 9966 9994 9994 9994 9994 9994 9994 10034 8499289335600670803
931 931 9994 9964 9994 9994 9994 9994 9994 9994 10034 3772910137987942917
931 931 9994 9964 9994 9994 9994 9994 9994 9994 10034 9971642783946220813
931 931 9994 9964 9994 9994 9994 9994 9994 9994 10034 14554345581013412329
931 931 9994 9964 9994 9994 9994 9994 9994 9994 10034 17283932730018418509
931 931 9994 9962 9994 9994 9994 9994 9994 9994 10034 15868915691086435735
931 931 9994 9962 9994 9994 9994 9994 9994 9994 10034 5252368854107817919
931 931 9994 9962 9994 9994 9994 9994 9994 9994 10034 12894946618288813555
931 931 9994 9962 9994 9994 9994 9994 9994 9994 10034 392741397435454971
931 931 9994 9960 9994 9994 9994 9994 9994 9994 10034 1943944698171945561
931 931 9994 9960 9994 9994 9994 9994 9994 9994 10034 7205173101671393085
931 931 9994 9960 9994 9994 9994 9994 9994 9994 10034 720644615027376737
931 931 9994 9960 9994 9994 9994 9994 9994 9994 10034 9199698719129540577
931 931 9994 9958 9994 9994 9994 9994 9994 9994 10034 17866322923756294327
931 931 9994 9958 9994 9994 9994 9994 9994 9994 10034 3221934389793292599
931 931 9994 9958 9994 9994 9994 9994 9994 9994 10034 13708156895888866615
931 931 9994 9958 9994 9994 9994 9994 9994 9994 10034 3317596502238260660
1186 1186 9978 9955 9993 9992 9993 9993 9992 9993 10044 14543330595635234822
1186 1186 9978 9955 9993 9992 9993 9993 9992 9993 10044 13305518597223082790
1156 1156 9976 9955 9993 9992 9993 9993 9992 9993 10044 10515293462101126756
1156 1156 9976 9955 9993 9992 9993 9993 9992 9993 10044 12165093857967166644
1126 1126 9973 9953 9993 9991 9993 9993 9991 9993 10044 10737733670563028680
1096 1096 9971 9953 9993 9991 9993 9993 9991 9993 10044 17494330046331693502
1096 1096 9971 9953 9993 9991 9993 9993 9991 9993 10044 15131980330325867638
1096 1096 9971 9953 9993 9991 9993 9993 9991 9993 10044 14984541328687841038
1096 1096 9970 9951 9993 9990 9993 9993 9990 9993 10044 14708447206963822426
1096 1096 9970 9951 9993 9990 9993 9993 9990 9993 10044 12124761419240955690
1096 1096 9970 9951 9993 9990 9993 9993 9990 9993 10044 6431793628005981602
1096 1096 9970 9951 9993 9990 9993 9993 9990 9993 10044 2824363246771454314
1003 1003 9963 9949 9993 9989 9993 9993 9989 9993 10044 16424503064098506501
1003 1003 9963 9949 9993 9989 9993 9993 9989 9993 10044 2626407124244140109
1003 1003 9963 9949 9993 9989 9993 9993 9989 9993 10044 6458065806018679181
1003 1003 9963 9949 9993 9989 9993 9993 9989 9993 10044 12844774050093632441
1003 1003 9962 9947 9993 9988 9993 9993 9988 9993 10044 6074871728170212928
1003 1003 9962 9947 9993 9988 9993 9993 9988 9993 10044 14606959331576798776
1003 1003 9962 9947 9993 9988 9993 9993 9988 9993 10044 5101148607404495416
1003 1003 9962 9947 9993 9988 9993 9993 9988 9993 10044 13982249759375098540
1003 1003 9961 9945 9993 9987 9993 9993 9987 9993 10044 7932138244977115399
1003 1003 9961 9945 9993 9987 9993 9993 9987 9993 10044 3330537896151444379
1003 1003 9961 9945 9993 9987 9993 9993 9987 9993 10044 11987397033606003155
1003 1003 9961 9945 9993 9987 9993 9993 9987 9993 10044 11982128255286103518
1179 1179 9961 9942 9992 9985 9992 9992 9985 10016 10056 5475841186347859832
80 80 9943 9942 9992 9985 9992 9992 9985 10016 10056 14608179342759002212
47 47 9941 9942 9992 9985 9992 9992 9985 10016 10056 5231217631288628758
47 47 9941 9942 9992 9985 9992 9992 9985 10016 10056 1762948522612908502
47 47 9940 9940 9992 9984 9992 9992 9984 10016 10056 2699437253981937603
14 14 9938 9940 9992 9984 9992 9992 9984 10016 10056 15997788556167894677
14 14 9938 9940 9992 9984 9992 9992 9984 10016 10056 8889660577222365405
14 14 9938 9940 9992 9984 9992 9992 9984 10016 10056 6252753059981849557
14 14 9937 9938 9992 9983 9992 9992 9983 10016 10056 18359308857150306546
14 14 9937 9938 9992 9983 9992 9992 9983 10016 10056 14400158655832073794
14 14 9937 9938 9992 9983 9992 9992 9983 10016 10056 9075392121594114802
14 14 9937 9938 9992 9983 9992 9992 9983 10016 10056 3111355237044124858
14 14 9936 9936 9992 9982 9992 9992 9982 10016 10056 3098799660583674095
14 14 9936 9936 9992 9982 9992 9992 9982 10016 10056 2564362846331727367
14 14 9936 9936 9992 9982 9992 9992 9982 10016 10056 10676240806450427631
14 14 9936 9936 9992 9982 9992 9992 9982 10016 10056 11608546609391352511
14 14 9935 9934 9992 9981 9992 9992 9981 10016 10056 10157925975517899400
15 15 9935 9934 9992 9981 9992 9992 9981 10016 10056 17234436926040874568
16 16 9935 9934 9992 9981 9992 9992 9981 10016 10056 12809240366830965472
17 17 9935 9934 9992 9981 9992 9992 9981 10016 10056 16507806361454395480
182 182 9944 9932 9992 9980 9992 9992 9980 10016 10056 4313268545990465186
182 182 9944 9932 9992 9980 9992 9992 9980 10016 10056 1151271570555387554
182 182 9944 9932 9992 9980 9992 9992 9980 10016 10056 9299906659982012226
182 182 9944 9932 9992 9980 9992 9992 9980 10016 10056 2709907735832919713
227 227 9942 9929 9991 9978 9991 9991 9978 10015 10068 2154973304969984666
19 19 9934 9929 9991 9978 9991 9991 9978 10015 10068 10786331839670595442
19 19 9934 9929 9991 9978 9991 9991 9978 10015 10068 9000400553390702130
19 19 9934 9929 9991 9978 9991 9991 9978 10015 10068 16009794166276271306
19 19 9933 9927 9991 9977 9991 9991 9977 10015 10068 4878093321599948659
19 19 9933 9927 9991 9977 9991 9991 9977 10015 10068 15054135336033803259
19 19 9933 9927 9991 9977 9991 9991 9977 10015 10068 15926113289798241299
19 19 9933 9927 9991 9977 9991 9991 9977 10015 10068 6489881057285232411
19 19 9932 9925 9991 9976 9991 9991 9976 10015 10068 14401539360724604100
19 19 9932 9925 9991 9976 9991 9991 9976 10015 10068 2936395672040197956
19 19 9932 9925 9991 9976 9991 9991 9976 10015 10068 15639721196101136284
19 19 9932 9925 9991 9976 9991 9991 9976 10015 10068 15928596601487894284
19 19 9931 9923 9991 9975 9991 9991 9975 10015 10068 2204565833821050470
19 19 9931 9923 9991 9975 9991 9991 9975 10015 10068 8431696274265051910
19 19 9931 9923 9991 9975 9991 9991 9975 10015 10068 15826958080900891414
19 19 9931 9923 9991 9975 9991 9991 9975 10015 10068 12635088089420157634
19 19 9930 9921 9991 9974 9991 9991 9974 10015 10068 5906185231027400283
19 19 9930 9921 9991 9974 9991 9991 9974 10015 10068 8746296660908880743
19 19 9930 9921 9991 9974 9991 9991 9974 10015 10068 11102464341402076399
19 19 9930 9921 9991 9974 9991 9991 9974 10015 10068 10117471733719362683
19 19 9929 9919 9991 9973 9991 9991 9973 10015 10068 4754431878319029072
1223 1223 9929 9919 9991 9973 9991 9991 9985 10015 10068 7412692844159385552
1395 1395 9929 9919 9991 9973 9991 9991 9985 10015 10072 13079775946060604824
2517 2517 9929 9919 9991 9973 9991 9991 9997 10015 10072 1827536373253333236
1515 1515 9952 9916 9989 9971 9990 9990 9994 10014 10074 3694885066597117635
1384 1384 9952 9916 9989 9971 9990 9990 9994 10014 10074 16942618128746807219
1384 1384 9952 9916 9989 9971 9990 9990 9994 10014 10074 12514118651681859051
1384 1384 9952 9916 9989 9971 9990 9990 9994 10014 10074 14063270760818558307
1384 1384 9950 9914 9988 9970 9990 9990 9992 10014 10074 3029416686125960622
1384 1384 9950 9914 9988 9970 9990 9990 9992 10014 10074 883237802912377958
1384 1384 9950 9914 9988 9970 9990 9990 9992 10014 10074 8956013033416581918
1384 1384 9950 9914 9988 9970 9990 9990 9992 10014 10074 7292839241336107398
1384 1384 9948 9912 9987 9969 9990 9990 9990 10014 10074 16531160950488412668
1384 1384 9948 9912 9987 9969 9990 9990 9990 10014 10074 7400259268662109252
1384 1384 9948 9912 9987 9969 9990 9990 9990 10014 10074 9861258129925390444
1384 1384 9948 9912 9987 9969 9990 9990 9990 10014 10074 17889116957391610540
1384 1384 9946 9910 9986 9968 9990 9990 9988 10014 10074 3622999901236323012
1384 1384 9946 9910 9986 9968 9990 9990 9988 10014 10074 2185599090331236268
1384 1384 9946 9910 9986 9968 9990 9990 9988 10014 10074 10501738455265019956
1384 1384 9946 9910 9986 9968 9990 9990 9988 10014 10074 5384132437060530564
1384 1384 9944 9908 9985 9967 9990 9990 9986 10014 10074 11362502163920913949
1384 1384 9944 9908 9985 9967 9990 9990 9986 10014 10074 8959503211113045877
1384 1384 9944 9908 9985 9967 9990 9990 9986 10014 10074 2314217763249545061
2116 2116 9944 9908 9985 9967 9990 9990 9986 10022 10074 7162593115532414932
2116 2116 9942 9906 9984 9966 9990 9990 9984 10022 10074 17522023806924084088
2116 2116 9942 9906 9984 9966 9990 9990 9984 10022 10074 8103019477069524632
2116 2116 9942 9906 9984 9966 9990 9990 9984 10022 10074 16119273264984060292
2116 2116 9942 9906 9984 9966 9990 9990 9984 10022 10074 2661935656677007947
2208 2208 9935 9903 9982 9964 9989 9989 9981 10021 10078 4364536801526143506
1762 1762 9911 9903 9982 9964 9989 9989 9981 10021 10078 1716147181815230409
1728 1728 9909 9903 9982 9964 9989 9989 9981 10021 10078 1223650095011177302
1693 1693 9907 9903 9982 9964 9989 9989 9981 10021 10078 17671555559836410460
1658 1658 9903 9901 9981 9963 9989 9989 9979 10021 10078 10045211568203002291
1623 1623 9901 9901 9981 9963 9989 9989 9979 10021 10078 10360504209220049069
1553 1553 9897 9901 9981 9963 9989 9989 9979 10021 10078 5752102503916147757
1553 1553 9897 9901 9981 9963 9989 9989 9979 10021 10078 17232048001529136481
1553 1553 9895 9899 9980 9962 9989 9989 9977 10021 10078 14072915016907741046
1553 1553 9895 9899 9980 9962 9989 9989 9977 10021 10078 5484356463463369322
1553 1553 9895 9899 9980 9962 9989 9989 9977 10021 10078 8838629201482568914
1553 1553 9895 9899 9980 9962 9989 9989 9977 10021 10078 4924255650826334994
1553 1553 9893 9897 9979 9961 9989 9989 9975 10021 10078 13427073182953210000
1553 1553 9893 9897 9979 9961 9989 9989 9975 10021 10078 9333408772086874100
1553 1553 9893 9897 9979 9961 9989 9989 9975 10021 10078 4196917501972203040
1553 1553 9893 9897 9979 9961 9989 9989 9975 10021 10078 18135707090955502523
1553 1553 9891 9895 9978 9960 9989 9989 9973 10021 10078 10891677157096554102
1763 1763 9903 9895 9978 9960 9989 9989 9973 10021 10078 6813572324036862466
5520 5520 9903 9895 9978 9960 10013 9989 9973 10029 10078 5596903479622460936
5520 5520 9903 9895 9978 9960 10013 9989 9973 10029 10078 14773003776309862864
7610 7610 9901 9893 9977 9959 10025 9989 9977 10029 10078 17659335092906400308
10450 10450 9901 9893 9977 9959 10049 9989 9977 10029 10078 9335109047716324838
10450 10450 9901 9893 9977 9959 10049 9989 9977 10029 10078 11461354241959268538
10450 10450 9901 9893 9977 9959 10049 9989 9977 10029 10078 16509044900490089595
12811 12811 9898 9890 9975 9957 10108 9988 9974 10028 10096 141615304901443228
10380 10380 9898 9890 9975 9957 10108 9988 9974 10028 10096 4907164553801881680
8964 8964 9866 9890 9975 9957 10108 9988 9974 10028 10096 2834568873335596198
8927 8927 9864 9890 9975 9957 10108 9988 9974 10028 10096 1446417954373457560
8853 8853 9858 9888 9974 9956 10108 9988 9972 10028 10096 7483438595301314495
8853 8853 9858 9888 9974 9956 10108 9988 9972 10028 10096 3355142474722297275
8779 8779 9854 9888 9974 9956 10108 9988 9972 10028 10096 12583773159054338603
8779 8779 9854 9888 9974 9956 10108 9988 9972 10028 10096 3163365912308740019
8779 8779 9852 9886 9973 9955 10108 9988 9970 10028 10096 16959678732941875483
8779 8779 9852 9886 9973 9955 10108 9988 9970 10028 10096 17873378823247810779
8779 8779 9852 9886 9973 9955 10108 9988 9970 10028 10096 14102124389196877647
8779 8779 9852 9886 9973 9955 10108 9988 9970 10028 10096 697208384076740543
8779 8779 9850 9884 9972 9954 10108 9988 9968 10028 10096 1438227603160026553
8779 8779 9850 9884 9972 9954 10108 9988 9968 10028 10096 17149740298082353405
8779 8779 9850 9884 9972 9954 10108 9988 9968 10028 10096 15901931394005639609
8779 8779 9850 9884 9972 9954 10108 9988 9968 10028 10096 11835566336389169405
8779 8779 9848 9882 9971 9953 10108 9988 9966 10028 10096 12717863850413533410
9512 9512 9848 9882 9971 9953 10120 9988 9966 10028 10096 14119504418366801617
9512 9512 9848 9882 9971 9953 10120 9988 9966 10028 10096 17752993506939443369
10140 10140 9848 9882 9971 9953 10120 9988 9972 10028 10096 13169798971881597830
10560 10560 9860 9880 9970 9952 10120 9988 9970 10028 10100 6033058305458584326
10560 10560 9860 9880 9970 9952 10120 9988 9970 10028 10100 4813337626266446422
10560 10560 9860 9880 9970 9952 10120 9988 9970 10028 10100 15631984985689900050
10560 10560 9860 9880 9970 9952 10120 9988 9970 10028 10100 4389688612396010
13042 13042 9856 9877 9968 9950 10131 9986 9979 10027 10120 13016124647118799548
12495 12495 9828 9877 9968 9950 10131 9986 9979 10027 10120 4764372867367751035
12457 12457 9826 9877 9968 9950 10131 9986 9979 10027 10120 6452749731297562477
12381 12381 9822 9877 9968 9950 10131 9986 9979 10027 10120 15033210053110680621
12343 12343 9817 9875 9967 9949 10131 9985 9977 10027 10120 9233089378239546261
12265 12265 9813 9875 9967 9949 10131 9985 9977 10027 10120 16969358257698379321
12187 12187 9809 9875 9967 9949 10131 9985 9977 10027 10120 1035429109564502621
12265 12265 9813 9875 9967 9949 10131 9985 9977 10027 10120 14191208908010128457
12188 12188 9806 9873 9966 9948 10131 9984 9975 10027 10120 1439735480397381471
12266 12266 9810 9873 9966 9948 10131 9984 9975 10027 10120 17831043041165871207
12344 12344 9814 9873 9966 9948 10131 9984 9975 10027 10120 17431009805948712555
12266 12266 9810 9873 9966 9948 10131 9984 9975 10027 10120 14178807568937583875
12344 12344 9811 9871 9965 9947 10131 9983 9973 10027 10120 5399661095759872092
12461 12461 9817 9871 9965 9947 10131 9983 9973 10027 10120 3694391124665352166
12461 12461 9817 9871 9965 9947 10131 9983 9973 10027 10120 9310041271586173514
12461 12461 9817 9871 9965 9947 10131 9983 9973 10027 10120 6321050256521377898
12500 12500 9816 9869 9964 9946 10131 9982 9971 10027 10120 7086894824299389927
12500 12500 9816 9869 9964 9946 10131 9982 9971 10027 10120 9500330356801867271
12500 12500 9816 9869 9964 9946 10131 9982 9971 10027 10120 10932383889663964207
12500 12500 9816 9869 9964 9946 10131 9982 9971 10027 10120 13531939083013037899
13115 13115 9813 9867 9963 9945 10131 9981 9975 10027 10120 9801000957026664695
13267 13267 9813 9867 9963 9945 10131 9981 9975 10027 10124 12962492300893098152
14926 14926 9813 9867 9963 9945 10131 9981 9981 10043 10124 15728020219382109936
15076 15076 9813 9867 9963 9945 10131 9981 9981 10043 10128 16391126994844416300
16325 16325 9837 9864 9961 9943 10130 9979 9978 10042 10148 10687820807986628831
16249 16249 9837 9864 9961 9943 10130 9979 9978 10042 10148 10651054266287177379
16249 16249 9837 9864 9961 9943 10130 9979 9978 10042 10148 15455876794945106471
16249 16249 9837 9864 9961 9943 10130 9979 9978 10042 10148 556090384288006915
16249 16249 9834 9862 9960 9942 10130 9978 9976 10042 10148 5940403178827535008
16249 16249 9834 9862 9960 9942 10130 9978 9976 10042 10148 13270263731273632280
16249 16249 9834 9862 9960 9942 10130 9978 9976 10042 10148 2837489151442786976
16249 16249 9834 9862 9960 9942 10130 9978 9976 10042 10148 9135535406748195308
16249 16249 9831 9860 9959 9941 10130 9977 9974 10042 10148 11117534491057441660
16249 16249 9831 9860 9959 9941 10130 9977 9974 10042 10148 14208531364382076836
16249 16249 9831 9860 9959 9941 10130 9977 9974 10042 10148 9882443846404098484
16249 16249 9831 9860 9959 9941 10130 9977 9974 10042 10148 14935812468280045340
16249 16249 9828 9858 9958 9940 10130 9976 9972 10042 10148 1669052397138287804
16249 16249 9828 9858 9958 9940 10130 9976 9972 10042 10148 16942473065308641756
16249 16249 9828 9858 9958 9940 10130 9976 9972 10042 10148 14497065133780329928
16249 16249 9828 9858 9958 9940 10130 9976 9972 10042 10148 7650179818171252368
16249 16249 9825 9856 9957 9939 10130 9975 9970 10042 10148 17144548860154279292
16249 16249 9825 9856 9957 9939 10130 9975 9970 10042 10148 8143356023862979004
16249 16249 9825 9856 9957 9939 10130 9975 9970 10042 10148 7296231622159139096
16249 16249 9825 9856 9957 9939 10130 9975 9970 10042 10148 13687247305909799792
16249 16249 9822 9854 9956 9938 10130 9974 9968 10042 10148 10751569888667795783
16249 16249 9822 9854 9956 9938 10130 9974 9968 10042 10148 915418183343967223
16249 16249 9822 9854 9956 9938 10130 9974 9968 10042 10148 5925490358885658751
16249 16249 9822 9854 9956 9938 10130 9974 9968 10042 10148 11545968920307963472
18760 18760 9790 9851 9954 9936 10129 9972 9983 10053 10172 18359116613449314205
18760 18760 9790 9851 9954 9936 10129 9972 9983 10053 10172 7813113757605590029
18720 18720 9788 9851 9954 9936 10129 9972 9983 10053 10172 2580350559505894600
18680 18680 9786 9851 9954 9936 10129 9972 9983 10053 10172 8817079027104926186
18640 18640 9781 9849 9953 9935 10129 9971 9981 10053 10172 11569983593463130615
18560 18560 9777 9849 9953 9935 10129 9971 9981 10053 10172 8913383225539810335
18480 18480 9773 9849 9953 9935 10129 9971 9981 10053 10172 15305562003491064007
18480 18480 9773 9849 9953 9935 10129 9971 9981 10053 10172 7667479260980369975
18480 18480 9770 9847 9952 9934 10129 9970 9979 10053 10172 16715193252541653447
18480 18480 9770 9847 9952 9934 10129 9970 9979 10053 10172 12667776480492177875
18480 18480 9770 9847 9952 9934 10129 9970 9979 10053 10172 17674529523180455203
18480 18480 9770 9847 9952 9934 10129 9970 9979 10053 10172 14621253276751119011
18480 18480 9767 9845 9951 9933 10129 9969 9977 10053 10172 2123322866957940862
18480 18480 9767 9845 9951 9933 10129 9969 9977 10053 10172 9565961011433990694
18480 18480 9767 9845 9951 9933 10129 9969 9977 10053 10172 7273864041261205990
18480 18480 9767 9845 9951 9933 10129 9969 9977 10053 10172 4182695232750478746
18480 18480 9764 9843 9950 9932 10129 9968 9975 10053 10172 4758732906042391769
18195 18195 9750 9843 9950 9932 10129 9968 9975 10053 10172 4713121891695405874
18195 18195 9750 9843 9950 9932 10129 9968 9975 10053 10172 533750350847419294
18195 18195 9750 9843 9950 9932 10129 9968 9975 10053 10172 10839686292575841278
18256 18256 9747 9841 9949 9931 10129 9967 9973 10057 10172 550892609202170515
18334 18334 9747 9841 9949 9931 10129 9967 9973 10059 10174 10693355090794124002
18334 18334 9747 9841 9949 9931 10129 9967 9973 10059 10174 2653257485662296342
18334 18334 9747 9841 9949 9931 10129 9967 9973 10059 10174 1269107040631463613
18896 18896 9743 9838 9947 9929 10128 9965 9970 10056 10192 962174948342024970
18765 18765 9743 9838 9947 9929 10128 9965 9970 10056 10192 8598154258295322058
18299 18299 9743 9838 9947 9929 10128 9965 9970 10056 10192 16734947112617404246
18299 18299 9743 9838 9947 9929 10128 9965 9970 10056 10192 18305693301811694978
18299 18299 9740 9836 9946 9928 10128 9964 9968 10054 10192 18351929770049184910
18299 18299 9740 9836 9946 9928 10128 9964 9968 10054 10192 1791148658468132110
18299 18299 9740 9836 9946 9928 10128 9964 9968 10054 10192 576937476674788138
18299 18299 9740 9836 9946 9928 10128 9964 9968 10054 10192 11471941880909404366
18299 18299 9737 9834 9945 9927 10128 9963 9966 10052 10192 18094153975309501598
18299 18299 9737 9834 9945 9927 10128 9963 9966 10052 10192 17860707759032069882
18299 18299 9737 9834 9945 9927 10128 9963 9966 10052 10192 16460752643075505590
18299 18299 9737 9834 9945 9927 10128 9963 9966 10052 10192 6296235878945805902
18299 18299 9734 9832 9944 9926 10128 9962 9964 10050 10192 8427338417399741697
18299 18299 9734 9832 9944 9926 10128 9962 9964 10050 10192 16371916397538467793
18299 18299 9734 9832 9944 9926 10128 9962 9964 10050 10192 11554274140425399369
18931 18931 9734 9832 9944 9926 10128 9962 9970 10050 10192 17313728698893681147
18931 18931 9731 9830 9943 9925 10128 9961 9968 10048 10192 4731371203602747654
18931 18931 9731 9830 9943 9925 10128 9961 9968 10048 10192 58244556771647886
19554 19554 9731 9830 9943 9925 10128 9961 9974 10048 10192 12727067474097224745
19554 19554 9731 9830 9943 9925 10128 9961 9974 10048 10192 17642791597602552665
19554 19554 9728 9828 9942 9924 10128 9960 9972 10046 10192 7458362462445946176
19554 19554 9728 9828 9942 9924 10128 9960 9972 10046 10192 9831160595969670496
19554 19554 9728 9828 9942 9924 10128 9960 9972 10046 10192 8030649522287872680
19677 19677 9728 9828 9942 9924 10128 9960 9972 10046 10196 1661855874643359148
22639 22639 9724 9825 9940 9922 10127 9958 9993 10043 10220 4208515212566223697
22009 22009 9696 9825 9940 9922 10127 9958 9993 10043 10220 17403335331225148801
21967 21967 9694 9825 9940 9922 10127 9958 9993 10043 10220 4965582688445750215
21924 21924 9692 9825 9940 9922 10127 9958 9993 10043 10220 14195654943076983432
22899 22899 9687 9823 9939 9921 10127 9957 10003 10041 10220 14949478071812046617
22770 22770 9681 9823 9939 9921 10127 9957 10003 10041 10220 2807696869543383219
22727 22727 9679 9823 9939 9921 10127 9957 10003 10041 10220 5697543402051692961
22727 22727 9679 9823 9939 9921 10127 9957 10003 10041 10220 329872509024218193
22727 22727 9676 9821 9938 9920 10127 9956 10001 10039 10220 12532644070013830691
22727 22727 9676 9821 9938 9920 10127 9956 10001 10039 10220 7026515964996869163
22727 22727 9676 9821 9938 9920 10127 9956 10001 10039 10220 18139494573248868015
22942 22942 9686 9821 9938 9920 10127 9956 10001 10039 10220 2227654007030909689
22856 22856 9679 9819 9937 9919 10127 9955 9999 10037 10220 12044182706244331955
22985 22985 9685 9819 9937 9919 10127 9955 9999 10037 10220 3267551459034741497
22985 22985 9685 9819 9937 9919 10127 9955 9999 10037 10220 17266196215264472373
22985 22985 9685 9819 9937 9919 10127 9955 9999 10037 10220 10165313433844419173
23028 23028 9684 9817 9936 9918 10127 9954 9997 10035 10220 2260587257537519985
23028 23028 9684 9817 9936 9918 10127 9954 9997 10035 10220 11181441345351697753
23028 23028 9684 9817 9936 9918 10127 9954 9997 10035 10220 14058442821284319501
23028 23028 9684 9817 9936 9918 10127 9954 9997 10035 10220 8005453434572884929
23530 23530 9681 9815 9935 9917 10127 9953 10001 10033 10220 15244755432988973859
23530 23530 9681 9815 9935 9917 10127 9953 10001 10033 10220 9079071098290008995
23992 23992 9681 9815 9935 9917 10127 9953 10007 10033 10220 14408337681406555962
23992 23992 9681 9815 9935 9917 10127 9953 10007 10033 10220 18287828851066971831
24797 24797 9705 9812 9933 9915 10126 9951 10004 10030 10228 17128321368545325309
24666 24666 9705 9812 9933 9915 10126 9951 10004 10030 10228 15910264820200536613
24577 24577 9705 9812 9933 9915 10126 9951 10004 10030 10228 5866658758151622801
24577 24577 9705 9812 9933 9915 10126 9951 10004 10030 10228 11019987209306565465
24577 24577 9702 9810 9932 9914 10126 9950 10002 10028 10228 14213986260711617716
24577 24577 9702 9810 9932 9914 10126 9950 10002 10028 10228 10638324208364421252
24577 24577 9702 9810 9932 9914 10126 9950 10002 10028 10228 14219161033295786964
24577 24577 9702 9810 9932 9914 10126 9950 10002 10028 10228 6060947258358359540
24577 24577 9699 9808 9931 9913 10126 9949 10000 10026 10228 6192748875673297247
24577 24577 9699 9808 9931 9913 10126 9949 10000 10026 10228 7544163742573176947
24577 24577 9699 9808 9931 9913 10126 9949 10000 10026 10228 5168771439615589127
24577 24577 9699 9808 9931 9913 10126 9949 10000 10026 10228 15572356167795897995
24577 24577 9696 9806 9930 9912 10126 9948 9998 10024 10228 673837667778823964
24577 24577 9696 9806 9930 9912 10126 9948 9998 10024 10228 14833598498485273012
24577 24577 9696 9806 9930 9912 10126 9948 9998 10024 10228 5674935319546647364
25507 25507 9696 9806 9930 9912 10126 9948 10010 10024 10228 3509115384808075263
25507 25507 9693 9804 9929 9911 10126 9947 10008 10022 10228 14049638499764227572
25924 25924 9693 9804 9929 9911 10126 9947 10014 10022 10228 10215984649277515206
25924 25924 9693 9804 9929 9911 10126 9947 10014 10022 10228 10197243019787674306
25924 25924 9693 9804 9929 9911 10126 9947 10014 10022 10228 15719984549083111258
28214 28214 9690 9802 9928 9926 10126 9946 10024 10020 10228 3380899162381526293
28214 28214 9690 9802 9928 9926 10126 9946 10024 10020 10228 2813022882112509649
28214 28214 9690 9802 9928 9926 10126 9946 10024 10020 10228 3247286607143810345
28913 28913 9690 9802 9928 9930 10126 9946 10030 10020 10228 15677263015221694674
30917 30917 9686 9797 9926 9940 10125 9944 10039 10017 10242 5804513476707354291
30786 30786 9686 9797 9926 9940 10125 9944 10039 10017 10242 16235159630459802663
29951 29951 9658 9797 9926 9940 10125 9944 10039 10017 10242 7487000471894218671
29863 29863 9654 9797 9926 9940 10125 9944 10039 10017 10242 9824407232863910788
29819 29819 9649 9793 9925 9939 10125 9943 10037 10015 10242 14349792644617473215
29687 29687 9643 9793 9925 9939 10125 9943 10037 10015 10242 17170295614943207117
29643 29643 9641 9793 9925 9939 10125 9943 10037 10015 10242 11253217878507583871
29643 29643 9641 9793 9925 9939 10125 9943 10037 10015 10242 11890499577649140875
29643 29643 9638 9789 9924 9938 10125 9942 10035 10013 10242 2071589324244988877
29643 29643 9638 9789 9924 9938 10125 9942 10035 10013 10242 6041171532194275617
29643 29643 9638 9789 9924 9938 10125 9942 10035 10013 10242 16970796868292378873
29643 29643 9638 9789 9924 9938 10125 9942 10035 10013 10242 10993715222643515021
29643 29643 9635 9785 9923 9937 10125 9941 10033 10011 10242 13502347470649533077
29335 29335 9621 9785 9923 9937 10125 9941 10033 10011 10242 5842768031342770027
29335 29335 9621 9785 9923 9937 10125 9941 10033 10011 10242 5895697492855578167
29335 29335 9621 9785 9923 9937 10125 9941 10033 10011 10242 6678876377519771763
29335 29335 9618 9781 9922 9936 10125 9940 10031 10009 10242 1781039393884583866
29335 29335 9618 9781 9922 9936 10125 9940 10031 10009 10242 1008594919404152914
32653 32653 9618 9781 9922 9936 10125 9940 10037 10053 10242 7424831705378801987
33270 33270 9646 9781 9922 9936 10125 9940 10037 10053 10242 2303513292857000682
33504 33504 9643 9777 9921 9935 10125 9939 10041 10051 10242 5149020832507007913
33504 33504 9643 9777 9921 9935 10125 9939 10041 10051 10242 6785243797803042737
34250 34250 9643 9777 9921 9943 10125 9939 10041 10051 10242 8469004090431613162
34250 34250 9643 9777 9921 9943 10125 9939 10041 10051 10242 5923429800315383103
35067 35067 9639 9772 9919 9949 10124 9937 10038 10048 10246 5601001236414192348
34936 34936 9639 9772 9919 9949 10124 9937 10038 10048 10246 726093988683338540
34083 34083 9611 9772 9919 9949 10124 9937 10038 10048 10246 15096687560456085021
33948 33948 9605 9772 9919 9949 10124 9937 10038 10048 10246 8567979083288593135
33903 33903 9600 9768 9918 9948 10124 9936 10036 10046 10246 4347181497367923849
33813 33813 9596 9768 9918 9948 10124 9936 10036 10046 10246 1425645355064093
33768 33768 9594 9768 9918 9948 10124 9936 10036 10046 10246 12860355622348926271
33768 33768 9594 9768 9918 9948 10124 9936 10036 10046 10246 2926273442362229787
33768 33768 9591 9764 9917 9947 10124 9935 10034 10044 10246 7486107599682991269
33768 33768 9591 9764 9917 9947 10124 9935 10034 10044 10246 5597590788655136245
33768 33768 9591 9764 9917 9947 10124 9935 10034 10044 10246 9878347222562582933
33768 33768 9591 9764 9917 9947 10124 9935 10034 10044 10246 14373473930948231361
33768 33768 9588 9760 9916 9946 10124 9934 10032 10042 10246 64677573886404685
33768 33768 9588 9760 9916 9946 10124 9934 10032 10042 10246 5852317096230502473
34254 34254 9588 9760 9916 9946 10124 9934 10032 10060 10246 7790199679531894644
34964 34964 9602 9760 9916 9946 10124 9934 10032 10060 10262 9062198159352965697
34331 34331 9571 9756 9915 9945 10124 9933 10030 10058 10262 12624314618912808948
36321 36321 9599 9756 9915 9957 10124 9933 10036 10058 10262 10950784338886021905
35695 35695 9571 9756 9915 9957 10124 9933 10036 10060 10262 5179087401606093556
36618 36618 9599 9756 9915 9957 10124 9933 10042 10060 10264 15891536950572106636
36986 36986 9596 9752 9914 9956 10124 9932 10052 10058 10264 1391411621583891586
36986 36986 9596 9752 9914 9956 10124 9932 10052 10058 10264 18194503342982576282
36986 36986 9596 9752 9914 9956 10124 9932 10052 10058 10264 13129729082515952170
38020 38020 9596 9752 9914 9968 10124 9932 10052 10058 10264 11401992481056042669
40714 40714 9592 9747 9912 9998 10123 9930 10055 10055 10272 6766890864618758847
40583 40583 9592 9747 9912 9998 10123 9930 10055 10055 10272 16866731871097073679
39102 39102 9564 9747 9912 9998 10123 9930 10055 10055 10272 15785608780669496704
39010 39010 9560 9747 9912 9998 10123 9930 10055 10055 10272 10501454339215685244
38918 38918 9553 9743 9911 9997 10123 9929 10053 10053 10272 14044786376765258324
38826 38826 9549 9743 9911 9997 10123 9929 10053 10053 10272 14896999217425491156
38780 38780 9547 9743 9911 9997 10123 9929 10053 10053 10272 13557167827049949950
38780 38780 9547 9743 9911 9997 10123 9929 10053 10053 10272 6823040409147870570
38780 38780 9544 9739 9910 9996 10123 9928 10051 10051 10272 6274120378670742942
38780 38780 9544 9739 9910 9996 10123 9928 10051 10051 10272 7429013354286193426
38780 38780 9544 9739 9910 9996 10123 9928 10051 10051 10272 5487763717588368078
38642 38642 9538 9739 9910 9996 10123 9928 10051 10051 10272 13813909543695335740
38642 38642 9535 9735 9909 9995 10123 9927 10049 10049 10272 11899845307208038846
38642 38642 9535 9735 9909 9995 10123 9927 10049 10049 10272 2909674674655243138
38642 38642 9535 9735 9909 9995 10123 9927 10049 10049 10272 17529617530006319022
38642 38642 9535 9735 9909 9995 10123 9927 10049 10049 10272 15297983242852559282
38642 38642 9532 9731 9908 9994 10123 9926 10047 10047 10272 13892584892195665799
38642 38642 9532 9731 9908 9994 10123 9926 10047 10047 10272 11137283671124928127
38642 38642 9532 9731 9908 9994 10123 9926 10047 10047 10272 13222417200234637495
38642 38642 9532 9731 9908 9994 10123 9926 10047 10047 10272 12788152090798920511
38642 38642 9529 9727 9907 9993 10123 9925 10045 10045 10272 6278773191809234971
38642 38642 9529 9727 9907 9993 10123 9925 10045 10045 10272 14234542284414379843
38642 38642 9529 9727 9907 9993 10123 9925 10045 10045 10272 3219112763859283295
39606 39606 9537 9727 9907 10005 10123 9925 10045 10045 10272 5752473072578774469
41287 41287 9573 9722 9905 10006 10122 9923 10053 10042 10282 15195044269283852662
41156 41156 9573 9722 9905 10006 10122 9923 10053 10042 10282 9352744542657420162
40690 40690 9573 9722 9905 10006 10122 9923 10053 10042 10282 4216241673524405362
40690 40690 9573 9722 9905 10006 10122 9923 10053 10042 10282 9762277842924935778
40690 40690 9570 9718 9904 10004 10122 9922 10050 10040 10282 16033256491201690558
40690 40690 9570 9718 9904 10004 10122 9922 10050 10040 10282 11436586860899683878
40690 40690 9570 9718 9904 10004 10122 9922 10050 10040 10282 12326003404449129002
40690 40690 9570 9718 9904 10004 10122 9922 10050 10040 10282 2733407905966010495
40690 40690 9567 9714 9903 10002 10122 9921 10047 10038 10282 8157767296772723426
40690 40690 9567 9714 9903 10002 10122 9921 10047 10038 10282 5492705608332951990
40690 40690 9567 9714 9903 10002 10122 9921 10047 10038 10282 8240224327465108842
41099 41099 9567 9714 9903 10002 10122 9921 10047 10046 10282 5918352479273919835
41099 41099 9564 9710 9902 10000 10122 9920 10044 10044 10282 14270302143323315948
41099 41099 9564 9710 9902 10000 10122 9920 10044 10044 10282 5063743699343629600
41329 41329 9574 9710 9902 10000 10122 9920 10044 10044 10282 10435026518402689538
41329 41329 9574 9710 9902 10000 10122 9920 10044 10044 10282 16599830426671715138
41875 41875 9573 9706 9901 9998 10122 9919 10041 10050 10292 9814437731104434169
41875 41875 9573 9706 9901 9998 10122 9919 10041 10050 10292 4627500059924895609
42934 42934 9573 9706 9901 9998 10134 9919 10053 10058 10292 13942397209425776999
43825 43825 9573 9706 9901 10014 10134 9919 10053 10058 10292 10645584439284015046
45491 45491 9570 9702 9900 10060 10158 9918 10050 10056 10292 7824655577528905340
45491 45491 9570 9702 9900 10060 10158 9918 10050 10056 10292 3735299831615519308
45644 45644 9570 9702 9900 10060 10158 9918 10056 10056 10292 4727899424667030975
45644 45644 9570 9702 9900 10060 10158 9918 10056 10056 10292 9790310206011414912
45532 45532 9554 9697 9898 10059 10157 9916 10058 10053 10298 2220680239248933853
45401 45401 9554 9697 9898 10059 10157 9916 10058 10053 10298 3906559062426201449
43861 43861 9524 9697 9898 10059 10157 9916 10058 10053 10298 10224881376937652558
43767 43767 9520 9697 9898 10059 10157 9916 10058 10053 10298 4392036395114558878
43673 43673 9513 9693 9897 10057 10157 9915 10055 10051 10298 2433835847123662909
43626 43626 9511 9693 9897 10057 10157 9915 10055 10051 10298 12034995238879305363
43532 43532 9507 9693 9897 10057 10157 9915 10055 10051 10298 10374516715278108103
43626 43626 9511 9693 9897 10057 10157 9915 10055 10051 10298 5428815267239204167
43532 43532 9504 9689 9896 10055 10157 9914 10052 10049 10298 9033877210297735840
43626 43626 9508 9689 9896 10055 10157 9914 10052 10049 10298 5411560437968055592
43532 43532 9504 9689 9896 10055 10157 9914 10052 10049 10298 15371641887700261788
43626 43626 9508 9689 9896 10055 10157 9914 10052 10049 10298 1141889331216191868
43249 43249 9489 9685 9895 10053 10157 9913 10049 10047 10298 16365564541704038018
43249 43249 9489 9685 9895 10053 10157 9913 10049 10047 10298 16264479703992367470
43249 43249 9489 9685 9895 10053 10157 9913 10049 10047 10298 18387893666713345242
43249 43249 9489 9685 9895 10053 10157 9913 10049 10047 10298 13997021020835067766
43249 43249 9486 9681 9894 10051 10157 9912 10046 10045 10298 1833362213677044922
43249 43249 9486 9681 9894 10051 10157 9912 10046 10045 10298 14641999663322617518
43249 43249 9486 9681 9894 10051 10157 9912 10046 10045 10298 3918306899255580778
43586 43586 9486 9681 9894 10051 10157 9912 10046 10059 10298 1125226010635431839
44248 44248 9511 9677 9893 10049 10157 9911 10043 10057 10298 7021575312758397495
44248 44248 9511 9677 9893 10049 10157 9911 10043 10057 10298 11210306933893327955
44248 44248 9511 9677 9893 10049 10157 9911 10043 10057 10298 8820205319886057543
44454 44454 9511 9677 9893 10049 10159 9911 10049 10057 10298 14430252783263871340
44834 44834 9507 9672 9891 10060 10158 9909 10057 10056 10298 17167227992122346762
44823 44823 9507 9672 9891 10060 10158 9909 10057 10056 10304 15111577573280656431
44357 44357 9507 9672 9891 10060 10158 9909 10057 10056 10304 1797093410388610451
44357 44357 9507 9672 9891 10060 10158 9909 10057 10056 10304 17553726455849740491
44357 44357 9504 9668 9890 10058 10158 9908 10054 10054 10304 1356672147791826606
44357 44357 9504 9668 9890 10058 10158 9908 10054 10054 10304 3072010434179436870
44357 44357 9504 9668 9890 10058 10158 9908 10054 10054 10304 4722659874967331794
44357 44357 9504 9668 9890 10058 10158 9908 10054 10054 10304 2881569947010405826
44357 44357 9501 9664 9889 10056 10158 9907 10051 10052 10304 8039655857486432905
44357 44357 9501 9664 9889 10056 10158 9907 10051 10052 10304 1944874901479729689
44357 44357 9501 9664 9889 10056 10158 9907 10051 10052 10304 5918748056893799589
44357 44357 9501 9664 9889 10056 10158 9907 10051 10052 10304 4343184580860203601
44357 44357 9498 9660 9888 10054 10158 9906 10048 10050 10304 5631962693494224755
44357 44357 9498 9660 9888 10054 10158 9906 10048 10050 10304 3718199104418378343
44357 44357 9498 9660 9888 10054 10158 9906 10048 10050 10304 1789581708770608231
44357 44357 9498 9660 9888 10054 10158 9906 10048 10050 10304 14129356601496334923
44357 44357 9495 9656 9887 10052 10158 9905 10045 10048 10304 7020861410854440627
44357 44357 9495 9656 9887 10052 10158 9905 10045 10048 10304 13508009768846878259
44357 44357 9495 9656 9887 10052 10158 9905 10045 10048 10304 11176014293620196543
44541 44541 9495 9656 9887 10052 10158 9905 10051 10048 10304 7686989580862649686
44883 44883 9492 9652 9886 10050 10158 9904 10054 10054 10304 4648791079030685088
44982 44982 9492 9652 9886 10062 10158 9904 10054 10054 10304 6717568092356831689
44982 44982 9492 9652 9886 10062 10158 9904 10054 10054 10304 16393068105536178721
44982 44982 9492 9652 9886 10062 10158 9904 10054 10054 10304 10356742417543324176
44648 44648 9459 9647 9884 10058 10157 9901 10068 10051 10312 16765531541849870884
44517 44517 9459 9647 9884 10058 10157 9901 10068 10051 10312 4314509732679631612
42994 42994 9431 9647 9884 10058 10157 9901 10068 10051 10312 5134931570622661913
42896 42896 9427 9647 9884 10058 10157 9901 10068 10051 10312 15933613286947558381
42749 42749 9417 9643 9883 10055 10157 9899 10065 10049 10312 12830609466126897431
42700 42700 9415 9643 9883 10055 10157 9899 10065 10049 10312 11835513747057683025
42651 42651 9413 9643 9883 10055 10157 9899 10065 10049 10312 17397883938021406619
42651 42651 9413 9643 9883 10055 10157 9899 10065 10049 10312 15406489033473208231
42651 42651 9409 9639 9882 10052 10157 9897 10062 10047 10312 10860435497448214091
42847 42847 9417 9639 9882 10052 10157 9897 10062 10047 10312 911121956957595775
42651 42651 9409 9639 9882 10052 10157 9897 10062 10047 10312 412086384123479235
42847 42847 9417 9639 9882 10052 10157 9897 10062 10047 10312 12003361687064445851
42504 42504 9399 9635 9881 10049 10157 9895 10059 10045 10312 5996469207074156495
42504 42504 9399 9635 9881 10049 10157 9895 10059 10045 10312 890338605204631099
42777 42777 9399 9635 9881 10049 10159 9895 10059 10053 10312 6410506795575448323
43268 43268 9419 9635 9881 10049 10159 9895 10059 10053 10312 14955451907943551508
43268 43268 9415 9631 9880 10046 10159 9893 10056 10051 10312 3693399156370419534
43268 43268 9415 9631 9880 10046 10159 9893 10056 10051 10312 8122405737187507150
43268 43268 9415 9631 9880 10046 10159 9893 10056 10051 10312 17874009599329572846
43268 43268 9415 9631 9880 10046 10159 9893 10056 10051 10312 8035420758106450530
43486 43486 9411 9627 9879 10051 10159 9891 10059 10049 10312 4036146259861645823
43682 43682 9419 9627 9879 10051 10159 9891 10059 10049 10312 14013832168452146563
43836 43836 9419 9627 9879 10051 10159 9891 10071 10049 10312 3938893334619323556
43876 43876 9419 9627 9879 10055 10159 9891 10071 10049 10312 5814799592388758733
44422 44422 9434 9622 9877 10059 10158 9888 10073 10048 10312 9968803534625195316
44505 44505 9434 9622 9877 10059 10158 9888 10073 10050 10320 8410511629459034321
43662 43662 9434 9622 9877 10059 10158 9888 10073 10050 10320 17405929387084227005
43662 43662 9434 9622 9877 10059 10158 9888 10073 10050 10320 4329849909339694161
43662 43662 9430 9618 9876 10056 10158 9886 10070 10048 10320 510196947255316969
43662 43662 9430 9618 9876 10056 10158 9886 10070 10048 10320 13534916401313765933
43662 43662 9430 9618 9876 10056 10158 9886 10070 10048 10320 12843157117476943113
43662 43662 9430 9618 9876 10056 10158 9886 10070 10048 10320 3020572304194706837
43662 43662 9426 9614 9875 10053 10158 9884 10067 10046 10320 5350889909154500901
43662 43662 9426 9614 9875 10053 10158 9884 10067 10046 10320 6412284104504683049
43662 43662 9426 9614 9875 10053 10158 9884 10067 10046 10320 2241678966917189189
43662 43662 9426 9614 9875 10053 10158 9884 10067 10046 10320 7375755108242451385
43952 43952 9422 9610 9874 10050 10158 9882 10064 10056 10320 2792340035641567564
43952 43952 9422 9610 9874 10050 10158 9882 10064 10056 10320 16716918863582464992
43952 43952 9422 9610 9874 10050 10158 9882 10064 10056 10320 11822610165843577264
43952 43952 9422 9610 9874 10050 10158 9882 10064 10056 10320 10628860007162774824
43952 43952 9418 9606 9873 10047 10158 9880 10061 10054 10320 11851088589533992697
44001 44001 9420 9606 9873 10047 10158 9880 10061 10054 10320 9736582421035401455
44001 44001 9420 9606 9873 10047 10158 9880 10061 10054 10320 13197192051908673187
44190 44190 9422 9606 9873 10047 10158 9880 10077 10054 10320 13460162222247239000
44196 44196 9418 9602 9872 10044 10158 9878 10074 10052 10320 1470796475971712779
44203 44203 9418 9602 9872 10044 10158 9878 10076 10052 10320 17676139448771086881
44203 44203 9418 9602 9872 10044 10158 9878 10076 10052 10320 3782387287888317337
44482 44482 9418 9602 9872 10062 10158 9878 10076 10058 10320 16801445753195962837
44475 44475 9409 9597 9870 10058 10157 9875 10072 10057 10330 14300884952985697477
44344 44344 9409 9597 9870 10058 10157 9875 10072 10057 10330 7323468443931066557
42756 42756 9379 9597 9870 10058 10157 9875 10072 10057 10330 2632270001308973332
42656 42656 9375 9597 9870 10058 10157 9875 10072 10057 10330 8924588995772364792
42556 42556 9367 9593 9869 10055 10157 9873 10069 10055 10330 4506572459651586876
42506 42506 9365 9593 9869 10055 10157 9873 10069 10055 10330 7990765258341458102
42406 42406 9361 9593 9869 10055 10157 9873 10069 10055 10330 6115433367371232542
42506 42506 9365 9593 9869 10055 10157 9873 10069 10055 10330 3268436926652864618
42406 42406 9357 9589 9868 10052 10157 9871 10066 10053 10330 10655597175648162985
42506 42506 9361 9589 9868 10052 10157 9871 10066 10053 10330 8046214566333917837
42406 42406 9357 9589 9868 10052 10157 9871 10066 10053 10330 5594581185494445721
42506 42506 9361 9589 9868 10052 10157 9871 10066 10053 10330 10114861845280416421
42506 42506 9357 9585 9867 10049 10157 9869 10063 10051 10330 2039437004811695322
42506 42506 9357 9585 9867 10049 10157 9869 10063 10051 10330 413438680040212502
42506 42506 9357 9585 9867 10049 10157 9869 10063 10051 10330 14809261493754655962
42506 42506 9357 9585 9867 10049 10157 9869 10063 10051 10330 4599579314773436038
42506 42506 9353 9581 9866 10046 10157 9867 10060 10049 10330 6636062924206858992
42506 42506 9353 9581 9866 10046 10157 9867 10060 10049 10330 12153628251393466252
42506 42506 9353 9581 9866 10046 10157 9867 10060 10049 10330 684843037454170256
42506 42506 9353 9581 9866 10046 10157 9867 10060 10049 10330 14398694623016787448
42506 42506 9349 9577 9865 10043 10157 9865 10057 10047 10330 5900731141229550304
42614 42614 9349 9577 9865 10043 10157 9865 10063 10047 10330 8949301035960557734
42614 42614 9349 9577 9865 10043 10157 9865 10063 10047 10330 15133565741520315146
43549 43549 9385 9577 9865 10043 10157 9865 10063 10047 10332 18183181394951902264
44082 44082 9384 9572 9863 10057 10156 9862 10065 10056 10332 9462841783579783408
44036 44036 9384 9572 9863 10057 10156 9862 10065 10058 10336 15169779270717975786
43193 43193 9384 9572 9863 10057 10156 9862 10065 10058 10336 16436391318889120522
43193 43193 9384 9572 9863 10057 10156 9862 10065 10058 10336 11729979722225107758
43193 43193 9380 9568 9862 10054 10156 9860 10062 10056 10336 12463209613191831769
43193 43193 9380 9568 9862 10054 10156 9860 10062 10056 10336 6208421590907185333
43193 43193 9380 9568 9862 10054 10156 9860 10062 10056 10336 2385597942220971465
43193 43193 9380 9568 9862 10054 10156 9860 10062 10056 10336 5438400670736967525
43193 43193 9376 9564 9861 10051 10156 9858 10059 10054 10336 7562204581166020258
43193 43193 9376 9564 9861 10051 10156 9858 10059 10054 10336 278412811159172974
43193 43193 9376 9564 9861 10051 10156 9858 10059 10054 10336 15883953142387453346
43193 43193 9376 9564 9861 10051 10156 9858 10059 10054 10336 16501897182365438490
43193 43193 9372 9560 9860 10048 10156 9856 10056 10052 10336 13872608884417280811
43193 43193 9372 9560 9860 10048 10156 9856 10056 10052 10336 12031569770908113279
43193 43193 9372 9560 9860 10048 10156 9856 10056 10052 10336 516487893330290171
43193 43193 9372 9560 9860 10048 10156 9856 10056 10052 10336 15084643766856499855
43193 43193 9368 9556 9859 10045 10156 9854 10053 10050 10336 3011620660930011486
43193 43193 9368 9556 9859 10045 10156 9854 10053 10050 10336 8883966596205766506
43773 43773 9368 9556 9859 10045 10156 9854 10053 10050 10376 11941287844977363462
43773 43773 9368 9556 9859 10045 10156 9854 10053 10050 10376 8926027427830310322
44085 44085 9372 9552 9858 10050 10156 9852 10050 10048 10376 8409712555955106410
44487 44487 9380 9552 9858 10050 10156 9852 10056 10048 10380 17352888915156785436
45044 45044 9388 9552 9858 10050 10156 9852 10062 10056 10384 1055484487979691225
45161 45161 9388 9552 9858 10050 10156 9852 10074 10056 10384 7846455511666212033
45985 45985 9399 9547 9856 10058 10155 9849 10072 10057 10412 17560096184961488746
45854 45854 9399 9547 9856 10058 10155 9849 10072 10057 10412 7432068520728694926
45388 45388 9399 9547 9856 10058 10155 9849 10072 10057 10412 12835655726171561290
45388 45388 9399 9547 9856 10058 10155 9849 10072 10057 10412 100513281210442534
45388 45388 9395 9543 9855 10055 10155 9847 10069 10055 10412 3371270721858060614
45388 45388 9395 9543 9855 10055 10155 9847 10069 10055 10412 7386300652284351794
45388 45388 9395 9543 9855 10055 10155 9847 10069 10055 10412 7147241459118009210
45388 45388 9395 9543 9855 10055 10155 9847 10069 10055 10412 10060786558132517042
45388 45388 9391 9539 9854 10052 10155 9845 10066 10053 10412 9137984455037921382
45388 45388 9391 9539 9854 10052 10155 9845 10066 10053 10412 9957279834926345586
45388 45388 9391 9539 9854 10052 10155 9845 10066 10053 10412 15144195795844764826
45388 45388 9391 9539 9854 10052 10155 9845 10066 10053 10412 7023541057073675658
45388 45388 9387 9535 9853 10049 10155 9843 10063 10051 10412 6129370804052182413
45388 45388 9387 9535 9853 10049 10155 9843 10063 10051 10412 9346469916481100325
45388 45388 9387 9535 9853 10049 10155 9843 10063 10051 10412 16044568061396401377
45388 45388 9387 9535 9853 10049 10155 9843 10063 10051 10412 13028528506797167417
45388 45388 9383 9531 9852 10046 10155 9841 10060 10049 10412 13094209897711472048
45388 45388 9383 9531 9852 10046 10155 9841 10060 10049 10412 7773867558270973480
45388 45388 9383 9531 9852 10046 10155 9841 10060 10049 10412 3166229368334063420
45727 45727 9389 9531 9852 10046 10155 9841 10060 10057 10414 10813589921692611733
45961 45961 9393 9527 9851 10043 10155 9839 10057 10055 10418 9365741970162128054
46455 46455 9413 9527 9851 10043 10155 9839 10057 10055 10418 1003174688675098841
47916 47916 9465 9527 9851 10047 10155 9839 10063 10055 10420 12496122047630627299
47916 47916 9465 9527 9851 10047 10155 9839 10063 10055 10420 11443636511594010448
50360 50360 9550 9522 9849 10051 10154 9836 10065 10056 10438 8263003229678017297
50364 50364 9550 9522 9849 10051 10154 9836 10065 10056 10440 14118194101114299391
50447 50447 9550 9522 9849 10051 10154 9836 10071 10060 10440 2961509651506859505
50447 50447 9550 9522 9849 10051 10154 9836 10071 10060 10440 17879004873838971313
50471 50471 9546 9518 9848 10048 10154 9834 10068 10058 10444 808692655879501004
50471 50471 9546 9518 9848 10048 10154 9834 10068 10058 10444 2160984423486180700
50471 50471 9546 9518 9848 10048 10154 9834 10068 10058 10444 13346366992611320372
50471 50471 9546 9518 9848 10048 10154 9834 10068 10058 10444 8669415598769781540
50471 50471 9542 9514 9847 10045 10154 9832 10065 10056 10444 5372075661021112350
50471 50471 9542 9514 9847 10045 10154 9832 10065 10056 10444 7154165516103444342
50471 50471 9542 9514 9847 10045 10154 9832 10065 10056 10444 15132396923957675950
50471 50471 9542 9514 9847 10045 10154 9832 10065 10056 10444 6609571788818098982
50471 50471 9538 9510 9846 10042 10154 9830 10062 10054 10444 10272834997631770661
50471 50471 9538 9510 9846 10042 10154 9830 10062 10054 10444 5365019759986232889
50747 50747 9550 9510 9846 10042 10154 9830 10062 10054 10444 599688213969023857
51008 51008 9558 9510 9846 10042 10154 9830 10062 10060 10448 12542985925912997816
51008 51008 9554 9506 9845 10039 10154 9828 10059 10058 10448 1111601282193348857
51323 51323 9558 9506 9845 10039 10154 9828 10077 10058 10458 14495635254957323118
51556 51556 9568 9506 9845 10039 10154 9828 10077 10058 10458 200833552220274472
51682 51682 9572 9506 9845 10039 10154 9828 10077 10058 10466 1007679284961314115
51682 51682 9568 9502 9844 10036 10154 9826 10074 10056 10466 8574848312035202746
51682 51682 9568 9502 9844 10036 10154 9826 10074 10056 10466 13740478568445196118
51820 51820 9574 9502 9844 10036 10154 9826 10074 10056 10466 5347746630386050569
