101 719
CONFIG 720 10 3000 10 24 100 0.005 3 4 24 1
ENGINE 1.32.7 bc8a54879ef02c7ea64b8b333d6a976f0ea65c4949149d01f463f23bccee653e
1 9 0 0 1 1 0 1 1 0 1 1 0 1 1 0 1 1 0 1 5 11 2 5 10 2 3 0 7 3 4 12
1 9 0 0 1 1 0 1 1 0 1 1 0 1 1 0 1 1 0 1 5 11 2 5 10 2 3 0 7 3 4 12
6 1 5 10 2 4 0 1 1 0 1 0 0 1 5 11 2 4 0 1 4 0 2
6 1 5 10 2 4 0 1 1 0 1 0 0 1 5 11 2 4 0 1 4 0 2
6 0 14 0 1 1 0 1 1 0 1 0 0 1 5 0 2 1 0 1
6 0 14 0 1 1 0 1 1 0 1 0 0 1 5 0 2 1 0 1
6 0 7 10 1 1 0 1 1 0 1 0 0 1 1 0 1 1 0 1
6 0 7 10 1 1 0 1 1 0 1 0 0 1 1 0 1 1 0 1
6 0 4 0 1 14 0 1 1 0 1 0 0 1 14 0 1 1 0 1
6 0 4 0 1 14 0 1 1 0 1 0 0 1 14 0 1 1 0 1
6 0 14 0 1 4 0 1 8 0 1 0 0 1 7 11 1 1 0 1
6 0 14 0 1 4 0 1 8 0 1 0 0 1 7 11 1 1 0 1
6 0 7 10 1 8 4 1 9 0 1 0 0 1 15 0 1 8 4 1
6 0 7 10 1 8 4 1 9 0 1 0 0 1 15 0 1 8 4 1
6 0 4 0 1 9 0 1 4 0 1 0 0 1 17 0 1 9 0 1
6 0 4 0 1 9 0 1 4 0 1 0 0 1 17 0 1 9 0 1
6 0 14 0 1 4 0 1 8 4 1 0 0 1 4 0 1 4 0 1
6 0 14 0 1 4 0 1 8 4 1 0 0 1 4 0 1 4 0 1
6 0 4 0 1 8 0 1 9 0 1 0 0 1 14 0 1 8 0 1
6 0 4 0 1 8 0 1 9 0 1 0 0 1 14 0 1 8 0 1
6 0 8 0 1 9 0 1 4 0 1 0 0 1 7 11 1 9 0 1
6 0 8 0 1 9 0 1 4 0 1 0 0 1 7 11 1 9 0 1
6 0 9 0 1 4 0 1 8 4 1 0 0 1 15 0 1 4 0 1
6 0 9 0 1 4 0 1 8 4 1 0 0 1 15 0 1 4 0 1
6 0 4 0 1 8 4 1 9 0 1 0 0 1 17 0 1 8 4 1
6 0 4 0 1 8 4 1 9 0 1 0 0 1 17 0 1 8 4 1
6 0 8 4 1 9 0 1 4 0 1 0 0 1 4 0 1 9 0 1
6 0 8 4 1 9 0 1 4 0 1 0 0 1 4 0 1 9 0 1
6 0 9 0 1 4 0 1 8 0 1 0 0 1 8 4 1 4 0 1
6 0 9 0 1 4 0 1 8 0 1 0 0 1 8 4 1 4 0 1
6 0 0 0 1 8 4 1 9 0 1 0 0 1 9 0 1 8 4 1
6 0 0 0 1 8 4 1 9 0 1 0 0 1 9 0 1 8 4 1
6 0 0 0 1 9 0 1 4 0 1 0 0 1 4 0 1 9 0 1
6 0 0 0 1 9 0 1 4 0 1 0 0 1 4 0 1 9 0 1
6 0 0 0 1 0 0 1 8 4 1 0 0 1 8 0 1 4 0 1
6 0 0 0 1 0 0 1 8 4 1 0 0 1 8 0 1 4 0 1
6 0 0 0 1 0 0 1 9 0 1 0 0 1 9 0 1 8 0 1
6 0 0 0 1 0 0 1 9 0 1 0 0 1 9 0 1 8 0 1
6 0 0 0 1 0 0 1 0 0 1 0 0 1 4 0 1 9 0 1
6 0 0 0 1 0 0 1 0 0 1 0 0 1 4 0 1 9 0 1
6 0 0 0 1 0 0 1 0 0 1 0 0 1 8 4 1 0 0 1
6 0 0 0 1 0 0 1 0 0 1 0 0 1 8 4 1 0 0 1
6 0 0 0 1 0 0 1 0 0 1 0 0 1 9 0 1 0 0 1
6 0 0 0 1 0 0 1 0 0 1 0 0 1 9 0 1 0 0 1
6 0 0 0 1 0 0 1 0 0 1 0 0 1 0 0 1 0 0 1
6 0 0 0 1 0 0 1 0 0 1 0 0 1 0 0 1 0 0 1
6 0 0 0 1 0 0 1 0 0 1 0 0 1 0 0 1 0 0 1
6 0 0 0 1 0 0 1 0 0 1 0 0 1 0 0 1 0 0 1
1 1 17 0 1 4 0 3
1 1 17 0 1 4 0 3
1 1 5 0 3 4 0 2
1 1 5 0 3 4 0 2
1 1 15 0 1 4 0 2
1 1 15 0 1 4 0 2
1 1 4 0 1 4 0 2
1 1 4 0 1 4 0 2
1 1 15 0 1 4 0 2
1 1 15 0 1 4 0 2
1 1 17 0 1 4 0 2
1 1 17 0 1 4 0 2
1 1 1 0 1 4 0 2
1 1 1 0 1 4 0 2
1 1 15 0 1 4 0 2
1 1 15 0 1 4 0 2
1 1 17 0 1 4 0 2
1 1 17 0 1 4 0 2
1 1 3 0 1 4 0 2
1 1 3 0 1 4 0 2
1 1 17 0 1 4 0 2
1 1 17 0 1 4 0 2
1 1 16 0 1 4 0 2
1 1 16 0 1 4 0 2
1 1 2 0 1 4 0 2
1 1 2 0 1 4 0 2
1 1 16 0 1 4 0 2
1 1 16 0 1 4 0 2
1 1 6 0 1 4 0 2
1 1 6 0 1 4 0 2
1 2 4 0 1 6 8 2 4 0 2
1 2 4 0 1 6 8 2 4 0 2
1 1 3 0 1 4 0 3
1 1 3 0 1 4 0 3
1 1 5 0 1 4 0 3
1 1 5 0 1 4 0 3
1 1 1 0 1 4 0 2
1 1 1 0 1 4 0 2
1 1 15 0 1 4 0 2
1 1 15 0 1 4 0 2
1 0 4 0 1
1 0 4 0 1
1 0 16 0 1
1 0 16 0 1
1 0 2 0 1
1 0 2 0 1
1 0 16 0 1
1 0 16 0 1
1 6 5 0 2 6 8 2 1 0 1 1 0 1 1 0 1 1 0 1 4 0 3
1 6 5 0 2 6 8 2 1 0 1 1 0 1 1 0 1 1 0 1 4 0 3
5 0 1 0 1 4 0 1 1 0 1 0 0 1 1 0 1
5 0 1 0 1 4 0 1 1 0 1 0 0 1 1 0 1
5 0 15 0 1 1 0 1 17 0 1 0 0 1 1 0 1
5 0 15 0 1 1 0 1 17 0 1 0 0 1 1 0 1
5 2 17 0 1 1 0 1 16 0 1 0 0 1 4 0 1 6 0 1 4 0 1
5 2 17 0 1 1 0 1 16 0 1 0 0 1 4 0 1 6 0 1 4 0 1
5 2 4 0 1 1 0 1 4 0 1 0 0 1 9 0 1 6 0 1 4 0 1
5 2 4 0 1 1 0 1 4 0 1 0 0 1 9 0 1 6 0 1 4 0 1
5 2 15 0 1 9 0 1 17 0 1 0 0 1 4 0 1 6 0 1 4 0 1
5 2 15 0 1 9 0 1 17 0 1 0 0 1 4 0 1 6 0 1 4 0 1
5 2 17 0 1 1 0 1 16 0 1 0 0 1 9 0 1 6 0 2 4 0 2
5 2 17 0 1 1 0 1 16 0 1 0 0 1 9 0 1 6 0 2 4 0 2
5 2 4 0 1 9 0 1 4 0 1 0 0 1 4 0 1 6 0 2 4 0 2
5 2 4 0 1 9 0 1 4 0 1 0 0 1 4 0 1 6 0 2 4 0 2
5 2 9 0 1 4 0 1 4 0 1 0 0 1 9 0 1 6 0 2 4 0 2
5 2 9 0 1 4 0 1 4 0 1 0 0 1 9 0 1 6 0 2 4 0 2
5 2 4 0 1 9 0 1 9 0 1 0 0 1 4 0 1 6 0 2 4 0 2
5 2 4 0 1 9 0 1 9 0 1 0 0 1 4 0 1 6 0 2 4 0 2
5 2 9 0 1 4 0 1 4 0 1 0 0 1 9 0 1 6 0 2 4 0 2
5 2 9 0 1 4 0 1 4 0 1 0 0 1 9 0 1 6 0 2 4 0 2
5 2 4 0 1 9 0 1 9 0 1 0 0 1 1 0 1 6 0 2 4 0 2
5 2 4 0 1 9 0 1 9 0 1 0 0 1 1 0 1 6 0 2 4 0 2
5 2 9 0 1 4 0 1 0 0 1 0 0 1 9 0 1 6 0 2 4 0 2
5 2 9 0 1 4 0 1 0 0 1 0 0 1 9 0 1 6 0 2 4 0 2
5 2 3 0 1 9 0 1 0 0 1 0 0 1 3 0 1 6 0 2 4 0 2
5 2 3 0 1 9 0 1 0 0 1 0 0 1 3 0 1 6 0 2 4 0 2
5 2 3 0 1 4 0 1 0 0 1 0 0 1 9 0 1 6 0 2 4 0 2
5 2 3 0 1 4 0 1 0 0 1 0 0 1 9 0 1 6 0 2 4 0 2
5 2 3 0 1 9 0 1 0 0 1 0 0 1 3 0 1 6 0 2 4 0 2
5 2 3 0 1 9 0 1 0 0 1 0 0 1 3 0 1 6 0 2 4 0 2
5 2 16 0 1 0 0 1 0 0 1 0 0 1 9 0 1 6 0 2 4 0 2
5 2 16 0 1 0 0 1 0 0 1 0 0 1 9 0 1 6 0 2 4 0 2
5 2 3 0 1 0 0 1 0 0 1 0 0 1 3 0 1 6 0 2 4 0 2
5 2 3 0 1 0 0 1 0 0 1 0 0 1 3 0 1 6 0 2 4 0 2
5 2 16 0 1 0 0 1 0 0 1 0 0 1 9 0 1 6 0 2 4 0 2
5 2 16 0 1 0 0 1 0 0 1 0 0 1 9 0 1 6 0 2 4 0 2
5 2 0 0 1 0 0 1 0 0 1 0 0 1 0 0 1 6 0 2 4 0 2
5 2 0 0 1 0 0 1 0 0 1 0 0 1 0 0 1 6 0 2 4 0 2
5 1 0 0 1 0 0 1 0 0 1 0 0 1 0 0 1 6 0 2
5 1 0 0 1 0 0 1 0 0 1 0 0 1 0 0 1 6 0 2
5 0 0 0 1 0 0 1 0 0 1 0 0 1 0 0 1
5 0 0 0 1 0 0 1 0 0 1 0 0 1 0 0 1
5 0 0 0 1 0 0 1 0 0 1 0 0 1 0 0 1
5 0 0 0 1 0 0 1 0 0 1 0 0 1 0 0 1
5 0 0 0 1 0 0 1 0 0 1 0 0 1 0 0 1
5 0 0 0 1 0 0 1 0 0 1 0 0 1 0 0 1
1 8 5 0 4 6 8 4 1 0 1 1 0 1 1 0 1 1 0 1 1 0 1 4 0 4 5 10 1
1 8 5 0 4 6 8 4 1 0 1 1 0 1 1 0 1 1 0 1 1 0 1 4 0 4 5 10 1
6 0 15 0 1 4 0 1 1 0 1 0 0 1 5 10 1 4 0 1
6 0 15 0 1 4 0 1 1 0 1 0 0 1 5 10 1 4 0 1
6 1 17 0 1 1 0 1 1 0 1 0 0 1 4 0 1 1 0 1 4 0 1
6 1 17 0 1 1 0 1 1 0 1 0 0 1 4 0 1 1 0 1 4 0 1
6 0 4 0 1 1 0 1 1 0 1 0 0 1 4 0 1 1 0 1
6 0 4 0 1 1 0 1 1 0 1 0 0 1 4 0 1 1 0 1
6 0 15 0 1 4 0 1 1 0 1 0 0 1 7 10 1 1 0 1
6 0 15 0 1 4 0 1 1 0 1 0 0 1 7 10 1 1 0 1
6 1 17 0 1 4 0 1 9 0 1 0 0 1 4 0 1 1 0 1 4 0 1
6 1 17 0 1 4 0 1 9 0 1 0 0 1 4 0 1 1 0 1 4 0 1
6 1 1 0 1 9 0 1 4 0 1 0 0 1 9 0 1 4 0 1 4 0 1
6 1 1 0 1 9 0 1 4 0 1 0 0 1 9 0 1 4 0 1 4 0 1
6 1 15 0 1 0 0 1 4 0 1 0 0 1 1 0 1 9 0 1 4 0 1
6 1 15 0 1 0 0 1 4 0 1 0 0 1 1 0 1 9 0 1 4 0 1
6 1 17 0 1 0 0 1 4 0 1 0 0 1 9 0 1 4 0 1 4 0 2
6 1 17 0 1 0 0 1 4 0 1 0 0 1 9 0 1 4 0 1 4 0 2
6 1 3 0 1 0 0 1 9 0 1 0 0 1 0 0 1 4 0 1 4 0 2
6 1 3 0 1 0 0 1 9 0 1 0 0 1 0 0 1 4 0 1 4 0 2
6 1 15 0 1 0 0 1 0 0 1 0 0 1 0 0 1 4 0 1 4 0 2
6 1 15 0 1 0 0 1 0 0 1 0 0 1 0 0 1 4 0 1 4 0 2
6 2 17 0 1 0 0 1 0 0 1 0 0 1 0 0 1 9 0 1 6 0 1 4 0 3
6 2 17 0 1 0 0 1 0 0 1 0 0 1 0 0 1 9 0 1 6 0 1 4 0 3
6 2 16 0 1 0 0 1 0 0 1 0 0 1 0 0 1 0 0 1 6 0 1 4 0 3
6 2 16 0 1 0 0 1 0 0 1 0 0 1 0 0 1 0 0 1 6 0 1 4 0 3
6 2 2 0 1 0 0 1 0 0 1 0 0 1 0 0 1 0 0 1 6 0 1 4 0 3
6 2 2 0 1 0 0 1 0 0 1 0 0 1 0 0 1 0 0 1 6 0 1 4 0 3
6 2 16 0 1 0 0 1 0 0 1 0 0 1 0 0 1 0 0 1 6 0 1 4 0 3
6 2 16 0 1 0 0 1 0 0 1 0 0 1 0 0 1 0 0 1 6 0 1 4 0 3
6 2 4 0 1 0 0 1 0 0 1 0 0 1 0 0 1 0 0 1 6 0 1 4 0 3
6 2 4 0 1 0 0 1 0 0 1 0 0 1 0 0 1 0 0 1 6 0 1 4 0 3
6 2 16 0 1 0 0 1 0 0 1 0 0 1 0 0 1 0 0 1 6 0 1 4 0 3
6 2 16 0 1 0 0 1 0 0 1 0 0 1 0 0 1 0 0 1 6 0 1 4 0 3
6 2 1 0 1 0 0 1 0 0 1 0 0 1 0 0 1 0 0 1 6 0 1 4 0 3
6 2 1 0 1 0 0 1 0 0 1 0 0 1 0 0 1 0 0 1 6 0 1 4 0 3
6 2 16 0 1 0 0 1 0 0 1 0 0 1 0 0 1 0 0 1 6 0 1 4 0 3
6 2 16 0 1 0 0 1 0 0 1 0 0 1 0 0 1 0 0 1 6 0 1 4 0 3
6 2 0 0 1 0 0 1 0 0 1 0 0 1 0 0 1 0 0 1 6 0 1 4 0 3
6 2 0 0 1 0 0 1 0 0 1 0 0 1 0 0 1 0 0 1 6 0 1 4 0 3
6 1 0 0 1 0 0 1 0 0 1 0 0 1 0 0 1 0 0 1 6 0 1
6 1 0 0 1 0 0 1 0 0 1 0 0 1 0 0 1 0 0 1 6 0 1
6 0 0 0 1 0 0 1 0 0 1 0 0 1 0 0 1 0 0 1
6 0 0 0 1 0 0 1 0 0 1 0 0 1 0 0 1 0 0 1
6 0 0 0 1 0 0 1 0 0 1 0 0 1 0 0 1 0 0 1
6 0 0 0 1 0 0 1 0 0 1 0 0 1 0 0 1 0 0 1
6 0 0 0 1 0 0 1 0 0 1 0 0 1 0 0 1 0 0 1
6 0 0 0 1 0 0 1 0 0 1 0 0 1 0 0 1 0 0 1
1 9 5 0 3 6 8 4 4 0 1 1 0 1 1 0 1 1 0 1 1 0 1 1 0 1 4 0 5 3 0 7
1 9 5 0 3 6 8 4 4 0 1 1 0 1 1 0 1 1 0 1 1 0 1 1 0 1 4 0 5 3 0 7
6 0 15 0 1 4 0 1 1 0 1 0 0 1 5 0 2 4 0 1
6 0 15 0 1 4 0 1 1 0 1 0 0 1 5 0 2 4 0 1
6 1 17 0 1 1 0 1 1 0 1 0 0 1 1 0 1 1 0 1 4 0 1
6 1 17 0 1 1 0 1 1 0 1 0 0 1 1 0 1 1 0 1 4 0 1
6 0 4 0 1 1 0 1 1 0 1 0 0 1 15 0 1 1 0 1
6 0 4 0 1 1 0 1 1 0 1 0 0 1 15 0 1 1 0 1
6 1 15 0 1 4 0 1 4 0 1 0 0 1 17 0 1 1 0 1 4 0 1
6 1 15 0 1 4 0 1 4 0 1 0 0 1 17 0 1 1 0 1 4 0 1
6 1 17 0 1 9 0 1 9 0 1 0 0 1 4 0 1 1 0 1 4 0 1
6 1 17 0 1 9 0 1 9 0 1 0 0 1 4 0 1 1 0 1 4 0 1
6 1 4 0 1 1 0 1 4 0 1 0 0 1 15 0 1 9 0 1 6 0 1
6 1 4 0 1 1 0 1 4 0 1 0 0 1 15 0 1 9 0 1 6 0 1
6 2 15 0 1 9 0 1 4 0 1 0 0 1 17 0 1 4 0 1 6 0 1 4 0 2
6 2 15 0 1 9 0 1 4 0 1 0 0 1 17 0 1 4 0 1 6 0 1 4 0 2
6 2 17 0 1 4 0 1 9 0 1 0 0 1 4 0 1 9 0 1 6 0 3 4 0 2
6 2 17 0 1 4 0 1 9 0 1 0 0 1 4 0 1 9 0 1 6 0 3 4 0 2
6 1 4 0 1 9 0 1 4 0 1 0 0 1 9 0 1 10 0 1 4 0 3
6 1 4 0 1 9 0 1 4 0 1 0 0 1 9 0 1 10 0 1 4 0 3
6 0 9 0 1 3 0 1 9 0 1 0 0 1 4 0 1 8 0 1
6 0 9 0 1 3 0 1 9 0 1 0 0 1 4 0 1 8 0 1
6 0 10 0 1 3 0 1 1 0 1 0 0 1 9 0 1 9 0 1
6 0 10 0 1 3 0 1 1 0 1 0 0 1 9 0 1 9 0 1
6 0 4 0 1 9 0 1 9 0 1 0 0 1 10 0 1 4 0 1
6 0 4 0 1 9 0 1 9 0 1 0 0 1 10 0 1 4 0 1
6 0 9 0 1 10 0 1 1 0 1 0 0 1 8 0 1 9 0 1
6 0 9 0 1 10 0 1 1 0 1 0 0 1 8 0 1 9 0 1
6 0 1 0 1 8 0 1 3 0 1 0 0 1 9 0 1 4 0 1
6 0 1 0 1 8 0 1 3 0 1 0 0 1 9 0 1 4 0 1
6 0 9 0 1 9 0 1 9 0 1 0 0 1 3 0 1 9 0 1
6 0 9 0 1 9 0 1 9 0 1 0 0 1 3 0 1 9 0 1
6 0 2 0 1 2 0 1 2 0 1 0 0 1 3 0 1 4 0 1
6 0 2 0 1 2 0 1 2 0 1 0 0 1 3 0 1 4 0 1
6 0 3 0 1 4 0 1 9 0 1 0 0 1 16 0 1 9 0 1
6 0 3 0 1 4 0 1 9 0 1 0 0 1 16 0 1 9 0 1
6 0 8 0 1 4 0 1 10 0 1 0 0 1 3 0 1 10 0 1
6 0 8 0 1 4 0 1 10 0 1 0 0 1 3 0 1 10 0 1
6 0 9 0 1 9 0 1 8 0 1 0 0 1 16 0 1 8 0 1
6 0 9 0 1 9 0 1 8 0 1 0 0 1 16 0 1 8 0 1
6 0 3 0 1 10 0 1 9 0 1 0 0 1 2 0 1 9 0 1
6 0 3 0 1 10 0 1 9 0 1 0 0 1 2 0 1 9 0 1
6 0 16 0 1 8 0 1 2 0 1 0 0 1 6 0 1 2 0 1
6 0 16 0 1 8 0 1 2 0 1 0 0 1 6 0 1 2 0 1
6 2 3 0 1 9 0 1 2 0 1 0 0 1 0 0 1 2 0 1 6 0 3 6 8 2
6 2 3 0 1 9 0 1 2 0 1 0 0 1 0 0 1 2 0 1 6 0 3 6 8 2
6 0 16 0 1 2 0 1 2 0 1 0 0 1 16 0 1 2 0 1
6 0 16 0 1 2 0 1 2 0 1 0 0 1 16 0 1 2 0 1
1 4 5 0 4 6 0 25 6 8 3 1 0 1 5 10 1
1 4 5 0 4 6 0 25 6 8 3 1 0 1 5 10 1
2 0 5 10 1 4 0 1
2 0 5 10 1 4 0 1
2 0 15 0 1 4 0 1
2 0 15 0 1 4 0 1
2 0 17 0 1 4 0 1
2 0 17 0 1 4 0 1
2 0 4 0 1 17 0 1
2 0 4 0 1 17 0 1
2 0 15 0 1 16 0 1
2 0 15 0 1 16 0 1
2 0 17 0 1 0 0 1
2 0 17 0 1 0 0 1
2 0 1 0 1 0 0 1
2 0 1 0 1 0 0 1
2 0 15 0 1 0 0 1
2 0 15 0 1 0 0 1
2 0 17 0 1 0 0 1
2 0 17 0 1 0 0 1
2 0 3 0 1 0 0 1
2 0 3 0 1 0 0 1
2 0 15 0 1 3 0 1
2 0 15 0 1 3 0 1
2 0 17 0 1 16 0 1
2 0 17 0 1 16 0 1
2 0 1 0 1 0 0 1
2 0 1 0 1 0 0 1
2 0 7 10 1 3 0 1
2 0 7 10 1 3 0 1
2 0 2 0 1 0 0 1
2 0 2 0 1 0 0 1
2 0 16 0 1 16 0 1
2 0 16 0 1 16 0 1
2 0 4 0 1 0 0 1
2 0 4 0 1 0 0 1
2 0 16 0 1 0 0 1
2 0 16 0 1 0 0 1
2 0 0 0 1 0 0 1
2 0 0 0 1 0 0 1
2 0 0 0 1 0 0 1
2 0 0 0 1 0 0 1
2 0 0 0 1 0 0 1
2 0 0 0 1 0 0 1
2 0 0 0 1 0 0 1
2 0 0 0 1 0 0 1
2 0 0 0 1 0 0 1
2 0 0 0 1 0 0 1
1 7 5 0 3 6 8 5 4 0 1 1 0 1 1 0 1 1 0 1 1 0 1 4 0 6
1 7 5 0 3 6 8 5 4 0 1 1 0 1 1 0 1 1 0 1 1 0 1 4 0 6
5 0 15 0 1 4 0 1 1 0 1 0 0 1 5 0 3
5 0 15 0 1 4 0 1 1 0 1 0 0 1 5 0 3
5 1 17 0 1 1 0 1 1 0 1 0 0 1 1 0 1 4 0 1
5 1 17 0 1 1 0 1 1 0 1 0 0 1 1 0 1 4 0 1
5 0 4 0 1 1 0 1 1 0 1 0 0 1 15 0 1
5 0 4 0 1 1 0 1 1 0 1 0 0 1 15 0 1
5 1 15 0 1 4 0 1 1 0 1 0 0 1 17 0 1 4 0 1
5 1 15 0 1 4 0 1 1 0 1 0 0 1 17 0 1 4 0 1
5 1 17 0 1 9 0 1 9 0 1 0 0 1 4 0 1 4 0 1
5 1 17 0 1 9 0 1 9 0 1 0 0 1 4 0 1 4 0 1
5 0 4 0 1 4 0 1 1 0 1 0 0 1 15 0 1
5 0 4 0 1 4 0 1 1 0 1 0 0 1 15 0 1
5 2 15 0 1 9 0 1 9 0 1 0 0 1 17 0 1 6 0 1 4 0 1
5 2 15 0 1 9 0 1 9 0 1 0 0 1 17 0 1 6 0 1 4 0 1
5 2 17 0 1 4 0 1 4 0 1 0 0 1 1 0 1 6 0 2 4 0 2
5 2 17 0 1 4 0 1 4 0 1 0 0 1 1 0 1 6 0 2 4 0 2
5 2 4 0 1 9 0 1 9 0 1 0 0 1 3 0 1 6 0 2 4 0 2
5 2 4 0 1 9 0 1 9 0 1 0 0 1 3 0 1 6 0 2 4 0 2
5 2 9 0 1 4 0 1 4 0 1 0 0 1 15 0 1 6 0 2 4 0 2
5 2 9 0 1 4 0 1 4 0 1 0 0 1 15 0 1 6 0 2 4 0 2
5 2 4 0 1 9 0 1 9 0 1 0 0 1 17 0 1 6 0 3 4 0 3
5 2 4 0 1 9 0 1 9 0 1 0 0 1 17 0 1 6 0 3 4 0 3
5 1 9 0 1 1 0 1 4 0 1 0 0 1 1 0 1 4 0 3
5 1 9 0 1 1 0 1 4 0 1 0 0 1 1 0 1 4 0 3
5 0 1 0 1 9 0 1 9 0 1 0 0 1 4 0 1
5 0 1 0 1 9 0 1 9 0 1 0 0 1 4 0 1
5 0 9 0 1 3 0 1 4 0 1 0 0 1 9 0 1
5 0 9 0 1 3 0 1 4 0 1 0 0 1 9 0 1
5 0 3 0 1 9 0 1 9 0 1 0 0 1 2 0 1
5 0 3 0 1 9 0 1 9 0 1 0 0 1 2 0 1
5 0 9 0 1 3 0 1 0 0 1 0 0 1 3 0 1
5 0 9 0 1 3 0 1 0 0 1 0 0 1 3 0 1
5 0 3 0 1 9 0 1 0 0 1 0 0 1 16 0 1
5 0 3 0 1 9 0 1 0 0 1 0 0 1 16 0 1
5 0 9 0 1 2 0 1 0 0 1 0 0 1 2 0 1
5 0 9 0 1 2 0 1 0 0 1 0 0 1 2 0 1
5 0 2 0 1 2 0 1 0 0 1 0 0 1 10 0 1
5 0 2 0 1 2 0 1 0 0 1 0 0 1 10 0 1
5 0 16 0 1 2 0 1 0 0 1 0 0 1 16 0 1
5 0 16 0 1 2 0 1 0 0 1 0 0 1 16 0 1
5 0 3 0 1 3 0 1 0 0 1 0 0 1 4 0 1
5 0 3 0 1 3 0 1 0 0 1 0 0 1 4 0 1
5 0 16 0 1 3 0 1 0 0 1 0 0 1 10 0 1
5 0 16 0 1 3 0 1 0 0 1 0 0 1 10 0 1
5 0 3 0 1 16 0 1 0 0 1 0 0 1 16 0 1
5 0 3 0 1 16 0 1 0 0 1 0 0 1 16 0 1
1 10 5 0 5 6 7 12 6 8 6 6 0 1 1 0 1 1 0 1 1 0 1 1 0 1 2 0 1 5 11 2 5 10 2
1 10 5 0 5 6 7 12 6 8 6 6 0 1 1 0 1 1 0 1 1 0 1 1 0 1 2 0 1 5 11 2 5 10 2
5 4 15 0 1 5 10 2 1 0 1 1 0 1 4 0 1 1 0 1 1 0 1 4 0 9 3 3 8
5 4 15 0 1 5 10 2 1 0 1 1 0 1 4 0 1 1 0 1 1 0 1 4 0 9 3 3 8
7 1 17 0 1 14 0 1 1 0 1 5 0 2 4 0 1 1 0 1 1 0 1 4 0 1
7 1 17 0 1 14 0 1 1 0 1 5 0 2 4 0 1 1 0 1 1 0 1 4 0 1
7 0 4 0 1 7 10 1 4 0 1 5 11 2 4 0 1 1 0 1 1 0 1
7 0 4 0 1 7 10 1 4 0 1 5 11 2 4 0 1 1 0 1 1 0 1
7 0 15 0 1 3 0 1 4 0 1 1 0 1 9 0 1 1 0 1 1 0 1
7 0 15 0 1 3 0 1 4 0 1 1 0 1 9 0 1 1 0 1 1 0 1
7 1 17 0 1 14 0 1 9 0 1 14 0 1 4 0 1 17 0 1 14 0 1 4 0 1
7 1 17 0 1 14 0 1 9 0 1 14 0 1 4 0 1 17 0 1 14 0 1 4 0 1
7 0 4 0 1 7 10 1 4 0 1 7 11 1 9 0 1 16 0 1 3 0 1
7 0 4 0 1 7 10 1 4 0 1 7 11 1 9 0 1 16 0 1 3 0 1
7 0 15 0 1 3 0 1 9 0 1 15 0 1 1 0 1 4 0 1 8 3 1
7 0 15 0 1 3 0 1 9 0 1 15 0 1 1 0 1 4 0 1 8 3 1
7 2 17 0 1 14 0 1 1 0 1 17 0 1 9 0 1 9 0 1 9 0 1 6 0 2 4 0 2
7 2 17 0 1 14 0 1 1 0 1 17 0 1 9 0 1 9 0 1 9 0 1 6 0 2 4 0 2
7 2 1 0 1 3 0 1 9 0 1 3 0 1 1 0 1 4 0 1 3 0 1 6 0 2 4 0 2
7 2 1 0 1 3 0 1 9 0 1 3 0 1 1 0 1 4 0 1 3 0 1 6 0 2 4 0 2
7 2 3 0 1 8 3 1 1 0 1 14 0 1 9 0 1 9 0 1 3 0 1 6 0 2 4 0 2
7 2 3 0 1 8 3 1 1 0 1 14 0 1 9 0 1 9 0 1 3 0 1 6 0 2 4 0 2
7 2 15 0 1 9 0 1 9 0 1 7 11 1 1 0 1 1 0 1 8 3 1 6 0 2 4 0 2
7 2 15 0 1 9 0 1 9 0 1 7 11 1 1 0 1 1 0 1 8 3 1 6 0 2 4 0 2
7 2 17 0 1 3 0 1 3 0 1 15 0 1 9 0 1 3 0 1 9 0 1 6 0 3 4 0 3
7 2 17 0 1 3 0 1 3 0 1 15 0 1 9 0 1 3 0 1 9 0 1 6 0 3 4 0 3
7 2 3 0 1 8 3 1 9 0 1 17 0 1 1 0 1 9 0 1 2 0 1 6 0 4 4 0 4
7 2 3 0 1 8 3 1 9 0 1 17 0 1 1 0 1 9 0 1 2 0 1 6 0 4 4 0 4
7 2 15 0 1 9 0 1 3 0 1 3 0 1 9 0 1 1 0 1 8 3 1 6 0 4 4 0 4
7 2 15 0 1 9 0 1 3 0 1 3 0 1 9 0 1 1 0 1 8 3 1 6 0 4 4 0 4
7 2 17 0 1 1 0 1 3 0 1 8 3 1 3 0 1 9 0 1 9 0 1 6 0 5 4 0 5
7 2 17 0 1 1 0 1 3 0 1 8 3 1 3 0 1 9 0 1 9 0 1 6 0 5 4 0 5
7 2 16 0 1 8 3 1 9 0 1 9 0 1 9 0 1 2 0 1 1 0 1 6 0 5 4 0 5
7 2 16 0 1 8 3 1 9 0 1 9 0 1 9 0 1 2 0 1 1 0 1 6 0 5 4 0 5
7 2 2 0 1 9 0 1 1 0 1 1 0 1 3 0 1 2 0 1 3 0 1 6 0 5 4 0 5
7 2 2 0 1 9 0 1 1 0 1 1 0 1 3 0 1 2 0 1 3 0 1 6 0 5 4 0 5
7 2 16 0 1 1 0 1 9 0 1 8 3 1 9 0 1 2 0 1 0 0 1 6 0 5 4 0 5
7 2 16 0 1 1 0 1 9 0 1 8 3 1 9 0 1 2 0 1 0 0 1 6 0 5 4 0 5
7 2 4 0 1 0 0 1 2 0 1 9 0 1 0 0 1 0 0 1 0 0 1 6 0 5 4 0 5
7 2 4 0 1 0 0 1 2 0 1 9 0 1 0 0 1 0 0 1 0 0 1 6 0 5 4 0 5
7 1 16 0 1 0 0 1 2 0 1 0 0 1 0 0 1 0 0 1 0 0 1 6 0 5
7 1 16 0 1 0 0 1 2 0 1 0 0 1 0 0 1 0 0 1 0 0 1 6 0 5
7 0 4 0 1 0 0 1 2 0 1 0 0 1 0 0 1 0 0 1 0 0 1
7 0 4 0 1 0 0 1 2 0 1 0 0 1 0 0 1 0 0 1 0 0 1
7 0 16 0 1 0 0 1 4 0 1 0 0 1 0 0 1 0 0 1 0 0 1
7 0 16 0 1 0 0 1 4 0 1 0 0 1 0 0 1 0 0 1 0 0 1
7 0 1 0 1 0 0 1 16 0 1 0 0 1 0 0 1 0 0 1 0 0 1
7 0 1 0 1 0 0 1 16 0 1 0 0 1 0 0 1 0 0 1 0 0 1
1 8 5 0 3 6 8 6 1 0 1 1 0 1 1 0 1 1 0 1 1 0 1 3 0 7 3 3 4
1 8 5 0 3 6 8 6 1 0 1 1 0 1 1 0 1 1 0 1 1 0 1 3 0 7 3 3 4
6 5 15 0 1 5 0 4 1 0 1 1 0 1 5 0 2 1 0 1 1 0 1 1 0 1 1 0 1 1 0 1 4 0 10
6 5 15 0 1 5 0 4 1 0 1 1 0 1 5 0 2 1 0 1 1 0 1 1 0 1 1 0 1 1 0 1 4 0 10
10 1 17 0 1 15 0 1 5 0 1 1 0 1 1 0 1 1 0 1 1 0 1 1 0 1 1 0 1 1 0 1 4 0 8
10 1 17 0 1 15 0 1 5 0 1 1 0 1 1 0 1 1 0 1 1 0 1 1 0 1 1 0 1 1 0 1 4 0 8
10 1 4 0 1 17 0 1 1 0 1 1 0 1 15 0 1 3 0 1 1 0 1 1 0 1 1 0 1 1 0 1 4 0 9
10 1 4 0 1 17 0 1 1 0 1 1 0 1 15 0 1 3 0 1 1 0 1 1 0 1 1 0 1 1 0 1 4 0 9
10 1 15 0 1 3 0 1 1 0 1 1 0 1 17 0 1 3 0 1 1 0 1 1 0 1 4 0 1 1 0 1 4 0 10
10 1 15 0 1 3 0 1 1 0 1 1 0 1 17 0 1 3 0 1 1 0 1 1 0 1 4 0 1 1 0 1 4 0 10
10 1 17 0 1 15 0 1 15 0 1 8 3 1 4 0 1 3 0 1 1 0 1 4 0 1 4 0 1 1 0 1 4 0 10
10 1 17 0 1 15 0 1 15 0 1 8 3 1 4 0 1 3 0 1 1 0 1 4 0 1 4 0 1 1 0 1 4 0 10
10 1 4 0 1 17 0 1 17 0 1 9 0 1 15 0 1 3 0 1 4 0 1 4 0 1 9 0 1 9 0 1 4 0 10
10 1 4 0 1 17 0 1 17 0 1 9 0 1 15 0 1 3 0 1 4 0 1 4 0 1 9 0 1 9 0 1 4 0 10
10 1 15 0 1 1 0 1 16 0 1 3 0 1 17 0 1 8 3 1 4 0 1 9 0 1 4 0 1 1 0 1 4 0 10
10 1 15 0 1 1 0 1 16 0 1 3 0 1 17 0 1 8 3 1 4 0 1 9 0 1 4 0 1 1 0 1 4 0 10
10 1 17 0 1 15 0 1 1 0 1 8 3 1 16 0 1 9 0 1 4 0 1 4 0 1 9 0 1 4 0 1 4 0 10
10 1 17 0 1 15 0 1 1 0 1 8 3 1 16 0 1 9 0 1 4 0 1 4 0 1 9 0 1 4 0 1 4 0 10
10 1 16 0 1 17 0 1 9 0 1 9 0 1 4 0 1 1 0 1 9 0 1 4 0 1 4 0 1 9 0 1 4 0 10
10 1 16 0 1 17 0 1 9 0 1 9 0 1 4 0 1 1 0 1 9 0 1 4 0 1 4 0 1 9 0 1 4 0 10
10 1 4 0 1 4 0 1 10 0 1 2 0 1 4 0 1 8 3 1 10 0 1 9 0 1 9 0 1 4 0 1 4 0 10
10 1 4 0 1 4 0 1 10 0 1 2 0 1 4 0 1 8 3 1 10 0 1 9 0 1 9 0 1 4 0 1 4 0 10
10 1 9 0 1 15 0 1 8 0 1 2 0 1 10 0 1 9 0 1 8 0 1 4 0 1 0 0 1 9 0 1 4 0 8
10 1 9 0 1 15 0 1 8 0 1 2 0 1 10 0 1 9 0 1 8 0 1 4 0 1 0 0 1 9 0 1 4 0 8
10 1 10 0 1 17 0 1 9 0 1 2 0 1 8 0 1 0 0 1 9 0 1 9 0 1 0 0 1 10 0 1 4 0 5
10 1 10 0 1 17 0 1 9 0 1 2 0 1 8 0 1 0 0 1 9 0 1 9 0 1 0 0 1 10 0 1 4 0 5
10 0 8 0 1 16 0 1 1 0 1 4 0 1 9 0 1 0 0 1 1 0 1 1 0 1 0 0 1 2 0 1
10 0 8 0 1 16 0 1 1 0 1 4 0 1 9 0 1 0 0 1 1 0 1 1 0 1 0 0 1 2 0 1
10 0 9 0 1 2 0 1 4 0 1 4 0 1 1 0 1 0 0 1 4 0 1 9 0 1 0 0 1 9 0 1
10 0 9 0 1 2 0 1 4 0 1 4 0 1 1 0 1 0 0 1 4 0 1 9 0 1 0 0 1 9 0 1
10 0 4 0 1 16 0 1 8 0 1 16 0 1 3 0 1 0 0 1 9 0 1 3 0 1 0 0 1 2 0 1
10 0 4 0 1 16 0 1 8 0 1 16 0 1 3 0 1 0 0 1 9 0 1 3 0 1 0 0 1 2 0 1
10 0 9 0 1 3 0 1 9 0 1 0 0 1 9 0 1 0 0 1 10 0 1 3 0 1 0 0 1 2 0 1
10 0 9 0 1 3 0 1 9 0 1 0 0 1 9 0 1 0 0 1 10 0 1 3 0 1 0 0 1 2 0 1
10 0 3 0 1 16 0 1 4 0 1 0 0 1 10 0 1 0 0 1 8 0 1 9 0 1 0 0 1 2 0 1
10 0 3 0 1 16 0 1 4 0 1 0 0 1 10 0 1 0 0 1 8 0 1 9 0 1 0 0 1 2 0 1
10 0 3 0 1 1 0 1 9 0 1 0 0 1 8 0 1 0 0 1 9 0 1 0 0 1 0 0 1 10 0 1
10 0 3 0 1 1 0 1 9 0 1 0 0 1 8 0 1 0 0 1 9 0 1 0 0 1 0 0 1 10 0 1
10 0 3 0 1 16 0 1 4 0 1 0 0 1 9 0 1 0 0 1 2 0 1 0 0 1 0 0 1 16 0 1
10 0 3 0 1 16 0 1 4 0 1 0 0 1 9 0 1 0 0 1 2 0 1 0 0 1 0 0 1 16 0 1
10 0 3 0 1 0 0 1 9 0 1 0 0 1 2 0 1 0 0 1 2 0 1 0 0 1 0 0 1 3 0 1
10 0 3 0 1 0 0 1 9 0 1 0 0 1 2 0 1 0 0 1 2 0 1 0 0 1 0 0 1 3 0 1
10 1 6 0 1 0 0 1 2 0 1 0 0 1 3 0 1 0 0 1 2 0 1 0 0 1 0 0 1 6 0 1 6 6 6
10 1 6 0 1 0 0 1 2 0 1 0 0 1 3 0 1 0 0 1 2 0 1 0 0 1 0 0 1 6 0 1 6 6 6
10 1 10 0 1 0 0 1 2 0 1 0 0 1 3 0 1 0 0 1 2 0 1 0 0 1 0 0 1 0 0 1 6 8 2
10 1 10 0 1 0 0 1 2 0 1 0 0 1 3 0 1 0 0 1 2 0 1 0 0 1 0 0 1 0 0 1 6 8 2
10 1 6 0 1 0 0 1 2 0 1 0 0 1 16 0 1 0 0 1 3 0 1 0 0 1 0 0 1 0 0 1 6 6 6
10 1 6 0 1 0 0 1 2 0 1 0 0 1 16 0 1 0 0 1 3 0 1 0 0 1 0 0 1 0 0 1 6 6 6
1 9 5 0 5 6 8 1 1 0 1 1 0 1 1 0 1 1 0 1 1 0 1 5 10 2 3 3 7 6 0 13
1 9 5 0 5 6 8 1 1 0 1 1 0 1 1 0 1 1 0 1 1 0 1 5 10 2 3 3 7 6 0 13
6 5 15 0 1 5 0 2 1 0 1 1 0 1 5 0 1 1 0 1 1 0 1 1 0 1 1 0 1 1 0 1 1 0 1
6 5 15 0 1 5 0 2 1 0 1 1 0 1 5 0 1 1 0 1 1 0 1 1 0 1 1 0 1 1 0 1 1 0 1
11 0 17 0 1 1 0 1 1 0 1 5 10 1 1 0 1 1 0 1 1 0 1 1 0 1 1 0 1 1 0 1 5 10 1
11 0 17 0 1 1 0 1 1 0 1 5 10 1 1 0 1 1 0 1 1 0 1 1 0 1 1 0 1 1 0 1 5 10 1
11 0 4 0 1 15 0 1 4 0 1 3 0 1 1 0 1 3 0 1 1 0 1 1 0 1 1 0 1 1 0 1 1 0 1
11 0 4 0 1 15 0 1 4 0 1 3 0 1 1 0 1 3 0 1 1 0 1 1 0 1 1 0 1 1 0 1 1 0 1
11 0 15 0 1 17 0 1 4 0 1 3 0 1 15 0 1 9 0 1 1 0 1 1 0 1 1 0 1 1 0 1 1 0 1
11 0 15 0 1 17 0 1 4 0 1 3 0 1 15 0 1 9 0 1 1 0 1 1 0 1 1 0 1 1 0 1 1 0 1
11 0 17 0 1 3 0 1 9 0 1 7 10 1 17 0 1 3 0 1 1 0 1 1 0 1 1 0 1 1 0 1 7 10 1
11 0 17 0 1 3 0 1 9 0 1 7 10 1 17 0 1 3 0 1 1 0 1 1 0 1 1 0 1 1 0 1 7 10 1
11 0 4 0 1 15 0 1 2 0 1 4 0 1 16 0 1 9 0 1 4 0 1 3 0 1 1 0 1 1 0 1 0 0 1
11 0 4 0 1 15 0 1 2 0 1 4 0 1 16 0 1 9 0 1 4 0 1 3 0 1 1 0 1 1 0 1 0 0 1
11 0 15 0 1 17 0 1 4 0 1 17 0 1 4 0 1 3 0 1 9 0 1 3 0 1 9 0 1 8 3 1 0 0 1
11 0 15 0 1 17 0 1 4 0 1 17 0 1 4 0 1 3 0 1 9 0 1 3 0 1 9 0 1 8 3 1 0 0 1
11 0 17 0 1 3 0 1 4 0 1 16 0 1 9 0 1 9 0 1 4 0 1 8 3 1 4 0 1 9 0 1 0 0 1
11 0 17 0 1 3 0 1 4 0 1 16 0 1 9 0 1 9 0 1 4 0 1 8 3 1 4 0 1 9 0 1 0 0 1
11 0 1 0 1 9 0 1 9 0 1 4 0 1 4 0 1 1 0 1 9 0 1 9 0 1 4 0 1 3 0 1 2 0 1
11 0 1 0 1 9 0 1 9 0 1 4 0 1 4 0 1 1 0 1 9 0 1 9 0 1 4 0 1 3 0 1 2 0 1
11 0 3 0 1 3 0 1 1 0 1 17 0 1 4 0 1 8 3 1 1 0 1 1 0 1 4 0 1 8 3 1 16 0 1
11 0 3 0 1 3 0 1 1 0 1 17 0 1 4 0 1 8 3 1 1 0 1 1 0 1 4 0 1 8 3 1 16 0 1
11 0 15 0 1 9 0 1 9 0 1 16 0 1 9 0 1 9 0 1 9 0 1 8 3 1 9 0 1 9 0 1 3 0 1
11 0 15 0 1 9 0 1 9 0 1 16 0 1 9 0 1 9 0 1 9 0 1 12 0 1 9 0 1 9 0 1 3 0 1
11 0 17 0 1 2 0 1 2 0 1 1 0 1 4 0 1 1 0 1 0 0 1 9 0 1 0 0 1 0 0 1 16 0 1
11 0 17 0 1 2 0 1 2 0 1 1 0 1 4 0 1 1 0 1 0 0 1 8 3 1 0 0 1 0 0 1 16 0 1
11 0 3 0 1 9 0 1 3 0 1 4 0 1 9 0 1 8 3 1 0 0 1 0 0 1 0 0 1 0 0 1 0 0 1
11 0 3 0 1 9 0 1 3 0 1 4 0 1 9 0 1 8 3 1 0 0 1 9 0 1 0 0 1 0 0 1 0 0 1
11 0 15 0 1 3 0 1 3 0 1 4 0 1 1 0 1 9 0 1 0 0 1 0 0 1 0 0 1 0 0 1 0 0 1
11 0 15 0 1 3 0 1 3 0 1 4 0 1 1 0 1 9 0 1 0 0 1 0 0 1 0 0 1 0 0 1 0 0 1
11 0 17 0 1 9 0 1 16 0 1 16 0 1 9 0 1 3 0 1 0 0 1 0 0 1 0 0 1 0 0 1 0 0 1
11 0 17 0 1 9 0 1 16 0 1 16 0 1 9 0 1 3 0 1 0 0 1 0 0 1 0 0 1 0 0 1 0 0 1
11 0 10 0 1 1 0 1 0 0 1 0 0 1 0 0 1 8 3 1 0 0 1 0 0 1 0 0 1 0 0 1 0 0 1
11 0 10 0 1 1 0 1 0 0 1 0 0 1 0 0 1 8 3 1 0 0 1 0 0 1 0 0 1 0 0 1 0 0 1
11 0 16 0 1 9 0 1 0 0 1 0 0 1 0 0 1 9 0 1 0 0 1 0 0 1 0 0 1 0 0 1 0 0 1
11 0 16 0 1 9 0 1 0 0 1 0 0 1 0 0 1 9 0 1 0 0 1 0 0 1 0 0 1 0 0 1 0 0 1
11 0 2 0 1 0 0 1 0 0 1 0 0 1 0 0 1 0 0 1 0 0 1 0 0 1 0 0 1 0 0 1 0 0 1
11 0 2 0 1 0 0 1 0 0 1 0 0 1 0 0 1 0 0 1 0 0 1 0 0 1 0 0 1 0 0 1 0 0 1
11 1 6 0 1 0 0 1 0 0 1 0 0 1 0 0 1 0 0 1 0 0 1 0 0 1 0 0 1 0 0 1 0 0 1 6 7 4
11 1 6 0 1 0 0 1 0 0 1 0 0 1 0 0 1 0 0 1 0 0 1 0 0 1 0 0 1 0 0 1 0 0 1 6 7 4
11 0 16 0 1 0 0 1 0 0 1 0 0 1 0 0 1 0 0 1 0 0 1 0 0 1 0 0 1 0 0 1 0 0 1
11 0 16 0 1 0 0 1 0 0 1 0 0 1 0 0 1 0 0 1 0 0 1 0 0 1 0 0 1 0 0 1 0 0 1
11 0 4 0 1 0 0 1 0 0 1 0 0 1 0 0 1 0 0 1 0 0 1 0 0 1 0 0 1 0 0 1 0 0 1
11 0 4 0 1 0 0 1 0 0 1 0 0 1 0 0 1 0 0 1 0 0 1 0 0 1 0 0 1 0 0 1 0 0 1
11 0 16 0 1 0 0 1 0 0 1 0 0 1 0 0 1 0 0 1 0 0 1 0 0 1 0 0 1 0 0 1 0 0 1
11 0 16 0 1 0 0 1 0 0 1 0 0 1 0 0 1 0 0 1 0 0 1 0 0 1 0 0 1 0 0 1 0 0 1
11 0 4 0 1 0 0 1 0 0 1 0 0 1 0 0 1 0 0 1 0 0 1 0 0 1 0 0 1 0 0 1 0 0 1
11 0 4 0 1 0 0 1 0 0 1 0 0 1 0 0 1 0 0 1 0 0 1 0 0 1 0 0 1 0 0 1 0 0 1
1 7 5 0 3 4 0 2 1 0 1 1 0 1 1 0 1 1 0 1 1 0 1 6 8 2
1 7 5 0 3 4 0 2 1 0 1 1 0 1 1 0 1 1 0 1 1 0 1 6 8 2
6 4 15 0 1 1 0 1 1 0 1 1 0 1 5 0 3 5 0 5 1 0 1 1 0 1 1 0 1 4 0 12
6 4 15 0 1 1 0 1 1 0 1 1 0 1 5 0 3 5 0 5 1 0 1 1 0 1 1 0 1 4 0 12
9 1 17 0 1 1 0 1 4 0 1 5 0 1 1 0 1 15 0 1 1 0 1 1 0 1 1 0 1 4 0 1
9 1 17 0 1 1 0 1 4 0 1 5 0 1 1 0 1 15 0 1 1 0 1 1 0 1 1 0 1 4 0 1
9 1 4 0 1 4 0 1 4 0 1 1 0 1 15 0 1 17 0 1 1 0 1 1 0 1 1 0 1 4 0 1
9 1 4 0 1 4 0 1 4 0 1 1 0 1 15 0 1 17 0 1 1 0 1 1 0 1 1 0 1 4 0 1
9 1 15 0 1 4 0 1 4 0 1 1 0 1 17 0 1 3 0 1 4 0 1 1 0 1 1 0 1 4 0 1
9 1 15 0 1 4 0 1 4 0 1 1 0 1 17 0 1 3 0 1 4 0 1 1 0 1 1 0 1 4 0 1
9 1 17 0 1 4 0 1 9 0 1 15 0 1 4 0 1 15 0 1 4 0 1 1 0 1 4 0 1 4 0 1
9 1 17 0 1 4 0 1 9 0 1 15 0 1 4 0 1 15 0 1 4 0 1 1 0 1 4 0 1 4 0 1
9 1 4 0 1 9 0 1 4 0 1 17 0 1 15 0 1 17 0 1 9 0 1 9 0 1 9 0 1 4 0 2
9 1 4 0 1 9 0 1 4 0 1 17 0 1 15 0 1 17 0 1 9 0 1 9 0 1 9 0 1 4 0 2
9 2 15 0 1 1 0 1 9 0 1 1 0 1 17 0 1 3 0 1 10 0 1 4 0 1 10 0 1 6 0 1 4 0 1
9 2 15 0 1 1 0 1 9 0 1 1 0 1 17 0 1 3 0 1 10 0 1 4 0 1 10 0 1 6 0 1 4 0 1
9 2 17 0 1 4 0 1 10 0 1 3 0 1 1 0 1 15 0 1 4 0 1 9 0 1 4 0 1 6 0 2 4 0 2
9 2 17 0 1 4 0 1 10 0 1 3 0 1 1 0 1 15 0 1 4 0 1 9 0 1 4 0 1 6 0 2 4 0 2
9 2 1 0 1 9 0 1 1 0 1 9 0 1 3 0 1 17 0 1 9 0 1 4 0 1 4 0 1 6 0 3 4 0 3
9 2 1 0 1 9 0 1 1 0 1 9 0 1 3 0 1 17 0 1 9 0 1 4 0 1 4 0 1 6 0 3 4 0 3
9 2 2 0 1 1 0 1 9 0 1 3 0 1 15 0 1 1 0 1 1 0 1 9 0 1 9 0 1 6 0 3 4 0 3
9 2 2 0 1 1 0 1 9 0 1 3 0 1 15 0 1 1 0 1 1 0 1 9 0 1 9 0 1 6 0 3 4 0 3
9 2 16 0 1 4 0 1 10 0 1 3 0 1 17 0 1 4 0 1 4 0 1 10 0 1 10 0 1 6 0 4 4 0 4
9 2 16 0 1 4 0 1 10 0 1 3 0 1 17 0 1 4 0 1 4 0 1 10 0 1 10 0 1 6 0 4 4 0 4
9 2 3 0 1 9 0 1 1 0 1 3 0 1 1 0 1 15 0 1 2 0 1 4 0 1 2 0 1 6 0 4 4 0 4
9 2 3 0 1 9 0 1 1 0 1 3 0 1 1 0 1 15 0 1 2 0 1 4 0 1 2 0 1 6 0 4 4 0 4
9 2 16 0 1 3 0 1 9 0 1 9 0 1 1 0 1 17 0 1 2 0 1 9 0 1 3 0 1 6 0 5 4 0 5
9 2 16 0 1 3 0 1 9 0 1 9 0 1 1 0 1 17 0 1 2 0 1 9 0 1 3 0 1 6 0 5 4 0 5
9 2 1 0 1 9 0 1 1 0 1 2 0 1 4 0 1 4 0 1 3 0 1 10 0 1 3 0 1 6 0 5 4 0 5
9 2 1 0 1 9 0 1 1 0 1 2 0 1 4 0 1 4 0 1 3 0 1 10 0 1 3 0 1 6 0 5 4 0 5
9 2 3 0 1 10 0 1 9 0 1 9 0 1 9 0 1 15 0 1 3 0 1 2 0 1 10 0 1 6 0 5 4 0 5
9 2 3 0 1 10 0 1 9 0 1 9 0 1 9 0 1 15 0 1 3 0 1 2 0 1 10 0 1 6 0 5 4 0 5
9 2 3 0 1 3 0 1 10 0 1 4 0 1 2 0 1 17 0 1 1 0 1 3 0 1 2 0 1 6 0 6 4 0 6
9 2 3 0 1 3 0 1 10 0 1 4 0 1 2 0 1 17 0 1 1 0 1 3 0 1 2 0 1 6 0 6 4 0 6
9 1 3 0 1 9 0 1 2 0 1 4 0 1 2 0 1 16 0 1 3 0 1 3 0 1 3 0 1 6 0 6
9 1 3 0 1 9 0 1 2 0 1 4 0 1 2 0 1 16 0 1 3 0 1 3 0 1 3 0 1 6 0 6
9 2 16 0 1 10 0 1 2 0 1 4 0 1 2 0 1 2 0 1 3 0 1 16 0 1 6 0 1 6 4 12 6 7 4
9 2 16 0 1 10 0 1 2 0 1 4 0 1 2 0 1 2 0 1 3 0 1 16 0 1 6 0 1 6 4 12 6 7 4
9 0 2 0 1 2 0 1 2 0 1 4 0 1 16 0 1 16 0 1 2 0 1 2 0 1 10 0 1
9 0 2 0 1 2 0 1 2 0 1 4 0 1 16 0 1 16 0 1 2 0 1 2 0 1 10 0 1
9 2 1 0 1 1 0 1 3 0 1 16 0 1 3 0 1 3 0 1 6 0 1 2 0 1 6 0 1 6 4 6 6 6 3
9 2 1 0 1 1 0 1 3 0 1 16 0 1 3 0 1 3 0 1 6 0 1 2 0 1 6 0 1 6 4 6 6 6 3
9 2 2 0 1 3 0 1 3 0 1 0 0 1 16 0 1 16 0 1 16 0 1 6 0 1 0 0 1 6 4 6 6 4 6
9 2 2 0 1 3 0 1 3 0 1 0 0 1 16 0 1 16 0 1 16 0 1 6 0 1 0 0 1 6 4 6 6 4 6
9 0 1 0 1 3 0 1 3 0 1 0 0 1 0 0 1 3 0 1 0 0 1 0 0 1 0 0 1
9 0 1 0 1 3 0 1 3 0 1 0 0 1 0 0 1 3 0 1 0 0 1 0 0 1 0 0 1
9 0 2 0 1 9 0 1 3 0 1 0 0 1 0 0 1 16 0 1 0 0 1 0 0 1 0 0 1
9 0 2 0 1 9 0 1 3 0 1 0 0 1 0 0 1 16 0 1 0 0 1 0 0 1 0 0 1
1 10 5 0 5 6 4 30 6 8 9 1 0 1 1 0 1 1 0 1 1 0 1 1 0 1 2 0 1 5 11 2 3 4 12
1 10 5 0 5 6 4 30 6 8 9 1 0 1 1 0 1 1 0 1 1 0 1 1 0 1 2 0 1 5 11 2 3 4 12
6 6 6 0 1 5 0 4 5 0 2 4 0 1 5 0 2 3 0 1 1 0 1 1 0 1 1 0 1 1 0 1 1 0 1 3 3 23
6 6 6 0 1 5 0 4 5 0 2 4 0 1 5 0 2 3 0 1 1 0 1 1 0 1 1 0 1 1 0 1 1 0 1 3 3 23
11 5 5 0 4 15 0 1 5 11 2 2 0 1 1 0 1 3 0 1 4 0 1 1 0 1 1 0 1 4 0 1 1 0 1 1 0 1 1 0 1 1 0 1 1 0 1 4 0 16
11 5 5 0 4 15 0 1 5 11 2 2 0 1 1 0 1 3 0 1 4 0 1 1 0 1 1 0 1 4 0 1 1 0 1 1 0 1 1 0 1 1 0 1 1 0 1 4 0 16
15 1 15 0 1 17 0 1 14 0 1 8 3 1 15 0 1 3 0 1 2 0 1 1 0 1 3 0 1 4 0 1 4 0 1 4 0 1 1 0 1 1 0 1 1 0 1 4 0 1
15 1 15 0 1 17 0 1 14 0 1 8 3 1 15 0 1 3 0 1 2 0 1 1 0 1 3 0 1 4 0 1 4 0 1 4 0 1 1 0 1 1 0 1 1 0 1 4 0 1
15 1 17 0 1 3 0 1 7 11 1 9 0 1 17 0 1 9 0 1 9 0 1 1 0 1 3 0 1 4 0 1 4 0 1 2 0 1 1 0 1 1 0 1 1 0 1 4 0 2
15 1 17 0 1 3 0 1 7 11 1 9 0 1 17 0 1 9 0 1 9 0 1 1 0 1 3 0 1 4 0 1 4 0 1 2 0 1 1 0 1 1 0 1 1 0 1 4 0 2
15 0 4 0 1 15 0 1 15 0 1 4 0 1 1 0 1 3 0 1 2 0 1 1 0 1 17 0 1 9 0 1 4 0 1 2 0 1 1 0 1 1 0 1 1 0 1
15 0 4 0 1 15 0 1 15 0 1 4 0 1 1 0 1 3 0 1 2 0 1 1 0 1 17 0 1 9 0 1 4 0 1 2 0 1 1 0 1 1 0 1 1 0 1
15 1 15 0 1 17 0 1 17 0 1 8 3 1 15 0 1 9 0 1 8 3 1 9 0 1 16 0 1 4 0 1 4 0 1 2 0 1 9 0 1 17 0 1 1 0 1 4 0 2
15 1 15 0 1 17 0 1 17 0 1 8 3 1 15 0 1 9 0 1 8 3 1 9 0 1 16 0 1 4 0 1 4 0 1 2 0 1 9 0 1 17 0 1 1 0 1 4 0 2
15 2 17 0 1 1 0 1 4 0 1 9 0 1 17 0 1 1 0 1 9 0 1 3 0 1 1 0 1 8 4 1 9 0 1 8 3 1 4 0 1 16 0 1 10 0 1 6 0 2 4 0 2
15 2 17 0 1 1 0 1 4 0 1 9 0 1 17 0 1 1 0 1 9 0 1 3 0 1 1 0 1 8 4 1 9 0 1 8 3 1 4 0 1 16 0 1 10 0 1 6 0 2 4 0 2
15 2 4 0 1 15 0 1 14 0 1 4 0 1 16 0 1 9 0 1 4 0 1 9 0 1 9 0 1 9 0 1 3 0 1 9 0 1 8 4 1 3 0 1 8 4 1 6 0 2 4 0 2
15 2 4 0 1 15 0 1 14 0 1 4 0 1 16 0 1 9 0 1 4 0 1 9 0 1 9 0 1 9 0 1 3 0 1 9 0 1 8 4 1 3 0 1 8 4 1 6 0 2 4 0 2
15 2 15 0 1 17 0 1 7 11 1 8 3 1 4 0 1 1 0 1 8 3 1 3 0 1 3 0 1 1 0 1 3 0 1 4 0 1 9 0 1 9 0 1 9 0 1 6 0 3 4 0 3
15 2 15 0 1 17 0 1 7 11 1 8 3 1 4 0 1 1 0 1 8 3 1 3 0 1 3 0 1 1 0 1 3 0 1 4 0 1 9 0 1 9 0 1 9 0 1 6 0 3 4 0 3
15 2 17 0 1 4 0 1 15 0 1 9 0 1 8 4 1 4 0 1 9 0 1 9 0 1 9 0 1 8 4 1 17 0 1 8 3 1 4 0 1 3 0 1 4 0 1 6 0 4 4 0 4
15 2 17 0 1 4 0 1 15 0 1 9 0 1 8 4 1 4 0 1 9 0 1 9 0 1 9 0 1 8 4 1 17 0 1 8 3 1 4 0 1 3 0 1 4 0 1 6 0 4 4 0 4
15 2 1 0 1 15 0 1 17 0 1 4 0 1 9 0 1 9 0 1 4 0 1 3 0 1 0 0 1 9 0 1 3 0 1 9 0 1 8 4 1 9 0 1 9 0 1 6 0 5 4 0 5
15 2 1 0 1 15 0 1 17 0 1 4 0 1 9 0 1 9 0 1 4 0 1 3 0 1 0 0 1 9 0 1 3 0 1 9 0 1 8 4 1 9 0 1 9 0 1 6 0 5 4 0 5
15 2 3 0 1 17 0 1 4 0 1 8 3 1 4 0 1 1 0 1 8 3 1 9 0 1 0 0 1 1 0 1 16 0 1 4 0 1 9 0 1 1 0 1 2 0 1 6 0 6 4 0 6
15 2 3 0 1 17 0 1 4 0 1 8 3 1 4 0 1 1 0 1 8 3 1 9 0 1 0 0 1 1 0 1 16 0 1 4 0 1 9 0 1 1 0 1 2 0 1 6 0 6 4 0 6
15 2 15 0 1 16 0 1 8 3 1 9 0 1 9 0 1 9 0 1 9 0 1 3 0 1 0 0 1 10 0 1 2 0 1 8 3 1 4 0 1 9 0 1 2 0 1 6 0 6 4 0 6
15 2 15 0 1 16 0 1 8 3 1 9 0 1 9 0 1 9 0 1 9 0 1 3 0 1 0 0 1 10 0 1 2 0 1 8 3 1 4 0 1 9 0 1 2 0 1 6 0 6 4 0 6
15 2 16 0 1 2 0 1 9 0 1 4 0 1 4 0 1 0 0 1 4 0 1 9 0 1 0 0 1 8 4 1 16 0 1 9 0 1 9 0 1 0 0 1 2 0 1 6 0 7 4 0 7
15 2 16 0 1 2 0 1 9 0 1 4 0 1 4 0 1 0 0 1 4 0 1 9 0 1 0 0 1 8 4 1 16 0 1 9 0 1 9 0 1 0 0 1 2 0 1 6 0 7 4 0 7
15 2 4 0 1 16 0 1 4 0 1 8 3 1 8 4 1 0 0 1 8 3 1 0 0 1 0 0 1 9 0 1 0 0 1 2 0 1 1 0 1 0 0 1 2 0 1 6 0 7 4 0 7
15 2 4 0 1 16 0 1 4 0 1 8 3 1 8 4 1 0 0 1 8 3 1 0 0 1 0 0 1 9 0 1 0 0 1 2 0 1 1 0 1 0 0 1 2 0 1 6 0 7 4 0 7
15 2 8 4 1 3 0 1 8 3 1 9 0 1 9 0 1 0 0 1 9 0 1 0 0 1 0 0 1 1 0 1 4 0 1 8 3 1 8 4 1 0 0 1 3 0 1 6 0 7 4 0 7
15 2 8 4 1 3 0 1 8 3 1 9 0 1 9 0 1 0 0 1 9 0 1 0 0 1 0 0 1 1 0 1 4 0 1 8 3 1 8 4 1 0 0 1 3 0 1 6 0 7 4 0 7
15 3 9 0 1 16 0 1 9 0 1 2 0 1 0 0 1 0 0 1 2 0 1 0 0 1 0 0 1 8 4 1 10 0 1 9 0 1 9 0 1 0 0 1 6 0 1 6 4 6 6 0 7 4 0 7
15 3 9 0 1 16 0 1 9 0 1 2 0 1 0 0 1 0 0 1 2 0 1 0 0 1 0 0 1 8 4 1 10 0 1 9 0 1 9 0 1 0 0 1 6 0 1 6 4 6 6 0 7 4 0 7
15 2 2 0 1 1 0 1 4 0 1 8 3 1 0 0 1 0 0 1 8 3 1 0 0 1 0 0 1 9 0 1 3 0 1 4 0 1 3 0 1 0 0 1 0 0 1 6 0 7 4 0 7
15 2 2 0 1 1 0 1 4 0 1 8 3 1 0 0 1 0 0 1 8 3 1 0 0 1 0 0 1 9 0 1 3 0 1 4 0 1 3 0 1 0 0 1 0 0 1 6 0 7 4 0 7
15 3 10 0 1 16 0 1 8 3 1 9 0 1 0 0 1 0 0 1 9 0 1 0 0 1 0 0 1 1 0 1 6 0 1 8 3 1 8 4 1 0 0 1 0 0 1 6 6 3 6 0 7 4 0 7
15 3 10 0 1 16 0 1 8 3 1 9 0 1 0 0 1 0 0 1 9 0 1 0 0 1 0 0 1 1 0 1 6 0 1 8 3 1 8 4 1 0 0 1 0 0 1 6 6 3 6 0 7 4 0 7
15 2 16 0 1 0 0 1 9 0 1 2 0 1 0 0 1 0 0 1 4 0 1 0 0 1 0 0 1 9 0 1 0 0 1 9 0 1 9 0 1 0 0 1 0 0 1 6 8 2 6 0 7
15 2 16 0 1 0 0 1 9 0 1 2 0 1 0 0 1 0 0 1 4 0 1 0 0 1 0 0 1 9 0 1 0 0 1 9 0 1 9 0 1 0 0 1 0 0 1 6 8 2 6 0 7
15 0 3 0 1 0 0 1 2 0 1 2 0 1 0 0 1 0 0 1 8 3 1 0 0 1 0 0 1 2 0 1 0 0 1 3 0 1 0 0 1 0 0 1 0 0 1
15 0 3 0 1 0 0 1 2 0 1 2 0 1 0 0 1 0 0 1 8 3 1 0 0 1 0 0 1 2 0 1 0 0 1 3 0 1 0 0 1 0 0 1 0 0 1
15 0 16 0 1 0 0 1 2 0 1 3 0 1 0 0 1 0 0 1 9 0 1 0 0 1 0 0 1 2 0 1 0 0 1 3 0 1 0 0 1 0 0 1 0 0 1
15 0 16 0 1 0 0 1 2 0 1 3 0 1 0 0 1 0 0 1 9 0 1 0 0 1 0 0 1 2 0 1 0 0 1 3 0 1 0 0 1 0 0 1 0 0 1
15 0 3 0 1 0 0 1 0 0 1 0 0 1 0 0 1 0 0 1 0 0 1 0 0 1 0 0 1 2 0 1 0 0 1 0 0 1 0 0 1 0 0 1 0 0 1
15 0 3 0 1 0 0 1 0 0 1 0 0 1 0 0 1 0 0 1 0 0 1 0 0 1 0 0 1 2 0 1 0 0 1 0 0 1 0 0 1 0 0 1 0 0 1
1 9 5 0 3 6 4 6 6 6 6 6 8 10 1 0 1 1 0 1 1 0 1 1 0 1 1 0 1 3 0 7
1 9 5 0 3 6 4 6 6 6 6 6 8 10 1 0 1 1 0 1 1 0 1 1 0 1 1 0 1 3 0 7
6 3 15 0 1 5 0 5 5 0 2 4 0 1 5 0 2 5 0 1 1 0 1 1 0 1 4 0 14
6 3 15 0 1 5 0 5 5 0 2 4 0 1 5 0 2 5 0 1 1 0 1 1 0 1 4 0 14
8 1 17 0 1 15 0 1 15 0 1 2 0 1 1 0 1 1 0 1 1 0 1 1 0 1 4 0 1
8 1 17 0 1 15 0 1 15 0 1 2 0 1 1 0 1 1 0 1 1 0 1 1 0 1 4 0 1
8 1 4 0 1 17 0 1 17 0 1 2 0 1 15 0 1 1 0 1 5 0 1 1 0 1 4 0 2
8 1 4 0 1 17 0 1 17 0 1 2 0 1 15 0 1 1 0 1 5 0 1 1 0 1 4 0 2
8 1 15 0 1 3 0 1 4 0 1 2 0 1 17 0 1 15 0 1 1 0 1 1 0 1 4 0 1
8 1 15 0 1 3 0 1 4 0 1 2 0 1 17 0 1 15 0 1 1 0 1 1 0 1 4 0 1
8 1 17 0 1 15 0 1 15 0 1 2 0 1 4 0 1 17 0 1 1 0 1 4 0 1 4 0 2
8 1 17 0 1 15 0 1 15 0 1 2 0 1 4 0 1 17 0 1 1 0 1 4 0 1 4 0 2
8 1 4 0 1 17 0 1 17 0 1 8 3 1 15 0 1 1 0 1 4 0 1 4 0 1 4 0 2
8 1 4 0 1 17 0 1 17 0 1 8 3 1 15 0 1 1 0 1 4 0 1 4 0 1 4 0 2
8 2 15 0 1 3 0 1 16 0 1 9 0 1 17 0 1 9 0 1 15 0 1 4 0 1 6 0 3 4 0 1
8 2 15 0 1 3 0 1 16 0 1 9 0 1 17 0 1 9 0 1 15 0 1 4 0 1 6 0 3 4 0 1
8 2 17 0 1 15 0 1 3 0 1 4 0 1 10 0 1 3 0 1 17 0 1 9 0 1 6 0 3 4 0 5
8 2 17 0 1 15 0 1 3 0 1 4 0 1 10 0 1 3 0 1 17 0 1 9 0 1 6 0 3 4 0 5
8 2 16 0 1 17 0 1 16 0 1 8 3 1 16 0 1 9 0 1 16 0 1 10 0 1 6 0 6 4 0 4
8 2 16 0 1 17 0 1 16 0 1 8 3 1 16 0 1 9 0 1 16 0 1 10 0 1 6 0 6 4 0 4
8 2 4 0 1 1 0 1 1 0 1 9 0 1 4 0 1 3 0 1 1 0 1 8 0 1 6 0 4 4 0 2
8 2 4 0 1 1 0 1 1 0 1 9 0 1 4 0 1 3 0 1 1 0 1 8 0 1 6 0 4 4 0 2
8 2 9 0 1 4 0 1 1 0 1 4 0 1 4 0 1 3 0 1 9 0 1 9 0 1 6 0 2 4 0 4
8 2 9 0 1 4 0 1 1 0 1 4 0 1 4 0 1 3 0 1 9 0 1 9 0 1 6 0 2 4 0 4
8 2 10 0 1 15 0 1 3 0 1 4 0 1 9 0 1 3 0 1 10 0 1 1 0 1 6 0 4 4 0 2
8 2 10 0 1 15 0 1 3 0 1 4 0 1 9 0 1 3 0 1 10 0 1 1 0 1 6 0 4 4 0 2
8 1 8 0 1 17 0 1 3 0 1 4 0 1 10 0 1 9 0 1 8 0 1 4 0 1 6 0 3
8 1 8 0 1 17 0 1 3 0 1 4 0 1 10 0 1 9 0 1 8 0 1 4 0 1 6 0 3
8 0 9 0 1 4 0 1 16 0 1 8 3 1 8 0 1 2 0 1 9 0 1 9 0 1
8 0 9 0 1 4 0 1 16 0 1 8 3 1 8 0 1 2 0 1 9 0 1 9 0 1
8 0 3 0 1 15 0 1 0 0 1 9 0 1 9 0 1 9 0 1 1 0 1 10 0 1
8 0 3 0 1 15 0 1 0 0 1 9 0 1 9 0 1 9 0 1 1 0 1 10 0 1
8 1 3 0 1 17 0 1 0 0 1 0 0 1 3 0 1 4 0 1 4 0 1 8 0 1 6 0 1
8 1 3 0 1 17 0 1 0 0 1 0 0 1 3 0 1 4 0 1 4 0 1 8 0 1 6 0 1
8 0 10 0 1 16 0 1 0 0 1 0 0 1 3 0 1 4 0 1 9 0 1 9 0 1
8 0 10 0 1 16 0 1 0 0 1 0 0 1 3 0 1 4 0 1 9 0 1 9 0 1
8 0 16 0 1 2 0 1 0 0 1 0 0 1 3 0 1 4 0 1 10 0 1 1 0 1
8 0 16 0 1 2 0 1 0 0 1 0 0 1 3 0 1 4 0 1 10 0 1 1 0 1
8 0 3 0 1 16 0 1 0 0 1 0 0 1 10 0 1 4 0 1 8 0 1 4 0 1
8 0 3 0 1 16 0 1 0 0 1 0 0 1 10 0 1 4 0 1 8 0 1 4 0 1
8 1 6 0 1 3 0 1 0 0 1 0 0 1 16 0 1 16 0 1 9 0 1 9 0 1 6 6 3
8 1 6 0 1 3 0 1 0 0 1 0 0 1 16 0 1 16 0 1 9 0 1 9 0 1 6 6 3
8 1 10 0 1 16 0 1 0 0 1 0 0 1 2 0 1 0 0 1 2 0 1 10 0 1 6 8 2
8 1 10 0 1 16 0 1 0 0 1 0 0 1 2 0 1 0 0 1 2 0 1 10 0 1 6 8 2
8 2 6 0 1 3 0 1 0 0 1 0 0 1 6 0 1 0 0 1 2 0 1 8 0 1 6 6 3 6 7 8
8 2 6 0 1 3 0 1 0 0 1 0 0 1 6 0 1 0 0 1 2 0 1 8 0 1 6 6 3 6 7 8
8 1 16 0 1 16 0 1 0 0 1 0 0 1 0 0 1 0 0 1 2 0 1 9 0 1 6 8 2
8 1 16 0 1 16 0 1 0 0 1 0 0 1 0 0 1 0 0 1 2 0 1 9 0 1 6 8 2
1 7 5 0 5 6 8 10 6 0 14 1 0 1 1 0 1 1 0 1 1 0 1 1 0 1
1 7 5 0 5 6 8 10 6 0 14 1 0 1 1 0 1 1 0 1 1 0 1 1 0 1
6 4 15 0 1 5 0 3 5 0 2 4 0 1 5 0 1 5 0 3 1 0 1 1 0 1 1 0 1 1 0 1
6 4 15 0 1 5 0 3 5 0 2 4 0 1 5 0 1 5 0 3 1 0 1 1 0 1 1 0 1 1 0 1
10 0 17 0 1 15 0 1 15 0 1 2 0 1 1 0 1 1 0 1 4 0 1 1 0 1 1 0 1 1 0 1
10 0 17 0 1 15 0 1 15 0 1 2 0 1 1 0 1 1 0 1 4 0 1 1 0 1 1 0 1 1 0 1
10 0 4 0 1 17 0 1 17 0 1 9 0 1 1 0 1 15 0 1 2 0 1 1 0 1 1 0 1 1 0 1
10 0 4 0 1 17 0 1 17 0 1 9 0 1 1 0 1 15 0 1 2 0 1 1 0 1 1 0 1 1 0 1
10 0 15 0 1 3 0 1 4 0 1 2 0 1 15 0 1 17 0 1 2 0 1 1 0 1 1 0 1 1 0 1
10 0 15 0 1 3 0 1 4 0 1 2 0 1 15 0 1 17 0 1 2 0 1 1 0 1 1 0 1 1 0 1
10 0 17 0 1 15 0 1 15 0 1 9 0 1 17 0 1 3 0 1 9 0 1 1 0 1 4 0 1 1 0 1
10 0 17 0 1 15 0 1 15 0 1 9 0 1 17 0 1 3 0 1 9 0 1 1 0 1 4 0 1 1 0 1
10 0 4 0 1 17 0 1 17 0 1 4 0 1 4 0 1 15 0 1 2 0 1 1 0 1 9 0 1 9 0 1
10 0 4 0 1 17 0 1 17 0 1 4 0 1 4 0 1 15 0 1 2 0 1 1 0 1 9 0 1 9 0 1
10 0 15 0 1 3 0 1 4 0 1 9 0 1 9 0 1 17 0 1 9 0 1 3 0 1 4 0 1 3 0 1
10 0 15 0 1 3 0 1 4 0 1 9 0 1 9 0 1 17 0 1 9 0 1 3 0 1 4 0 1 3 0 1
10 0 17 0 1 15 0 1 9 0 1 4 0 1 4 0 1 1 0 1 2 0 1 9 0 1 9 0 1 9 0 1
10 0 17 0 1 15 0 1 9 0 1 4 0 1 4 0 1 1 0 1 2 0 1 9 0 1 9 0 1 9 0 1
10 0 1 0 1 17 0 1 4 0 1 9 0 1 4 0 1 9 0 1 4 0 1 3 0 1 1 0 1 3 0 1
10 0 1 0 1 17 0 1 4 0 1 9 0 1 4 0 1 9 0 1 4 0 1 3 0 1 1 0 1 3 0 1
10 0 9 0 1 3 0 1 9 0 1 4 0 1 9 0 1 4 0 1 4 0 1 9 0 1 9 0 1 9 0 1
10 0 9 0 1 3 0 1 9 0 1 4 0 1 9 0 1 4 0 1 4 0 1 9 0 1 9 0 1 9 0 1
10 0 3 0 1 9 0 1 4 0 1 9 0 1 4 0 1 15 0 1 9 0 1 3 0 1 4 0 1 2 0 1
10 0 3 0 1 9 0 1 4 0 1 9 0 1 4 0 1 15 0 1 9 0 1 3 0 1 4 0 1 2 0 1
10 0 15 0 1 3 0 1 9 0 1 4 0 1 9 0 1 17 0 1 4 0 1 9 0 1 9 0 1 9 0 1
10 0 15 0 1 3 0 1 9 0 1 4 0 1 9 0 1 17 0 1 4 0 1 9 0 1 9 0 1 9 0 1
10 0 17 0 1 9 0 1 2 0 1 9 0 1 2 0 1 3 0 1 9 0 1 3 0 1 2 0 1 3 0 1
10 0 17 0 1 9 0 1 2 0 1 9 0 1 2 0 1 3 0 1 9 0 1 3 0 1 2 0 1 3 0 1
10 0 3 0 1 1 0 1 9 0 1 2 0 1 9 0 1 3 0 1 1 0 1 9 0 1 4 0 1 9 0 1
10 0 3 0 1 1 0 1 9 0 1 2 0 1 9 0 1 3 0 1 1 0 1 9 0 1 4 0 1 9 0 1
10 0 15 0 1 9 0 1 3 0 1 9 0 1 2 0 1 9 0 1 9 0 1 2 0 1 9 0 1 2 0 1
10 0 15 0 1 9 0 1 3 0 1 9 0 1 2 0 1 9 0 1 9 0 1 2 0 1 9 0 1 2 0 1
10 0 17 0 1 4 0 1 9 0 1 3 0 1 9 0 1 2 0 1 3 0 1 2 0 1 1 0 1 9 0 1
10 0 17 0 1 4 0 1 9 0 1 3 0 1 9 0 1 2 0 1 3 0 1 2 0 1 1 0 1 9 0 1
10 0 16 0 1 9 0 1 3 0 1 3 0 1 1 0 1 9 0 1 9 0 1 4 0 1 3 0 1 2 0 1
10 0 16 0 1 9 0 1 3 0 1 3 0 1 1 0 1 9 0 1 9 0 1 4 0 1 3 0 1 2 0 1
10 0 2 0 1 2 0 1 9 0 1 3 0 1 1 0 1 4 0 1 1 0 1 4 0 1 3 0 1 4 0 1
10 0 2 0 1 2 0 1 9 0 1 3 0 1 1 0 1 4 0 1 1 0 1 4 0 1 3 0 1 4 0 1
10 0 16 0 1 4 0 1 3 0 1 9 0 1 3 0 1 10 0 1 1 0 1 4 0 1 3 0 1 4 0 1
10 0 16 0 1 4 0 1 3 0 1 9 0 1 3 0 1 10 0 1 1 0 1 4 0 1 3 0 1 4 0 1
10 0 4 0 1 16 0 1 9 0 1 0 0 1 3 0 1 16 0 1 1 0 1 4 0 1 3 0 1 4 0 1
10 0 4 0 1 16 0 1 9 0 1 0 0 1 3 0 1 16 0 1 1 0 1 4 0 1 3 0 1 4 0 1
10 0 16 0 1 4 0 1 1 0 1 0 0 1 3 0 1 1 0 1 1 0 1 4 0 1 9 0 1 16 0 1
10 0 16 0 1 4 0 1 1 0 1 0 0 1 3 0 1 1 0 1 1 0 1 4 0 1 9 0 1 16 0 1
10 0 4 0 1 16 0 1 16 0 1 0 0 1 3 0 1 4 0 1 16 0 1 16 0 1 0 0 1 2 0 1
10 0 4 0 1 16 0 1 16 0 1 0 0 1 3 0 1 4 0 1 16 0 1 16 0 1 0 0 1 2 0 1
10 0 10 0 1 4 0 1 3 0 1 0 0 1 10 0 1 16 0 1 0 0 1 0 0 1 0 0 1 16 0 1
10 0 10 0 1 4 0 1 3 0 1 0 0 1 10 0 1 16 0 1 0 0 1 0 0 1 0 0 1 16 0 1
1 9 5 0 4 6 6 9 6 8 12 6 7 6 1 0 1 1 0 1 1 0 1 1 0 1 1 0 1 4 0 14
1 9 5 0 4 6 6 9 6 8 12 6 7 6 1 0 1 1 0 1 1 0 1 1 0 1 1 0 1 4 0 14
6 0 15 0 1 5 0 2 1 0 1 1 0 1 5 0 2 5 0 5
6 0 15 0 1 5 0 2 1 0 1 1 0 1 5 0 2 5 0 5
6 1 17 0 1 1 0 1 1 0 1 5 0 1 2 0 1 15 0 1 4 0 1
6 1 17 0 1 1 0 1 1 0 1 5 0 1 2 0 1 15 0 1 4 0 1
6 1 4 0 1 4 0 1 1 0 1 1 0 1 15 0 1 17 0 1 4 0 1
6 1 4 0 1 4 0 1 1 0 1 1 0 1 15 0 1 17 0 1 4 0 1
6 1 15 0 1 15 0 1 1 0 1 1 0 1 17 0 1 3 0 1 4 0 1
6 1 15 0 1 15 0 1 1 0 1 1 0 1 17 0 1 3 0 1 4 0 1
6 1 17 0 1 17 0 1 9 0 1 15 0 1 4 0 1 15 0 1 4 0 2
6 1 17 0 1 17 0 1 9 0 1 15 0 1 4 0 1 15 0 1 4 0 2
6 1 4 0 1 1 0 1 1 0 1 17 0 1 15 0 1 17 0 1 4 0 2
6 1 4 0 1 1 0 1 1 0 1 17 0 1 15 0 1 17 0 1 4 0 2
6 2 15 0 1 15 0 1 4 0 1 1 0 1 17 0 1 3 0 1 6 0 1 4 0 1
6 2 15 0 1 15 0 1 4 0 1 1 0 1 17 0 1 3 0 1 6 0 1 4 0 1
6 2 17 0 1 17 0 1 9 0 1 9 0 1 2 0 1 15 0 1 6 0 3 4 0 3
6 2 17 0 1 17 0 1 9 0 1 9 0 1 2 0 1 15 0 1 6 0 3 4 0 3
6 2 1 0 1 4 0 1 4 0 1 3 0 1 2 0 1 17 0 1 6 0 4 4 0 4
6 2 1 0 1 4 0 1 4 0 1 3 0 1 2 0 1 17 0 1 6 0 4 4 0 4
6 2 3 0 1 4 0 1 4 0 1 9 0 1 2 0 1 1 0 1 6 0 4 4 0 4
6 2 3 0 1 4 0 1 4 0 1 9 0 1 2 0 1 1 0 1 6 0 4 4 0 4
6 2 15 0 1 9 0 1 4 0 1 3 0 1 2 0 1 4 0 1 6 0 4 4 0 4
6 2 15 0 1 9 0 1 4 0 1 3 0 1 2 0 1 4 0 1 6 0 4 4 0 4
6 2 17 0 1 1 0 1 9 0 1 3 0 1 9 0 1 15 0 1 6 0 5 4 0 5
6 2 17 0 1 1 0 1 9 0 1 3 0 1 9 0 1 15 0 1 6 0 5 4 0 5
6 2 4 0 1 4 0 1 2 0 1 3 0 1 3 0 1 17 0 1 6 0 6 4 0 6
6 2 4 0 1 4 0 1 2 0 1 3 0 1 3 0 1 17 0 1 6 0 6 4 0 6
6 2 4 0 1 9 0 1 2 0 1 9 0 1 9 0 1 4 0 1 6 0 6 4 0 6
6 2 4 0 1 9 0 1 2 0 1 9 0 1 9 0 1 4 0 1 6 0 6 4 0 6
6 2 9 0 1 2 0 1 2 0 1 2 0 1 4 0 1 15 0 1 6 0 6 4 0 6
6 2 9 0 1 2 0 1 2 0 1 2 0 1 4 0 1 15 0 1 6 0 6 4 0 6
6 2 2 0 1 3 0 1 3 0 1 9 0 1 4 0 1 17 0 1 6 0 7 4 0 7
6 2 2 0 1 3 0 1 3 0 1 9 0 1 4 0 1 17 0 1 6 0 7 4 0 7
6 1 9 0 1 2 0 1 3 0 1 4 0 1 4 0 1 10 0 1 4 0 7
6 1 9 0 1 2 0 1 3 0 1 4 0 1 4 0 1 10 0 1 4 0 7
6 0 1 0 1 3 0 1 3 0 1 4 0 1 4 0 1 16 0 1
6 0 1 0 1 3 0 1 3 0 1 4 0 1 4 0 1 16 0 1
6 0 3 0 1 3 0 1 16 0 1 4 0 1 9 0 1 2 0 1
6 0 3 0 1 3 0 1 16 0 1 4 0 1 9 0 1 2 0 1
6 1 2 0 1 16 0 1 2 0 1 4 0 1 1 0 1 6 0 1 6 7 2
6 1 2 0 1 16 0 1 2 0 1 4 0 1 1 0 1 6 0 1 6 7 2
6 2 16 0 1 1 0 1 16 0 1 16 0 1 1 0 1 16 0 1 6 7 2 6 8 1
6 2 16 0 1 1 0 1 16 0 1 16 0 1 1 0 1 16 0 1 6 7 2 6 8 1
6 0 1 0 1 16 0 1 2 0 1 0 0 1 1 0 1 3 0 1
6 0 1 0 1 16 0 1 2 0 1 0 0 1 1 0 1 3 0 1
6 0 3 0 1 2 0 1 16 0 1 0 0 1 1 0 1 16 0 1
6 0 3 0 1 2 0 1 16 0 1 0 0 1 1 0 1 16 0 1
1 7 5 0 4 6 8 9 6 7 2 1 0 1 1 0 1 1 0 1 1 0 1 1 0 1
1 7 5 0 4 6 8 9 6 7 2 1 0 1 1 0 1 1 0 1 1 0 1 1 0 1
6 5 15 0 1 5 0 3 5 0 2 4 0 1 5 0 1 5 0 3 1 0 1 1 0 1 1 0 1 1 0 1 1 0 1
6 5 15 0 1 5 0 3 5 0 2 4 0 1 5 0 1 5 0 3 1 0 1 1 0 1 1 0 1 1 0 1 1 0 1
11 3 17 0 1 15 0 1 15 0 1 2 0 1 1 0 1 1 0 1 1 0 1 4 0 1 1 0 1 1 0 1 5 0 1 1 0 1 1 0 1 1 0 1
11 3 17 0 1 15 0 1 15 0 1 2 0 1 1 0 1 1 0 1 1 0 1 4 0 1 1 0 1 1 0 1 5 0 1 1 0 1 1 0 1 1 0 1
14 0 4 0 1 17 0 1 17 0 1 9 0 1 1 0 1 15 0 1 1 0 1 2 0 1 1 0 1 1 0 1 1 0 1 1 0 1 4 0 1 1 0 1
14 0 4 0 1 17 0 1 17 0 1 9 0 1 1 0 1 15 0 1 1 0 1 2 0 1 1 0 1 1 0 1 1 0 1 1 0 1 4 0 1 1 0 1
14 0 15 0 1 3 0 1 4 0 1 2 0 1 15 0 1 17 0 1 1 0 1 2 0 1 1 0 1 1 0 1 1 0 1 1 0 1 4 0 1 1 0 1
14 0 15 0 1 3 0 1 4 0 1 2 0 1 15 0 1 17 0 1 1 0 1 2 0 1 1 0 1 1 0 1 1 0 1 1 0 1 4 0 1 1 0 1
14 0 17 0 1 15 0 1 15 0 1 9 0 1 17 0 1 3 0 1 1 0 1 9 0 1 1 0 1 1 0 1 15 0 1 1 0 1 4 0 1 1 0 1
14 0 17 0 1 15 0 1 15 0 1 9 0 1 17 0 1 3 0 1 1 0 1 9 0 1 1 0 1 1 0 1 15 0 1 1 0 1 4 0 1 1 0 1
14 0 4 0 1 17 0 1 17 0 1 4 0 1 4 0 1 15 0 1 1 0 1 2 0 1 9 0 1 9 0 1 17 0 1 4 0 1 9 0 1 1 0 1
14 0 4 0 1 17 0 1 17 0 1 4 0 1 4 0 1 15 0 1 1 0 1 2 0 1 9 0 1 9 0 1 17 0 1 4 0 1 9 0 1 1 0 1
14 0 15 0 1 3 0 1 4 0 1 9 0 1 9 0 1 17 0 1 3 0 1 9 0 1 4 0 1 3 0 1 1 0 1 4 0 1 1 0 1 4 0 1
14 0 15 0 1 3 0 1 4 0 1 9 0 1 9 0 1 17 0 1 3 0 1 9 0 1 4 0 1 3 0 1 1 0 1 4 0 1 1 0 1 4 0 1
14 0 17 0 1 15 0 1 9 0 1 4 0 1 4 0 1 1 0 1 9 0 1 2 0 1 9 0 1 9 0 1 1 0 1 4 0 1 9 0 1 9 0 1
14 0 17 0 1 15 0 1 9 0 1 4 0 1 4 0 1 1 0 1 9 0 1 2 0 1 9 0 1 9 0 1 1 0 1 4 0 1 9 0 1 9 0 1
14 0 1 0 1 17 0 1 4 0 1 9 0 1 4 0 1 9 0 1 3 0 1 4 0 1 4 0 1 3 0 1 4 0 1 9 0 1 4 0 1 4 0 1
14 0 1 0 1 17 0 1 4 0 1 9 0 1 4 0 1 9 0 1 3 0 1 4 0 1 4 0 1 3 0 1 4 0 1 9 0 1 4 0 1 4 0 1
14 0 9 0 1 3 0 1 9 0 1 4 0 1 9 0 1 4 0 1 9 0 1 4 0 1 9 0 1 9 0 1 9 0 1 3 0 1 9 0 1 9 0 1
14 0 9 0 1 3 0 1 9 0 1 4 0 1 9 0 1 4 0 1 9 0 1 4 0 1 9 0 1 9 0 1 9 0 1 3 0 1 9 0 1 9 0 1
14 0 3 0 1 9 0 1 4 0 1 9 0 1 4 0 1 15 0 1 3 0 1 9 0 1 4 0 1 2 0 1 4 0 1 3 0 1 2 0 1 4 0 1
14 0 3 0 1 9 0 1 4 0 1 9 0 1 4 0 1 15 0 1 3 0 1 9 0 1 4 0 1 2 0 1 4 0 1 3 0 1 2 0 1 4 0 1
14 0 15 0 1 3 0 1 9 0 1 4 0 1 9 0 1 17 0 1 9 0 1 4 0 1 9 0 1 9 0 1 9 0 1 10 0 1 9 0 1 9 0 1
14 0 15 0 1 3 0 1 9 0 1 4 0 1 9 0 1 17 0 1 9 0 1 4 0 1 9 0 1 9 0 1 9 0 1 10 0 1 9 0 1 9 0 1
14 0 17 0 1 9 0 1 2 0 1 9 0 1 3 0 1 3 0 1 3 0 1 9 0 1 4 0 1 3 0 1 4 0 1 2 0 1 2 0 1 4 0 1
14 0 17 0 1 9 0 1 2 0 1 9 0 1 3 0 1 3 0 1 3 0 1 9 0 1 4 0 1 3 0 1 4 0 1 2 0 1 2 0 1 4 0 1
14 0 10 0 1 1 0 1 9 0 1 2 0 1 3 0 1 3 0 1 9 0 1 1 0 1 9 0 1 9 0 1 4 0 1 2 0 1 3 0 1 9 0 1
14 0 10 0 1 1 0 1 9 0 1 2 0 1 3 0 1 3 0 1 9 0 1 1 0 1 9 0 1 9 0 1 4 0 1 2 0 1 3 0 1 9 0 1
14 1 16 0 1 9 0 1 3 0 1 9 0 1 3 0 1 9 0 1 2 0 1 9 0 1 0 0 1 2 0 1 9 0 1 6 0 1 3 0 1 2 0 1 6 6 3
14 1 16 0 1 9 0 1 3 0 1 9 0 1 3 0 1 9 0 1 2 0 1 9 0 1 0 0 1 2 0 1 9 0 1 6 0 1 3 0 1 2 0 1 6 6 3
14 0 2 0 1 4 0 1 9 0 1 3 0 1 3 0 1 2 0 1 2 0 1 3 0 1 0 0 1 9 0 1 2 0 1 0 0 1 3 0 1 2 0 1
14 0 2 0 1 4 0 1 9 0 1 3 0 1 3 0 1 2 0 1 2 0 1 3 0 1 0 0 1 9 0 1 2 0 1 0 0 1 3 0 1 2 0 1
14 0 10 0 1 9 0 1 3 0 1 3 0 1 16 0 1 9 0 1 2 0 1 9 0 1 0 0 1 2 0 1 2 0 1 10 0 1 3 0 1 0 0 1
14 0 10 0 1 9 0 1 3 0 1 3 0 1 16 0 1 9 0 1 2 0 1 9 0 1 0 0 1 2 0 1 2 0 1 10 0 1 3 0 1 0 0 1
14 1 16 0 1 2 0 1 9 0 1 3 0 1 2 0 1 1 0 1 4 0 1 1 0 1 0 0 1 2 0 1 0 0 1 6 0 1 0 0 1 0 0 1 6 6 3
14 1 16 0 1 2 0 1 9 0 1 3 0 1 2 0 1 1 0 1 4 0 1 1 0 1 0 0 1 2 0 1 0 0 1 6 0 1 0 0 1 0 0 1 6 6 3
14 0 4 0 1 4 0 1 3 0 1 9 0 1 10 0 1 4 0 1 4 0 1 1 0 1 0 0 1 4 0 1 0 0 1 16 0 1 0 0 1 0 0 1
14 0 4 0 1 4 0 1 3 0 1 9 0 1 10 0 1 4 0 1 4 0 1 1 0 1 0 0 1 4 0 1 0 0 1 16 0 1 0 0 1 0 0 1
14 0 10 0 1 16 0 1 9 0 1 0 0 1 16 0 1 4 0 1 4 0 1 1 0 1 0 0 1 4 0 1 0 0 1 0 0 1 0 0 1 0 0 1
14 0 10 0 1 16 0 1 9 0 1 0 0 1 16 0 1 4 0 1 4 0 1 1 0 1 0 0 1 4 0 1 0 0 1 0 0 1 0 0 1 0 0 1
14 0 16 0 1 4 0 1 1 0 1 0 0 1 2 0 1 16 0 1 16 0 1 3 0 1 0 0 1 4 0 1 0 0 1 0 0 1 0 0 1 0 0 1
14 0 16 0 1 4 0 1 1 0 1 0 0 1 2 0 1 16 0 1 16 0 1 3 0 1 0 0 1 4 0 1 0 0 1 0 0 1 0 0 1 0 0 1
14 0 3 0 1 10 0 1 16 0 1 0 0 1 6 0 1 2 0 1 0 0 1 3 0 1 0 0 1 16 0 1 0 0 1 0 0 1 0 0 1 0 0 1
14 0 3 0 1 10 0 1 16 0 1 0 0 1 6 0 1 2 0 1 0 0 1 3 0 1 0 0 1 16 0 1 0 0 1 0 0 1 0 0 1 0 0 1
14 1 3 0 1 16 0 1 3 0 1 0 0 1 0 0 1 16 0 1 0 0 1 16 0 1 0 0 1 0 0 1 0 0 1 0 0 1 0 0 1 0 0 1 6 8 2
14 1 3 0 1 16 0 1 3 0 1 0 0 1 0 0 1 16 0 1 0 0 1 16 0 1 0 0 1 0 0 1 0 0 1 0 0 1 0 0 1 0 0 1 6 8 2
1 8 5 0 3 6 6 12 6 8 12 1 0 1 1 0 1 1 0 1 1 0 1 1 0 1 3 0 7
1 8 5 0 3 6 6 12 6 8 12 1 0 1 1 0 1 1 0 1 1 0 1 1 0 1 3 0 7
6 4 15 0 1 5 0 2 5 0 1 1 0 1 5 0 2 5 0 4 1 0 1 1 0 1 1 0 1 4 0 14
6 4 15 0 1 5 0 2 5 0 1 1 0 1 5 0 2 5 0 4 1 0 1 1 0 1 1 0 1 4 0 14
9 1 17 0 1 1 0 1 1 0 1 5 0 2 2 0 1 15 0 1 1 0 1 1 0 1 1 0 1 4 0 1
9 1 17 0 1 1 0 1 1 0 1 5 0 2 2 0 1 15 0 1 1 0 1 1 0 1 1 0 1 4 0 1
9 1 4 0 1 4 0 1 1 0 1 1 0 1 15 0 1 10 0 1 5 8 5 1 0 1 5 8 3 4 0 1
9 1 4 0 1 4 0 1 1 0 1 1 0 1 15 0 1 10 0 1 5 8 5 1 0 1 5 8 3 4 0 1
9 2 15 0 1 15 0 1 1 0 1 15 0 1 17 0 1 6 0 1 3 0 1 1 0 1 1 0 1 6 6 6 4 0 1
9 2 15 0 1 15 0 1 1 0 1 15 0 1 17 0 1 6 0 1 3 0 1 1 0 1 1 0 1 6 6 6 4 0 1
9 1 17 0 1 17 0 1 15 0 1 17 0 1 4 0 1 5 0 3 3 0 1 1 0 1 3 0 1 4 0 3
9 1 17 0 1 17 0 1 15 0 1 17 0 1 4 0 1 5 0 3 3 0 1 1 0 1 3 0 1 4 0 3
9 1 4 0 1 4 0 1 17 0 1 1 0 1 15 0 1 17 0 1 3 0 1 4 0 1 3 0 1 4 0 1
9 1 4 0 1 4 0 1 17 0 1 1 0 1 15 0 1 17 0 1 3 0 1 4 0 1 3 0 1 4 0 1
9 2 15 0 1 15 0 1 16 0 1 15 0 1 17 0 1 3 0 1 11 0 1 4 0 1 11 0 1 6 0 1 4 0 1
9 2 15 0 1 15 0 1 16 0 1 15 0 1 17 0 1 3 0 1 11 0 1 4 0 1 11 0 1 6 0 1 4 0 1
9 2 17 0 1 17 0 1 1 0 1 17 0 1 2 0 1 15 0 1 9 0 1 4 0 1 9 0 1 6 0 4 4 0 4
9 2 17 0 1 17 0 1 1 0 1 17 0 1 2 0 1 15 0 1 9 0 1 4 0 1 9 0 1 6 0 4 4 0 4
9 2 16 0 1 16 0 1 9 0 1 1 0 1 2 0 1 17 0 1 3 0 1 9 0 1 1 0 1 6 0 5 4 0 5
9 2 16 0 1 16 0 1 9 0 1 1 0 1 2 0 1 17 0 1 3 0 1 9 0 1 1 0 1 6 0 5 4 0 5
9 2 4 0 1 4 0 1 10 0 1 9 0 1 2 0 1 3 0 1 11 0 1 10 0 1 11 0 1 6 0 5 4 0 5
9 2 4 0 1 4 0 1 10 0 1 9 0 1 2 0 1 3 0 1 11 0 1 10 0 1 11 0 1 6 0 5 4 0 5
9 1 9 0 1 4 0 1 8 0 1 3 0 1 2 0 1 15 0 1 9 0 1 8 0 1 9 0 1 6 0 5
9 1 9 0 1 4 0 1 8 0 1 3 0 1 2 0 1 15 0 1 9 0 1 8 0 1 9 0 1 6 0 5
9 2 10 0 1 9 0 1 9 0 1 9 0 1 9 0 1 17 0 1 1 0 1 9 0 1 4 0 1 6 0 1 4 0 3
9 2 10 0 1 9 0 1 9 0 1 9 0 1 9 0 1 17 0 1 1 0 1 9 0 1 4 0 1 6 0 1 4 0 3
9 1 8 0 1 10 0 1 1 0 1 3 0 1 3 0 1 1 0 1 11 0 1 1 0 1 11 0 1 6 0 3
9 1 8 0 1 10 0 1 1 0 1 3 0 1 3 0 1 1 0 1 11 0 1 1 0 1 11 0 1 6 0 3
9 0 9 0 1 8 0 1 4 0 1 3 0 1 9 0 1 4 0 1 9 0 1 4 0 1 9 0 1
9 0 9 0 1 8 0 1 4 0 1 3 0 1 9 0 1 4 0 1 9 0 1 4 0 1 9 0 1
9 0 3 0 1 9 0 1 9 0 1 3 0 1 4 0 1 15 0 1 4 0 1 9 0 1 4 0 1
9 0 3 0 1 9 0 1 9 0 1 3 0 1 4 0 1 15 0 1 4 0 1 9 0 1 4 0 1
9 1 3 0 1 1 0 1 10 0 1 9 0 1 4 0 1 17 0 1 11 0 1 10 0 1 16 0 1 6 0 1
9 1 3 0 1 1 0 1 10 0 1 9 0 1 4 0 1 17 0 1 11 0 1 10 0 1 16 0 1 6 0 1
9 0 10 0 1 3 0 1 8 0 1 2 0 1 4 0 1 10 0 1 9 0 1 8 0 1 2 0 1
9 0 10 0 1 3 0 1 8 0 1 2 0 1 4 0 1 10 0 1 9 0 1 8 0 1 2 0 1
9 0 16 0 1 9 0 1 9 0 1 9 0 1 4 0 1 16 0 1 1 0 1 9 0 1 10 0 1
9 0 16 0 1 9 0 1 9 0 1 9 0 1 4 0 1 16 0 1 1 0 1 9 0 1 10 0 1
9 0 3 0 1 10 0 1 2 0 1 2 0 1 9 0 1 2 0 1 11 0 1 2 0 1 2 0 1
9 0 3 0 1 10 0 1 2 0 1 2 0 1 9 0 1 2 0 1 11 0 1 2 0 1 2 0 1
9 1 6 0 1 8 0 1 2 0 1 4 0 1 1 0 1 16 0 1 9 0 1 2 0 1 6 0 1 6 6 3
9 1 6 0 1 8 0 1 2 0 1 4 0 1 1 0 1 16 0 1 9 0 1 2 0 1 6 0 1 6 6 3
9 0 10 0 1 9 0 1 2 0 1 4 0 1 1 0 1 3 0 1 0 0 1 2 0 1 16 0 1
9 0 10 0 1 9 0 1 2 0 1 4 0 1 1 0 1 3 0 1 0 0 1 2 0 1 16 0 1
9 1 6 0 1 2 0 1 3 0 1 4 0 1 1 0 1 16 0 1 0 0 1 2 0 1 1 0 1 6 6 3
9 1 6 0 1 2 0 1 3 0 1 4 0 1 1 0 1 16 0 1 0 0 1 2 0 1 1 0 1 6 6 3
9 0 16 0 1 3 0 1 16 0 1 4 0 1 1 0 1 4 0 1 0 0 1 3 0 1 16 0 1
9 0 16 0 1 3 0 1 16 0 1 4 0 1 1 0 1 4 0 1 0 0 1 3 0 1 16 0 1
1 7 5 0 5 6 8 4 6 0 14 1 0 1 1 0 1 1 0 1 1 0 1 1 0 1
1 7 5 0 5 6 8 4 6 0 14 1 0 1 1 0 1 1 0 1 1 0 1 1 0 1
6 5 15 0 1 5 0 4 5 0 2 4 0 1 5 0 1 5 0 2 1 0 1 1 0 1 1 0 1 1 0 1 1 0 1
6 5 15 0 1 5 0 4 5 0 2 4 0 1 5 0 1 5 0 2 1 0 1 1 0 1 1 0 1 1 0 1 1 0 1
11 1 17 0 1 15 0 1 15 0 1 2 0 1 1 0 1 1 0 1 1 0 1 1 0 1 1 0 1 1 0 1 2 0 1 1 0 1
11 1 17 0 1 15 0 1 15 0 1 2 0 1 1 0 1 1 0 1 1 0 1 1 0 1 1 0 1 1 0 1 2 0 1 1 0 1
12 0 4 0 1 17 0 1 17 0 1 9 0 1 1 0 1 15 0 1 5 8 3 1 0 1 1 0 1 1 0 1 9 0 1 1 0 1
12 0 4 0 1 17 0 1 17 0 1 9 0 1 1 0 1 15 0 1 5 8 3 1 0 1 1 0 1 1 0 1 9 0 1 1 0 1
12 0 15 0 1 3 0 1 4 0 1 4 0 1 15 0 1 17 0 1 3 0 1 1 0 1 1 0 1 1 0 1 2 0 1 5 8 1
12 0 15 0 1 3 0 1 4 0 1 4 0 1 15 0 1 17 0 1 3 0 1 1 0 1 1 0 1 1 0 1 2 0 1 5 8 1
12 0 17 0 1 15 0 1 15 0 1 9 0 1 17 0 1 1 0 1 3 0 1 3 0 1 4 0 1 1 0 1 9 0 1 1 0 1
12 0 17 0 1 15 0 1 15 0 1 9 0 1 17 0 1 1 0 1 3 0 1 3 0 1 4 0 1 1 0 1 9 0 1 1 0 1
12 0 4 0 1 17 0 1 17 0 1 2 0 1 4 0 1 15 0 1 3 0 1 10 0 1 9 0 1 9 0 1 2 0 1 1 0 1
12 0 4 0 1 17 0 1 17 0 1 2 0 1 4 0 1 15 0 1 3 0 1 10 0 1 9 0 1 9 0 1 2 0 1 1 0 1
12 0 15 0 1 3 0 1 4 0 1 9 0 1 9 0 1 17 0 1 10 0 1 2 0 1 4 0 1 3 0 1 9 0 1 1 0 1
12 0 15 0 1 3 0 1 4 0 1 9 0 1 9 0 1 17 0 1 10 0 1 2 0 1 4 0 1 3 0 1 9 0 1 1 0 1
12 0 17 0 1 15 0 1 9 0 1 2 0 1 4 0 1 1 0 1 3 0 1 3 0 1 9 0 1 9 0 1 4 0 1 11 0 1
12 0 17 0 1 15 0 1 9 0 1 2 0 1 4 0 1 1 0 1 3 0 1 3 0 1 9 0 1 9 0 1 4 0 1 11 0 1
12 0 1 0 1 17 0 1 4 0 1 9 0 1 4 0 1 3 0 1 10 0 1 3 0 1 1 0 1 3 0 1 9 0 1 9 0 1
12 0 1 0 1 17 0 1 4 0 1 9 0 1 4 0 1 3 0 1 10 0 1 3 0 1 1 0 1 3 0 1 9 0 1 9 0 1
12 0 9 0 1 1 0 1 9 0 1 4 0 1 9 0 1 3 0 1 1 0 1 10 0 1 9 0 1 9 0 1 4 0 1 2 0 1
12 0 9 0 1 1 0 1 9 0 1 4 0 1 9 0 1 3 0 1 1 0 1 10 0 1 9 0 1 9 0 1 4 0 1 2 0 1
12 0 3 0 1 4 0 1 4 0 1 9 0 1 4 0 1 9 0 1 10 0 1 1 0 1 4 0 1 3 0 1 9 0 1 10 0 1
12 0 3 0 1 4 0 1 4 0 1 9 0 1 4 0 1 9 0 1 10 0 1 1 0 1 4 0 1 3 0 1 9 0 1 10 0 1
12 0 15 0 1 15 0 1 9 0 1 1 0 1 9 0 1 3 0 1 1 0 1 10 0 1 9 0 1 9 0 1 4 0 1 16 0 1
12 0 15 0 1 15 0 1 9 0 1 1 0 1 9 0 1 3 0 1 1 0 1 10 0 1 9 0 1 9 0 1 4 0 1 16 0 1
12 0 17 0 1 17 0 1 2 0 1 9 0 1 2 0 1 9 0 1 11 0 1 4 0 1 2 0 1 3 0 1 9 0 1 2 0 1
12 0 17 0 1 17 0 1 2 0 1 9 0 1 2 0 1 9 0 1 11 0 1 4 0 1 2 0 1 3 0 1 9 0 1 2 0 1
12 0 3 0 1 16 0 1 9 0 1 4 0 1 9 0 1 2 0 1 9 0 1 10 0 1 4 0 1 9 0 1 4 0 1 2 0 1
12 0 3 0 1 16 0 1 9 0 1 4 0 1 9 0 1 2 0 1 9 0 1 10 0 1 4 0 1 9 0 1 4 0 1 2 0 1
12 1 15 0 1 3 0 1 3 0 1 9 0 1 2 0 1 2 0 1 1 0 1 2 0 1 9 0 1 2 0 1 9 0 1 6 0 1 6 6 6
12 1 15 0 1 3 0 1 3 0 1 9 0 1 2 0 1 2 0 1 1 0 1 2 0 1 9 0 1 2 0 1 9 0 1 6 0 1 6 6 6
12 0 17 0 1 10 0 1 9 0 1 4 0 1 9 0 1 4 0 1 11 0 1 2 0 1 1 0 1 2 0 1 2 0 1 10 0 1
12 0 17 0 1 10 0 1 9 0 1 4 0 1 9 0 1 4 0 1 11 0 1 2 0 1 1 0 1 2 0 1 2 0 1 10 0 1
12 1 16 0 1 2 0 1 3 0 1 9 0 1 1 0 1 4 0 1 9 0 1 10 0 1 3 0 1 4 0 1 3 0 1 6 0 1 6 6 3
12 1 16 0 1 2 0 1 3 0 1 9 0 1 1 0 1 4 0 1 9 0 1 10 0 1 3 0 1 4 0 1 3 0 1 6 0 1 6 6 3
12 0 2 0 1 16 0 1 9 0 1 1 0 1 1 0 1 4 0 1 4 0 1 4 0 1 3 0 1 4 0 1 9 0 1 16 0 1
12 0 2 0 1 16 0 1 9 0 1 1 0 1 1 0 1 4 0 1 4 0 1 4 0 1 3 0 1 4 0 1 9 0 1 16 0 1
12 0 16 0 1 4 0 1 1 0 1 1 0 1 3 0 1 16 0 1 4 0 1 4 0 1 3 0 1 4 0 1 3 0 1 4 0 1
12 0 16 0 1 4 0 1 1 0 1 1 0 1 3 0 1 16 0 1 4 0 1 4 0 1 3 0 1 4 0 1 3 0 1 4 0 1
12 2 4 0 1 10 0 1 3 0 1 1 0 1 3 0 1 4 0 1 4 0 1 6 0 1 3 0 1 4 0 1 9 0 1 2 0 1 6 6 6 6 3 8
12 2 4 0 1 10 0 1 3 0 1 1 0 1 3 0 1 4 0 1 4 0 1 6 0 1 3 0 1 4 0 1 9 0 1 2 0 1 6 6 6 6 3 8
12 0 16 0 1 16 0 1 10 0 1 3 0 1 3 0 1 4 0 1 11 0 1 4 0 1 9 0 1 4 0 1 0 0 1 0 0 1
12 0 16 0 1 16 0 1 10 0 1 3 0 1 3 0 1 4 0 1 11 0 1 4 0 1 9 0 1 4 0 1 0 0 1 0 0 1
12 0 4 0 1 4 0 1 16 0 1 3 0 1 3 0 1 16 0 1 9 0 1 2 0 1 0 0 1 16 0 1 0 0 1 0 0 1
12 0 4 0 1 4 0 1 16 0 1 3 0 1 3 0 1 16 0 1 9 0 1 2 0 1 0 0 1 16 0 1 0 0 1 0 0 1
12 2 10 0 1 6 0 1 3 0 1 16 0 1 10 0 1 0 0 1 2 0 1 16 0 1 0 0 1 0 0 1 0 0 1 0 0 1 6 6 3 6 3 2
12 2 10 0 1 6 0 1 3 0 1 16 0 1 10 0 1 0 0 1 2 0 1 16 0 1 0 0 1 0 0 1 0 0 1 0 0 1 6 6 3 6 3 2
1 8 5 0 3 6 6 6 6 3 6 6 8 7 1 0 1 1 0 1 1 0 1 1 0 1 1 0 1
1 8 5 0 3 6 6 6 6 3 6 6 8 7 1 0 1 1 0 1 1 0 1 1 0 1 1 0 1
6 5 15 0 1 5 0 3 1 0 1 1 0 1 5 0 2 5 0 3 1 0 1 1 0 1 1 0 1 1 0 1 1 0 1
6 5 15 0 1 5 0 3 1 0 1 1 0 1 5 0 2 5 0 3 1 0 1 1 0 1 1 0 1 1 0 1 1 0 1
11 3 17 0 1 1 0 1 1 0 1 5 0 3 2 0 1 15 0 1 1 0 1 1 0 1 1 0 1 1 0 1 1 0 1 1 0 1 1 0 1 4 0 14
11 3 17 0 1 1 0 1 1 0 1 5 0 3 2 0 1 15 0 1 1 0 1 1 0 1 1 0 1 1 0 1 1 0 1 1 0 1 1 0 1 4 0 14
13 1 4 0 1 4 0 1 1 0 1 1 0 1 15 0 1 17 0 1 1 0 1 5 8 2 1 0 1 5 8 3 4 0 1 1 0 1 1 0 1 4 0 2
13 1 4 0 1 4 0 1 1 0 1 1 0 1 15 0 1 17 0 1 1 0 1 5 8 2 1 0 1 5 8 3 4 0 1 1 0 1 1 0 1 4 0 2
13 1 15 0 1 15 0 1 4 0 1 15 0 1 17 0 1 3 0 1 1 0 1 1 0 1 4 0 1 1 0 1 4 0 1 5 8 2 1 0 1 4 0 1
13 1 15 0 1 15 0 1 4 0 1 15 0 1 17 0 1 3 0 1 1 0 1 1 0 1 4 0 1 1 0 1 4 0 1 5 8 2 1 0 1 4 0 1
13 1 17 0 1 17 0 1 4 0 1 17 0 1 4 0 1 15 0 1 4 0 1 1 0 1 4 0 1 1 0 1 4 0 1 1 0 1 1 0 1 4 0 3
13 1 17 0 1 17 0 1 4 0 1 17 0 1 4 0 1 15 0 1 4 0 1 1 0 1 4 0 1 1 0 1 4 0 1 1 0 1 1 0 1 4 0 3
13 1 4 0 1 4 0 1 9 0 1 3 0 1 15 0 1 17 0 1 9 0 1 1 0 1 9 0 1 3 0 1 9 0 1 1 0 1 1 0 1 4 0 1
13 1 4 0 1 4 0 1 9 0 1 3 0 1 15 0 1 17 0 1 9 0 1 1 0 1 9 0 1 3 0 1 9 0 1 1 0 1 1 0 1 4 0 1
13 2 15 0 1 15 0 1 1 0 1 15 0 1 17 0 1 3 0 1 4 0 1 10 0 1 4 0 1 9 0 1 4 0 1 1 0 1 9 0 1 6 0 1 4 0 1
13 2 15 0 1 15 0 1 1 0 1 15 0 1 17 0 1 3 0 1 4 0 1 10 0 1 4 0 1 9 0 1 4 0 1 1 0 1 9 0 1 6 0 1 4 0 1
13 2 17 0 1 17 0 1 4 0 1 17 0 1 2 0 1 15 0 1 4 0 1 3 0 1 9 0 1 3 0 1 9 0 1 1 0 1 4 0 1 6 0 4 4 0 4
13 2 17 0 1 17 0 1 4 0 1 17 0 1 2 0 1 15 0 1 4 0 1 3 0 1 9 0 1 3 0 1 9 0 1 1 0 1 4 0 1 6 0 4 4 0 4
13 2 16 0 1 1 0 1 9 0 1 1 0 1 2 0 1 17 0 1 9 0 1 10 0 1 4 0 1 9 0 1 2 0 1 11 0 1 9 0 1 6 0 5 4 0 5
13 2 16 0 1 1 0 1 9 0 1 1 0 1 2 0 1 17 0 1 9 0 1 10 0 1 4 0 1 9 0 1 2 0 1 11 0 1 9 0 1 6 0 5 4 0 5
13 2 1 0 1 3 0 1 1 0 1 4 0 1 2 0 1 3 0 1 4 0 1 3 0 1 1 0 1 3 0 1 3 0 1 9 0 1 4 0 1 6 0 5 4 0 5
13 2 1 0 1 3 0 1 1 0 1 4 0 1 2 0 1 3 0 1 4 0 1 3 0 1 1 0 1 3 0 1 3 0 1 9 0 1 4 0 1 6 0 5 4 0 5
13 2 2 0 1 15 0 1 4 0 1 15 0 1 2 0 1 9 0 1 9 0 1 11 0 1 2 0 1 9 0 1 3 0 1 3 0 1 9 0 1 6 0 5 4 0 5
13 2 2 0 1 15 0 1 4 0 1 15 0 1 2 0 1 9 0 1 9 0 1 11 0 1 2 0 1 9 0 1 3 0 1 3 0 1 9 0 1 6 0 5 4 0 5
13 2 1 0 1 17 0 1 9 0 1 17 0 1 9 0 1 3 0 1 1 0 1 9 0 1 0 0 1 3 0 1 3 0 1 11 0 1 1 0 1 6 0 7 4 0 7
13 2 1 0 1 17 0 1 9 0 1 17 0 1 9 0 1 3 0 1 1 0 1 9 0 1 0 0 1 3 0 1 3 0 1 11 0 1 1 0 1 6 0 7 4 0 7
13 1 2 0 1 1 0 1 3 0 1 16 0 1 3 0 1 9 0 1 9 0 1 3 0 1 9 0 1 10 0 1 16 0 1 9 0 1 9 0 1 4 0 7
13 1 2 0 1 1 0 1 3 0 1 16 0 1 3 0 1 9 0 1 9 0 1 3 0 1 9 0 1 10 0 1 16 0 1 9 0 1 9 0 1 4 0 7
13 0 3 0 1 1 0 1 9 0 1 2 0 1 9 0 1 1 0 1 2 0 1 11 0 1 0 0 1 1 0 1 0 0 1 0 0 1 3 0 1
13 0 3 0 1 1 0 1 9 0 1 2 0 1 9 0 1 1 0 1 2 0 1 11 0 1 0 0 1 1 0 1 0 0 1 0 0 1 3 0 1
13 0 10 0 1 4 0 1 3 0 1 16 0 1 4 0 1 9 0 1 2 0 1 9 0 1 3 0 1 10 0 1 0 0 1 0 0 1 9 0 1
13 0 10 0 1 4 0 1 3 0 1 16 0 1 4 0 1 9 0 1 2 0 1 9 0 1 3 0 1 10 0 1 0 0 1 0 0 1 9 0 1
13 0 16 0 1 2 0 1 3 0 1 3 0 1 4 0 1 4 0 1 2 0 1 2 0 1 3 0 1 1 0 1 0 0 1 0 0 1 0 0 1
13 0 16 0 1 2 0 1 3 0 1 3 0 1 4 0 1 4 0 1 2 0 1 2 0 1 3 0 1 1 0 1 0 0 1 0 0 1 0 0 1
13 0 3 0 1 2 0 1 3 0 1 16 0 1 4 0 1 9 0 1 2 0 1 2 0 1 3 0 1 11 0 1 0 0 1 0 0 1 0 0 1
13 0 3 0 1 2 0 1 3 0 1 16 0 1 4 0 1 9 0 1 2 0 1 2 0 1 3 0 1 11 0 1 0 0 1 0 0 1 0 0 1
13 2 6 0 1 2 0 1 9 0 1 2 0 1 4 0 1 4 0 1 3 0 1 2 0 1 3 0 1 9 0 1 0 0 1 0 0 1 0 0 1 6 7 22 6 6 3
13 2 6 0 1 2 0 1 9 0 1 2 0 1 4 0 1 4 0 1 3 0 1 2 0 1 3 0 1 9 0 1 0 0 1 0 0 1 0 0 1 6 7 22 6 6 3
13 1 10 0 1 10 0 1 0 0 1 16 0 1 9 0 1 9 0 1 3 0 1 4 0 1 10 0 1 4 0 1 0 0 1 0 0 1 0 0 1 6 0 14
13 1 10 0 1 10 0 1 0 0 1 16 0 1 9 0 1 9 0 1 3 0 1 4 0 1 10 0 1 4 0 1 0 0 1 0 0 1 0 0 1 6 0 14
13 1 6 0 1 16 0 1 0 0 1 4 0 1 1 0 1 2 0 1 3 0 1 4 0 1 16 0 1 11 0 1 0 0 1 0 0 1 0 0 1 6 6 3
13 1 6 0 1 16 0 1 0 0 1 4 0 1 1 0 1 2 0 1 3 0 1 4 0 1 16 0 1 11 0 1 0 0 1 0 0 1 0 0 1 6 6 3
13 0 16 0 1 1 0 1 0 0 1 16 0 1 1 0 1 16 0 1 3 0 1 4 0 1 2 0 1 9 0 1 0 0 1 0 0 1 0 0 1
13 0 16 0 1 1 0 1 0 0 1 16 0 1 1 0 1 16 0 1 3 0 1 4 0 1 2 0 1 9 0 1 0 0 1 0 0 1 0 0 1
13 1 2 0 1 3 0 1 0 0 1 0 0 1 1 0 1 0 0 1 0 0 1 6 0 1 6 0 1 4 0 1 0 0 1 0 0 1 0 0 1 6 3 4
13 1 2 0 1 3 0 1 0 0 1 0 0 1 1 0 1 0 0 1 0 0 1 6 0 1 6 0 1 4 0 1 0 0 1 0 0 1 0 0 1 6 3 4
13 0 16 0 1 16 0 1 0 0 1 0 0 1 1 0 1 0 0 1 0 0 1 0 0 1 0 0 1 11 0 1 0 0 1 0 0 1 0 0 1
13 0 16 0 1 16 0 1 0 0 1 0 0 1 1 0 1 0 0 1 0 0 1 0 0 1 0 0 1 11 0 1 0 0 1 0 0 1 0 0 1
1 7 5 0 5 6 3 4 1 0 1 1 0 1 1 0 1 1 0 1 1 0 1 6 8 2
1 7 5 0 5 6 3 4 1 0 1 1 0 1 1 0 1 1 0 1 1 0 1 6 8 2
6 5 15 0 1 5 0 4 5 0 2 4 0 1 5 0 1 5 0 2 1 0 1 1 0 1 1 0 1 1 0 1 1 0 1
6 5 15 0 1 5 0 4 5 0 2 4 0 1 5 0 1 5 0 2 1 0 1 1 0 1 1 0 1 1 0 1 1 0 1
11 3 17 0 1 15 0 1 15 0 1 2 0 1 1 0 1 1 0 1 1 0 1 1 0 1 2 0 1 1 0 1 1 0 1 1 0 1 1 0 1 4 0 14
11 3 17 0 1 15 0 1 15 0 1 2 0 1 1 0 1 1 0 1 1 0 1 1 0 1 2 0 1 1 0 1 1 0 1 1 0 1 1 0 1 4 0 14
13 1 4 0 1 17 0 1 10 0 1 9 0 1 1 0 1 15 0 1 1 0 1 3 0 1 2 0 1 1 0 1 4 0 1 1 0 1 1 0 1 4 0 3
13 1 4 0 1 17 0 1 10 0 1 9 0 1 1 0 1 15 0 1 1 0 1 3 0 1 2 0 1 1 0 1 4 0 1 1 0 1 1 0 1 4 0 3
13 1 15 0 1 3 0 1 6 0 1 4 0 1 15 0 1 17 0 1 3 0 1 3 0 1 2 0 1 3 0 1 4 0 1 1 0 1 1 0 1 4 0 1
13 1 15 0 1 3 0 1 6 0 1 4 0 1 15 0 1 17 0 1 3 0 1 3 0 1 2 0 1 3 0 1 4 0 1 1 0 1 1 0 1 4 0 1
13 1 17 0 1 15 0 1 5 0 1 9 0 1 17 0 1 1 0 1 3 0 1 3 0 1 9 0 1 3 0 1 4 0 1 1 0 1 1 0 1 4 0 2
13 1 17 0 1 15 0 1 5 0 1 9 0 1 17 0 1 1 0 1 3 0 1 3 0 1 9 0 1 3 0 1 4 0 1 1 0 1 1 0 1 4 0 2
13 1 4 0 1 17 0 1 17 0 1 2 0 1 10 0 1 15 0 1 10 0 1 10 0 1 2 0 1 3 0 1 9 0 1 1 0 1 1 0 1 4 0 1
13 1 4 0 1 17 0 1 17 0 1 2 0 1 10 0 1 15 0 1 10 0 1 10 0 1 2 0 1 3 0 1 9 0 1 1 0 1 1 0 1 4 0 1
13 2 15 0 1 3 0 1 4 0 1 9 0 1 16 0 1 17 0 1 1 0 1 3 0 1 9 0 1 3 0 1 4 0 1 9 0 1 9 0 1 6 0 1 4 0 1
13 2 15 0 1 3 0 1 4 0 1 9 0 1 16 0 1 17 0 1 1 0 1 3 0 1 9 0 1 3 0 1 4 0 1 9 0 1 9 0 1 6 0 1 4 0 1
13 2 17 0 1 15 0 1 15 0 1 2 0 1 4 0 1 1 0 1 10 0 1 10 0 1 4 0 1 9 0 1 9 0 1 4 0 1 1 0 1 6 0 2 4 0 2
13 2 17 0 1 15 0 1 15 0 1 2 0 1 4 0 1 1 0 1 10 0 1 10 0 1 4 0 1 9 0 1 9 0 1 4 0 1 1 0 1 6 0 2 4 0 2
13 2 1 0 1 17 0 1 17 0 1 9 0 1 9 0 1 3 0 1 4 0 1 1 0 1 9 0 1 1 0 1 1 0 1 9 0 1 4 0 1 6 0 4 4 0 4
13 2 1 0 1 17 0 1 17 0 1 9 0 1 9 0 1 3 0 1 4 0 1 1 0 1 9 0 1 1 0 1 1 0 1 9 0 1 4 0 1 6 0 4 4 0 4
13 2 3 0 1 1 0 1 4 0 1 4 0 1 4 0 1 9 0 1 10 0 1 10 0 1 4 0 1 9 0 1 9 0 1 4 0 1 9 0 1 6 0 4 4 0 4
13 2 3 0 1 1 0 1 4 0 1 4 0 1 4 0 1 9 0 1 10 0 1 10 0 1 4 0 1 9 0 1 9 0 1 4 0 1 9 0 1 6 0 4 4 0 4
13 2 15 0 1 4 0 1 9 0 1 9 0 1 9 0 1 1 0 1 4 0 1 4 0 1 9 0 1 1 0 1 3 0 1 9 0 1 4 0 1 6 0 4 4 0 4
13 2 15 0 1 4 0 1 9 0 1 9 0 1 9 0 1 1 0 1 4 0 1 4 0 1 9 0 1 1 0 1 3 0 1 9 0 1 4 0 1 6 0 4 4 0 4
13 2 17 0 1 15 0 1 4 0 1 1 0 1 4 0 1 3 0 1 10 0 1 10 0 1 4 0 1 10 0 1 9 0 1 4 0 1 9 0 1 6 0 5 4 0 5
13 2 17 0 1 15 0 1 4 0 1 1 0 1 4 0 1 3 0 1 10 0 1 10 0 1 4 0 1 10 0 1 9 0 1 4 0 1 9 0 1 6 0 5 4 0 5
13 2 3 0 1 17 0 1 9 0 1 9 0 1 9 0 1 9 0 1 16 0 1 1 0 1 9 0 1 4 0 1 3 0 1 9 0 1 4 0 1 6 0 6 4 0 6
13 2 3 0 1 17 0 1 9 0 1 9 0 1 9 0 1 9 0 1 16 0 1 1 0 1 9 0 1 4 0 1 3 0 1 9 0 1 4 0 1 6 0 6 4 0 6
13 3 15 0 1 10 0 1 4 0 1 4 0 1 4 0 1 3 0 1 2 0 1 10 0 1 4 0 1 4 0 1 9 0 1 4 0 1 9 0 1 6 7 14 6 0 6 4 0 6
13 3 15 0 1 10 0 1 4 0 1 4 0 1 4 0 1 3 0 1 2 0 1 10 0 1 4 0 1 4 0 1 9 0 1 4 0 1 9 0 1 6 7 14 6 0 6 4 0 6
13 2 17 0 1 16 0 1 9 0 1 9 0 1 9 0 1 10 0 1 10 0 1 1 0 1 9 0 1 4 0 1 2 0 1 9 0 1 4 0 1 6 8 8 6 0 7
13 2 17 0 1 16 0 1 9 0 1 9 0 1 9 0 1 10 0 1 10 0 1 1 0 1 9 0 1 4 0 1 2 0 1 9 0 1 4 0 1 6 8 8 6 0 7
13 1 16 0 1 2 0 1 2 0 1 4 0 1 1 0 1 2 0 1 2 0 1 10 0 1 2 0 1 10 0 1 10 0 1 1 0 1 4 0 1 4 0 14
13 1 16 0 1 2 0 1 2 0 1 4 0 1 1 0 1 2 0 1 2 0 1 10 0 1 2 0 1 10 0 1 10 0 1 1 0 1 4 0 1 4 0 14
13 3 2 0 1 10 0 1 9 0 1 9 0 1 9 0 1 2 0 1 6 0 1 4 0 1 3 0 1 4 0 1 16 0 1 9 0 1 9 0 1 6 6 3 6 3 6 6 0 14
13 3 2 0 1 10 0 1 9 0 1 9 0 1 9 0 1 2 0 1 6 0 1 4 0 1 3 0 1 4 0 1 16 0 1 9 0 1 9 0 1 6 6 3 6 3 6 6 0 14
13 2 16 0 1 16 0 1 3 0 1 1 0 1 2 0 1 2 0 1 10 0 1 10 0 1 9 0 1 10 0 1 3 0 1 0 0 1 0 0 1 6 7 4 4 0 14
13 2 16 0 1 16 0 1 3 0 1 1 0 1 2 0 1 2 0 1 10 0 1 10 0 1 9 0 1 10 0 1 3 0 1 0 0 1 0 0 1 6 7 4 4 0 14
13 3 4 0 1 4 0 1 9 0 1 1 0 1 2 0 1 2 0 1 6 0 1 2 0 1 3 0 1 2 0 1 3 0 1 0 0 1 0 0 1 6 6 3 6 0 14 6 8 1
13 3 4 0 1 4 0 1 9 0 1 1 0 1 2 0 1 2 0 1 6 0 1 2 0 1 3 0 1 2 0 1 3 0 1 0 0 1 0 0 1 6 6 3 6 0 14 6 8 1
13 2 16 0 1 6 0 1 3 0 1 3 0 1 2 0 1 4 0 1 1 0 1 2 0 1 9 0 1 2 0 1 6 0 1 0 0 1 0 0 1 6 6 3 6 6 3
13 2 16 0 1 6 0 1 3 0 1 3 0 1 2 0 1 4 0 1 1 0 1 2 0 1 9 0 1 2 0 1 6 0 1 0 0 1 0 0 1 6 6 3 6 6 3
13 0 1 0 1 16 0 1 9 0 1 3 0 1 3 0 1 16 0 1 16 0 1 2 0 1 0 0 1 2 0 1 2 0 1 0 0 1 0 0 1
13 0 1 0 1 16 0 1 9 0 1 3 0 1 3 0 1 16 0 1 16 0 1 2 0 1 0 0 1 2 0 1 2 0 1 0 0 1 0 0 1
13 0 16 0 1 3 0 1 1 0 1 3 0 1 3 0 1 4 0 1 0 0 1 4 0 1 0 0 1 2 0 1 16 0 1 0 0 1 0 0 1
13 0 16 0 1 3 0 1 1 0 1 3 0 1 3 0 1 4 0 1 0 0 1 4 0 1 0 0 1 2 0 1 16 0 1 0 0 1 0 0 1
13 1 0 0 1 3 0 1 3 0 1 16 0 1 3 0 1 4 0 1 0 0 1 4 0 1 0 0 1 6 0 1 0 0 1 0 0 1 0 0 1 6 3 6
13 1 0 0 1 3 0 1 3 0 1 16 0 1 3 0 1 4 0 1 0 0 1 4 0 1 0 0 1 6 0 1 0 0 1 0 0 1 0 0 1 6 3 6
1 9 5 0 3 6 3 16 6 6 3 1 0 1 1 0 1 1 0 1 1 0 1 1 0 1 3 0 7 6 8 4
1 9 5 0 3 6 3 16 6 6 3 1 0 1 1 0 1 1 0 1 1 0 1 1 0 1 3 0 7 6 8 4
6 5 15 0 1 5 0 3 5 0 2 4 0 1 5 0 2 5 0 2 1 0 1 1 0 1 1 0 1 1 0 1 1 0 1
6 5 15 0 1 5 0 3 5 0 2 4 0 1 5 0 2 5 0 2 1 0 1 1 0 1 1 0 1 1 0 1 1 0 1
11 5 17 0 1 5 8 2 15 0 1 5 8 6 1 0 1 5 8 3 1 0 1 1 0 1 5 8 6 5 0 1 5 0 1 1 0 1 1 0 1 1 0 1 1 0 1 4 0 14
11 5 17 0 1 5 8 2 15 0 1 5 8 6 1 0 1 5 8 3 1 0 1 1 0 1 5 8 6 5 0 1 5 0 1 1 0 1 1 0 1 1 0 1 1 0 1 4 0 14
15 1 4 0 1 15 0 1 17 0 1 4 0 1 15 0 1 1 0 1 1 0 1 1 0 1 2 0 1 5 8 3 1 0 1 1 0 1 1 0 1 1 0 1 1 0 1 4 0 2
15 1 4 0 1 15 0 1 17 0 1 4 0 1 15 0 1 1 0 1 1 0 1 1 0 1 2 0 1 5 8 3 1 0 1 1 0 1 1 0 1 1 0 1 1 0 1 4 0 2
15 1 15 0 1 17 0 1 4 0 1 4 0 1 17 0 1 15 0 1 1 0 1 1 0 1 2 0 1 1 0 1 1 0 1 1 0 1 1 0 1 1 0 1 1 0 1 4 0 2
15 1 15 0 1 17 0 1 4 0 1 4 0 1 17 0 1 15 0 1 1 0 1 1 0 1 2 0 1 1 0 1 1 0 1 1 0 1 1 0 1 1 0 1 1 0 1 4 0 2
15 1 17 0 1 3 0 1 15 0 1 11 0 1 4 0 1 17 0 1 1 0 1 1 0 1 11 0 1 1 0 1 1 0 1 4 0 1 1 0 1 1 0 1 1 0 1 4 0 2
15 1 17 0 1 3 0 1 15 0 1 11 0 1 4 0 1 17 0 1 1 0 1 1 0 1 11 0 1 1 0 1 1 0 1 4 0 1 1 0 1 1 0 1 1 0 1 4 0 2
15 1 4 0 1 15 0 1 17 0 1 9 0 1 15 0 1 3 0 1 10 0 1 1 0 1 9 0 1 15 0 1 15 0 1 4 0 1 4 0 1 4 0 1 1 0 1 4 0 1
15 1 4 0 1 15 0 1 17 0 1 9 0 1 15 0 1 3 0 1 10 0 1 1 0 1 9 0 1 15 0 1 15 0 1 4 0 1 4 0 1 4 0 1 1 0 1 4 0 1
15 2 15 0 1 17 0 1 2 0 1 4 0 1 17 0 1 15 0 1 3 0 1 9 0 1 4 0 1 17 0 1 17 0 1 4 0 1 4 0 1 4 0 1 1 0 1 6 0 4 4 0 4
15 2 15 0 1 17 0 1 2 0 1 4 0 1 17 0 1 15 0 1 3 0 1 9 0 1 4 0 1 17 0 1 17 0 1 4 0 1 4 0 1 4 0 1 1 0 1 6 0 4 4 0 4
15 2 17 0 1 3 0 1 2 0 1 11 0 1 16 0 1 17 0 1 10 0 1 3 0 1 11 0 1 3 0 1 16 0 1 9 0 1 9 0 1 4 0 1 4 0 1 6 0 6 4 0 6
15 2 17 0 1 3 0 1 2 0 1 11 0 1 16 0 1 17 0 1 10 0 1 3 0 1 11 0 1 3 0 1 16 0 1 9 0 1 9 0 1 4 0 1 4 0 1 6 0 6 4 0 6
15 2 16 0 1 15 0 1 2 0 1 9 0 1 4 0 1 3 0 1 3 0 1 9 0 1 9 0 1 9 0 1 1 0 1 1 0 1 4 0 1 9 0 1 9 0 1 6 0 6 4 0 6
15 2 16 0 1 15 0 1 2 0 1 9 0 1 4 0 1 3 0 1 3 0 1 9 0 1 9 0 1 9 0 1 1 0 1 1 0 1 4 0 1 9 0 1 9 0 1 6 0 6 4 0 6
15 2 4 0 1 17 0 1 2 0 1 4 0 1 4 0 1 9 0 1 9 0 1 3 0 1 4 0 1 3 0 1 9 0 1 9 0 1 4 0 1 10 0 1 4 0 1 6 0 7 4 0 7
15 2 4 0 1 17 0 1 2 0 1 4 0 1 4 0 1 9 0 1 9 0 1 3 0 1 4 0 1 3 0 1 9 0 1 9 0 1 4 0 1 10 0 1 4 0 1 6 0 7 4 0 7
15 1 9 0 1 3 0 1 9 0 1 11 0 1 9 0 1 3 0 1 3 0 1 3 0 1 11 0 1 9 0 1 10 0 1 10 0 1 9 0 1 8 0 1 9 0 1 4 0 3
15 1 9 0 1 3 0 1 9 0 1 11 0 1 9 0 1 3 0 1 3 0 1 3 0 1 11 0 1 9 0 1 10 0 1 10 0 1 9 0 1 8 0 1 9 0 1 4 0 3
15 0 10 0 1 9 0 1 3 0 1 9 0 1 10 0 1 9 0 1 9 0 1 9 0 1 9 0 1 3 0 1 8 0 1 8 0 1 4 0 1 9 0 1 10 0 1
15 0 10 0 1 9 0 1 3 0 1 9 0 1 10 0 1 9 0 1 9 0 1 9 0 1 9 0 1 3 0 1 8 0 1 8 0 1 4 0 1 9 0 1 10 0 1
15 0 8 0 1 3 0 1 9 0 1 2 0 1 1 0 1 3 0 1 3 0 1 3 0 1 4 0 1 9 0 1 9 0 1 9 0 1 9 0 1 1 0 1 8 0 1
15 0 8 0 1 3 0 1 9 0 1 2 0 1 1 0 1 3 0 1 3 0 1 3 0 1 4 0 1 9 0 1 9 0 1 9 0 1 9 0 1 1 0 1 8 0 1
15 0 9 0 1 9 0 1 4 0 1 11 0 1 2 0 1 9 0 1 10 0 1 9 0 1 11 0 1 11 0 1 1 0 1 1 0 1 1 0 1 9 0 1 9 0 1
15 0 9 0 1 9 0 1 4 0 1 11 0 1 2 0 1 9 0 1 10 0 1 9 0 1 11 0 1 11 0 1 1 0 1 1 0 1 1 0 1 9 0 1 9 0 1
15 0 4 0 1 11 0 1 4 0 1 9 0 1 8 0 1 11 0 1 2 0 1 4 0 1 9 0 1 4 0 1 4 0 1 9 0 1 9 0 1 4 0 1 2 0 1
15 0 4 0 1 11 0 1 4 0 1 9 0 1 8 0 1 11 0 1 2 0 1 4 0 1 9 0 1 4 0 1 4 0 1 9 0 1 9 0 1 4 0 1 2 0 1
15 0 9 0 1 4 0 1 4 0 1 2 0 1 9 0 1 1 0 1 2 0 1 4 0 1 2 0 1 11 0 1 4 0 1 3 0 1 2 0 1 9 0 1 2 0 1
15 0 9 0 1 4 0 1 4 0 1 2 0 1 9 0 1 1 0 1 2 0 1 4 0 1 2 0 1 11 0 1 4 0 1 3 0 1 2 0 1 9 0 1 2 0 1
15 0 1 0 1 11 0 1 4 0 1 11 0 1 3 0 1 10 0 1 4 0 1 9 0 1 11 0 1 4 0 1 9 0 1 9 0 1 2 0 1 10 0 1 2 0 1
15 0 1 0 1 11 0 1 4 0 1 11 0 1 3 0 1 10 0 1 4 0 1 9 0 1 11 0 1 4 0 1 9 0 1 9 0 1 2 0 1 10 0 1 2 0 1
15 0 9 0 1 4 0 1 9 0 1 9 0 1 3 0 1 2 0 1 4 0 1 2 0 1 9 0 1 11 0 1 2 0 1 2 0 1 2 0 1 8 0 1 2 0 1
15 0 9 0 1 4 0 1 9 0 1 9 0 1 3 0 1 2 0 1 4 0 1 2 0 1 9 0 1 11 0 1 2 0 1 2 0 1 2 0 1 8 0 1 2 0 1
15 0 2 0 1 10 0 1 1 0 1 2 0 1 3 0 1 4 0 1 4 0 1 2 0 1 2 0 1 4 0 1 2 0 1 2 0 1 2 0 1 9 0 1 3 0 1
15 0 2 0 1 10 0 1 1 0 1 2 0 1 3 0 1 4 0 1 4 0 1 2 0 1 2 0 1 4 0 1 2 0 1 2 0 1 2 0 1 9 0 1 3 0 1
15 0 3 0 1 16 0 1 1 0 1 11 0 1 16 0 1 11 0 1 16 0 1 2 0 1 11 0 1 16 0 1 2 0 1 2 0 1 3 0 1 2 0 1 6 0 1
15 0 3 0 1 16 0 1 1 0 1 11 0 1 16 0 1 11 0 1 16 0 1 2 0 1 11 0 1 16 0 1 2 0 1 2 0 1 3 0 1 2 0 1 6 0 1
15 0 3 0 1 4 0 1 1 0 1 9 0 1 2 0 1 4 0 1 2 0 1 4 0 1 9 0 1 2 0 1 2 0 1 10 0 1 3 0 1 2 0 1 16 0 1
15 0 3 0 1 4 0 1 1 0 1 9 0 1 2 0 1 4 0 1 2 0 1 4 0 1 9 0 1 2 0 1 2 0 1 10 0 1 3 0 1 2 0 1 16 0 1
15 0 3 0 1 16 0 1 1 0 1 0 0 1 6 0 1 11 0 1 4 0 1 4 0 1 0 0 1 2 0 1 3 0 1 16 0 1 3 0 1 2 0 1 2 0 1
15 0 3 0 1 16 0 1 1 0 1 0 0 1 6 0 1 11 0 1 4 0 1 4 0 1 0 0 1 2 0 1 3 0 1 16 0 1 3 0 1 2 0 1 2 0 1
15 2 3 0 1 4 0 1 3 0 1 0 0 1 0 0 1 4 0 1 6 0 1 16 0 1 0 0 1 16 0 1 3 0 1 3 0 1 16 0 1 2 0 1 16 0 1 6 3 6 6 0 4
15 2 3 0 1 4 0 1 3 0 1 0 0 1 0 0 1 4 0 1 6 0 1 16 0 1 0 0 1 16 0 1 3 0 1 3 0 1 16 0 1 2 0 1 16 0 1 6 3 6 6 0 4
1 9 5 0 4 6 6 6 6 0 20 6 8 5 1 0 1 1 0 1 1 0 1 1 0 1 1 0 1 6 3 2
1 9 5 0 4 6 6 6 6 0 20 6 8 5 1 0 1 1 0 1 1 0 1 1 0 1 1 0 1 6 3 2
6 5 15 0 1 5 0 4 5 0 2 4 0 1 5 0 2 5 0 2 1 0 1 1 0 1 1 0 1 1 0 1 1 0 1
6 5 15 0 1 5 0 4 5 0 2 4 0 1 5 0 2 5 0 2 1 0 1 1 0 1 1 0 1 1 0 1 1 0 1
11 3 17 0 1 15 0 1 15 0 1 5 8 2 1 0 1 5 8 2 4 0 1 1 0 1 2 0 1 5 8 2 1 0 1 1 0 1 1 0 1 1 0 1
11 3 17 0 1 15 0 1 15 0 1 5 8 2 1 0 1 5 8 2 4 0 1 1 0 1 2 0 1 5 8 2 1 0 1 1 0 1 1 0 1 1 0 1
14 0 4 0 1 17 0 1 17 0 1 2 0 1 15 0 1 1 0 1 2 0 1 3 0 1 4 0 1 1 0 1 4 0 1 1 0 1 4 0 1 1 0 1
14 0 4 0 1 17 0 1 17 0 1 2 0 1 15 0 1 1 0 1 2 0 1 3 0 1 4 0 1 1 0 1 4 0 1 1 0 1 4 0 1 1 0 1
14 0 15 0 1 3 0 1 4 0 1 2 0 1 17 0 1 15 0 1 10 0 1 3 0 1 4 0 1 1 0 1 4 0 1 1 0 1 5 8 1 1 0 1
14 0 15 0 1 3 0 1 4 0 1 2 0 1 17 0 1 15 0 1 10 0 1 3 0 1 4 0 1 1 0 1 4 0 1 1 0 1 5 8 1 1 0 1
14 0 17 0 1 15 0 1 15 0 1 9 0 1 1 0 1 17 0 1 4 0 1 3 0 1 10 0 1 3 0 1 4 0 1 1 0 1 2 0 1 1 0 1
14 0 17 0 1 15 0 1 15 0 1 9 0 1 1 0 1 17 0 1 4 0 1 3 0 1 10 0 1 3 0 1 4 0 1 1 0 1 2 0 1 1 0 1
14 0 4 0 1 17 0 1 17 0 1 4 0 1 15 0 1 1 0 1 10 0 1 10 0 1 4 0 1 3 0 1 4 0 1 1 0 1 2 0 1 4 0 1
14 0 4 0 1 17 0 1 17 0 1 4 0 1 15 0 1 1 0 1 10 0 1 10 0 1 4 0 1 3 0 1 4 0 1 1 0 1 2 0 1 4 0 1
14 0 15 0 1 3 0 1 2 0 1 9 0 1 17 0 1 15 0 1 4 0 1 3 0 1 10 0 1 3 0 1 9 0 1 9 0 1 2 0 1 9 0 1
14 0 15 0 1 3 0 1 2 0 1 9 0 1 17 0 1 15 0 1 4 0 1 3 0 1 10 0 1 3 0 1 9 0 1 9 0 1 2 0 1 9 0 1
14 0 17 0 1 15 0 1 2 0 1 4 0 1 10 0 1 17 0 1 10 0 1 10 0 1 4 0 1 3 0 1 10 0 1 1 0 1 9 0 1 10 0 1
14 0 17 0 1 15 0 1 2 0 1 4 0 1 10 0 1 17 0 1 10 0 1 10 0 1 4 0 1 3 0 1 10 0 1 1 0 1 9 0 1 10 0 1
14 0 1 0 1 17 0 1 2 0 1 9 0 1 16 0 1 1 0 1 4 0 1 1 0 1 10 0 1 9 0 1 1 0 1 10 0 1 2 0 1 4 0 1
14 0 1 0 1 17 0 1 2 0 1 9 0 1 16 0 1 1 0 1 4 0 1 1 0 1 10 0 1 9 0 1 1 0 1 10 0 1 2 0 1 4 0 1
14 0 3 0 1 1 0 1 9 0 1 2 0 1 4 0 1 3 0 1 10 0 1 10 0 1 2 0 1 1 0 1 9 0 1 3 0 1 11 0 1 9 0 1
14 0 3 0 1 1 0 1 9 0 1 2 0 1 4 0 1 3 0 1 10 0 1 10 0 1 2 0 1 1 0 1 9 0 1 3 0 1 11 0 1 9 0 1
14 1 15 0 1 4 0 1 4 0 1 9 0 1 9 0 1 9 0 1 2 0 1 4 0 1 10 0 1 9 0 1 10 0 1 10 0 1 9 0 1 10 0 1 6 7 4
14 1 15 0 1 4 0 1 4 0 1 9 0 1 9 0 1 9 0 1 2 0 1 4 0 1 10 0 1 9 0 1 10 0 1 10 0 1 9 0 1 10 0 1 6 7 4
14 0 17 0 1 15 0 1 1 0 1 2 0 1 10 0 1 11 0 1 10 0 1 10 0 1 2 0 1 11 0 1 1 0 1 3 0 1 1 0 1 1 0 1
14 0 17 0 1 15 0 1 1 0 1 2 0 1 10 0 1 11 0 1 10 0 1 10 0 1 2 0 1 11 0 1 1 0 1 3 0 1 1 0 1 1 0 1
14 0 10 0 1 17 0 1 1 0 1 9 0 1 4 0 1 3 0 1 2 0 1 1 0 1 10 0 1 1 0 1 9 0 1 10 0 1 1 0 1 9 0 1
14 0 10 0 1 17 0 1 1 0 1 9 0 1 4 0 1 3 0 1 2 0 1 1 0 1 10 0 1 1 0 1 9 0 1 10 0 1 1 0 1 9 0 1
14 1 2 0 1 16 0 1 1 0 1 4 0 1 2 0 1 10 0 1 1 0 1 2 0 1 1 0 1 10 0 1 2 0 1 2 0 1 1 0 1 2 0 1 6 0 5
14 1 2 0 1 16 0 1 1 0 1 4 0 1 2 0 1 10 0 1 1 0 1 2 0 1 1 0 1 10 0 1 2 0 1 2 0 1 1 0 1 2 0 1 6 0 5
14 0 3 0 1 3 0 1 3 0 1 9 0 1 2 0 1 2 0 1 1 0 1 2 0 1 1 0 1 2 0 1 2 0 1 2 0 1 1 0 1 2 0 1
14 0 3 0 1 3 0 1 3 0 1 9 0 1 2 0 1 2 0 1 1 0 1 2 0 1 1 0 1 2 0 1 2 0 1 2 0 1 1 0 1 2 0 1
14 3 6 0 1 10 0 1 10 0 1 4 0 1 3 0 1 2 0 1 1 0 1 4 0 1 3 0 1 2 0 1 3 0 1 2 0 1 1 0 1 2 0 1 6 7 4 6 8 5 6 0 1
14 3 6 0 1 10 0 1 10 0 1 4 0 1 3 0 1 2 0 1 1 0 1 4 0 1 3 0 1 2 0 1 3 0 1 2 0 1 1 0 1 2 0 1 6 7 4 6 8 5 6 0 1
14 0 10 0 1 2 0 1 3 0 1 11 0 1 3 0 1 2 0 1 3 0 1 4 0 1 3 0 1 2 0 1 3 0 1 2 0 1 4 0 1 2 0 1
14 0 10 0 1 2 0 1 3 0 1 11 0 1 3 0 1 2 0 1 3 0 1 4 0 1 3 0 1 2 0 1 3 0 1 2 0 1 4 0 1 2 0 1
14 3 6 0 1 4 0 1 6 0 1 9 0 1 6 0 1 4 0 1 3 0 1 4 0 1 3 0 1 2 0 1 3 0 1 4 0 1 4 0 1 3 0 1 6 4 6 6 6 6 6 7 4
14 3 6 0 1 4 0 1 6 0 1 9 0 1 6 0 1 4 0 1 3 0 1 4 0 1 3 0 1 2 0 1 3 0 1 4 0 1 4 0 1 3 0 1 6 4 6 6 6 6 6 7 4
14 1 16 0 1 4 0 1 10 0 1 3 0 1 1 0 1 4 0 1 3 0 1 6 0 1 3 0 1 4 0 1 3 0 1 4 0 1 16 0 1 3 0 1 6 3 8
14 1 16 0 1 4 0 1 10 0 1 3 0 1 1 0 1 4 0 1 3 0 1 6 0 1 3 0 1 4 0 1 3 0 1 4 0 1 16 0 1 3 0 1 6 3 8
14 2 4 0 1 6 0 1 6 0 1 3 0 1 10 0 1 6 0 1 6 0 1 1 0 1 6 0 1 1 0 1 6 0 1 6 0 1 1 0 1 6 0 1 6 3 31 6 4 24
14 2 4 0 1 6 0 1 6 0 1 3 0 1 10 0 1 6 0 1 6 0 1 1 0 1 6 0 1 1 0 1 6 0 1 6 0 1 1 0 1 6 0 1 6 3 31 6 4 24
14 0 16 0 1 10 0 1 16 0 1 3 0 1 16 0 1 1 0 1 0 0 1 1 0 1 2 0 1 1 0 1 1 0 1 3 0 1 4 0 1 1 0 1
14 0 16 0 1 10 0 1 16 0 1 3 0 1 16 0 1 1 0 1 0 0 1 1 0 1 2 0 1 1 0 1 1 0 1 3 0 1 4 0 1 1 0 1
14 1 4 0 1 6 0 1 4 0 1 11 0 1 4 0 1 16 0 1 0 0 1 3 0 1 2 0 1 3 0 1 0 0 1 16 0 1 4 0 1 1 0 1 6 6 3
14 1 4 0 1 6 0 1 4 0 1 11 0 1 4 0 1 16 0 1 0 0 1 3 0 1 2 0 1 3 0 1 0 0 1 16 0 1 4 0 1 1 0 1 6 6 3
14 0 10 0 1 16 0 1 16 0 1 9 0 1 16 0 1 1 0 1 0 0 1 10 0 1 2 0 1 11 0 1 0 0 1 0 0 1 4 0 1 1 0 1
14 0 10 0 1 16 0 1 16 0 1 9 0 1 16 0 1 1 0 1 0 0 1 10 0 1 2 0 1 11 0 1 0 0 1 0 0 1 4 0 1 1 0 1
1 10 5 0 3 6 3 4 6 8 3 4 0 6 1 0 1 1 0 1 1 0 1 1 0 1 1 0 1 3 0 7 6 6 3
1 10 5 0 3 6 3 4 6 8 3 4 0 6 1 0 1 1 0 1 1 0 1 1 0 1 1 0 1 3 0 7 6 6 3
6 5 15 0 1 5 0 3 5 0 2 4 0 1 5 0 3 5 0 2 1 0 1 1 0 1 1 0 1 1 0 1 1 0 1
6 5 15 0 1 5 0 3 5 0 2 4 0 1 5 0 3 5 0 2 1 0 1 1 0 1 1 0 1 1 0 1 1 0 1
11 5 17 0 1 15 0 1 15 0 1 5 8 1 1 0 1 1 0 1 4 0 1 1 0 1 5 8 3 5 0 1 1 0 1 1 0 1 1 0 1 1 0 1 1 0 1 4 0 15
11 5 17 0 1 15 0 1 15 0 1 5 8 1 1 0 1 1 0 1 4 0 1 1 0 1 5 8 3 5 0 1 1 0 1 1 0 1 1 0 1 1 0 1 1 0 1 4 0 15
15 1 4 0 1 17 0 1 17 0 1 2 0 1 15 0 1 15 0 1 5 8 3 5 8 3 2 0 1 5 8 3 1 0 1 1 0 1 1 0 1 1 0 1 1 0 1 4 0 2
15 1 4 0 1 17 0 1 17 0 1 2 0 1 15 0 1 15 0 1 5 8 3 5 8 3 2 0 1 5 8 3 1 0 1 1 0 1 1 0 1 1 0 1 1 0 1 4 0 2
15 1 15 0 1 3 0 1 4 0 1 9 0 1 17 0 1 17 0 1 2 0 1 1 0 1 2 0 1 1 0 1 1 0 1 1 0 1 5 8 1 1 0 1 1 0 1 4 0 2
15 1 15 0 1 3 0 1 4 0 1 9 0 1 17 0 1 17 0 1 2 0 1 1 0 1 2 0 1 1 0 1 1 0 1 1 0 1 5 8 1 1 0 1 1 0 1 4 0 2
15 1 17 0 1 15 0 1 15 0 1 2 0 1 4 0 1 3 0 1 2 0 1 1 0 1 2 0 1 1 0 1 4 0 1 1 0 1 1 0 1 1 0 1 4 0 1 4 0 1
15 1 17 0 1 15 0 1 15 0 1 2 0 1 4 0 1 3 0 1 2 0 1 1 0 1 2 0 1 1 0 1 4 0 1 1 0 1 1 0 1 1 0 1 4 0 1 4 0 1
15 1 4 0 1 17 0 1 17 0 1 4 0 1 15 0 1 15 0 1 2 0 1 3 0 1 11 0 1 15 0 1 4 0 1 1 0 1 1 0 1 1 0 1 8 0 1 4 0 2
15 1 4 0 1 17 0 1 17 0 1 4 0 1 15 0 1 15 0 1 2 0 1 3 0 1 11 0 1 15 0 1 4 0 1 1 0 1 1 0 1 1 0 1 8 0 1 4 0 2
15 2 15 0 1 3 0 1 4 0 1 4 0 1 17 0 1 17 0 1 11 0 1 9 0 1 9 0 1 17 0 1 9 0 1 4 0 1 1 0 1 3 0 1 9 0 1 6 0 5 4 0 3
15 2 15 0 1 3 0 1 4 0 1 4 0 1 17 0 1 17 0 1 11 0 1 9 0 1 9 0 1 17 0 1 9 0 1 4 0 1 1 0 1 3 0 1 9 0 1 6 0 5 4 0 3
15 2 17 0 1 15 0 1 9 0 1 4 0 1 1 0 1 3 0 1 9 0 1 3 0 1 4 0 1 1 0 1 4 0 1 9 0 1 1 0 1 10 0 1 2 0 1 6 0 4 4 0 6
15 2 17 0 1 15 0 1 9 0 1 4 0 1 1 0 1 3 0 1 9 0 1 3 0 1 4 0 1 1 0 1 4 0 1 9 0 1 1 0 1 10 0 1 2 0 1 6 0 4 4 0 6
15 2 4 0 1 17 0 1 4 0 1 9 0 1 3 0 1 9 0 1 4 0 1 9 0 1 11 0 1 1 0 1 9 0 1 4 0 1 9 0 1 2 0 1 4 0 1 6 0 7 4 0 5
15 2 4 0 1 17 0 1 4 0 1 9 0 1 3 0 1 9 0 1 4 0 1 9 0 1 11 0 1 1 0 1 9 0 1 4 0 1 9 0 1 2 0 1 4 0 1 6 0 7 4 0 5
15 2 9 0 1 3 0 1 9 0 1 4 0 1 15 0 1 1 0 1 11 0 1 3 0 1 9 0 1 3 0 1 1 0 1 8 0 1 3 0 1 3 0 1 9 0 1 6 0 5 4 0 7
15 2 9 0 1 3 0 1 9 0 1 4 0 1 15 0 1 1 0 1 11 0 1 3 0 1 9 0 1 3 0 1 1 0 1 8 0 1 3 0 1 3 0 1 9 0 1 6 0 5 4 0 7
15 2 1 0 1 9 0 1 4 0 1 9 0 1 17 0 1 10 0 1 9 0 1 9 0 1 4 0 1 9 0 1 9 0 1 9 0 1 9 0 1 3 0 1 4 0 1 6 0 8 4 0 6
15 2 1 0 1 9 0 1 4 0 1 9 0 1 17 0 1 10 0 1 9 0 1 9 0 1 4 0 1 9 0 1 9 0 1 9 0 1 9 0 1 3 0 1 4 0 1 6 0 8 4 0 6
15 1 9 0 1 3 0 1 9 0 1 2 0 1 1 0 1 2 0 1 2 0 1 1 0 1 11 0 1 3 0 1 4 0 1 4 0 1 3 0 1 3 0 1 9 0 1 4 0 8
15 1 9 0 1 3 0 1 9 0 1 2 0 1 1 0 1 2 0 1 2 0 1 1 0 1 11 0 1 3 0 1 4 0 1 4 0 1 3 0 1 3 0 1 9 0 1 4 0 8
15 0 3 0 1 9 0 1 2 0 1 9 0 1 1 0 1 4 0 1 10 0 1 9 0 1 9 0 1 9 0 1 9 0 1 8 0 1 9 0 1 10 0 1 4 0 1
15 0 3 0 1 9 0 1 2 0 1 9 0 1 1 0 1 4 0 1 10 0 1 9 0 1 9 0 1 9 0 1 9 0 1 8 0 1 9 0 1 10 0 1 4 0 1
15 0 10 0 1 1 0 1 9 0 1 3 0 1 9 0 1 10 0 1 4 0 1 4 0 1 1 0 1 11 0 1 1 0 1 9 0 1 3 0 1 1 0 1 8 0 1
15 0 10 0 1 1 0 1 9 0 1 3 0 1 9 0 1 10 0 1 4 0 1 4 0 1 1 0 1 11 0 1 1 0 1 9 0 1 3 0 1 1 0 1 8 0 1
15 0 8 0 1 9 0 1 3 0 1 9 0 1 4 0 1 16 0 1 11 0 1 9 0 1 9 0 1 2 0 1 9 0 1 1 0 1 9 0 1 10 0 1 9 0 1
15 0 8 0 1 9 0 1 3 0 1 9 0 1 4 0 1 16 0 1 11 0 1 9 0 1 9 0 1 2 0 1 9 0 1 1 0 1 9 0 1 10 0 1 9 0 1
15 0 9 0 1 4 0 1 9 0 1 10 0 1 9 0 1 4 0 1 9 0 1 11 0 1 3 0 1 1 0 1 3 0 1 10 0 1 3 0 1 2 0 1 1 0 1
15 0 9 0 1 4 0 1 9 0 1 10 0 1 9 0 1 4 0 1 9 0 1 11 0 1 3 0 1 1 0 1 3 0 1 10 0 1 3 0 1 2 0 1 1 0 1
15 0 2 0 1 9 0 1 3 0 1 3 0 1 2 0 1 10 0 1 4 0 1 1 0 1 9 0 1 2 0 1 9 0 1 8 0 1 9 0 1 4 0 1 10 0 1
15 0 2 0 1 9 0 1 3 0 1 3 0 1 2 0 1 10 0 1 4 0 1 1 0 1 9 0 1 2 0 1 9 0 1 8 0 1 9 0 1 4 0 1 10 0 1
15 0 16 0 1 2 0 1 1 0 1 11 0 1 2 0 1 16 0 1 4 0 1 3 0 1 1 0 1 1 0 1 3 0 1 9 0 1 11 0 1 10 0 1 8 0 1
15 0 16 0 1 2 0 1 1 0 1 11 0 1 2 0 1 16 0 1 4 0 1 3 0 1 1 0 1 1 0 1 3 0 1 9 0 1 11 0 1 10 0 1 8 0 1
15 1 3 0 1 4 0 1 3 0 1 9 0 1 2 0 1 1 0 1 10 0 1 11 0 1 16 0 1 4 0 1 2 0 1 3 0 1 0 0 1 2 0 1 9 0 1 6 7 8
15 1 3 0 1 4 0 1 3 0 1 9 0 1 2 0 1 1 0 1 10 0 1 11 0 1 16 0 1 4 0 1 2 0 1 3 0 1 0 0 1 2 0 1 9 0 1 6 7 8
15 1 10 0 1 10 0 1 3 0 1 4 0 1 16 0 1 10 0 1 3 0 1 10 0 1 1 0 1 11 0 1 2 0 1 3 0 1 0 0 1 2 0 1 1 0 1 6 0 14
15 1 10 0 1 10 0 1 3 0 1 4 0 1 16 0 1 10 0 1 3 0 1 10 0 1 1 0 1 11 0 1 2 0 1 3 0 1 0 0 1 2 0 1 1 0 1 6 0 14
15 0 16 0 1 16 0 1 16 0 1 4 0 1 1 0 1 16 0 1 3 0 1 2 0 1 3 0 1 4 0 1 4 0 1 10 0 1 0 0 1 4 0 1 10 0 1
15 0 16 0 1 16 0 1 16 0 1 4 0 1 1 0 1 16 0 1 3 0 1 2 0 1 3 0 1 4 0 1 4 0 1 10 0 1 0 0 1 4 0 1 10 0 1
15 0 3 0 1 4 0 1 1 0 1 10 0 1 3 0 1 2 0 1 1 0 1 11 0 1 1 0 1 11 0 1 10 0 1 2 0 1 0 0 1 4 0 1 2 0 1
15 0 3 0 1 4 0 1 1 0 1 10 0 1 3 0 1 2 0 1 1 0 1 11 0 1 1 0 1 11 0 1 10 0 1 2 0 1 0 0 1 4 0 1 2 0 1
15 2 6 0 1 16 0 1 16 0 1 1 0 1 16 0 1 2 0 1 1 0 1 2 0 1 16 0 1 0 0 1 2 0 1 2 0 1 0 0 1 4 0 1 2 0 1 6 4 6 6 6 3
15 2 6 0 1 16 0 1 16 0 1 1 0 1 16 0 1 2 0 1 1 0 1 2 0 1 16 0 1 0 0 1 2 0 1 2 0 1 0 0 1 4 0 1 2 0 1 6 4 6 6 6 3
1 10 5 0 5 6 3 20 6 7 8 6 6 6 6 4 30 1 0 1 1 0 1 1 0 1 1 0 1 1 0 1 3 0 5
1 10 5 0 5 6 3 20 6 7 8 6 6 6 6 4 30 1 0 1 1 0 1 1 0 1 1 0 1 1 0 1 3 0 5
6 6 15 0 1 5 0 3 5 0 2 4 0 1 5 0 1 5 0 2 1 0 1 1 0 1 1 0 1 1 0 1 1 0 1 6 8 3
6 6 15 0 1 5 0 3 5 0 2 4 0 1 5 0 1 5 0 2 1 0 1 1 0 1 1 0 1 1 0 1 1 0 1 6 8 3
11 3 17 0 1 15 0 1 15 0 1 2 0 1 1 0 1 1 0 1 4 0 1 1 0 1 2 0 1 5 0 1 1 0 1 1 0 1 1 0 1 1 0 1
11 3 17 0 1 15 0 1 15 0 1 2 0 1 1 0 1 1 0 1 4 0 1 1 0 1 2 0 1 5 0 1 1 0 1 1 0 1 1 0 1 1 0 1
14 0 4 0 1 17 0 1 17 0 1 2 0 1 1 0 1 15 0 1 2 0 1 1 0 1 4 0 1 5 8 1 4 0 1 1 0 1 1 0 1 1 0 1
14 0 4 0 1 17 0 1 17 0 1 2 0 1 1 0 1 15 0 1 2 0 1 1 0 1 4 0 1 5 8 1 4 0 1 1 0 1 1 0 1 1 0 1
14 0 15 0 1 3 0 1 4 0 1 2 0 1 15 0 1 17 0 1 10 0 1 1 0 1 4 0 1 1 0 1 4 0 1 1 0 1 1 0 1 1 0 1
14 0 15 0 1 3 0 1 4 0 1 2 0 1 15 0 1 17 0 1 10 0 1 1 0 1 4 0 1 1 0 1 4 0 1 1 0 1 1 0 1 1 0 1
14 0 17 0 1 15 0 1 15 0 1 2 0 1 17 0 1 3 0 1 4 0 1 1 0 1 10 0 1 1 0 1 4 0 1 1 0 1 1 0 1 1 0 1
14 0 17 0 1 15 0 1 15 0 1 2 0 1 17 0 1 3 0 1 4 0 1 1 0 1 10 0 1 1 0 1 4 0 1 1 0 1 1 0 1 1 0 1
14 0 4 0 1 17 0 1 17 0 1 9 0 1 10 0 1 15 0 1 10 0 1 9 0 1 4 0 1 15 0 1 9 0 1 4 0 1 1 0 1 9 0 1
14 0 4 0 1 17 0 1 17 0 1 9 0 1 10 0 1 15 0 1 10 0 1 9 0 1 4 0 1 15 0 1 9 0 1 4 0 1 1 0 1 9 0 1
14 0 15 0 1 3 0 1 2 0 1 4 0 1 16 0 1 17 0 1 4 0 1 1 0 1 10 0 1 17 0 1 4 0 1 4 0 1 1 0 1 2 0 1
14 0 15 0 1 3 0 1 2 0 1 4 0 1 16 0 1 17 0 1 4 0 1 1 0 1 10 0 1 17 0 1 4 0 1 4 0 1 1 0 1 2 0 1
14 0 17 0 1 15 0 1 2 0 1 9 0 1 1 0 1 16 0 1 10 0 1 10 0 1 4 0 1 1 0 1 8 0 1 4 0 1 4 0 1 4 0 1
14 0 17 0 1 15 0 1 2 0 1 9 0 1 1 0 1 16 0 1 10 0 1 10 0 1 4 0 1 1 0 1 8 0 1 4 0 1 4 0 1 4 0 1
14 0 1 0 1 17 0 1 1 0 1 4 0 1 1 0 1 3 0 1 4 0 1 2 0 1 10 0 1 3 0 1 9 0 1 9 0 1 8 0 1 4 0 1
14 0 1 0 1 17 0 1 1 0 1 4 0 1 1 0 1 3 0 1 4 0 1 2 0 1 10 0 1 3 0 1 9 0 1 9 0 1 8 0 1 4 0 1
14 0 3 0 1 10 0 1 1 0 1 4 0 1 9 0 1 10 0 1 10 0 1 3 0 1 2 0 1 9 0 1 0 0 1 2 0 1 9 0 1 4 0 1
14 0 3 0 1 10 0 1 1 0 1 4 0 1 9 0 1 10 0 1 10 0 1 3 0 1 2 0 1 9 0 1 0 0 1 2 0 1 9 0 1 4 0 1
14 0 15 0 1 16 0 1 10 0 1 9 0 1 4 0 1 12 0 1 2 0 1 3 0 1 10 0 1 3 0 1 0 0 1 3 0 1 2 0 1 8 0 1
14 0 15 0 1 16 0 1 10 0 1 9 0 1 4 0 1 12 0 1 2 0 1 3 0 1 10 0 1 3 0 1 0 0 1 3 0 1 2 0 1 8 0 1
14 0 17 0 1 3 0 1 16 0 1 4 0 1 9 0 1 8 0 1 10 0 1 10 0 1 2 0 1 3 0 1 0 0 1 16 0 1 2 0 1 9 0 1
14 0 17 0 1 3 0 1 16 0 1 4 0 1 9 0 1 8 0 1 10 0 1 10 0 1 2 0 1 3 0 1 0 0 1 16 0 1 2 0 1 9 0 1
14 0 3 0 1 10 0 1 2 0 1 9 0 1 4 0 1 9 0 1 3 0 1 3 0 1 10 0 1 3 0 1 0 0 1 3 0 1 2 0 1 1 0 1
14 0 3 0 1 10 0 1 2 0 1 9 0 1 4 0 1 9 0 1 3 0 1 3 0 1 10 0 1 3 0 1 0 0 1 3 0 1 2 0 1 1 0 1
14 0 15 0 1 12 0 1 1 0 1 3 0 1 4 0 1 3 0 1 10 0 1 10 0 1 2 0 1 9 0 1 3 0 1 3 0 1 2 0 1 9 0 1
14 0 15 0 1 12 0 1 1 0 1 3 0 1 4 0 1 3 0 1 10 0 1 10 0 1 2 0 1 9 0 1 3 0 1 3 0 1 2 0 1 9 0 1
14 0 17 0 1 8 0 1 2 0 1 10 0 1 10 0 1 10 0 1 3 0 1 1 0 1 10 0 1 2 0 1 3 0 1 16 0 1 3 0 1 2 0 1
14 0 17 0 1 8 0 1 2 0 1 10 0 1 10 0 1 10 0 1 3 0 1 1 0 1 10 0 1 2 0 1 3 0 1 16 0 1 3 0 1 2 0 1
14 0 16 0 1 9 0 1 1 0 1 3 0 1 4 0 1 12 0 1 10 0 1 10 0 1 3 0 1 9 0 1 10 0 1 2 0 1 3 0 1 2 0 1
14 0 16 0 1 9 0 1 1 0 1 3 0 1 4 0 1 12 0 1 10 0 1 10 0 1 3 0 1 9 0 1 10 0 1 2 0 1 3 0 1 2 0 1
14 0 2 0 1 3 0 1 2 0 1 10 0 1 9 0 1 1 0 1 3 0 1 3 0 1 10 0 1 4 0 1 16 0 1 16 0 1 16 0 1 9 0 1
14 0 2 0 1 3 0 1 2 0 1 10 0 1 9 0 1 1 0 1 3 0 1 3 0 1 10 0 1 4 0 1 16 0 1 16 0 1 16 0 1 9 0 1
14 0 10 0 1 10 0 1 1 0 1 3 0 1 2 0 1 10 0 1 10 0 1 10 0 1 3 0 1 4 0 1 3 0 1 0 0 1 0 0 1 0 0 1
14 0 10 0 1 10 0 1 1 0 1 3 0 1 2 0 1 10 0 1 10 0 1 10 0 1 3 0 1 4 0 1 3 0 1 0 0 1 0 0 1 0 0 1
14 1 6 0 1 4 0 1 3 0 1 1 0 1 2 0 1 4 0 1 1 0 1 2 0 1 1 0 1 4 0 1 3 0 1 0 0 1 0 0 1 0 0 1 6 6 3
14 1 6 0 1 4 0 1 3 0 1 1 0 1 2 0 1 4 0 1 1 0 1 2 0 1 1 0 1 4 0 1 3 0 1 0 0 1 0 0 1 0 0 1 6 6 3
14 2 16 0 1 1 0 1 6 0 1 1 0 1 2 0 1 10 0 1 1 0 1 2 0 1 1 0 1 4 0 1 6 0 1 0 0 1 0 0 1 0 0 1 6 7 4 6 6 3
14 2 16 0 1 1 0 1 6 0 1 1 0 1 2 0 1 10 0 1 1 0 1 2 0 1 1 0 1 4 0 1 6 0 1 0 0 1 0 0 1 0 0 1 6 7 4 6 6 3
14 1 4 0 1 3 0 1 10 0 1 1 0 1 2 0 1 4 0 1 6 0 1 2 0 1 1 0 1 10 0 1 0 0 1 0 0 1 0 0 1 0 0 1 6 3 19
14 1 4 0 1 3 0 1 10 0 1 1 0 1 2 0 1 4 0 1 6 0 1 2 0 1 1 0 1 10 0 1 0 0 1 0 0 1 0 0 1 0 0 1 6 3 19
14 0 16 0 1 10 0 1 6 0 1 2 0 1 3 0 1 10 0 1 2 0 1 1 0 1 2 0 1 16 0 1 0 0 1 0 0 1 0 0 1 0 0 1
14 0 16 0 1 10 0 1 6 0 1 2 0 1 3 0 1 10 0 1 2 0 1 1 0 1 2 0 1 16 0 1 0 0 1 0 0 1 0 0 1 0 0 1
14 0 1 0 1 12 0 1 16 0 1 2 0 1 3 0 1 12 0 1 2 0 1 1 0 1 2 0 1 1 0 1 0 0 1 0 0 1 0 0 1 0 0 1
14 0 1 0 1 12 0 1 16 0 1 2 0 1 3 0 1 12 0 1 2 0 1 1 0 1 2 0 1 1 0 1 0 0 1 0 0 1 0 0 1 0 0 1
1 10 17 0 1 6 6 9 6 8 4 4 0 14 1 0 1 1 0 1 1 0 1 1 0 1 1 0 1 3 0 12 6 3 47
1 10 17 0 1 6 6 9 6 8 4 4 0 14 1 0 1 1 0 1 1 0 1 1 0 1 1 0 1 3 0 12 6 3 47
6 5 5 0 3 5 0 3 5 0 2 4 0 1 5 0 2 5 0 3 1 0 1 1 0 1 1 0 1 1 0 1 1 0 1
6 5 5 0 3 5 0 3 5 0 2 4 0 1 5 0 2 5 0 3 1 0 1 1 0 1 1 0 1 1 0 1 1 0 1
11 5 15 0 1 15 0 1 5 8 4 5 8 5 1 0 1 1 0 1 4 0 1 1 0 1 5 8 2 1 0 1 5 0 1 1 0 1 1 0 1 1 0 1 1 0 1 4 0 14
11 5 15 0 1 15 0 1 5 8 4 5 8 5 1 0 1 1 0 1 4 0 1 1 0 1 5 8 2 1 0 1 5 0 1 1 0 1 1 0 1 1 0 1 1 0 1 4 0 14
15 1 4 0 1 17 0 1 15 0 1 2 0 1 15 0 1 15 0 1 5 8 2 1 0 1 2 0 1 1 0 1 1 0 1 1 0 1 1 0 1 1 0 1 1 0 1 4 0 2
15 1 4 0 1 17 0 1 15 0 1 2 0 1 15 0 1 15 0 1 5 8 2 1 0 1 2 0 1 1 0 1 1 0 1 1 0 1 1 0 1 1 0 1 1 0 1 4 0 2
15 1 15 0 1 3 0 1 17 0 1 9 0 1 17 0 1 17 0 1 2 0 1 1 0 1 2 0 1 1 0 1 1 0 1 1 0 1 1 0 1 1 0 1 1 0 1 4 0 3
15 1 15 0 1 3 0 1 17 0 1 9 0 1 17 0 1 17 0 1 2 0 1 1 0 1 2 0 1 1 0 1 1 0 1 1 0 1 1 0 1 1 0 1 1 0 1 4 0 3
15 1 17 0 1 15 0 1 4 0 1 4 0 1 4 0 1 3 0 1 2 0 1 1 0 1 2 0 1 3 0 1 1 0 1 1 0 1 1 0 1 4 0 1 1 0 1 4 0 1
15 1 17 0 1 15 0 1 4 0 1 4 0 1 4 0 1 3 0 1 2 0 1 1 0 1 2 0 1 3 0 1 1 0 1 1 0 1 1 0 1 4 0 1 1 0 1 4 0 1
15 1 4 0 1 10 0 1 15 0 1 9 0 1 15 0 1 15 0 1 9 0 1 1 0 1 9 0 1 3 0 1 15 0 1 1 0 1 1 0 1 9 0 1 4 0 1 4 0 1
15 1 4 0 1 10 0 1 15 0 1 9 0 1 15 0 1 15 0 1 9 0 1 1 0 1 9 0 1 3 0 1 15 0 1 1 0 1 1 0 1 9 0 1 4 0 1 4 0 1
15 2 15 0 1 17 0 1 17 0 1 4 0 1 17 0 1 17 0 1 4 0 1 9 0 1 2 0 1 9 0 1 17 0 1 1 0 1 4 0 1 4 0 1 9 0 1 6 0 4 4 0 4
15 2 15 0 1 17 0 1 17 0 1 4 0 1 17 0 1 17 0 1 4 0 1 9 0 1 2 0 1 9 0 1 17 0 1 1 0 1 4 0 1 4 0 1 9 0 1 6 0 4 4 0 4
15 2 17 0 1 3 0 1 4 0 1 9 0 1 4 0 1 1 0 1 9 0 1 3 0 1 9 0 1 3 0 1 1 0 1 4 0 1 4 0 1 4 0 1 10 0 1 6 0 5 4 0 5
15 2 17 0 1 3 0 1 4 0 1 9 0 1 4 0 1 1 0 1 9 0 1 3 0 1 9 0 1 3 0 1 1 0 1 4 0 1 4 0 1 4 0 1 10 0 1 6 0 5 4 0 5
15 2 16 0 1 15 0 1 9 0 1 4 0 1 9 0 1 4 0 1 4 0 1 9 0 1 4 0 1 9 0 1 4 0 1 4 0 1 9 0 1 4 0 1 8 0 1 6 0 5 4 0 1
15 2 16 0 1 15 0 1 9 0 1 4 0 1 9 0 1 4 0 1 4 0 1 9 0 1 4 0 1 9 0 1 4 0 1 4 0 1 9 0 1 4 0 1 8 0 1 6 0 5 4 0 1
15 2 4 0 1 17 0 1 4 0 1 9 0 1 4 0 1 15 0 1 9 0 1 10 0 1 9 0 1 1 0 1 4 0 1 4 0 1 4 0 1 9 0 1 9 0 1 6 0 2 4 0 6
15 2 4 0 1 17 0 1 4 0 1 9 0 1 4 0 1 15 0 1 9 0 1 10 0 1 9 0 1 1 0 1 4 0 1 4 0 1 4 0 1 9 0 1 9 0 1 6 0 2 4 0 6
15 2 9 0 1 16 0 1 9 0 1 2 0 1 9 0 1 17 0 1 4 0 1 2 0 1 4 0 1 9 0 1 9 0 1 9 0 1 9 0 1 1 0 1 1 0 1 6 0 7 4 0 3
15 2 9 0 1 16 0 1 9 0 1 2 0 1 9 0 1 17 0 1 4 0 1 2 0 1 4 0 1 9 0 1 9 0 1 9 0 1 9 0 1 1 0 1 1 0 1 6 0 7 4 0 3
15 1 10 0 1 3 0 1 4 0 1 9 0 1 10 0 1 16 0 1 9 0 1 10 0 1 9 0 1 3 0 1 2 0 1 4 0 1 4 0 1 3 0 1 4 0 1 4 0 7
15 1 10 0 1 3 0 1 4 0 1 9 0 1 10 0 1 16 0 1 9 0 1 10 0 1 9 0 1 3 0 1 2 0 1 4 0 1 4 0 1 3 0 1 4 0 1 4 0 7
15 0 8 0 1 3 0 1 9 0 1 11 0 1 4 0 1 1 0 1 4 0 1 12 0 1 4 0 1 9 0 1 9 0 1 4 0 1 4 0 1 9 0 1 9 0 1
15 0 8 0 1 3 0 1 9 0 1 11 0 1 4 0 1 1 0 1 4 0 1 12 0 1 4 0 1 9 0 1 9 0 1 4 0 1 4 0 1 9 0 1 9 0 1
15 2 9 0 1 12 0 1 2 0 1 1 0 1 9 0 1 10 0 1 9 0 1 8 0 1 9 0 1 4 0 1 10 0 1 9 0 1 8 0 1 10 0 1 10 0 1 6 7 4 6 4 6
15 2 9 0 1 12 0 1 2 0 1 1 0 1 9 0 1 10 0 1 9 0 1 8 0 1 9 0 1 4 0 1 10 0 1 9 0 1 8 0 1 10 0 1 10 0 1 6 7 4 6 4 6
15 1 3 0 1 8 0 1 9 0 1 11 0 1 3 0 1 3 0 1 2 0 1 9 0 1 4 0 1 4 0 1 8 0 1 10 0 1 9 0 1 8 0 1 8 0 1 6 0 10
15 1 3 0 1 8 0 1 9 0 1 11 0 1 3 0 1 3 0 1 2 0 1 9 0 1 4 0 1 4 0 1 8 0 1 10 0 1 9 0 1 8 0 1 8 0 1 6 0 10
15 0 3 0 1 9 0 1 11 0 1 3 0 1 8 0 1 2 0 1 9 0 1 2 0 1 9 0 1 9 0 1 9 0 1 8 0 1 2 0 1 9 0 1 9 0 1
15 0 3 0 1 9 0 1 11 0 1 3 0 1 8 0 1 2 0 1 9 0 1 2 0 1 9 0 1 9 0 1 9 0 1 8 0 1 2 0 1 9 0 1 9 0 1
15 0 10 0 1 1 0 1 1 0 1 11 0 1 9 0 1 2 0 1 2 0 1 2 0 1 11 0 1 10 0 1 3 0 1 9 0 1 2 0 1 1 0 1 2 0 1
15 0 10 0 1 1 0 1 1 0 1 11 0 1 9 0 1 2 0 1 2 0 1 2 0 1 11 0 1 10 0 1 3 0 1 9 0 1 2 0 1 1 0 1 2 0 1
15 0 16 0 1 1 0 1 11 0 1 3 0 1 3 0 1 16 0 1 3 0 1 2 0 1 3 0 1 2 0 1 3 0 1 2 0 1 2 0 1 8 0 1 2 0 1
15 0 16 0 1 1 0 1 11 0 1 3 0 1 3 0 1 16 0 1 3 0 1 2 0 1 3 0 1 2 0 1 3 0 1 2 0 1 2 0 1 8 0 1 2 0 1
15 0 3 0 1 10 0 1 3 0 1 11 0 1 3 0 1 4 0 1 3 0 1 4 0 1 11 0 1 3 0 1 16 0 1 2 0 1 2 0 1 9 0 1 2 0 1
15 0 3 0 1 10 0 1 3 0 1 11 0 1 3 0 1 4 0 1 3 0 1 4 0 1 11 0 1 3 0 1 16 0 1 2 0 1 2 0 1 9 0 1 2 0 1
15 2 6 0 1 12 0 1 11 0 1 3 0 1 10 0 1 16 0 1 9 0 1 6 0 1 3 0 1 3 0 1 2 0 1 2 0 1 3 0 1 2 0 1 2 0 1 6 3 4 6 6 3
15 2 6 0 1 12 0 1 11 0 1 3 0 1 10 0 1 16 0 1 9 0 1 6 0 1 3 0 1 3 0 1 2 0 1 2 0 1 3 0 1 2 0 1 2 0 1 6 3 4 6 6 3
15 1 10 0 1 8 0 1 3 0 1 11 0 1 16 0 1 2 0 1 4 0 1 10 0 1 10 0 1 10 0 1 10 0 1 2 0 1 3 0 1 2 0 1 3 0 1 6 0 4
15 1 10 0 1 8 0 1 3 0 1 11 0 1 16 0 1 2 0 1 4 0 1 10 0 1 10 0 1 10 0 1 10 0 1 2 0 1 3 0 1 2 0 1 3 0 1 6 0 4
15 1 6 0 1 9 0 1 11 0 1 1 0 1 3 0 1 16 0 1 11 0 1 6 0 1 3 0 1 12 0 1 2 0 1 3 0 1 3 0 1 2 0 1 6 0 1 6 6 6
15 1 6 0 1 9 0 1 11 0 1 1 0 1 3 0 1 16 0 1 11 0 1 6 0 1 3 0 1 12 0 1 2 0 1 3 0 1 3 0 1 2 0 1 6 0 1 6 6 6
15 1 16 0 1 2 0 1 3 0 1 16 0 1 16 0 1 6 0 1 9 0 1 3 0 1 10 0 1 2 0 1 6 0 1 3 0 1 16 0 1 2 0 1 0 0 1 6 3 2
15 1 16 0 1 2 0 1 3 0 1 16 0 1 16 0 1 6 0 1 9 0 1 3 0 1 10 0 1 2 0 1 6 0 1 3 0 1 16 0 1 2 0 1 0 0 1 6 3 2
1 10 5 0 3 6 3 12 6 7 1 6 6 6 6 0 10 1 0 1 1 0 1 1 0 1 1 0 1 1 0 1 3 0 6
1 10 5 0 3 6 3 12 6 7 1 6 6 6 6 0 10 1 0 1 1 0 1 1 0 1 1 0 1 1 0 1 3 0 6
6 7 15 0 1 5 0 3 5 0 2 4 0 1 5 0 3 5 0 3 6 8 4 1 0 1 1 0 1 1 0 1 1 0 1 1 0 1 6 7 1
6 7 15 0 1 5 0 3 5 0 2 4 0 1 5 0 3 5 0 3 6 8 4 1 0 1 1 0 1 1 0 1 1 0 1 1 0 1 6 7 1
11 4 17 0 1 15 0 1 5 8 1 5 8 1 1 0 1 1 0 1 4 0 1 1 0 1 2 0 1 1 0 1 1 0 1 1 0 1 1 0 1 1 0 1 1 0 1
11 4 17 0 1 15 0 1 5 8 1 5 8 1 1 0 1 1 0 1 4 0 1 1 0 1 2 0 1 1 0 1 1 0 1 1 0 1 1 0 1 1 0 1 1 0 1
15 0 4 0 1 17 0 1 15 0 1 2 0 1 15 0 1 15 0 1 2 0 1 1 0 1 4 0 1 1 0 1 1 0 1 4 0 1 1 0 1 1 0 1 1 0 1
15 0 4 0 1 17 0 1 15 0 1 2 0 1 15 0 1 15 0 1 2 0 1 1 0 1 4 0 1 1 0 1 1 0 1 4 0 1 1 0 1 1 0 1 1 0 1
15 0 15 0 1 3 0 1 17 0 1 2 0 1 17 0 1 17 0 1 10 0 1 1 0 1 4 0 1 1 0 1 4 0 1 2 0 1 1 0 1 1 0 1 3 0 1
15 0 15 0 1 3 0 1 17 0 1 2 0 1 17 0 1 17 0 1 10 0 1 1 0 1 4 0 1 1 0 1 4 0 1 2 0 1 1 0 1 1 0 1 3 0 1
15 0 17 0 1 15 0 1 4 0 1 2 0 1 4 0 1 3 0 1 4 0 1 1 0 1 10 0 1 1 0 1 4 0 1 2 0 1 1 0 1 4 0 1 3 0 1
15 0 17 0 1 15 0 1 4 0 1 2 0 1 4 0 1 3 0 1 4 0 1 1 0 1 10 0 1 1 0 1 4 0 1 2 0 1 1 0 1 4 0 1 3 0 1
15 0 4 0 1 17 0 1 15 0 1 2 0 1 15 0 1 15 0 1 10 0 1 1 0 1 4 0 1 10 0 1 9 0 1 10 0 1 3 0 1 9 0 1 9 0 1
15 0 4 0 1 17 0 1 15 0 1 2 0 1 15 0 1 15 0 1 10 0 1 1 0 1 4 0 1 10 0 1 9 0 1 10 0 1 3 0 1 9 0 1 9 0 1
15 0 15 0 1 3 0 1 17 0 1 9 0 1 17 0 1 17 0 1 4 0 1 3 0 1 10 0 1 12 0 1 4 0 1 2 0 1 8 0 1 1 0 1 3 0 1
15 0 15 0 1 3 0 1 17 0 1 9 0 1 17 0 1 17 0 1 4 0 1 3 0 1 10 0 1 12 0 1 4 0 1 2 0 1 8 0 1 1 0 1 3 0 1
15 0 17 0 1 15 0 1 2 0 1 4 0 1 1 0 1 1 0 1 10 0 1 3 0 1 4 0 1 8 0 1 4 0 1 10 0 1 9 0 1 9 0 1 8 0 1
15 0 17 0 1 15 0 1 2 0 1 4 0 1 1 0 1 1 0 1 10 0 1 3 0 1 4 0 1 8 0 1 4 0 1 10 0 1 9 0 1 9 0 1 8 0 1
15 0 4 0 1 17 0 1 2 0 1 9 0 1 3 0 1 4 0 1 2 0 1 3 0 1 10 0 1 9 0 1 9 0 1 4 0 1 3 0 1 4 0 1 9 0 1
15 0 4 0 1 17 0 1 2 0 1 9 0 1 3 0 1 4 0 1 2 0 1 3 0 1 10 0 1 9 0 1 9 0 1 4 0 1 3 0 1 4 0 1 9 0 1
15 0 4 0 1 3 0 1 1 0 1 4 0 1 15 0 1 15 0 1 10 0 1 3 0 1 2 0 1 2 0 1 1 0 1 10 0 1 12 0 1 9 0 1 3 0 1
15 0 4 0 1 3 0 1 1 0 1 4 0 1 15 0 1 15 0 1 10 0 1 3 0 1 2 0 1 2 0 1 1 0 1 10 0 1 12 0 1 9 0 1 3 0 1
15 0 9 0 1 9 0 1 1 0 1 4 0 1 17 0 1 17 0 1 3 0 1 10 0 1 10 0 1 3 0 1 3 0 1 4 0 1 8 0 1 1 0 1 8 0 1
15 0 9 0 1 9 0 1 1 0 1 4 0 1 17 0 1 17 0 1 3 0 1 10 0 1 10 0 1 3 0 1 3 0 1 4 0 1 8 0 1 1 0 1 8 0 1
15 1 1 0 1 4 0 1 16 0 1 4 0 1 1 0 1 10 0 1 10 0 1 12 0 1 3 0 1 3 0 1 9 0 1 10 0 1 9 0 1 9 0 1 9 0 1 6 7 6
15 1 1 0 1 4 0 1 16 0 1 4 0 1 1 0 1 10 0 1 10 0 1 12 0 1 3 0 1 3 0 1 9 0 1 10 0 1 9 0 1 9 0 1 9 0 1 6 7 6
15 0 1 0 1 10 0 1 3 0 1 9 0 1 1 0 1 16 0 1 2 0 1 8 0 1 10 0 1 10 0 1 0 0 1 4 0 1 3 0 1 2 0 1 4 0 1
15 0 1 0 1 10 0 1 3 0 1 9 0 1 1 0 1 16 0 1 2 0 1 8 0 1 10 0 1 10 0 1 0 0 1 4 0 1 3 0 1 2 0 1 4 0 1
15 0 9 0 1 16 0 1 16 0 1 11 0 1 9 0 1 1 0 1 2 0 1 9 0 1 2 0 1 12 0 1 2 0 1 10 0 1 12 0 1 2 0 1 4 0 1
15 0 9 0 1 16 0 1 16 0 1 11 0 1 9 0 1 1 0 1 2 0 1 9 0 1 2 0 1 12 0 1 2 0 1 10 0 1 12 0 1 2 0 1 4 0 1
15 0 2 0 1 4 0 1 1 0 1 10 0 1 2 0 1 12 0 1 3 0 1 4 0 1 10 0 1 3 0 1 2 0 1 4 0 1 2 0 1 3 0 1 4 0 1
15 0 2 0 1 4 0 1 1 0 1 10 0 1 2 0 1 12 0 1 3 0 1 4 0 1 10 0 1 3 0 1 2 0 1 4 0 1 2 0 1 3 0 1 4 0 1
15 0 2 0 1 10 0 1 1 0 1 3 0 1 2 0 1 2 0 1 10 0 1 10 0 1 2 0 1 10 0 1 3 0 1 2 0 1 4 0 1 3 0 1 4 0 1
15 0 2 0 1 10 0 1 1 0 1 3 0 1 2 0 1 2 0 1 10 0 1 10 0 1 2 0 1 10 0 1 3 0 1 2 0 1 4 0 1 3 0 1 4 0 1
15 1 3 0 1 16 0 1 4 0 1 10 0 1 10 0 1 2 0 1 4 0 1 2 0 1 4 0 1 12 0 1 10 0 1 1 0 1 4 0 1 16 0 1 0 0 1 6 0 1
15 1 3 0 1 16 0 1 4 0 1 10 0 1 10 0 1 2 0 1 4 0 1 2 0 1 4 0 1 12 0 1 10 0 1 1 0 1 4 0 1 16 0 1 0 0 1 6 0 1
15 0 3 0 1 4 0 1 16 0 1 1 0 1 2 0 1 2 0 1 1 0 1 2 0 1 1 0 1 1 0 1 3 0 1 1 0 1 4 0 1 0 0 1 0 0 1
15 0 3 0 1 4 0 1 16 0 1 1 0 1 2 0 1 2 0 1 1 0 1 2 0 1 1 0 1 1 0 1 3 0 1 1 0 1 4 0 1 0 0 1 0 0 1
15 2 16 0 1 6 0 1 3 0 1 1 0 1 2 0 1 6 0 1 1 0 1 2 0 1 1 0 1 4 0 1 3 0 1 1 0 1 0 0 1 0 0 1 0 0 1 6 6 9 6 0 1
15 2 16 0 1 6 0 1 3 0 1 1 0 1 2 0 1 6 0 1 1 0 1 2 0 1 1 0 1 4 0 1 3 0 1 1 0 1 0 0 1 0 0 1 0 0 1 6 6 9 6 0 1
15 1 3 0 1 10 0 1 3 0 1 1 0 1 6 0 1 1 0 1 1 0 1 4 0 1 1 0 1 10 0 1 6 0 1 1 0 1 0 0 1 0 0 1 0 0 1 6 6 6
15 1 3 0 1 10 0 1 3 0 1 1 0 1 6 0 1 1 0 1 1 0 1 4 0 1 1 0 1 10 0 1 6 0 1 1 0 1 0 0 1 0 0 1 0 0 1 6 6 6
15 1 16 0 1 6 0 1 16 0 1 1 0 1 1 0 1 10 0 1 1 0 1 4 0 1 3 0 1 4 0 1 16 0 1 3 0 1 0 0 1 0 0 1 0 0 1 6 6 3
15 1 16 0 1 6 0 1 16 0 1 1 0 1 1 0 1 10 0 1 1 0 1 4 0 1 3 0 1 4 0 1 16 0 1 3 0 1 0 0 1 0 0 1 0 0 1 6 6 3
15 0 0 0 1 16 0 1 3 0 1 3 0 1 16 0 1 2 0 1 3 0 1 4 0 1 3 0 1 10 0 1 0 0 1 3 0 1 0 0 1 0 0 1 0 0 1
15 0 0 0 1 16 0 1 3 0 1 3 0 1 16 0 1 2 0 1 3 0 1 4 0 1 3 0 1 10 0 1 0 0 1 3 0 1 0 0 1 0 0 1 0 0 1
15 2 0 0 1 0 0 1 16 0 1 3 0 1 4 0 1 6 0 1 6 0 1 4 0 1 3 0 1 2 0 1 0 0 1 3 0 1 0 0 1 0 0 1 0 0 1 6 3 14 6 7 3
15 2 0 0 1 0 0 1 16 0 1 3 0 1 4 0 1 6 0 1 6 0 1 4 0 1 3 0 1 2 0 1 0 0 1 3 0 1 0 0 1 0 0 1 0 0 1 6 3 14 6 7 3
1 10 5 0 3 6 8 5 6 7 1 4 0 2 1 0 1 1 0 1 1 0 1 1 0 1 1 0 1 3 0 12 6 3 42
1 10 5 0 3 6 8 5 6 7 1 4 0 2 1 0 1 1 0 1 1 0 1 1 0 1 1 0 1 3 0 12 6 3 42
6 5 15 0 1 5 0 3 5 0 2 4 0 1 5 0 3 5 0 3 1 0 1 1 0 1 1 0 1 1 0 1 1 0 1
6 5 15 0 1 5 0 3 5 0 2 4 0 1 5 0 3 5 0 3 1 0 1 1 0 1 1 0 1 1 0 1 1 0 1
11 5 17 0 1 15 0 1 15 0 1 5 8 5 1 0 1 1 0 1 4 0 1 1 0 1 5 8 2 1 0 1 1 0 1 1 0 1 1 0 1 1 0 1 1 0 1 4 0 15
11 5 17 0 1 15 0 1 15 0 1 5 8 5 1 0 1 1 0 1 4 0 1 1 0 1 5 8 2 1 0 1 1 0 1 1 0 1 1 0 1 1 0 1 1 0 1 4 0 15
15 1 4 0 1 17 0 1 17 0 1 2 0 1 15 0 1 15 0 1 5 8 1 3 0 1 2 0 1 1 0 1 1 0 1 1 0 1 1 0 1 1 0 1 1 0 1 4 0 2
15 1 4 0 1 17 0 1 17 0 1 2 0 1 15 0 1 15 0 1 5 8 1 3 0 1 2 0 1 1 0 1 1 0 1 1 0 1 1 0 1 1 0 1 1 0 1 4 0 2
15 1 15 0 1 3 0 1 4 0 1 9 0 1 17 0 1 17 0 1 2 0 1 3 0 1 2 0 1 1 0 1 1 0 1 1 0 1 4 0 1 1 0 1 1 0 1 4 0 2
15 1 15 0 1 3 0 1 4 0 1 9 0 1 17 0 1 17 0 1 2 0 1 3 0 1 2 0 1 1 0 1 1 0 1 1 0 1 4 0 1 1 0 1 1 0 1 4 0 2
15 1 17 0 1 15 0 1 15 0 1 4 0 1 4 0 1 3 0 1 2 0 1 3 0 1 2 0 1 1 0 1 1 0 1 1 0 1 4 0 1 4 0 1 1 0 1 4 0 1
15 1 17 0 1 15 0 1 15 0 1 4 0 1 4 0 1 3 0 1 2 0 1 3 0 1 2 0 1 1 0 1 1 0 1 1 0 1 4 0 1 4 0 1 1 0 1 4 0 1
15 1 4 0 1 17 0 1 17 0 1 9 0 1 15 0 1 15 0 1 9 0 1 9 0 1 9 0 1 3 0 1 9 0 1 1 0 1 4 0 1 4 0 1 4 0 1 4 0 2
15 1 4 0 1 17 0 1 17 0 1 9 0 1 15 0 1 15 0 1 9 0 1 9 0 1 9 0 1 3 0 1 9 0 1 1 0 1 4 0 1 4 0 1 4 0 1 4 0 2
15 2 15 0 1 3 0 1 4 0 1 2 0 1 17 0 1 17 0 1 2 0 1 3 0 1 4 0 1 3 0 1 4 0 1 1 0 1 4 0 1 4 0 1 4 0 1 6 0 4 4 0 2
15 2 15 0 1 3 0 1 4 0 1 2 0 1 17 0 1 17 0 1 2 0 1 3 0 1 4 0 1 3 0 1 4 0 1 1 0 1 4 0 1 4 0 1 4 0 1 6 0 4 4 0 2
15 2 17 0 1 15 0 1 9 0 1 9 0 1 1 0 1 1 0 1 9 0 1 9 0 1 9 0 1 12 0 1 4 0 1 4 0 1 9 0 1 9 0 1 4 0 1 6 0 3 4 0 5
15 2 17 0 1 15 0 1 9 0 1 9 0 1 1 0 1 1 0 1 9 0 1 9 0 1 9 0 1 12 0 1 4 0 1 4 0 1 9 0 1 9 0 1 4 0 1 6 0 3 4 0 5
15 2 1 0 1 17 0 1 4 0 1 2 0 1 3 0 1 4 0 1 2 0 1 1 0 1 4 0 1 8 0 1 4 0 1 4 0 1 4 0 1 1 0 1 4 0 1 6 0 6 4 0 4
15 2 1 0 1 17 0 1 4 0 1 2 0 1 3 0 1 4 0 1 2 0 1 1 0 1 4 0 1 8 0 1 4 0 1 4 0 1 4 0 1 1 0 1 4 0 1 6 0 6 4 0 4
15 2 9 0 1 1 0 1 9 0 1 9 0 1 15 0 1 15 0 1 4 0 1 4 0 1 9 0 1 9 0 1 9 0 1 9 0 1 9 0 1 9 0 1 9 0 1 6 0 4 4 0 6
15 2 9 0 1 1 0 1 9 0 1 9 0 1 15 0 1 15 0 1 4 0 1 4 0 1 9 0 1 9 0 1 9 0 1 9 0 1 9 0 1 9 0 1 9 0 1 6 0 4 4 0 6
15 2 10 0 1 1 0 1 4 0 1 4 0 1 17 0 1 17 0 1 4 0 1 4 0 1 4 0 1 2 0 1 4 0 1 4 0 1 1 0 1 10 0 1 4 0 1 6 0 8 4 0 6
15 2 10 0 1 1 0 1 4 0 1 4 0 1 17 0 1 17 0 1 4 0 1 4 0 1 4 0 1 2 0 1 4 0 1 4 0 1 1 0 1 10 0 1 4 0 1 6 0 8 4 0 6
15 0 4 0 1 3 0 1 9 0 1 9 0 1 16 0 1 1 0 1 9 0 1 9 0 1 9 0 1 8 0 1 9 0 1 9 0 1 9 0 1 8 0 1 9 0 1
15 0 4 0 1 3 0 1 9 0 1 9 0 1 16 0 1 1 0 1 9 0 1 9 0 1 9 0 1 8 0 1 9 0 1 9 0 1 9 0 1 8 0 1 9 0 1
15 0 9 0 1 3 0 1 2 0 1 11 0 1 2 0 1 3 0 1 11 0 1 1 0 1 4 0 1 9 0 1 2 0 1 10 0 1 0 0 1 9 0 1 10 0 1
15 0 9 0 1 3 0 1 2 0 1 11 0 1 2 0 1 3 0 1 11 0 1 1 0 1 4 0 1 9 0 1 2 0 1 10 0 1 0 0 1 9 0 1 10 0 1
15 0 3 0 1 9 0 1 9 0 1 1 0 1 16 0 1 9 0 1 10 0 1 3 0 1 9 0 1 3 0 1 8 0 1 4 0 1 10 0 1 3 0 1 2 0 1
15 0 3 0 1 9 0 1 9 0 1 1 0 1 16 0 1 9 0 1 10 0 1 3 0 1 9 0 1 3 0 1 8 0 1 4 0 1 10 0 1 3 0 1 2 0 1
15 0 8 0 1 1 0 1 3 0 1 3 0 1 4 0 1 1 0 1 4 0 1 8 0 1 2 0 1 8 0 1 9 0 1 9 0 1 8 0 1 9 0 1 2 0 1
15 0 8 0 1 1 0 1 3 0 1 3 0 1 4 0 1 1 0 1 4 0 1 8 0 1 2 0 1 8 0 1 9 0 1 9 0 1 8 0 1 9 0 1 2 0 1
15 0 9 0 1 1 0 1 9 0 1 11 0 1 16 0 1 12 0 1 9 0 1 9 0 1 9 0 1 9 0 1 2 0 1 4 0 1 9 0 1 10 0 1 3 0 1
15 0 9 0 1 1 0 1 9 0 1 11 0 1 16 0 1 12 0 1 9 0 1 9 0 1 9 0 1 9 0 1 2 0 1 4 0 1 9 0 1 10 0 1 3 0 1
15 0 2 0 1 4 0 1 3 0 1 3 0 1 1 0 1 8 0 1 4 0 1 1 0 1 3 0 1 4 0 1 2 0 1 9 0 1 2 0 1 8 0 1 3 0 1
15 0 2 0 1 4 0 1 3 0 1 3 0 1 1 0 1 8 0 1 4 0 1 1 0 1 3 0 1 4 0 1 2 0 1 9 0 1 2 0 1 8 0 1 3 0 1
15 0 16 0 1 12 0 1 9 0 1 11 0 1 9 0 1 9 0 1 10 0 1 3 0 1 9 0 1 4 0 1 3 0 1 3 0 1 3 0 1 9 0 1 3 0 1
15 0 16 0 1 12 0 1 9 0 1 11 0 1 9 0 1 9 0 1 10 0 1 3 0 1 9 0 1 4 0 1 3 0 1 3 0 1 3 0 1 9 0 1 3 0 1
15 0 3 0 1 8 0 1 1 0 1 2 0 1 10 0 1 2 0 1 3 0 1 8 0 1 1 0 1 2 0 1 3 0 1 2 0 1 3 0 1 1 0 1 10 0 1
15 0 3 0 1 8 0 1 1 0 1 2 0 1 10 0 1 2 0 1 3 0 1 8 0 1 1 0 1 2 0 1 3 0 1 2 0 1 3 0 1 1 0 1 10 0 1
15 0 16 0 1 9 0 1 3 0 1 11 0 1 2 0 1 2 0 1 3 0 1 9 0 1 4 0 1 1 0 1 3 0 1 2 0 1 3 0 1 3 0 1 3 0 1
15 0 16 0 1 9 0 1 3 0 1 11 0 1 2 0 1 2 0 1 3 0 1 9 0 1 4 0 1 1 0 1 3 0 1 2 0 1 3 0 1 3 0 1 3 0 1
15 1 3 0 1 2 0 1 10 0 1 4 0 1 2 0 1 2 0 1 3 0 1 0 0 1 11 0 1 2 0 1 3 0 1 2 0 1 3 0 1 9 0 1 6 0 1 6 6 3
15 1 3 0 1 2 0 1 10 0 1 4 0 1 2 0 1 2 0 1 3 0 1 0 0 1 11 0 1 2 0 1 3 0 1 2 0 1 3 0 1 9 0 1 6 0 1 6 6 3
15 0 6 0 1 2 0 1 16 0 1 11 0 1 3 0 1 10 0 1 10 0 1 0 0 1 2 0 1 4 0 1 16 0 1 2 0 1 6 0 1 2 0 1 2 0 1
15 0 6 0 1 2 0 1 16 0 1 11 0 1 3 0 1 10 0 1 10 0 1 0 0 1 2 0 1 4 0 1 16 0 1 2 0 1 6 0 1 2 0 1 2 0 1
15 2 10 0 1 2 0 1 3 0 1 0 0 1 6 0 1 16 0 1 1 0 1 0 0 1 10 0 1 16 0 1 0 0 1 3 0 1 0 0 1 2 0 1 16 0 1 6 0 18 6 8 1
15 2 10 0 1 2 0 1 3 0 1 0 0 1 6 0 1 16 0 1 1 0 1 0 0 1 10 0 1 16 0 1 0 0 1 3 0 1 0 0 1 2 0 1 16 0 1 6 0 18 6 8 1
1 10 5 0 3 6 3 9 6 7 7 6 6 3 6 0 2 1 0 1 1 0 1 1 0 1 1 0 1 1 0 1 3 0 8
1 10 5 0 3 6 3 9 6 7 7 6 6 3 6 0 2 1 0 1 1 0 1 1 0 1 1 0 1 1 0 1 3 0 8
6 7 15 0 1 5 0 3 5 0 2 4 0 1 5 0 3 5 0 2 6 7 1 1 0 1 1 0 1 1 0 1 1 0 1 1 0 1 6 8 2
6 7 15 0 1 5 0 3 5 0 2 4 0 1 5 0 3 5 0 2 6 7 1 1 0 1 1 0 1 1 0 1 1 0 1 1 0 1 6 8 2
11 4 17 0 1 15 0 1 15 0 1 2 0 1 1 0 1 1 0 1 4 0 1 1 0 1 5 8 1 1 0 1 1 0 1 1 0 1 1 0 1 1 0 1 1 0 1
11 4 17 0 1 15 0 1 15 0 1 2 0 1 1 0 1 1 0 1 4 0 1 1 0 1 5 8 1 1 0 1 1 0 1 1 0 1 1 0 1 1 0 1 1 0 1
15 0 4 0 1 17 0 1 17 0 1 10 0 1 15 0 1 15 0 1 5 8 1 5 0 1 2 0 1 1 0 1 1 0 1 1 0 1 1 0 1 1 0 1 1 0 1
15 0 4 0 1 17 0 1 17 0 1 10 0 1 15 0 1 15 0 1 5 8 1 5 0 1 2 0 1 1 0 1 1 0 1 1 0 1 1 0 1 1 0 1 1 0 1
15 0 15 0 1 3 0 1 4 0 1 12 0 1 17 0 1 17 0 1 2 0 1 1 0 1 2 0 1 1 0 1 1 0 1 3 0 1 1 0 1 1 0 1 1 0 1
15 0 15 0 1 3 0 1 4 0 1 12 0 1 17 0 1 17 0 1 2 0 1 1 0 1 2 0 1 1 0 1 1 0 1 3 0 1 1 0 1 1 0 1 1 0 1
15 0 17 0 1 15 0 1 15 0 1 8 0 1 4 0 1 3 0 1 2 0 1 1 0 1 2 0 1 1 0 1 1 0 1 3 0 1 1 0 1 4 0 1 1 0 1
15 0 17 0 1 15 0 1 15 0 1 8 0 1 4 0 1 3 0 1 2 0 1 1 0 1 2 0 1 1 0 1 1 0 1 3 0 1 1 0 1 4 0 1 1 0 1
15 0 4 0 1 17 0 1 17 0 1 9 0 1 15 0 1 15 0 1 2 0 1 15 0 1 2 0 1 9 0 1 1 0 1 3 0 1 1 0 1 4 0 1 1 0 1
15 0 4 0 1 17 0 1 17 0 1 9 0 1 15 0 1 15 0 1 2 0 1 15 0 1 2 0 1 9 0 1 1 0 1 3 0 1 1 0 1 4 0 1 1 0 1
15 0 15 0 1 3 0 1 16 0 1 4 0 1 17 0 1 17 0 1 2 0 1 17 0 1 2 0 1 3 0 1 9 0 1 3 0 1 8 0 1 4 0 1 9 0 1
15 0 15 0 1 3 0 1 16 0 1 4 0 1 17 0 1 17 0 1 2 0 1 17 0 1 2 0 1 3 0 1 9 0 1 3 0 1 8 0 1 4 0 1 9 0 1
15 0 17 0 1 15 0 1 4 0 1 10 0 1 1 0 1 1 0 1 9 0 1 10 0 1 9 0 1 3 0 1 10 0 1 9 0 1 9 0 1 9 0 1 4 0 1
15 0 17 0 1 15 0 1 4 0 1 10 0 1 1 0 1 1 0 1 9 0 1 10 0 1 9 0 1 3 0 1 10 0 1 9 0 1 9 0 1 9 0 1 4 0 1
15 0 10 0 1 17 0 1 10 0 1 12 0 1 3 0 1 9 0 1 11 0 1 16 0 1 4 0 1 3 0 1 8 0 1 1 0 1 3 0 1 4 0 1 4 0 1
15 0 10 0 1 17 0 1 10 0 1 12 0 1 3 0 1 9 0 1 11 0 1 16 0 1 4 0 1 3 0 1 8 0 1 1 0 1 3 0 1 4 0 1 4 0 1
15 0 16 0 1 1 0 1 12 0 1 8 0 1 15 0 1 3 0 1 1 0 1 3 0 1 9 0 1 3 0 1 9 0 1 9 0 1 9 0 1 9 0 1 4 0 1
15 0 16 0 1 1 0 1 12 0 1 8 0 1 15 0 1 3 0 1 1 0 1 3 0 1 9 0 1 3 0 1 9 0 1 9 0 1 9 0 1 9 0 1 4 0 1
15 0 4 0 1 3 0 1 8 0 1 9 0 1 17 0 1 9 0 1 10 0 1 3 0 1 4 0 1 9 0 1 4 0 1 2 0 1 2 0 1 10 0 1 9 0 1
15 0 4 0 1 3 0 1 8 0 1 9 0 1 17 0 1 9 0 1 10 0 1 3 0 1 4 0 1 9 0 1 4 0 1 2 0 1 2 0 1 10 0 1 9 0 1
15 0 9 0 1 9 0 1 9 0 1 2 0 1 10 0 1 2 0 1 1 0 1 3 0 1 10 0 1 2 0 1 9 0 1 4 0 1 0 0 1 8 0 1 4 0 1
15 0 9 0 1 9 0 1 9 0 1 2 0 1 10 0 1 2 0 1 1 0 1 3 0 1 10 0 1 2 0 1 9 0 1 4 0 1 0 0 1 8 0 1 4 0 1
15 0 1 0 1 2 0 1 4 0 1 10 0 1 16 0 1 9 0 1 10 0 1 3 0 1 4 0 1 2 0 1 2 0 1 4 0 1 0 0 1 9 0 1 9 0 1
15 0 1 0 1 2 0 1 4 0 1 10 0 1 16 0 1 9 0 1 10 0 1 3 0 1 4 0 1 2 0 1 2 0 1 4 0 1 0 0 1 9 0 1 9 0 1
15 0 9 0 1 9 0 1 10 0 1 12 0 1 4 0 1 10 0 1 12 0 1 9 0 1 10 0 1 2 0 1 1 0 1 4 0 1 0 0 1 2 0 1 1 0 1
15 0 9 0 1 9 0 1 10 0 1 12 0 1 4 0 1 10 0 1 12 0 1 9 0 1 10 0 1 2 0 1 1 0 1 4 0 1 0 0 1 2 0 1 1 0 1
15 0 2 0 1 10 0 1 12 0 1 8 0 1 8 0 1 4 0 1 2 0 1 2 0 1 4 0 1 2 0 1 2 0 1 4 0 1 0 0 1 2 0 1 9 0 1
15 0 2 0 1 10 0 1 12 0 1 8 0 1 8 0 1 4 0 1 2 0 1 2 0 1 4 0 1 2 0 1 2 0 1 4 0 1 0 0 1 2 0 1 9 0 1
15 0 3 0 1 4 0 1 4 0 1 9 0 1 9 0 1 16 0 1 12 0 1 2 0 1 9 0 1 4 0 1 2 0 1 4 0 1 0 0 1 3 0 1 3 0 1
15 0 3 0 1 4 0 1 4 0 1 9 0 1 9 0 1 16 0 1 12 0 1 2 0 1 9 0 1 4 0 1 2 0 1 4 0 1 0 0 1 3 0 1 3 0 1
15 0 4 0 1 10 0 1 10 0 1 2 0 1 2 0 1 4 0 1 1 0 1 4 0 1 3 0 1 4 0 1 2 0 1 2 0 1 0 0 1 3 0 1 9 0 1
15 0 4 0 1 10 0 1 10 0 1 2 0 1 2 0 1 4 0 1 1 0 1 4 0 1 3 0 1 4 0 1 2 0 1 2 0 1 0 0 1 3 0 1 9 0 1
15 1 3 0 1 16 0 1 2 0 1 10 0 1 10 0 1 16 0 1 1 0 1 4 0 1 12 0 1 4 0 1 2 0 1 16 0 1 0 0 1 3 0 1 0 0 1 6 8 20
15 1 3 0 1 16 0 1 2 0 1 10 0 1 10 0 1 16 0 1 1 0 1 4 0 1 12 0 1 4 0 1 2 0 1 16 0 1 0 0 1 3 0 1 0 0 1 6 8 20
15 0 4 0 1 4 0 1 10 0 1 1 0 1 16 0 1 2 0 1 1 0 1 4 0 1 1 0 1 4 0 1 16 0 1 0 0 1 0 0 1 6 0 1 0 0 1
15 0 4 0 1 4 0 1 10 0 1 1 0 1 16 0 1 2 0 1 1 0 1 4 0 1 1 0 1 4 0 1 16 0 1 0 0 1 0 0 1 6 0 1 0 0 1
15 2 4 0 1 10 0 1 3 0 1 4 0 1 3 0 1 6 0 1 6 0 1 4 0 1 10 0 1 16 0 1 3 0 1 0 0 1 0 0 1 0 0 1 0 0 1 6 3 4 6 0 4
15 2 4 0 1 10 0 1 3 0 1 4 0 1 3 0 1 6 0 1 6 0 1 4 0 1 10 0 1 16 0 1 3 0 1 0 0 1 0 0 1 0 0 1 0 0 1 6 3 4 6 0 4
15 3 9 0 1 16 0 1 10 0 1 10 0 1 10 0 1 10 0 1 10 0 1 6 0 1 4 0 1 0 0 1 6 0 1 0 0 1 0 0 1 16 0 1 0 0 1 6 6 3 6 8 2 6 0 4
15 3 9 0 1 16 0 1 10 0 1 10 0 1 10 0 1 10 0 1 10 0 1 6 0 1 4 0 1 0 0 1 6 0 1 0 0 1 0 0 1 16 0 1 0 0 1 6 6 3 6 8 2 6 0 4
15 4 10 0 1 4 0 1 3 0 1 2 0 1 16 0 1 6 0 1 6 0 1 0 0 1 10 0 1 0 0 1 0 0 1 0 0 1 0 0 1 0 0 1 0 0 1 6 7 4 6 6 3 6 0 4 6 8 2
15 4 10 0 1 4 0 1 3 0 1 2 0 1 16 0 1 6 0 1 6 0 1 0 0 1 10 0 1 0 0 1 0 0 1 0 0 1 0 0 1 0 0 1 0 0 1 6 7 4 6 6 3 6 0 4 6 8 2
15 2 3 0 1 6 0 1 10 0 1 10 0 1 2 0 1 0 0 1 2 0 1 0 0 1 12 0 1 0 0 1 0 0 1 0 0 1 0 0 1 0 0 1 0 0 1 6 6 3 6 6 3
15 2 3 0 1 6 0 1 10 0 1 10 0 1 2 0 1 0 0 1 2 0 1 0 0 1 12 0 1 0 0 1 0 0 1 0 0 1 0 0 1 0 0 1 0 0 1 6 6 3 6 6 3
1 10 5 0 3 6 3 31 6 7 8 6 8 14 6 6 6 6 0 8 1 0 1 1 0 1 1 0 1 1 0 1 1 0 1
1 10 5 0 3 6 3 31 6 7 8 6 8 14 6 6 6 6 0 8 1 0 1 1 0 1 1 0 1 1 0 1 1 0 1
6 5 15 0 1 5 0 3 5 0 2 4 0 1 5 0 3 5 0 3 1 0 1 1 0 1 1 0 1 1 0 1 1 0 1
6 5 15 0 1 5 0 3 5 0 2 4 0 1 5 0 3 5 0 3 1 0 1 1 0 1 1 0 1 1 0 1 1 0 1
11 3 17 0 1 15 0 1 15 0 1 2 0 1 1 0 1 1 0 1 1 0 1 1 0 1 2 0 1 1 0 1 1 0 1 1 0 1 1 0 1 1 0 1
11 3 17 0 1 15 0 1 15 0 1 2 0 1 1 0 1 1 0 1 1 0 1 1 0 1 2 0 1 1 0 1 1 0 1 1 0 1 1 0 1 1 0 1
14 0 4 0 1 17 0 1 17 0 1 2 0 1 15 0 1 15 0 1 1 0 1 1 0 1 2 0 1 1 0 1 1 0 1 1 0 1 1 0 1 1 0 1
14 0 4 0 1 17 0 1 17 0 1 2 0 1 15 0 1 15 0 1 1 0 1 1 0 1 2 0 1 1 0 1 1 0 1 1 0 1 1 0 1 1 0 1
14 0 15 0 1 3 0 1 4 0 1 4 0 1 17 0 1 17 0 1 3 0 1 1 0 1 2 0 1 3 0 1 4 0 1 1 0 1 1 0 1 1 0 1
14 0 15 0 1 3 0 1 4 0 1 4 0 1 17 0 1 17 0 1 3 0 1 1 0 1 2 0 1 3 0 1 4 0 1 1 0 1 1 0 1 1 0 1
14 0 17 0 1 15 0 1 15 0 1 4 0 1 4 0 1 3 0 1 3 0 1 1 0 1 2 0 1 3 0 1 4 0 1 1 0 1 1 0 1 4 0 1
14 0 17 0 1 15 0 1 15 0 1 4 0 1 4 0 1 3 0 1 3 0 1 1 0 1 2 0 1 3 0 1 4 0 1 1 0 1 1 0 1 4 0 1
14 0 4 0 1 17 0 1 17 0 1 12 0 1 15 0 1 15 0 1 3 0 1 3 0 1 2 0 1 3 0 1 9 0 1 3 0 1 1 0 1 4 0 1
14 0 4 0 1 17 0 1 17 0 1 12 0 1 15 0 1 15 0 1 3 0 1 3 0 1 2 0 1 3 0 1 9 0 1 3 0 1 1 0 1 4 0 1
14 0 15 0 1 3 0 1 16 0 1 4 0 1 17 0 1 17 0 1 9 0 1 3 0 1 4 0 1 9 0 1 4 0 1 9 0 1 1 0 1 9 0 1
14 0 15 0 1 3 0 1 16 0 1 4 0 1 17 0 1 17 0 1 9 0 1 3 0 1 4 0 1 9 0 1 4 0 1 9 0 1 1 0 1 9 0 1
14 0 17 0 1 15 0 1 2 0 1 12 0 1 1 0 1 1 0 1 10 0 1 9 0 1 4 0 1 1 0 1 4 0 1 10 0 1 9 0 1 10 0 1
14 0 17 0 1 15 0 1 2 0 1 12 0 1 1 0 1 1 0 1 10 0 1 9 0 1 4 0 1 1 0 1 4 0 1 10 0 1 9 0 1 10 0 1
14 0 16 0 1 17 0 1 4 0 1 2 0 1 3 0 1 4 0 1 3 0 1 3 0 1 4 0 1 9 0 1 9 0 1 3 0 1 10 0 1 1 0 1
14 0 16 0 1 17 0 1 4 0 1 2 0 1 3 0 1 4 0 1 3 0 1 3 0 1 4 0 1 9 0 1 9 0 1 3 0 1 10 0 1 1 0 1
14 0 4 0 1 16 0 1 12 0 1 12 0 1 15 0 1 15 0 1 9 0 1 3 0 1 4 0 1 1 0 1 1 0 1 9 0 1 3 0 1 9 0 1
14 0 4 0 1 16 0 1 12 0 1 12 0 1 15 0 1 15 0 1 9 0 1 3 0 1 4 0 1 1 0 1 1 0 1 9 0 1 3 0 1 9 0 1
14 0 9 0 1 3 0 1 4 0 1 3 0 1 17 0 1 17 0 1 10 0 1 9 0 1 10 0 1 9 0 1 9 0 1 10 0 1 9 0 1 1 0 1
14 0 9 0 1 3 0 1 4 0 1 3 0 1 17 0 1 17 0 1 10 0 1 9 0 1 10 0 1 9 0 1 9 0 1 10 0 1 9 0 1 1 0 1
14 0 10 0 1 3 0 1 12 0 1 12 0 1 1 0 1 16 0 1 1 0 1 10 0 1 12 0 1 4 0 1 10 0 1 3 0 1 2 0 1 3 0 1
14 0 10 0 1 3 0 1 12 0 1 12 0 1 1 0 1 16 0 1 1 0 1 10 0 1 12 0 1 4 0 1 10 0 1 3 0 1 2 0 1 3 0 1
14 0 1 0 1 9 0 1 4 0 1 3 0 1 9 0 1 1 0 1 9 0 1 1 0 1 1 0 1 9 0 1 1 0 1 10 0 1 2 0 1 9 0 1
14 0 1 0 1 9 0 1 4 0 1 3 0 1 9 0 1 1 0 1 9 0 1 1 0 1 1 0 1 9 0 1 1 0 1 10 0 1 2 0 1 9 0 1
14 0 9 0 1 10 0 1 12 0 1 12 0 1 10 0 1 3 0 1 10 0 1 9 0 1 1 0 1 10 0 1 9 0 1 1 0 1 2 0 1 10 0 1
14 0 9 0 1 10 0 1 12 0 1 12 0 1 10 0 1 3 0 1 10 0 1 9 0 1 1 0 1 10 0 1 9 0 1 1 0 1 2 0 1 10 0 1
14 0 10 0 1 4 0 1 1 0 1 2 0 1 4 0 1 9 0 1 2 0 1 10 0 1 12 0 1 4 0 1 10 0 1 10 0 1 10 0 1 4 0 1
14 0 10 0 1 4 0 1 1 0 1 2 0 1 4 0 1 9 0 1 2 0 1 10 0 1 12 0 1 4 0 1 10 0 1 10 0 1 10 0 1 4 0 1
14 0 3 0 1 4 0 1 12 0 1 10 0 1 9 0 1 10 0 1 2 0 1 4 0 1 1 0 1 10 0 1 3 0 1 4 0 1 16 0 1 4 0 1
14 0 3 0 1 4 0 1 12 0 1 10 0 1 9 0 1 10 0 1 2 0 1 4 0 1 1 0 1 10 0 1 3 0 1 4 0 1 16 0 1 4 0 1
14 0 10 0 1 4 0 1 1 0 1 12 0 1 10 0 1 2 0 1 4 0 1 10 0 1 1 0 1 2 0 1 9 0 1 2 0 1 2 0 1 9 0 1
14 0 10 0 1 4 0 1 1 0 1 12 0 1 10 0 1 2 0 1 4 0 1 10 0 1 1 0 1 2 0 1 9 0 1 2 0 1 2 0 1 9 0 1
14 0 2 0 1 16 0 1 3 0 1 3 0 1 2 0 1 2 0 1 4 0 1 2 0 1 3 0 1 3 0 1 10 0 1 2 0 1 4 0 1 10 0 1
14 0 2 0 1 16 0 1 3 0 1 3 0 1 2 0 1 2 0 1 4 0 1 2 0 1 3 0 1 3 0 1 10 0 1 2 0 1 4 0 1 10 0 1
14 3 3 0 1 4 0 1 3 0 1 10 0 1 2 0 1 2 0 1 4 0 1 2 0 1 3 0 1 2 0 1 2 0 1 2 0 1 6 0 1 4 0 1 6 7 4 6 8 1 6 0 3
14 3 3 0 1 4 0 1 3 0 1 10 0 1 2 0 1 2 0 1 4 0 1 2 0 1 3 0 1 2 0 1 2 0 1 2 0 1 6 0 1 4 0 1 6 7 4 6 8 1 6 0 3
14 2 10 0 1 6 0 1 3 0 1 12 0 1 2 0 1 1 0 1 4 0 1 2 0 1 3 0 1 1 0 1 2 0 1 4 0 1 16 0 1 9 0 1 6 0 4 6 8 2
14 2 10 0 1 6 0 1 3 0 1 12 0 1 2 0 1 1 0 1 4 0 1 2 0 1 3 0 1 1 0 1 2 0 1 4 0 1 16 0 1 9 0 1 6 0 4 6 8 2
14 1 3 0 1 4 0 1 16 0 1 4 0 1 3 0 1 4 0 1 6 0 1 2 0 1 3 0 1 10 0 1 4 0 1 4 0 1 1 0 1 10 0 1 6 0 10
14 1 3 0 1 4 0 1 16 0 1 4 0 1 3 0 1 4 0 1 6 0 1 2 0 1 3 0 1 10 0 1 4 0 1 4 0 1 1 0 1 10 0 1 6 0 10
14 4 6 0 1 16 0 1 1 0 1 4 0 1 6 0 1 10 0 1 1 0 1 4 0 1 6 0 1 2 0 1 10 0 1 6 0 1 4 0 1 2 0 1 6 6 3 6 3 2 6 0 26 6 8 1
14 4 6 0 1 16 0 1 1 0 1 4 0 1 6 0 1 10 0 1 1 0 1 4 0 1 6 0 1 2 0 1 10 0 1 6 0 1 4 0 1 2 0 1 6 6 3 6 3 2 6 0 26 6 8 1
14 0 10 0 1 0 0 1 16 0 1 12 0 1 0 0 1 16 0 1 0 0 1 4 0 1 16 0 1 2 0 1 1 0 1 0 0 1 16 0 1 2 0 1
14 0 10 0 1 0 0 1 16 0 1 12 0 1 0 0 1 16 0 1 0 0 1 4 0 1 16 0 1 2 0 1 1 0 1 0 0 1 16 0 1 2 0 1
1 10 16 0 1 6 7 4 6 0 45 6 3 4 6 6 3 6 8 9 1 0 1 1 0 1 1 0 1 1 0 1 1 0 1
1 10 16 0 1 6 7 4 6 0 45 6 3 4 6 6 3 6 8 9 1 0 1 1 0 1 1 0 1 1 0 1 1 0 1
6 2 6 0 1 10 0 1 10 0 1 4 0 1 1 0 1 1 0 1 6 8 1 1 0 1
6 2 6 0 1 10 0 1 10 0 1 4 0 1 1 0 1 1 0 1 6 8 1 1 0 1
7 2 4 0 1 6 0 1 6 0 1 2 0 1 1 0 1 1 0 1 1 0 1 6 7 4 6 6 3
7 2 4 0 1 6 0 1 6 0 1 2 0 1 1 0 1 1 0 1 1 0 1 6 7 4 6 6 3
7 0 16 0 1 16 0 1 16 0 1 2 0 1 10 0 1 10 0 1 1 0 1
7 0 16 0 1 16 0 1 16 0 1 2 0 1 10 0 1 10 0 1 1 0 1
7 1 4 0 1 6 0 1 6 0 1 4 0 1 4 0 1 1 0 1 1 0 1 6 8 2
7 1 4 0 1 6 0 1 6 0 1 4 0 1 4 0 1 1 0 1 1 0 1 6 8 2
7 0 10 0 1 3 0 1 4 0 1 9 0 1 4 0 1 9 0 1 1 0 1
7 0 10 0 1 3 0 1 4 0 1 9 0 1 4 0 1 9 0 1 1 0 1
7 0 16 0 1 10 0 1 10 0 1 10 0 1 4 0 1 10 0 1 1 0 1
7 0 16 0 1 10 0 1 10 0 1 10 0 1 4 0 1 10 0 1 1 0 1
7 0 1 0 1 16 0 1 16 0 1 1 0 1 9 0 1 3 0 1 4 0 1
7 0 1 0 1 16 0 1 16 0 1 1 0 1 9 0 1 3 0 1 4 0 1
7 0 3 0 1 3 0 1 4 0 1 9 0 1 10 0 1 3 0 1 9 0 1
7 0 3 0 1 3 0 1 4 0 1 9 0 1 10 0 1 3 0 1 9 0 1
7 0 16 0 1 10 0 1 9 0 1 10 0 1 1 0 1 12 0 1 10 0 1
7 0 16 0 1 10 0 1 9 0 1 10 0 1 1 0 1 12 0 1 10 0 1
7 0 3 0 1 16 0 1 10 0 1 3 0 1 3 0 1 2 0 1 2 0 1
7 0 3 0 1 16 0 1 10 0 1 3 0 1 3 0 1 2 0 1 2 0 1
7 0 16 0 1 1 0 1 2 0 1 9 0 1 9 0 1 4 0 1 2 0 1
7 0 16 0 1 1 0 1 2 0 1 9 0 1 9 0 1 4 0 1 2 0 1
7 0 1 0 1 4 0 1 3 0 1 10 0 1 10 0 1 4 0 1 16 0 1
7 0 1 0 1 4 0 1 3 0 1 10 0 1 10 0 1 4 0 1 16 0 1
7 0 4 0 1 16 0 1 1 0 1 1 0 1 2 0 1 16 0 1 2 0 1
7 0 4 0 1 16 0 1 1 0 1 1 0 1 2 0 1 16 0 1 2 0 1
7 1 9 0 1 4 0 1 3 0 1 6 0 1 2 0 1 2 0 1 2 0 1 6 0 6
7 1 9 0 1 4 0 1 3 0 1 6 0 1 2 0 1 2 0 1 2 0 1 6 0 6
7 3 10 0 1 16 0 1 6 0 1 0 0 1 2 0 1 16 0 1 6 0 1 6 7 4 6 0 4 6 8 2
7 3 10 0 1 16 0 1 6 0 1 0 0 1 2 0 1 16 0 1 6 0 1 6 7 4 6 0 4 6 8 2
7 0 2 0 1 2 0 1 0 0 1 0 0 1 3 0 1 2 0 1 0 0 1
7 0 2 0 1 2 0 1 0 0 1 0 0 1 3 0 1 2 0 1 0 0 1
7 3 2 0 1 6 0 1 0 0 1 0 0 1 3 0 1 6 0 1 0 0 1 6 6 9 6 8 5 6 0 2
7 3 2 0 1 6 0 1 0 0 1 0 0 1 3 0 1 6 0 1 0 0 1 6 6 9 6 8 5 6 0 2
7 2 3 0 1 0 0 1 0 0 1 0 0 1 6 0 1 0 0 1 0 0 1 6 6 3 6 0 5
7 2 3 0 1 0 0 1 0 0 1 0 0 1 6 0 1 0 0 1 0 0 1 6 6 3 6 0 5
7 3 6 0 1 0 0 1 0 0 1 0 0 1 0 0 1 0 0 1 0 0 1 6 6 3 6 8 4 6 0 2
7 3 6 0 1 0 0 1 0 0 1 0 0 1 0 0 1 0 0 1 0 0 1 6 6 3 6 8 4 6 0 2
7 0 0 0 1 0 0 1 0 0 1 0 0 1 0 0 1 0 0 1 0 0 1
7 0 0 0 1 0 0 1 0 0 1 0 0 1 0 0 1 0 0 1 0 0 1
7 0 0 0 1 0 0 1 0 0 1 0 0 1 0 0 1 0 0 1 0 0 1
7 0 0 0 1 0 0 1 0 0 1 0 0 1 0 0 1 0 0 1 0 0 1
7 1 0 0 1 0 0 1 0 0 1 0 0 1 0 0 1 0 0 1 0 0 1 6 0 8
7 1 0 0 1 0 0 1 0 0 1 0 0 1 0 0 1 0 0 1 0 0 1 6 0 8
TRUTH
3000 3000 10000 10000 10000 10000 10000 10000 10000 10000 10000 1933054426603526306
158 158 9999 9999 9999 9999 9999 9999 9999 9999 10000 12704659895190369891
105 105 9995 9999 9999 9999 9999 9999 9999 9999 10000 16512146853746412162
105 105 9995 9999 9999 9999 9999 9999 9999 9999 10000 6804365843953408098
105 105 9995 9999 9999 9999 9999 9999 9999 9999 10000 13129673606705191842
105 105 9995 9999 9999 9999 9999 9999 9999 9999 10000 9278372856584536290
105 105 9995 9999 9999 9999 9999 9999 9999 9999 10000 2076527260524540482
105 105 9995 9999 9999 9999 9999 9999 9999 9999 10000 1520941388363083658
105 105 9995 9999 9999 9999 9999 9999 9999 9999 10000 759164397702555354
105 105 9995 9999 9999 9999 9999 9999 9999 9999 10000 5199565815435110638
105 105 9995 9999 9999 9999 9999 9999 9999 9999 10000 17174444773501256838
105 105 9995 9999 9999 9999 9999 9999 9999 9999 10000 18397699283122916662
105 105 9995 9999 9999 9999 9999 9999 9999 9999 10000 6213195485044901034
105 105 9995 9999 9999 9999 9999 9999 9999 9999 10000 15169514971881115602
105 105 9995 9999 9999 9999 9999 9999 9999 9999 10000 15059805436712276322
105 105 9995 9999 9999 9999 9999 9999 9999 9999 10000 6842622157061645114
105 105 9995 9999 9999 9999 9999 9999 9999 9999 10000 8063415430098260762
105 105 9995 9999 9999 9999 9999 9999 9999 9999 10000 9356536019073432578
105 105 9995 9999 9999 9999 9999 9999 9999 9999 10000 11131039291332611238
105 105 9995 9999 9999 9999 9999 9999 9999 9999 10000 600503584265086014
105 105 9995 9999 9999 9999 9999 9999 9999 9999 10000 7245271688607876478
105 105 9995 9999 9999 9999 9999 9999 9999 9999 10000 2184092141556431818
105 105 9995 9999 9999 9999 9999 9999 9999 9999 10000 12436896030331336594
105 105 9995 9999 9999 9999 9999 9999 9999 9999 10000 16353624808056306770
105 105 9995 9999 9999 9999 9999 9999 9999 9999 10000 14907689926693852199
22 22 9988 9998 9998 9998 9998 9998 9998 9998 10000 7587352597619587508
22 22 9988 9998 9998 9998 9998 9998 9998 9998 10000 12706341292700561292
22 22 9988 9998 9998 9998 9998 9998 9998 9998 10000 126733651692919932
22 22 9988 9998 9998 9998 9998 9998 9998 9998 10000 15205809312325108236
22 22 9988 9998 9998 9998 9998 9998 9998 9998 10000 6202583626219685716
22 22 9988 9998 9998 9998 9998 9998 9998 9998 10000 14032238891207877156
22 22 9988 9998 9998 9998 9998 9998 9998 9998 10000 11186058002250970244
22 22 9988 9998 9998 9998 9998 9998 9998 9998 10000 5446169548030184388
22 22 9988 9998 9998 9998 9998 9998 9998 9998 10000 4973876904435291316
22 22 9988 9998 9998 9998 9998 9998 9998 9998 10000 12018631008794847636
22 22 9988 9998 9998 9998 9998 9998 9998 9998 10000 14620933186953481396
22 22 9988 9998 9998 9998 9998 9998 9998 9998 10000 15109971684113305924
22 22 9988 9998 9998 9998 9998 9998 9998 9998 10000 6355696573955474660
22 22 9988 9998 9998 9998 9998 9998 9998 9998 10000 12310790642468891484
22 22 9988 9998 9998 9998 9998 9998 9998 9998 10000 17188856952471697764
164 164 9984 9998 9998 9998 9998 9998 9998 9998 10004 10186316991019382366
76 76 9978 9998 9998 9998 9998 9998 9998 9998 10004 3808480738703130476
16 16 9974 9998 9998 9998 9998 9998 9998 9998 10004 861179005564933704
16 16 9974 9998 9998 9998 9998 9998 9998 9998 10004 14872602136373501080
16 16 9974 9998 9998 9998 9998 9998 9998 9998 10004 16232739525892317864
16 16 9974 9998 9998 9998 9998 9998 9998 9998 10004 638972908876175944
16 16 9974 9998 9998 9998 9998 9998 9998 9998 10004 2932887389297985608
16 16 9974 9998 9998 9998 9998 9998 9998 9998 10004 9200913673042812952
16 16 9974 9998 9998 9998 9998 9998 9998 9998 10004 1293309209211486975
116 116 9967 9997 9997 9997 9997 9997 9997 9997 10008 13991934214965052930
116 116 9967 9997 9997 9997 9997 9997 9997 9997 10008 9817931500747997698
116 116 9967 9997 9997 9997 9997 9997 9997 9997 10008 14107703050642998410
116 116 9967 9997 9997 9997 9997 9997 9997 9997 10008 11164940927718021834
116 116 9967 9997 9997 9997 9997 9997 9997 9997 10008 13137716332019719890
116 116 9967 9997 9997 9997 9997 9997 9997 9997 10008 1898205479424822010
117 117 9967 9997 9997 9997 9997 9997 9997 9997 10008 8740369860390779706
118 118 9967 9997 9997 9997 9997 9997 9997 9997 10008 5875276842933084682
119 119 9967 9997 9997 9997 9997 9997 9997 9997 10008 4135536318939914546
120 120 9967 9997 9997 9997 9997 9997 9997 9997 10008 10005622742870787962
121 121 9967 9997 9997 9997 9997 9997 9997 9997 10008 4476241997592997634
122 122 9967 9997 9997 9997 9997 9997 9997 9997 10008 15153942630873504586
123 123 9967 9997 9997 9997 9997 9997 9997 9997 10008 9756137221548198082
124 124 9967 9997 9997 9997 9997 9997 9997 9997 10008 16935848449243582202
125 125 9967 9997 9997 9997 9997 9997 9997 9997 10008 9339240155109957250
126 126 9967 9997 9997 9997 9997 9997 9997 9997 10008 9459553887278886530
127 127 9967 9997 9997 9997 9997 9997 9997 9997 10008 8191311250003561346
128 128 9967 9997 9997 9997 9997 9997 9997 9997 10008 11796879847190958082
129 129 9967 9997 9997 9997 9997 9997 9997 9997 10008 10714487841177200922
130 130 9967 9997 9997 9997 9997 9997 9997 9997 10008 1014561274838888898
192 192 9971 9997 9997 9997 9997 9997 9997 9997 10008 7285054679360546275
192 192 9971 9997 9997 9997 9997 9997 9997 9997 10008 2706235282292960163
192 192 9971 9997 9997 9997 9997 9997 9997 9997 10008 11213385655134793187
192 192 9971 9997 9997 9997 9997 9997 9997 9997 10008 5018574709434416371
48 48 9961 9996 9996 9996 9996 9995 9996 9996 10016 1837392005197375389
48 48 9961 9996 9996 9996 9996 9995 9996 9996 10016 17541164413549213325
17 17 9959 9996 9996 9996 9996 9995 9996 9996 10016 4812836586636734511
17 17 9959 9996 9996 9996 9996 9995 9996 9996 10016 4535497482654083487
17 17 9958 9996 9996 9996 9996 9994 9996 9996 10016 15361601862316141939
17 17 9958 9996 9996 9996 9996 9994 9996 9996 10016 6653737506692041627
17 17 9958 9996 9996 9996 9996 9994 9996 9996 10016 10998004116513703739
17 17 9958 9996 9996 9996 9996 9994 9996 9996 10016 18371425303032272043
17 17 9957 9996 9996 9996 9996 9993 9996 9996 10016 14939086888503709616
17 17 9957 9996 9996 9996 9996 9993 9996 9996 10016 17411573721618776184
17 17 9957 9996 9996 9996 9996 9993 9996 9996 10016 9367842979175779504
18 18 9957 9996 9996 9996 9996 9993 9996 9996 10016 17627417381589641008
19 19 9956 9996 9996 9996 9996 9992 9996 9996 10016 2047994862051893004
19 19 9956 9996 9996 9996 9996 9992 9996 9996 10016 8960132509185711644
19 19 9956 9996 9996 9996 9996 9992 9996 9996 10016 9891335402742153316
19 19 9956 9996 9996 9996 9996 9992 9996 9996 10016 4896365821983699172
19 19 9955 9996 9996 9996 9996 9991 9996 9996 10016 12132613046609199777
19 19 9955 9996 9996 9996 9996 9991 9996 9996 10016 15034462271771932753
19 19 9955 9996 9996 9996 9996 9991 9996 9996 10016 3449890726604579401
19 19 9955 9996 9996 9996 9996 9991 9996 9996 10016 17052713001964371273
51 51 9956 9996 9996 9996 9996 9990 9996 9996 10016 8336066523719733615
51 51 9956 9996 9996 9996 9996 9990 9996 9996 10016 7197271728901037423
51 51 9956 9996 9996 9996 9996 9990 9996 9996 10016 1427955302604085615
51 51 9956 9996 9996 9996 9996 9990 9996 9996 10016 7915119050830283444
162 162 9942 9995 9995 9995 9995 9988 9995 9995 10024 10290782386473620477
162 162 9942 9995 9995 9995 9995 9988 9995 9995 10024 12999852441974765637
129 129 9940 9995 9995 9995 9995 9988 9995 9995 10024 10178907743495046067
129 129 9940 9995 9995 9995 9995 9988 9995 9995 10024 14832420021929766491
96 96 9937 9995 9995 9995 9995 9987 9995 9995 10024 16753751420810790457
63 63 9935 9995 9995 9995 9995 9987 9995 9995 10024 1174124090607173691
96 96 9937 9995 9995 9995 9995 9987 9995 9995 10024 8107255288387539577
63 63 9935 9995 9995 9995 9995 9987 9995 9995 10024 8939896112542655715
96 96 9936 9995 9995 9995 9995 9986 9995 9995 10024 4821495150165713229
30 30 9932 9995 9995 9995 9995 9986 9995 9995 10024 5123309689257008409
30 30 9932 9995 9995 9995 9995 9986 9995 9995 10024 6690817793542249729
30 30 9932 9995 9995 9995 9995 9986 9995 9995 10024 3530279639123010353
30 30 9931 9995 9995 9995 9995 9985 9995 9995 10024 13788866614755500593
30 30 9931 9995 9995 9995 9995 9985 9995 9995 10024 6905724862752721913
30 30 9931 9995 9995 9995 9995 9985 9995 9995 10024 16198800437549003257
30 30 9931 9995 9995 9995 9995 9985 9995 9995 10024 4754277940433112865
30 30 9930 9995 9995 9995 9995 9984 9995 9995 10024 3292258504057249309
30 30 9930 9995 9995 9995 9995 9984 9995 9995 10024 15174552411266469477
30 30 9930 9995 9995 9995 9995 9984 9995 9995 10024 2409259215869115821
30 30 9930 9995 9995 9995 9995 9984 9995 9995 10024 4754149937573191717
30 30 9929 9995 9995 9995 9995 9983 9995 9995 10024 15795923006849587126
30 30 9929 9995 9995 9995 9995 9983 9995 9995 10024 11565321233550233286
319 319 9935 9995 9995 9995 9995 9983 9995 9995 10028 6578415995307272273
319 319 9935 9995 9995 9995 9995 9983 9995 9995 10028 13538095517068529812
983 983 9983 9994 9994 9994 9994 9981 9994 9994 10034 8056885644873700360
983 983 9983 9994 9994 9994 9994 9981 9994 9994 10034 10907875977578916920
983 983 9983 9994 9994 9994 9994 9981 9994 9994 10034 13469568489628659272
983 983 9983 9994 9994 9994 9994 9981 9994 9994 10034 12718193167270952072
983 983 9982 9994 9994 9994 9994 9980 9994 9994 10034 5837013635377562384
983 983 9982 9994 9994 9994 9994 9980 9994 9994 10034 13812997588918702968
983 983 9982 9994 9994 9994 9994 9980 9994 9994 10034 17060303470320687024
983 983 9982 9994 9994 9994 9994 9980 9994 9994 10034 8981046302979008524
983 983 9981 9994 9994 9994 9994 9979 9994 9994 10034 15293022608296857416
983 983 9981 9994 9994 9994 9994 9979 9994 9994 10034 232439504311382072
983 983 9981 9994 9994 9994 9994 9979 9994 9994 10034 1410741708280191116
983 983 9981 9994 9994 9994 9994 9979 9994 9994 10034 1154998771055572336
983 983 9980 9994 9994 9994 9994 9978 9994 9994 10034 13870793373507721976
983 983 9980 9994 9994 9994 9994 9978 9994 9994 10034 3513781131747206584
983 983 9980 9994 9994 9994 9994 9978 9994 9994 10034 4003579685203206620
983 983 9980 9994 9994 9994 9994 9978 9994 9994 10034 14482204254424072972
983 983 9979 9994 9994 9994 9994 9977 9994 9994 10034 13021792808785503895
983 983 9979 9994 9994 9994 9994 9977 9994 9994 10034 11223546558525002451
983 983 9979 9994 9994 9994 9994 9977 9994 9994 10034 15944939270571876519
983 983 9979 9994 9994 9994 9994 9977 9994 9994 10034 12629203140145895207
983 983 9978 9994 9994 9994 9994 9976 9994 9994 10034 722442819244676867
983 983 9978 9994 9994 9994 9994 9976 9994 9994 10034 6837801300956928643
983 983 9978 9994 9994 9994 9994 9976 9994 9994 10034 17324023807052502659
983 983 9978 9994 9994 9994 9994 9976 9994 9994 10034 9703070717392594845
1225 1225 9962 9993 9993 9992 9993 9974 9992 9993 10044 9058568654316990911
1225 1225 9962 9993 9993 9992 9993 9974 9992 9993 10044 13465277790267240103
1194 1194 9960 9993 9993 9992 9993 9974 9992 9993 10044 5509920378212685789
1194 1194 9960 9993 9993 9992 9993 9974 9992 9993 10044 9730109996646380013
1163 1163 9957 9993 9993 9991 9993 9973 9991 9993 10044 8448583789217109778
1131 1131 9955 9993 9993 9991 9993 9973 9991 9993 10044 10829356586035054956
1131 1131 9955 9993 9993 9991 9993 9973 9991 9993 10044 15306362109839005156
1131 1131 9955 9993 9993 9991 9993 9973 9991 9993 10044 5203817042862437300
1132 1132 9954 9993 9993 9990 9993 9972 9990 9993 10044 16173787458145158675
1132 1132 9954 9993 9993 9990 9993 9972 9990 9993 10044 5737087338324908747
1132 1132 9954 9993 9993 9990 9993 9972 9990 9993 10044 9500943417451213539
1132 1132 9954 9993 9993 9990 9993 9972 9990 9993 10044 8446739399207725259
1036 1036 9947 9993 9993 9989 9993 9971 9989 9993 10044 277537918417436764
1036 1036 9947 9993 9993 9989 9993 9971 9989 9993 10044 2069992220368165404
1036 1036 9947 9993 9993 9989 9993 9971 9989 9993 10044 6657408699392383196
1036 1036 9947 9993 9993 9989 9993 9971 9989 9993 10044 15008920402580631988
1036 1036 9946 9993 9993 9988 9993 9970 9988 9993 10044 6070136023952244170
1036 1036 9946 9993 9993 9988 9993 9970 9988 9993 10044 2678994060774427890
1036 1036 9946 9993 9993 9988 9993 9970 9988 9993 10044 1728389422186844466
1036 1036 9946 9993 9993 9988 9993 9970 9988 9993 10044 14057712581034125986
1036 1036 9945 9993 9993 9987 9993 9969 9987 9993 10044 16346869585680033024
1036 1036 9945 9993 9993 9987 9993 9969 9987 9993 10044 1189269800576530520
1036 1036 9945 9993 9993 9987 9993 9969 9987 9993 10044 14148616713364101112
1036 1036 9945 9993 9993 9987 9993 9969 9987 9993 10044 4140282825572102597
1213 1213 9945 9992 9992 9985 9992 9967 9985 10016 10056 74791686798181309
104 104 9927 9992 9992 9985 9992 9967 9985 10016 10056 4741519417800733197
70 70 9925 9992 9992 9985 9992 9967 9985 10016 10056 15478653879827130711
70 70 9925 9992 9992 9985 9992 9967 9985 10016 10056 3695029765105835871
70 70 9924 9992 9992 9984 9992 9966 9984 10016 10056 17151657580581135973
36 36 9922 9992 9992 9984 9992 9966 9984 10016 10056 4776935275020648467
36 36 9922 9992 9992 9984 9992 9966 9984 10016 10056 15630296247756631635
36 36 9922 9992 9992 9984 9992 9966 9984 10016 10056 3374848785833153003
36 36 9921 9992 9992 9983 9992 9965 9983 10016 10056 12248940900279019821
36 36 9921 9992 9992 9983 9992 9965 9983 10016 10056 4617593771838783933
36 36 9921 9992 9992 9983 9992 9965 9983 10016 10056 4842756696297774853
36 36 9921 9992 9992 9983 9992 9965 9983 10016 10056 4536167011964368677
36 36 9920 9992 9992 9982 9992 9964 9982 10016 10056 17010302275122105955
36 36 9920 9992 9992 9982 9992 9964 9982 10016 10056 10120388558793598315
36 36 9920 9992 9992 9982 9992 9964 9982 10016 10056 3145657483610289283
36 36 9920 9992 9992 9982 9992 9964 9982 10016 10056 5487965399775257363
36 36 9919 9992 9992 9981 9992 9963 9981 10016 10056 6497961635249104093
37 37 9919 9992 9992 9981 9992 9963 9981 10016 10056 8671261305748310365
38 38 9919 9992 9992 9981 9992 9963 9981 10016 10056 11370556376467276573
39 39 9919 9992 9992 9981 9992 9963 9981 10016 10056 5182922061242197501
209 209 9928 9992 9992 9980 9992 9962 9980 10016 10056 14471308466119379634
209 209 9928 9992 9992 9980 9992 9962 9980 10016 10056 10131798619003685810
209 209 9928 9992 9992 9980 9992 9962 9980 10016 10056 6714331462406424530
209 209 9928 9992 9992 9980 9992 9962 9980 10016 10056 6022946049368260873
254 254 9926 9991 9991 9978 9991 9960 9978 10015 10068 4164489048172090063
8 8 9916 9991 9991 9978 9991 9960 9978 10015 10068 2319200110970128789
8 8 9916 9991 9991 9978 9991 9960 9978 10015 10068 6425738101256520213
8 8 9916 9991 9991 9978 9991 9960 9978 10015 10068 13108185746940663029
8 8 9915 9991 9991 9977 9991 9959 9977 10015 10068 1926249361845405353
8 8 9915 9991 9991 9977 9991 9959 9977 10015 10068 13750103687009614057
8 8 9915 9991 9991 9977 9991 9959 9977 10015 10068 6296875707580648433
8 8 9915 9991 9991 9977 9991 9959 9977 10015 10068 2419591087283181785
8 8 9914 9991 9991 9976 9991 9958 9976 10015 10068 902834746317679916
8 8 9914 9991 9991 9976 9991 9958 9976 10015 10068 1761732524783990468
8 8 9914 9991 9991 9976 9991 9958 9976 10015 10068 3300348434814953676
8 8 9914 9991 9991 9976 9991 9958 9976 10015 10068 16692951373001866188
8 8 9913 9991 9991 9975 9991 9957 9975 10015 10068 1269292997399780935
8 8 9913 9991 9991 9975 9991 9957 9975 10015 10068 5391882961703955039
8 8 9913 9991 9991 9975 9991 9957 9975 10015 10068 2397114454087105119
8 8 9913 9991 9991 9975 9991 9957 9975 10015 10068 12235399930562254563
8 8 9912 9991 9991 9974 9991 9956 9974 10015 10068 16888931151867908673
8 8 9912 9991 9991 9974 9991 9956 9974 10015 10068 5815384791835017389
8 8 9912 9991 9991 9974 9991 9956 9974 10015 10068 16513538207210755373
8 8 9912 9991 9991 9974 9991 9956 9974 10015 10068 15545125908869537529
8 8 9911 9991 9991 9973 9991 9955 9973 10015 10068 11063522747592916783
1212 1212 9911 9991 9991 9973 9991 9955 9985 10015 10068 16185284856806718031
1384 1384 9911 9991 9991 9973 9991 9955 9985 10015 10072 14245777745929234815
2506 2506 9911 9991 9991 9973 9991 9955 9997 10015 10072 10841030927553735719
1518 1518 9935 9990 9990 9971 9990 9953 9995 10012 10074 1539829321393468934
1387 1387 9935 9990 9990 9971 9990 9953 9995 10012 10074 7275902423353928262
1387 1387 9935 9990 9990 9971 9990 9953 9995 10012 10074 983567766855109958
1387 1387 9935 9990 9990 9971 9990 9953 9995 10012 10074 12311557489345012326
1387 1387 9934 9990 9990 9970 9990 9952 9994 10010 10074 733951137387889699
1387 1387 9934 9990 9990 9970 9990 9952 9994 10010 10074 18261384294883455827
1387 1387 9934 9990 9990 9970 9990 9952 9994 10010 10074 5712587341873340675
1387 1387 9934 9990 9990 9970 9990 9952 9994 10010 10074 14978355050274983979
1387 1387 9933 9990 9990 9969 9990 9951 9993 10008 10074 14949065523894983648
1387 1387 9933 9990 9990 9969 9990 9951 9993 10008 10074 17272344245576969824
1387 1387 9933 9990 9990 9969 9990 9951 9993 10008 10074 10294255034864312568
1387 1387 9933 9990 9990 9969 9990 9951 9993 10008 10074 10727879030617335609
1387 1387 9932 9990 9990 9968 9990 9950 9992 10006 10074 5096649154572353322
1387 1387 9932 9990 9990 9968 9990 9950 9992 10006 10074 7342878746448477515
1387 1387 9932 9990 9990 9968 9990 9950 9992 10006 10074 14786607147235638835
1387 1387 9932 9990 9990 9968 9990 9950 9992 10006 10074 5606735439128450787
1387 1387 9931 9990 9990 9967 9990 9949 9991 10004 10074 8919649323343854283
1387 1387 9931 9990 9990 9967 9990 9949 9991 10004 10074 16293726302868943219
1387 1387 9931 9990 9990 9967 9990 9949 9991 10004 10074 8765756702530312971
2174 2174 9931 9990 9990 9967 9990 9949 9991 10012 10074 11770834805919789928
2174 2174 9930 9990 9990 9966 9990 9948 9990 10010 10074 10411642944970055864
2174 2174 9930 9990 9990 9966 9990 9948 9990 10010 10074 12215014960058650040
2174 2174 9930 9990 9990 9966 9990 9948 9990 10010 10074 4807781363440318748
2174 2174 9930 9990 9990 9966 9990 9948 9990 10010 10074 9125422863052021099
2265 2265 9924 9989 9989 9964 9989 9946 9988 10007 10078 12968492134750295737
1810 1810 9900 9989 9989 9964 9989 9946 9988 10007 10078 2855507355078149132
1775 1775 9898 9989 9989 9964 9989 9946 9988 10007 10078 17362077594671637226
1740 1740 9896 9989 9989 9964 9989 9946 9988 10007 10078 4246439339154088360
1705 1705 9893 9989 9989 9963 9989 9945 9987 10005 10078 4799183536991647074
1670 1670 9891 9989 9989 9963 9989 9945 9987 10005 10078 5717523428252892916
1599 1599 9887 9989 9989 9963 9989 9945 9987 10005 10078 4718996824776996039
1599 1599 9887 9989 9989 9963 9989 9945 9987 10005 10078 11353749387950136531
1600 1600 9886 9989 9989 9962 9989 9944 9986 10003 10078 10907529309746641416
1600 1600 9886 9989 9989 9962 9989 9944 9986 10003 10078 4500525257912000188
1600 1600 9886 9989 9989 9962 9989 9944 9986 10003 10078 15222597270048583980
1600 1600 9886 9989 9989 9962 9989 9944 9986 10003 10078 8575698824480121576
1600 1600 9885 9989 9989 9961 9989 9943 9985 10001 10078 2052922726314170882
1601 1601 9885 9989 9989 9961 9989 9943 9985 10001 10078 5663548155720596094
1602 1602 9885 9989 9989 9961 9989 9943 9985 10001 10078 2248265761027073966
1603 1603 9885 9989 9989 9961 9989 9943 9985 10001 10078 12374078734316443789
1604 1604 9884 9989 9989 9960 9989 9942 9984 9999 10078 15302102784886189545
1817 1817 9896 9989 9989 9960 9989 9942 9984 9999 10078 13772770452426927462
5713 5713 9896 9989 9989 9960 10013 9942 9984 10007 10078 8897458919749910450
5713 5713 9896 9989 9989 9960 10013 9942 9984 10007 10078 16791378889383738058
7771 7771 9895 9989 9989 9959 10025 9941 9989 10005 10078 18137202207327531746
10611 10611 9895 9989 9989 9959 10049 9941 9989 10005 10078 4923583077600293016
10611 10611 9895 9989 9989 9959 10049 9941 9989 10005 10078 2075812421944917268
10611 10611 9895 9989 9989 9959 10049 9941 9989 10005 10078 17612250929005936337
12972 12972 9893 9988 9988 9957 10108 9939 9987 10002 10096 7475080110454138675
10541 10541 9893 9988 9988 9957 10108 9939 9987 10002 10096 9537655442508685551
9121 9121 9861 9988 9988 9957 10108 9939 9987 10002 10096 16953053140041160505
9084 9084 9859 9988 9988 9957 10108 9939 9987 10002 10096 364242542618358659
9010 9010 9854 9988 9988 9956 10108 9938 9986 10000 10096 14320346841058580964
9010 9010 9854 9988 9988 9956 10108 9938 9986 10000 10096 6209735013170486036
8936 8936 9850 9988 9988 9956 10108 9938 9986 10000 10096 5113615867540123372
8936 8936 9850 9988 9988 9956 10108 9938 9986 10000 10096 5039297014602984528
8936 8936 9849 9988 9988 9955 10108 9937 9985 9998 10096 17894065794763931540
8936 8936 9849 9988 9988 9955 10108 9937 9985 9998 10096 405372152960698724
8936 8936 9849 9988 9988 9955 10108 9937 9985 9998 10096 4115427909925546896
8936 8936 9849 9988 9988 9955 10108 9937 9985 9998 10096 10057424725236092660
8936 8936 9848 9988 9988 9954 10108 9936 9984 9996 10096 7691680817884596925
8936 8936 9848 9988 9988 9954 10108 9936 9984 9996 10096 7838623147609223217
8936 8936 9848 9988 9988 9954 10108 9936 9984 9996 10096 17515568187679789481
8936 8936 9848 9988 9988 9954 10108 9936 9984 9996 10096 18087937466580936353
8936 8936 9847 9988 9988 9953 10108 9935 9983 9994 10096 5441687097360969527
9669 9669 9847 9988 9988 9953 10120 9935 9983 9994 10096 7179209735168027444
9669 9669 9847 9988 9988 9953 10120 9935 9983 9994 10096 9339504185465169380
10250 10250 9847 9988 9988 9953 10120 9935 9989 9994 10096 8941183022072407272
10670 10670 9860 9988 9988 9952 10120 9934 9988 9992 10100 11533994868833809608
10670 10670 9860 9988 9988 9952 10120 9934 9988 9992 10100 1994479347459920816
10670 10670 9860 9988 9988 9952 10120 9934 9988 9992 10100 14510061189279996876
10670 10670 9860 9988 9988 9952 10120 9934 9988 9992 10100 10810298018337803540
13023 13023 9857 9987 9987 9950 10131 9931 9998 9989 10120 639398216074723516
12477 12477 9829 9987 9987 9950 10131 9931 9998 9989 10120 3123090778475650287
12439 12439 9827 9987 9987 9950 10131 9931 9998 9989 10120 5192076647728177377
12363 12363 9823 9987 9987 9950 10131 9931 9998 9989 10120 12242688278809131697
12325 12325 9819 9987 9987 9949 10131 9929 9997 9987 10120 13146390308410222575
12248 12248 9815 9987 9987 9949 10131 9929 9997 9987 10120 4825202899283368370
12170 12170 9811 9987 9987 9949 10131 9929 9997 9987 10120 6255578742699068118
12248 12248 9815 9987 9987 9949 10131 9929 9997 9987 10120 1469364144333717290
12171 12171 9809 9987 9987 9948 10131 9927 9996 9985 10120 6120306984844607656
12250 12250 9813 9987 9987 9948 10131 9927 9996 9985 10120 12445512988582047364
12329 12329 9817 9987 9987 9948 10131 9927 9996 9985 10120 12718786094355698572
12252 12252 9813 9987 9987 9948 10131 9927 9996 9985 10120 3157937781334406816
12331 12331 9815 9987 9987 9947 10131 9925 9995 9983 10120 17909742028166436075
12447 12447 9821 9987 9987 9947 10131 9925 9995 9983 10120 15410397282937990000
12447 12447 9821 9987 9987 9947 10131 9925 9995 9983 10120 14850192748333986184
12447 12447 9821 9987 9987 9947 10131 9925 9995 9983 10120 6555309005794000772
12485 12485 9821 9987 9987 9946 10131 9923 9994 9981 10120 10745463539273864390
12485 12485 9821 9987 9987 9946 10131 9923 9994 9981 10120 14493363961812906526
12485 12485 9821 9987 9987 9946 10131 9923 9994 9981 10120 4029027243771897730
12485 12485 9821 9987 9987 9946 10131 9923 9994 9981 10120 2128644301113368258
13015 13015 9819 9987 9987 9945 10131 9921 9999 9979 10120 6231249947526722695
13167 13167 9819 9987 9987 9945 10131 9921 9999 9979 10124 15764129265808919804
15432 15432 9819 9987 9987 9945 10131 9921 10005 9995 10124 1459861693223915014
15582 15582 9819 9987 9987 9945 10131 9921 10005 9995 10128 7531204258854123966
16827 16827 9844 9986 9986 9943 10130 9918 10003 9992 10148 3327729333263453697
16751 16751 9844 9986 9986 9943 10130 9918 10003 9992 10148 465828497725501969
16751 16751 9844 9986 9986 9943 10130 9918 10003 9992 10148 17895503717259095149
16751 16751 9844 9986 9986 9943 10130 9918 10003 9992 10148 629892813840471781
16751 16751 9842 9986 9986 9942 10130 9916 10002 9990 10148 1071510711003340315
16751 16751 9842 9986 9986 9942 10130 9916 10002 9990 10148 15209009734423918883
16751 16751 9842 9986 9986 9942 10130 9916 10002 9990 10148 12774624080631360167
16751 16751 9842 9986 9986 9942 10130 9916 10002 9990 10148 3826762268567192239
16751 16751 9840 9986 9986 9941 10130 9914 10001 9988 10148 17012415661152774013
16751 16751 9840 9986 9986 9941 10130 9914 10001 9988 10148 3338202534350022725
16751 16751 9840 9986 9986 9941 10130 9914 10001 9988 10148 17797981024400357105
16751 16751 9840 9986 9986 9941 10130 9914 10001 9988 10148 2793675203512008585
16751 16751 9838 9986 9986 9940 10130 9912 10000 9986 10148 7225451412209566260
16751 16751 9838 9986 9986 9940 10130 9912 10000 9986 10148 15081651420411740732
16751 16751 9838 9986 9986 9940 10130 9912 10000 9986 10148 1125049782346858704
16751 16751 9838 9986 9986 9940 10130 9912 10000 9986 10148 12856781125237796832
16751 16751 9836 9986 9986 9939 10130 9910 9999 9984 10148 2286970284894348783
16751 16751 9836 9986 9986 9939 10130 9910 9999 9984 10148 15873262979888055095
16751 16751 9836 9986 9986 9939 10130 9910 9999 9984 10148 8512738723578475547
16751 16751 9836 9986 9986 9939 10130 9910 9999 9984 10148 5469246259111473443
16751 16751 9834 9986 9986 9938 10130 9908 9998 9982 10148 6127483426700686789
16751 16751 9834 9986 9986 9938 10130 9908 9998 9982 10148 1406121858472463061
16751 16751 9834 9986 9986 9938 10130 9908 9998 9982 10148 2579488163602098737
16751 16751 9834 9986 9986 9938 10130 9908 9998 9982 10148 1861292384200288566
19688 19688 9803 9985 9985 9936 10129 9905 10014 9991 10172 6361849371054527854
19688 19688 9803 9985 9985 9936 10129 9905 10014 9991 10172 2743367463135693850
19649 19649 9801 9985 9985 9936 10129 9905 10014 9991 10172 4857685445774214104
19610 19610 9799 9985 9985 9936 10129 9905 10014 9991 10172 6376331355776581510
19571 19571 9795 9985 9985 9935 10129 9903 10013 9989 10172 10018970725901833774
19493 19493 9791 9985 9985 9935 10129 9903 10013 9989 10172 7502097790233463890
19414 19414 9787 9985 9985 9935 10129 9903 10013 9989 10172 7799397392491871705
19414 19414 9787 9985 9985 9935 10129 9903 10013 9989 10172 10552829676491719677
19415 19415 9785 9985 9985 9934 10129 9901 10012 9987 10172 1368589222194975655
19416 19416 9785 9985 9985 9934 10129 9901 10012 9987 10172 8730830314462661395
19417 19417 9785 9985 9985 9934 10129 9901 10012 9987 10172 5289620960445978019
19418 19418 9785 9985 9985 9934 10129 9901 10012 9987 10172 2274183674448406147
19419 19419 9783 9985 9985 9933 10129 9899 10011 9985 10172 12531625700020147837
19420 19420 9783 9985 9985 9933 10129 9899 10011 9985 10172 1620188601462675993
19421 19421 9783 9985 9985 9933 10129 9899 10011 9985 10172 12690943633055685869
19422 19422 9783 9985 9985 9933 10129 9899 10011 9985 10172 15162312828091180765
19423 19423 9781 9985 9985 9932 10129 9897 10010 9983 10172 1367042885506599647
19143 19143 9767 9985 9985 9932 10129 9897 10010 9983 10172 16824142263802588145
19143 19143 9767 9985 9985 9932 10129 9897 10010 9983 10172 8278176731019716961
19143 19143 9767 9985 9985 9932 10129 9897 10010 9983 10172 4823692890353655757
19592 19592 9765 9985 9985 9931 10129 9895 10009 9985 10172 8412051547709899248
20105 20105 9765 9985 9985 9931 10129 9895 10009 9989 10174 14350684756276426756
20105 20105 9765 9985 9985 9931 10129 9895 10009 9989 10174 6299005846672702444
20105 20105 9765 9985 9985 9931 10129 9895 10009 9989 10174 12694015083657117613
21106 21106 9761 9984 9983 9929 10128 9892 10006 9990 10192 2238419704476547968
20975 20975 9761 9984 9983 9929 10128 9892 10006 9990 10192 11143977638888551644
20509 20509 9761 9984 9983 9929 10128 9892 10006 9990 10192 347158610119175824
20509 20509 9761 9984 9983 9929 10128 9892 10006 9990 10192 4253725674171362564
20509 20509 9758 9984 9982 9928 10128 9890 10004 9988 10192 2500089006620485520
20509 20509 9758 9984 9982 9928 10128 9890 10004 9988 10192 12657214664865179160
20509 20509 9758 9984 9982 9928 10128 9890 10004 9988 10192 3150103421253989072
20509 20509 9758 9984 9982 9928 10128 9890 10004 9988 10192 15508884730520376724
20509 20509 9755 9984 9981 9927 10128 9888 10002 9986 10192 6369254865327084673
20509 20509 9755 9984 9981 9927 10128 9888 10002 9986 10192 10774367373040195333
20509 20509 9755 9984 9981 9927 10128 9888 10002 9986 10192 3529576709862064221
20509 20509 9755 9984 9981 9927 10128 9888 10002 9986 10192 10204354338712443013
20509 20509 9752 9984 9980 9926 10128 9886 10000 9984 10192 6392027714345292171
20509 20509 9752 9984 9980 9926 10128 9886 10000 9984 10192 16404038094537598991
20509 20509 9752 9984 9980 9926 10128 9886 10000 9984 10192 3580442802896906395
20977 20977 9752 9984 9980 9926 10128 9886 10006 9984 10192 3210608617019438466
20977 20977 9749 9984 9979 9925 10128 9884 10004 9982 10192 16813223743460640364
20977 20977 9749 9984 9979 9925 10128 9884 10004 9982 10192 14435877621566850748
21419 21419 9749 9984 9979 9925 10128 9884 10010 9982 10192 11518754277305923685
21419 21419 9749 9984 9979 9925 10128 9884 10010 9982 10192 8400560230910358145
21419 21419 9746 9984 9978 9924 10128 9882 10008 9980 10192 5500905679469289103
21419 21419 9746 9984 9978 9924 10128 9882 10008 9980 10192 5211324416593870963
21419 21419 9746 9984 9978 9924 10128 9882 10008 9980 10192 13458721075105771507
21542 21542 9746 9984 9978 9924 10128 9882 10008 9980 10196 17062288952275396895
23604 23604 9742 9983 9976 9922 10127 9879 10029 9977 10220 13009879607697452709
22981 22981 9714 9983 9976 9922 10127 9879 10029 9977 10220 4714205780435435631
22939 22939 9712 9983 9976 9922 10127 9879 10029 9977 10220 11861380135377138929
22897 22897 9710 9983 9976 9922 10127 9879 10029 9977 10220 235622391542036807
23387 23387 9705 9983 9975 9921 10127 9877 10039 9975 10220 11814246847734492313
23261 23261 9699 9983 9975 9921 10127 9877 10039 9975 10220 15766266057665093507
23219 23219 9697 9983 9975 9921 10127 9877 10039 9975 10220 1791316191686678381
23219 23219 9697 9983 9975 9921 10127 9877 10039 9975 10220 7024330109376453049
23219 23219 9694 9983 9974 9920 10127 9875 10037 9973 10220 11892046358469742998
23219 23219 9694 9983 9974 9920 10127 9875 10037 9973 10220 746979970327418898
23219 23219 9694 9983 9974 9920 10127 9875 10037 9973 10220 12151289627319037426
23429 23429 9704 9983 9974 9920 10127 9875 10037 9973 10220 11888771236764173752
23345 23345 9697 9983 9973 9919 10127 9873 10035 9971 10220 18075155753641356881
23471 23471 9703 9983 9973 9919 10127 9873 10035 9971 10220 836636910651089775
23471 23471 9703 9983 9973 9919 10127 9873 10035 9971 10220 2650103702126666263
23471 23471 9703 9983 9973 9919 10127 9873 10035 9971 10220 7784470213743725459
23513 23513 9702 9983 9972 9918 10127 9871 10033 9969 10220 14879721503697508907
23513 23513 9702 9983 9972 9918 10127 9871 10033 9969 10220 949464538065797811
23513 23513 9702 9983 9972 9918 10127 9871 10033 9969 10220 11147358343454645999
23513 23513 9702 9983 9972 9918 10127 9871 10033 9969 10220 8635021015316291043
23773 23773 9699 9983 9971 9917 10127 9869 10037 9967 10220 3767538248730677538
23773 23773 9699 9983 9971 9917 10127 9869 10037 9967 10220 3402757284801050070
24007 24007 9699 9983 9971 9917 10127 9869 10043 9967 10220 8321889622795718304
24007 24007 9699 9983 9971 9917 10127 9869 10043 9967 10220 7248760548257044857
24805 24805 9723 9982 9969 9915 10126 9866 10040 9964 10228 16697537903202846986
24674 24674 9723 9982 9969 9915 10126 9866 10040 9964 10228 6642078916945413842
24585 24585 9723 9982 9969 9915 10126 9866 10040 9964 10228 3397501870858103254
24585 24585 9723 9982 9969 9915 10126 9866 10040 9964 10228 994923036129848446
24585 24585 9720 9982 9968 9914 10126 9864 10038 9962 10228 13433885682690532268
24585 24585 9720 9982 9968 9914 10126 9864 10038 9962 10228 15611806967572250284
24585 24585 9720 9982 9968 9914 10126 9864 10038 9962 10228 8794939342120372836
24585 24585 9720 9982 9968 9914 10126 9864 10038 9962 10228 7676840121520635364
24585 24585 9717 9982 9967 9913 10126 9862 10036 9960 10228 6281857335502473892
24585 24585 9717 9982 9967 9913 10126 9862 10036 9960 10228 6268469136476148176
24585 24585 9717 9982 9967 9913 10126 9862 10036 9960 10228 9768797980309653988
24585 24585 9717 9982 9967 9913 10126 9862 10036 9960 10228 10110885061884669568
24585 24585 9714 9982 9966 9912 10126 9860 10034 9958 10228 7305890244825802297
24585 24585 9714 9982 9966 9912 10126 9860 10034 9958 10228 5984957233651548097
24585 24585 9714 9982 9966 9912 10126 9860 10034 9958 10228 11111252095787651081
25054 25054 9714 9982 9966 9912 10126 9860 10046 9958 10228 9635354873688847947
25054 25054 9711 9982 9965 9911 10126 9858 10044 9956 10228 10105820156711345931
25244 25244 9711 9982 9965 9911 10126 9858 10050 9956 10228 7684033164781470710
25244 25244 9711 9982 9965 9911 10126 9858 10050 9956 10228 15567393828495013302
25244 25244 9711 9982 9965 9911 10126 9858 10050 9956 10228 16748005626197498134
27080 27080 9708 9982 9964 9926 10126 9856 10060 9954 10228 10512990866180844693
27080 27080 9708 9982 9964 9926 10126 9856 10060 9954 10228 8525416226713878973
27080 27080 9708 9982 9964 9926 10126 9856 10060 9954 10228 1715575113120280585
27553 27553 9708 9982 9964 9930 10126 9856 10066 9954 10228 11234332628280366020
29105 29105 9703 9981 9962 9939 10125 9852 10073 9951 10242 4111684927740670841
28974 28974 9703 9981 9962 9939 10125 9852 10073 9951 10242 12423012424503344545
28144 28144 9675 9981 9962 9939 10125 9852 10073 9951 10242 14933740539783731352
28058 28058 9671 9981 9962 9939 10125 9852 10073 9951 10242 8238456675917479156
28015 28015 9665 9981 9961 9937 10125 9849 10071 9949 10242 14231302607890729771
27886 27886 9659 9981 9961 9937 10125 9849 10071 9949 10242 6130081743872523785
27843 27843 9657 9981 9961 9937 10125 9849 10071 9949 10242 13924186181678172496
27844 27844 9657 9981 9961 9937 10125 9849 10071 9949 10242 6976451879203233028
27845 27845 9653 9981 9960 9935 10125 9846 10069 9947 10242 12132445316527121571
27846 27846 9653 9981 9960 9935 10125 9846 10069 9947 10242 2709526642125608191
27847 27847 9653 9981 9960 9935 10125 9846 10069 9947 10242 9595566070807577587
27848 27848 9653 9981 9960 9935 10125 9846 10069 9947 10242 5152694705550779759
27849 27849 9649 9981 9959 9933 10125 9843 10067 9945 10242 8539385706353901883
27541 27541 9635 9981 9959 9933 10125 9843 10067 9945 10242 12677576485324312953
27541 27541 9635 9981 9959 9933 10125 9843 10067 9945 10242 11216703703932841701
27541 27541 9635 9981 9959 9933 10125 9843 10067 9945 10242 13093762765124085861
27541 27541 9631 9981 9958 9931 10125 9840 10065 9943 10242 1837964245524166206
27541 27541 9631 9981 9958 9931 10125 9840 10065 9943 10242 3331319583594728162
32670 32670 9631 9981 9958 9931 10125 9840 10071 9987 10242 9333008861244464284
33286 33286 9659 9981 9958 9931 10125 9840 10071 9987 10242 14020529948323526627
33307 33307 9655 9981 9957 9929 10125 9837 10075 9985 10242 5889736405589172576
33307 33307 9655 9981 9957 9929 10125 9837 10075 9985 10242 17184348198636821712
34065 34065 9655 9981 9957 9937 10125 9837 10075 9985 10242 1615456143113397192
34065 34065 9655 9981 9957 9937 10125 9837 10075 9985 10242 15498423212269965853
34897 34897 9650 9980 9955 9942 10124 9833 10072 9982 10246 8555877957168464418
34766 34766 9650 9980 9955 9942 10124 9833 10072 9982 10246 8447388418758033038
33917 33917 9622 9980 9955 9942 10124 9833 10072 9982 10246 4267996974575662370
33783 33783 9616 9980 9955 9942 10124 9833 10072 9982 10246 17825739056730098193
33738 33738 9610 9980 9954 9940 10124 9830 10070 9980 10246 264945531888491798
33648 33648 9606 9980 9954 9940 10124 9830 10070 9980 10246 10943207865753219982
33603 33603 9604 9980 9954 9940 10124 9830 10070 9980 10246 11313807795253834320
33603 33603 9604 9980 9954 9940 10124 9830 10070 9980 10246 13175273067459170836
33603 33603 9600 9980 9953 9938 10124 9827 10068 9978 10246 5987900216067394694
33603 33603 9600 9980 9953 9938 10124 9827 10068 9978 10246 14078067936014215718
33603 33603 9600 9980 9953 9938 10124 9827 10068 9978 10246 6010948767053634782
33603 33603 9600 9980 9953 9938 10124 9827 10068 9978 10246 18099580310410931930
33603 33603 9596 9980 9952 9936 10124 9824 10066 9976 10246 1595064885721643386
33603 33603 9596 9980 9952 9936 10124 9824 10066 9976 10246 15100281953789788078
36658 36658 9596 9980 9952 9936 10124 9824 10066 10004 10246 11231836525288755250
37368 37368 9610 9980 9952 9936 10124 9824 10066 10004 10262 791169142110335203
36738 36738 9578 9980 9951 9934 10124 9821 10064 10002 10262 13502950260159421328
38547 38547 9606 9980 9951 9946 10124 9821 10070 10002 10262 17808988719060485276
38709 38709 9578 9980 9951 9946 10124 9821 10070 10010 10262 13345310056894220077
39415 39415 9606 9980 9951 9946 10124 9821 10076 10010 10264 8731539605417745373
39421 39421 9602 9980 9950 9944 10124 9818 10074 10008 10264 10666469330723420110
39421 39421 9602 9980 9950 9944 10124 9818 10074 10008 10264 1587273801225348214
39421 39421 9602 9980 9950 9944 10124 9818 10074 10008 10264 1926204092323773114
40501 40501 9602 9980 9950 9956 10124 9818 10074 10008 10264 5097337949290992954
43246 43246 9597 9979 9948 9985 10123 9814 10073 10005 10272 5837786203311744537
43115 43115 9597 9979 9948 9985 10123 9814 10073 10005 10272 369617303831251865
41637 41637 9569 9979 9948 9985 10123 9814 10073 10005 10272 3732325456267420410
41545 41545 9565 9979 9948 9985 10123 9814 10073 10005 10272 353818400423205742
41453 41453 9557 9979 9947 9983 10123 9811 10071 10003 10272 2639031694784399567
41361 41361 9553 9979 9947 9983 10123 9811 10071 10003 10272 8812288191363704435
41315 41315 9551 9979 9947 9983 10123 9811 10071 10003 10272 10283156989690169673
41315 41315 9551 9979 9947 9983 10123 9811 10071 10003 10272 5319623095800165497
41315 41315 9547 9979 9946 9981 10123 9808 10069 10001 10272 11582363110881862911
41315 41315 9547 9979 9946 9981 10123 9808 10069 10001 10272 1056554315563811255
41315 41315 9547 9979 9946 9981 10123 9808 10069 10001 10272 2342515992127583519
41177 41177 9541 9979 9946 9981 10123 9808 10069 10001 10272 4713510893307000889
41177 41177 9537 9979 9945 9979 10123 9805 10067 9999 10272 9178718210489495660
41177 41177 9537 9979 9945 9979 10123 9805 10067 9999 10272 16880570492099995560
41177 41177 9537 9979 9945 9979 10123 9805 10067 9999 10272 12882072799101540760
41177 41177 9537 9979 9945 9979 10123 9805 10067 9999 10272 16366224763694187928
41177 41177 9533 9979 9944 9977 10123 9802 10065 9997 10272 17067184319165520015
41177 41177 9533 9979 9944 9977 10123 9802 10065 9997 10272 15248710522664263687
41177 41177 9533 9979 9944 9977 10123 9802 10065 9997 10272 3259640494296908699
41177 41177 9533 9979 9944 9977 10123 9802 10065 9997 10272 4548566617241129983
41177 41177 9529 9979 9943 9975 10123 9799 10063 9995 10272 12082492715362147834
41177 41177 9529 9979 9943 9975 10123 9799 10063 9995 10272 17638741417286076654
41177 41177 9529 9979 9943 9975 10123 9799 10063 9995 10272 13567985920727574890
42310 42310 9537 9979 9943 9987 10123 9799 10063 9995 10272 5267380084714266633
43845 43845 9571 9978 9941 9988 10122 9794 10072 9992 10282 5163639650618278542
43714 43714 9571 9978 9941 9988 10122 9794 10072 9992 10282 11561864455980575114
43248 43248 9571 9978 9941 9988 10122 9794 10072 9992 10282 18162962631768097754
43248 43248 9571 9978 9941 9988 10122 9794 10072 9992 10282 4066775444977223174
43248 43248 9566 9978 9940 9986 10122 9790 10070 9990 10282 5908031950591971185
43248 43248 9566 9978 9940 9986 10122 9790 10070 9990 10282 5137219005816431625
43248 43248 9566 9978 9940 9986 10122 9790 10070 9990 10282 6633738653718759333
43248 43248 9566 9978 9940 9986 10122 9790 10070 9990 10282 9315576625093535544
43248 43248 9561 9978 9939 9984 10122 9786 10068 9988 10282 2627149665372271884
43248 43248 9561 9978 9939 9984 10122 9786 10068 9988 10282 13903482798912528152
43248 43248 9561 9978 9939 9984 10122 9786 10068 9988 10282 749260339464428948
44127 44127 9561 9978 9939 9984 10122 9786 10068 9996 10282 17083828351355876032
44127 44127 9556 9978 9938 9982 10122 9782 10066 9994 10282 12653045113617592991
44127 44127 9556 9978 9938 9982 10122 9782 10066 9994 10282 4933257667166658395
44357 44357 9566 9978 9938 9982 10122 9782 10066 9994 10282 4420601057047728945
44357 44357 9566 9978 9938 9982 10122 9782 10066 9994 10282 17588236392887353105
45457 45457 9563 9978 9937 9980 10122 9778 10064 10000 10292 5967862667107625897
45457 45457 9563 9978 9937 9980 10122 9778 10064 10000 10292 10042471453831792957
46877 46877 9563 9978 9937 9980 10134 9778 10076 10008 10292 10095080267793003481
48077 48077 9563 9978 9937 9996 10134 9778 10076 10008 10292 7688889375174153837
50750 50750 9558 9978 9936 10056 10158 9774 10074 10006 10292 10004083350127667718
50750 50750 9558 9978 9936 10056 10158 9774 10074 10006 10292 2834358406670340042
50757 50757 9558 9978 9936 10056 10158 9774 10076 10006 10292 10849964788838711620
50757 50757 9558 9978 9936 10056 10158 9774 10076 10006 10292 12986966559099005423
50553 50553 9540 9977 9934 10059 10157 9769 10073 10003 10298 11352475461782026162
50422 50422 9540 9977 9934 10059 10157 9769 10073 10003 10298 12887302738298419418
48875 48875 9510 9977 9934 10059 10157 9769 10073 10003 10298 14141708720764365165
48781 48781 9506 9977 9934 10059 10157 9769 10073 10003 10298 4985265498071849725
48687 48687 9497 9977 9933 10057 10157 9765 10071 10001 10298 12281059300982206248
48640 48640 9495 9977 9933 10057 10157 9765 10071 10001 10298 10659347570057699722
48545 48545 9491 9977 9933 10057 10157 9765 10071 10001 10298 2816275552176531485
48641 48641 9495 9977 9933 10057 10157 9765 10071 10001 10298 480366623633954622
48546 48546 9486 9977 9932 10055 10157 9761 10069 9999 10298 12020148766669576780
48642 48642 9490 9977 9932 10055 10157 9761 10069 9999 10298 7007209599968069096
48546 48546 9486 9977 9932 10055 10157 9761 10069 9999 10298 2743265596643457152
48642 48642 9490 9977 9932 10055 10157 9761 10069 9999 10298 18044159983822725164
48258 48258 9469 9977 9931 10053 10157 9757 10067 9997 10298 2701719847993689166
48258 48258 9469 9977 9931 10053 10157 9757 10067 9997 10298 8527811212202050070
48258 48258 9469 9977 9931 10053 10157 9757 10067 9997 10298 7210790225730279314
48258 48258 9469 9977 9931 10053 10157 9757 10067 9997 10298 343446229452762058
48258 48258 9464 9977 9930 10051 10157 9753 10065 9995 10298 883080667090136844
48258 48258 9464 9977 9930 10051 10157 9753 10065 9995 10298 12733743305364996064
48258 48258 9464 9977 9930 10051 10157 9753 10065 9995 10298 2776987697624283656
49881 49881 9464 9977 9930 10051 10157 9753 10065 10011 10298 15043527439149021798
50553 50553 9487 9977 9929 10049 10157 9749 10063 10009 10298 16467261929790267820
50553 50553 9487 9977 9929 10049 10157 9749 10063 10009 10298 10814070021865161988
50553 50553 9487 9977 9929 10049 10157 9749 10063 10009 10298 10315749402054422544
50633 50633 9487 9977 9929 10049 10159 9749 10069 10009 10298 16923213669633721151
52223 52223 9481 9976 9927 10060 10158 9744 10074 10022 10298 1749934659052729041
52212 52212 9481 9976 9927 10060 10158 9744 10074 10022 10304 18321876105563279560
51746 51746 9481 9976 9927 10060 10158 9744 10074 10022 10304 15327797128988015448
51746 51746 9481 9976 9927 10060 10158 9744 10074 10022 10304 10528366193801548412
51746 51746 9476 9976 9926 10058 10158 9740 10072 10020 10304 1391270458624035284
51746 51746 9476 9976 9926 10058 10158 9740 10072 10020 10304 3951826402599256296
51746 51746 9476 9976 9926 10058 10158 9740 10072 10020 10304 1159891682412573884
51746 51746 9476 9976 9926 10058 10158 9740 10072 10020 10304 13777319783819248992
51746 51746 9471 9976 9925 10056 10158 9736 10070 10018 10304 2398881429779785608
51746 51746 9471 9976 9925 10056 10158 9736 10070 10018 10304 7890202660332807608
51746 51746 9471 9976 9925 10056 10158 9736 10070 10018 10304 8844295136234648820
51746 51746 9471 9976 9925 10056 10158 9736 10070 10018 10304 9939166885347953528
51746 51746 9466 9976 9924 10054 10158 9732 10068 10016 10304 2973441263004564626
51746 51746 9466 9976 9924 10054 10158 9732 10068 10016 10304 3137859437223511098
51746 51746 9466 9976 9924 10054 10158 9732 10068 10016 10304 849826584331195558
51746 51746 9466 9976 9924 10054 10158 9732 10068 10016 10304 7755798906990590314
51746 51746 9461 9976 9923 10052 10158 9728 10066 10014 10304 1379016427444841155
51746 51746 9461 9976 9923 10052 10158 9728 10066 10014 10304 1358124730071704811
51746 51746 9461 9976 9923 10052 10158 9728 10066 10014 10304 10151462702876277571
51798 51798 9461 9976 9923 10052 10158 9728 10072 10014 10304 830342607175865114
52545 52545 9456 9976 9922 10050 10158 9724 10074 10020 10304 15483856645118916428
52644 52644 9456 9976 9922 10062 10158 9724 10074 10020 10304 15820156820015982221
52644 52644 9456 9976 9922 10062 10158 9724 10074 10020 10304 14919087079135406577
52644 52644 9456 9976 9922 10062 10158 9724 10074 10020 10304 201176026068907535
52044 52044 9421 9974 9919 10058 10157 9719 10073 10017 10312 3074646237714550249
51913 51913 9421 9974 9919 10058 10157 9719 10073 10017 10312 13620249854649255289
50381 50381 9393 9974 9919 10058 10157 9719 10073 10017 10312 6082369506462870766
50281 50281 9389 9974 9919 10058 10157 9719 10073 10017 10312 193508679457599230
50131 50131 9377 9973 9917 10055 10157 9715 10071 10015 10312 10047542749657789233
50081 50081 9375 9973 9917 10055 10157 9715 10071 10015 10312 13150043139764629683
50031 50031 9373 9973 9917 10055 10157 9715 10071 10015 10312 5442826762170085749
50031 50031 9373 9973 9917 10055 10157 9715 10071 10015 10312 15499188657834231853
50031 50031 9367 9972 9915 10052 10157 9711 10069 10013 10312 18357138549342829832
50231 50231 9375 9972 9915 10052 10157 9711 10069 10013 10312 16222000173571463440
50031 50031 9367 9972 9915 10052 10157 9711 10069 10013 10312 12818252970074216292
50231 50231 9375 9972 9915 10052 10157 9711 10069 10013 10312 10299851554550877252
49881 49881 9355 9971 9913 10049 10157 9707 10067 10011 10312 9072549246442276546
49881 49881 9355 9971 9913 10049 10157 9707 10067 10011 10312 700294714586969718
50643 50643 9355 9971 9913 10049 10159 9707 10067 10019 10312 14295034510964362551
51143 51143 9375 9971 9913 10049 10159 9707 10067 10019 10312 16419314363974733247
51143 51143 9369 9970 9911 10046 10159 9703 10065 10017 10312 10545928674675198125
51143 51143 9369 9970 9911 10046 10159 9703 10065 10017 10312 17408453303437683717
51143 51143 9369 9970 9911 10046 10159 9703 10065 10017 10312 3487276199388665553
51143 51143 9369 9970 9911 10046 10159 9703 10065 10017 10312 15383878568061704593
51305 51305 9363 9969 9909 10051 10159 9699 10069 10015 10312 17938759599508088568
51505 51505 9371 9969 9909 10051 10159 9699 10069 10015 10312 17356507286043318296
51543 51543 9371 9969 9909 10051 10159 9699 10077 10015 10312 13064822639963882646
51583 51583 9371 9969 9909 10055 10159 9699 10077 10015 10312 15216931943373136131
52247 52247 9384 9967 9906 10059 10158 9694 10074 10014 10312 17472950577659441719
52453 52453 9384 9967 9906 10059 10158 9694 10074 10016 10320 12875056904222457187
51610 51610 9384 9967 9906 10059 10158 9694 10074 10016 10320 1117778368332145867
51610 51610 9384 9967 9906 10059 10158 9694 10074 10016 10320 10385166543651870595
51610 51610 9378 9966 9904 10056 10158 9690 10072 10014 10320 7960117812722306296
51610 51610 9378 9966 9904 10056 10158 9690 10072 10014 10320 6833916264076755104
51610 51610 9378 9966 9904 10056 10158 9690 10072 10014 10320 10065684424311783340
51610 51610 9378 9966 9904 10056 10158 9690 10072 10014 10320 14648618054259315540
51610 51610 9372 9965 9902 10053 10158 9686 10070 10012 10320 13874355326766090453
51610 51610 9372 9965 9902 10053 10158 9686 10070 10012 10320 7579249802133507245
51610 51610 9372 9965 9902 10053 10158 9686 10070 10012 10320 3265808168617760373
51610 51610 9372 9965 9902 10053 10158 9686 10070 10012 10320 8156777477190951373
52706 52706 9366 9964 9900 10050 10158 9682 10068 10022 10320 3681864847165800765
52706 52706 9366 9964 9900 10050 10158 9682 10068 10022 10320 5392504092424171649
52706 52706 9366 9964 9900 10050 10158 9682 10068 10022 10320 10212382684531431749
52706 52706 9366 9964 9900 10050 10158 9682 10068 10022 10320 3457959523967312253
52706 52706 9360 9963 9898 10047 10158 9678 10066 10020 10320 3458690426004759267
52756 52756 9362 9963 9898 10047 10158 9678 10066 10020 10320 12320866158061843397
52756 52756 9362 9963 9898 10047 10158 9678 10066 10020 10320 8880870410195646553
52876 52876 9364 9963 9898 10047 10158 9678 10076 10020 10320 14009077514230910478
52882 52882 9358 9962 9896 10044 10158 9674 10074 10018 10320 13443181823074625029
52889 52889 9358 9962 9896 10044 10158 9674 10076 10018 10320 3718065634005770275
52889 52889 9358 9962 9896 10044 10158 9674 10076 10018 10320 11458990069795368487
53606 53606 9358 9962 9896 10062 10158 9674 10076 10024 10320 4827527040980924779
53759 53759 9347 9960 9893 10058 10157 9669 10073 10023 10330 5802101960106150406
53628 53628 9347 9960 9893 10058 10157 9669 10073 10023 10330 1593341380475323118
52020 52020 9317 9960 9893 10058 10157 9669 10073 10023 10330 1205163057644714776
51918 51918 9313 9960 9893 10058 10157 9669 10073 10023 10330 8791447217039184956
51816 51816 9303 9959 9891 10055 10157 9665 10071 10021 10330 3873625890845373630
51765 51765 9301 9959 9891 10055 10157 9665 10071 10021 10330 3245212738952200720
51663 51663 9297 9959 9891 10055 10157 9665 10071 10021 10330 6563862928801035775
51766 51766 9301 9959 9891 10055 10157 9665 10071 10021 10330 13870064630056869352
51664 51664 9291 9958 9889 10052 10157 9661 10069 10019 10330 15262708146281780166
51769 51769 9295 9958 9889 10052 10157 9661 10069 10019 10330 10176609521813803622
51666 51666 9291 9958 9889 10052 10157 9661 10069 10019 10330 14893254454380861890
51771 51771 9295 9958 9889 10052 10157 9661 10069 10019 10330 11488607845945942270
51771 51771 9289 9957 9887 10049 10157 9657 10067 10017 10330 16534044532812009872
51771 51771 9289 9957 9887 10049 10157 9657 10067 10017 10330 13218033599096453716
51771 51771 9289 9957 9887 10049 10157 9657 10067 10017 10330 3355328675857473608
51771 51771 9289 9957 9887 10049 10157 9657 10067 10017 10330 7662460770640820452
51771 51771 9283 9956 9885 10046 10157 9653 10065 10015 10330 12996585494878972059
51771 51771 9283 9956 9885 10046 10157 9653 10065 10015 10330 8707408048204791207
51771 51771 9283 9956 9885 10046 10157 9653 10065 10015 10330 1401699016789695267
51771 51771 9283 9956 9885 10046 10157 9653 10065 10015 10330 8558405033119693191
51771 51771 9277 9955 9883 10043 10157 9649 10063 10013 10330 13797703306473653522
51842 51842 9277 9955 9883 10043 10157 9649 10069 10013 10330 16078072085085914231
51842 51842 9277 9955 9883 10043 10157 9649 10069 10013 10330 3974109700408132331
52805 52805 9313 9955 9883 10043 10157 9649 10069 10013 10332 1836422849345653527
54293 54293 9310 9953 9880 10057 10156 9644 10072 10024 10332 6771641937047924460
54396 54396 9310 9953 9880 10057 10156 9644 10072 10026 10336 13082284195091425859
53553 53553 9310 9953 9880 10057 10156 9644 10072 10026 10336 17135832289013837535
53553 53553 9310 9953 9880 10057 10156 9644 10072 10026 10336 8039881728419284779
53553 53553 9304 9952 9878 10054 10156 9640 10070 10024 10336 8277402121047628756
53553 53553 9304 9952 9878 10054 10156 9640 10070 10024 10336 8964005495072635952
53553 53553 9304 9952 9878 10054 10156 9640 10070 10024 10336 6542909447901706808
53553 53553 9304 9952 9878 10054 10156 9640 10070 10024 10336 4111205457139033600
53553 53553 9298 9951 9876 10051 10156 9636 10068 10022 10336 10704870478482325411
53553 53553 9298 9951 9876 10051 10156 9636 10068 10022 10336 12330777971383128611
53553 53553 9298 9951 9876 10051 10156 9636 10068 10022 10336 16893354363751580079
53553 53553 9298 9951 9876 10051 10156 9636 10068 10022 10336 3507589777648717083
53553 53553 9292 9950 9874 10048 10156 9632 10066 10020 10336 2533505969110993593
53553 53553 9292 9950 9874 10048 10156 9632 10066 10020 10336 16038758677273863037
53553 53553 9292 9950 9874 10048 10156 9632 10066 10020 10336 11163556356796355165
53553 53553 9292 9950 9874 10048 10156 9632 10066 10020 10336 16514786708319334017
53553 53553 9286 9949 9872 10045 10156 9628 10064 10018 10336 9127121724341583908
53553 53553 9286 9949 9872 10045 10156 9628 10064 10018 10336 5805297212487985428
54133 54133 9286 9949 9872 10045 10156 9628 10064 10018 10376 1392398358201252592
54133 54133 9286 9949 9872 10045 10156 9628 10064 10018 10376 13777688432794305688
54453 54453 9288 9948 9870 10050 10156 9624 10062 10016 10376 16600612451349546791
54788 54788 9296 9948 9870 10050 10156 9624 10068 10016 10380 11015380856695849847
55795 55795 9304 9948 9870 10050 10156 9624 10074 10024 10384 6045725512673863195
55805 55805 9304 9948 9870 10050 10156 9624 10076 10024 10384 17546019380247135062
57751 57751 9313 9946 9867 10058 10155 9619 10073 10037 10412 12851478884742315834
57620 57620 9313 9946 9867 10058 10155 9619 10073 10037 10412 16646339429049003286
57154 57154 9313 9946 9867 10058 10155 9619 10073 10037 10412 10015712387583039354
57154 57154 9313 9946 9867 10058 10155 9619 10073 10037 10412 18223530658281201702
57154 57154 9307 9945 9865 10055 10155 9615 10071 10035 10412 1288529277638855650
57154 57154 9307 9945 9865 10055 10155 9615 10071 10035 10412 538696718200143026
57154 57154 9307 9945 9865 10055 10155 9615 10071 10035 10412 17186848767314545250
57154 57154 9307 9945 9865 10055 10155 9615 10071 10035 10412 7241117501075370130
57154 57154 9301 9944 9863 10052 10155 9611 10069 10033 10412 5983264233033189825
57154 57154 9301 9944 9863 10052 10155 9611 10069 10033 10412 5685417485496705417
57154 57154 9301 9944 9863 10052 10155 9611 10069 10033 10412 13568371732104535925
57154 57154 9301 9944 9863 10052 10155 9611 10069 10033 10412 5260900233343475517
57154 57154 9295 9943 9861 10049 10155 9607 10067 10031 10412 6790529388642619251
57154 57154 9295 9943 9861 10049 10155 9607 10067 10031 10412 7437031293361657503
57154 57154 9295 9943 9861 10049 10155 9607 10067 10031 10412 14098233854139908355
57154 57154 9295 9943 9861 10049 10155 9607 10067 10031 10412 6552989329934996855
57154 57154 9289 9942 9859 10046 10155 9603 10065 10029 10412 10297445196590961507
57154 57154 9289 9942 9859 10046 10155 9603 10065 10029 10412 1905602435625830187
57154 57154 9289 9942 9859 10046 10155 9603 10065 10029 10412 17840099310192685355
57889 57889 9295 9942 9859 10046 10155 9603 10065 10037 10414 7753611925969779066
58129 58129 9297 9941 9857 10043 10155 9599 10063 10035 10418 10662706452349176565
58640 58640 9317 9941 9857 10043 10155 9599 10063 10035 10418 16343900937602222390
60115 60115 9369 9941 9857 10047 10155 9599 10069 10035 10420 10411150035672285883
60115 60115 9369 9941 9857 10047 10155 9599 10069 10035 10420 13388990855554755188
63042 63042 9452 9939 9854 10051 10154 9594 10072 10040 10438 15768432475268510789
63046 63046 9452 9939 9854 10051 10154 9594 10072 10040 10440 11543153186685451239
63431 63431 9452 9939 9854 10051 10154 9594 10076 10048 10440 4652200500141522738
63431 63431 9452 9939 9854 10051 10154 9594 10076 10048 10440 11491854881432428102
63455 63455 9446 9938 9852 10048 10154 9590 10074 10046 10444 15126732645172006497
63455 63455 9446 9938 9852 10048 10154 9590 10074 10046 10444 12697994701067769629
63455 63455 9446 9938 9852 10048 10154 9590 10074 10046 10444 15406106921056920873
63455 63455 9446 9938 9852 10048 10154 9590 10074 10046 10444 5366625076867743113
63455 63455 9440 9937 9850 10045 10154 9586 10072 10044 10444 16389959673535727377
63455 63455 9440 9937 9850 10045 10154 9586 10072 10044 10444 2254348942814093569
63455 63455 9440 9937 9850 10045 10154 9586 10072 10044 10444 9740736653924378205
63455 63455 9440 9937 9850 10045 10154 9586 10072 10044 10444 11192204202412216525
63455 63455 9434 9936 9848 10042 10154 9582 10070 10042 10444 683459684033013491
63455 63455 9434 9936 9848 10042 10154 9582 10070 10042 10444 7801522971594491087
63749 63749 9446 9936 9848 10042 10154 9582 10070 10042 10444 8184986784007695271
64293 64293 9454 9936 9848 10042 10154 9582 10070 10050 10448 3561634242057638902
64293 64293 9448 9935 9846 10039 10154 9578 10068 10048 10448 4646609206426465510
64486 64486 9452 9935 9846 10039 10154 9578 10076 10048 10458 565959462801123910
64729 64729 9462 9935 9846 10039 10154 9578 10076 10048 10458 3119610374181566676
64859 64859 9466 9935 9846 10039 10154 9578 10076 10048 10466 17196079217574605747
64859 64859 9460 9934 9844 10036 10154 9574 10074 10046 10466 9022999654967040910
64859 64859 9460 9934 9844 10036 10154 9574 10074 10046 10466 17442190625418421122
65003 65003 9466 9934 9844 10036 10154 9574 10074 10046 10466 6080508101942366817
