202 719
CONFIG 720 10 3000 10 24 100 0.005 3 4 24 1
ENGINE 1.32.7 bc8a54879ef02c7ea64b8b333d6a976f0ea65c4949149d01f463f23bccee653e
1 9 0 0 1 1 0 1 1 0 1 1 0 1 1 0 1 1 0 1 5 11 2 5 10 2 3 0 7 3 4 12
1 9 0 0 1 1 0 1 1 0 1 1 0 1 1 0 1 1 0 1 5 11 2 5 10 2 3 0 7 3 4 12
6 1 5 10 2 4 0 1 1 0 1 0 0 1 5 11 2 4 0 1 4 0 2
6 1 5 10 2 4 0 1 1 0 1 0 0 1 5 11 2 4 0 1 4 0 2
6 0 14 0 1 1 0 1 1 0 1 0 0 1 5 0 2 1 0 1
6 0 14 0 1 1 0 1 1 0 1 0 0 1 5 0 2 1 0 1
6 0 7 10 1 1 0 1 1 0 1 0 0 1 1 0 1 1 0 1
6 0 7 10 1 1 0 1 1 0 1 0 0 1 1 0 1 1 0 1
6 0 4 0 1 14 0 1 1 0 1 0 0 1 14 0 1 1 0 1
6 0 4 0 1 14 0 1 1 0 1 0 0 1 14 0 1 1 0 1
6 0 14 0 1 4 0 1 8 0 1 0 0 1 7 11 1 1 0 1
6 0 14 0 1 4 0 1 8 0 1 0 0 1 7 11 1 1 0 1
6 0 7 10 1 8 4 1 9 0 1 0 0 1 15 0 1 8 4 1
6 0 7 10 1 8 4 1 9 0 1 0 0 1 15 0 1 8 4 1
6 0 4 0 1 9 0 1 4 0 1 0 0 1 17 0 1 9 0 1
6 0 4 0 1 9 0 1 4 0 1 0 0 1 17 0 1 9 0 1
6 0 14 0 1 4 0 1 8 4 1 0 0 1 4 0 1 4 0 1
6 0 14 0 1 4 0 1 8 4 1 0 0 1 4 0 1 4 0 1
6 0 4 0 1 8 0 1 9 0 1 0 0 1 14 0 1 8 0 1
6 0 4 0 1 8 0 1 9 0 1 0 0 1 14 0 1 8 0 1
6 0 8 0 1 9 0 1 4 0 1 0 0 1 7 11 1 9 0 1
6 0 8 0 1 9 0 1 4 0 1 0 0 1 7 11 1 9 0 1
6 0 9 0 1 4 0 1 8 4 1 0 0 1 15 0 1 4 0 1
6 0 9 0 1 4 0 1 8 4 1 0 0 1 15 0 1 4 0 1
6 0 4 0 1 8 4 1 9 0 1 0 0 1 17 0 1 8 4 1
6 0 4 0 1 8 4 1 9 0 1 0 0 1 17 0 1 8 4 1
6 0 8 4 1 9 0 1 4 0 1 0 0 1 4 0 1 9 0 1
6 0 8 4 1 9 0 1 4 0 1 0 0 1 4 0 1 9 0 1
6 0 9 0 1 4 0 1 8 0 1 0 0 1 8 4 1 4 0 1
6 0 9 0 1 4 0 1 8 0 1 0 0 1 8 4 1 4 0 1
6 0 0 0 1 8 4 1 9 0 1 0 0 1 9 0 1 8 4 1
6 0 0 0 1 8 4 1 9 0 1 0 0 1 9 0 1 8 4 1
6 0 0 0 1 9 0 1 4 0 1 0 0 1 4 0 1 9 0 1
6 0 0 0 1 9 0 1 4 0 1 0 0 1 4 0 1 9 0 1
6 0 0 0 1 0 0 1 8 4 1 0 0 1 8 0 1 4 0 1
6 0 0 0 1 0 0 1 8 4 1 0 0 1 8 0 1 4 0 1
6 0 0 0 1 0 0 1 9 0 1 0 0 1 9 0 1 8 0 1
6 0 0 0 1 0 0 1 9 0 1 0 0 1 9 0 1 8 0 1
6 0 0 0 1 0 0 1 0 0 1 0 0 1 4 0 1 9 0 1
6 0 0 0 1 0 0 1 0 0 1 0 0 1 4 0 1 9 0 1
6 0 0 0 1 0 0 1 0 0 1 0 0 1 8 4 1 0 0 1
6 0 0 0 1 0 0 1 0 0 1 0 0 1 8 4 1 0 0 1
6 0 0 0 1 0 0 1 0 0 1 0 0 1 9 0 1 0 0 1
6 0 0 0 1 0 0 1 0 0 1 0 0 1 9 0 1 0 0 1
6 0 0 0 1 0 0 1 0 0 1 0 0 1 0 0 1 0 0 1
6 0 0 0 1 0 0 1 0 0 1 0 0 1 0 0 1 0 0 1
6 0 0 0 1 0 0 1 0 0 1 0 0 1 0 0 1 0 0 1
6 0 0 0 1 0 0 1 0 0 1 0 0 1 0 0 1 0 0 1
1 1 17 0 1 4 0 3
1 1 17 0 1 4 0 3
1 1 5 0 3 4 0 2
1 1 5 0 3 4 0 2
1 1 15 0 1 4 0 2
1 1 15 0 1 4 0 2
1 1 4 0 1 4 0 2
1 1 4 0 1 4 0 2
1 1 15 0 1 4 0 2
1 1 15 0 1 4 0 2
1 1 17 0 1 4 0 2
1 1 17 0 1 4 0 2
1 1 1 0 1 4 0 2
1 1 1 0 1 4 0 2
1 1 15 0 1 4 0 2
1 1 15 0 1 4 0 2
1 1 17 0 1 4 0 2
1 1 17 0 1 4 0 2
1 1 3 0 1 4 0 2
1 1 3 0 1 4 0 2
1 1 17 0 1 4 0 2
1 1 17 0 1 4 0 2
1 1 16 0 1 4 0 2
1 1 16 0 1 4 0 2
1 1 2 0 1 4 0 2
1 1 2 0 1 4 0 2
1 1 16 0 1 4 0 2
1 1 16 0 1 4 0 2
1 1 6 0 1 4 0 2
1 1 6 0 1 4 0 2
1 2 4 0 1 6 8 2 4 0 2
1 2 4 0 1 6 8 2 4 0 2
1 1 3 0 1 4 0 3
1 1 3 0 1 4 0 3
1 1 5 0 1 4 0 3
1 1 5 0 1 4 0 3
1 1 1 0 1 4 0 2
1 1 1 0 1 4 0 2
1 1 15 0 1 4 0 2
1 1 15 0 1 4 0 2
1 0 4 0 1
1 0 4 0 1
1 0 16 0 1
1 0 16 0 1
1 0 2 0 1
1 0 2 0 1
1 0 16 0 1
1 0 16 0 1
1 6 5 0 2 6 8 2 1 0 1 1 0 1 1 0 1 1 0 1 4 0 3
1 6 5 0 2 6 8 2 1 0 1 1 0 1 1 0 1 1 0 1 4 0 3
5 0 1 0 1 4 0 1 1 0 1 0 0 1 1 0 1
5 0 1 0 1 4 0 1 1 0 1 0 0 1 1 0 1
5 0 15 0 1 1 0 1 17 0 1 0 0 1 1 0 1
5 0 15 0 1 1 0 1 17 0 1 0 0 1 1 0 1
5 2 17 0 1 1 0 1 16 0 1 0 0 1 4 0 1 6 0 1 4 0 1
5 2 17 0 1 1 0 1 16 0 1 0 0 1 4 0 1 6 0 1 4 0 1
5 2 4 0 1 1 0 1 4 0 1 0 0 1 9 0 1 6 0 1 4 0 1
5 2 4 0 1 1 0 1 4 0 1 0 0 1 9 0 1 6 0 1 4 0 1
5 2 15 0 1 9 0 1 17 0 1 0 0 1 4 0 1 6 0 1 4 0 1
5 2 15 0 1 9 0 1 17 0 1 0 0 1 4 0 1 6 0 1 4 0 1
5 2 17 0 1 1 0 1 16 0 1 0 0 1 9 0 1 6 0 2 4 0 2
5 2 17 0 1 1 0 1 16 0 1 0 0 1 9 0 1 6 0 2 4 0 2
5 2 4 0 1 9 0 1 4 0 1 0 0 1 4 0 1 6 0 2 4 0 2
5 2 4 0 1 9 0 1 4 0 1 0 0 1 4 0 1 6 0 2 4 0 2
5 2 9 0 1 4 0 1 4 0 1 0 0 1 9 0 1 6 0 2 4 0 2
5 2 9 0 1 4 0 1 4 0 1 0 0 1 9 0 1 6 0 2 4 0 2
5 2 4 0 1 9 0 1 9 0 1 0 0 1 4 0 1 6 0 2 4 0 2
5 2 4 0 1 9 0 1 9 0 1 0 0 1 4 0 1 6 0 2 4 0 2
5 2 9 0 1 4 0 1 4 0 1 0 0 1 9 0 1 6 0 2 4 0 2
5 2 9 0 1 4 0 1 4 0 1 0 0 1 9 0 1 6 0 2 4 0 2
5 2 4 0 1 9 0 1 9 0 1 0 0 1 1 0 1 6 0 2 4 0 2
5 2 4 0 1 9 0 1 9 0 1 0 0 1 1 0 1 6 0 2 4 0 2
5 2 9 0 1 4 0 1 0 0 1 0 0 1 9 0 1 6 0 2 4 0 2
5 2 9 0 1 4 0 1 0 0 1 0 0 1 9 0 1 6 0 2 4 0 2
5 2 3 0 1 9 0 1 0 0 1 0 0 1 3 0 1 6 0 2 4 0 2
5 2 3 0 1 9 0 1 0 0 1 0 0 1 3 0 1 6 0 2 4 0 2
5 2 3 0 1 4 0 1 0 0 1 0 0 1 9 0 1 6 0 2 4 0 2
5 2 3 0 1 4 0 1 0 0 1 0 0 1 9 0 1 6 0 2 4 0 2
5 2 3 0 1 9 0 1 0 0 1 0 0 1 3 0 1 6 0 2 4 0 2
5 2 3 0 1 9 0 1 0 0 1 0 0 1 3 0 1 6 0 2 4 0 2
5 2 16 0 1 0 0 1 0 0 1 0 0 1 9 0 1 6 0 2 4 0 2
5 2 16 0 1 0 0 1 0 0 1 0 0 1 9 0 1 6 0 2 4 0 2
5 2 3 0 1 0 0 1 0 0 1 0 0 1 3 0 1 6 0 2 4 0 2
5 2 3 0 1 0 0 1 0 0 1 0 0 1 3 0 1 6 0 2 4 0 2
5 2 16 0 1 0 0 1 0 0 1 0 0 1 9 0 1 6 0 2 4 0 2
5 2 16 0 1 0 0 1 0 0 1 0 0 1 9 0 1 6 0 2 4 0 2
5 2 0 0 1 0 0 1 0 0 1 0 0 1 0 0 1 6 0 2 4 0 2
5 2 0 0 1 0 0 1 0 0 1 0 0 1 0 0 1 6 0 2 4 0 2
5 1 0 0 1 0 0 1 0 0 1 0 0 1 0 0 1 6 0 2
5 1 0 0 1 0 0 1 0 0 1 0 0 1 0 0 1 6 0 2
5 0 0 0 1 0 0 1 0 0 1 0 0 1 0 0 1
5 0 0 0 1 0 0 1 0 0 1 0 0 1 0 0 1
5 0 0 0 1 0 0 1 0 0 1 0 0 1 0 0 1
5 0 0 0 1 0 0 1 0 0 1 0 0 1 0 0 1
5 0 0 0 1 0 0 1 0 0 1 0 0 1 0 0 1
5 0 0 0 1 0 0 1 0 0 1 0 0 1 0 0 1
1 8 5 0 4 6 8 4 1 0 1 1 0 1 1 0 1 1 0 1 1 0 1 4 0 4 5 10 1
1 8 5 0 4 6 8 4 1 0 1 1 0 1 1 0 1 1 0 1 1 0 1 4 0 4 5 10 1
6 0 15 0 1 4 0 1 1 0 1 0 0 1 5 10 1 4 0 1
6 0 15 0 1 4 0 1 1 0 1 0 0 1 5 10 1 4 0 1
6 1 17 0 1 1 0 1 1 0 1 0 0 1 4 0 1 1 0 1 4 0 1
6 1 17 0 1 1 0 1 1 0 1 0 0 1 4 0 1 1 0 1 4 0 1
6 0 4 0 1 1 0 1 1 0 1 0 0 1 4 0 1 1 0 1
6 0 4 0 1 1 0 1 1 0 1 0 0 1 4 0 1 1 0 1
6 0 15 0 1 4 0 1 1 0 1 0 0 1 7 10 1 1 0 1
6 0 15 0 1 4 0 1 1 0 1 0 0 1 7 10 1 1 0 1
6 1 17 0 1 4 0 1 9 0 1 0 0 1 4 0 1 1 0 1 4 0 1
6 1 17 0 1 4 0 1 9 0 1 0 0 1 4 0 1 1 0 1 4 0 1
6 1 1 0 1 9 0 1 4 0 1 0 0 1 9 0 1 4 0 1 4 0 1
6 1 1 0 1 9 0 1 4 0 1 0 0 1 9 0 1 4 0 1 4 0 1
6 1 15 0 1 0 0 1 4 0 1 0 0 1 1 0 1 9 0 1 4 0 1
6 1 15 0 1 0 0 1 4 0 1 0 0 1 1 0 1 9 0 1 4 0 1
6 1 17 0 1 0 0 1 4 0 1 0 0 1 9 0 1 4 0 1 4 0 2
6 1 17 0 1 0 0 1 4 0 1 0 0 1 9 0 1 4 0 1 4 0 2
6 1 3 0 1 0 0 1 9 0 1 0 0 1 0 0 1 4 0 1 4 0 2
6 1 3 0 1 0 0 1 9 0 1 0 0 1 0 0 1 4 0 1 4 0 2
6 1 15 0 1 0 0 1 0 0 1 0 0 1 0 0 1 4 0 1 4 0 2
6 1 15 0 1 0 0 1 0 0 1 0 0 1 0 0 1 4 0 1 4 0 2
6 2 17 0 1 0 0 1 0 0 1 0 0 1 0 0 1 9 0 1 6 0 1 4 0 3
6 2 17 0 1 0 0 1 0 0 1 0 0 1 0 0 1 9 0 1 6 0 1 4 0 3
6 2 16 0 1 0 0 1 0 0 1 0 0 1 0 0 1 0 0 1 6 0 1 4 0 3
6 2 16 0 1 0 0 1 0 0 1 0 0 1 0 0 1 0 0 1 6 0 1 4 0 3
6 2 2 0 1 0 0 1 0 0 1 0 0 1 0 0 1 0 0 1 6 0 1 4 0 3
6 2 2 0 1 0 0 1 0 0 1 0 0 1 0 0 1 0 0 1 6 0 1 4 0 3
6 2 16 0 1 0 0 1 0 0 1 0 0 1 0 0 1 0 0 1 6 0 1 4 0 3
6 2 16 0 1 0 0 1 0 0 1 0 0 1 0 0 1 0 0 1 6 0 1 4 0 3
6 2 4 0 1 0 0 1 0 0 1 0 0 1 0 0 1 0 0 1 6 0 1 4 0 3
6 2 4 0 1 0 0 1 0 0 1 0 0 1 0 0 1 0 0 1 6 0 1 4 0 3
6 2 16 0 1 0 0 1 0 0 1 0 0 1 0 0 1 0 0 1 6 0 1 4 0 3
6 2 16 0 1 0 0 1 0 0 1 0 0 1 0 0 1 0 0 1 6 0 1 4 0 3
6 2 1 0 1 0 0 1 0 0 1 0 0 1 0 0 1 0 0 1 6 0 1 4 0 3
6 2 1 0 1 0 0 1 0 0 1 0 0 1 0 0 1 0 0 1 6 0 1 4 0 3
6 2 16 0 1 0 0 1 0 0 1 0 0 1 0 0 1 0 0 1 6 0 1 4 0 3
6 2 16 0 1 0 0 1 0 0 1 0 0 1 0 0 1 0 0 1 6 0 1 4 0 3
6 2 0 0 1 0 0 1 0 0 1 0 0 1 0 0 1 0 0 1 6 0 1 4 0 3
6 2 0 0 1 0 0 1 0 0 1 0 0 1 0 0 1 0 0 1 6 0 1 4 0 3
6 1 0 0 1 0 0 1 0 0 1 0 0 1 0 0 1 0 0 1 6 0 1
6 1 0 0 1 0 0 1 0 0 1 0 0 1 0 0 1 0 0 1 6 0 1
6 0 0 0 1 0 0 1 0 0 1 0 0 1 0 0 1 0 0 1
6 0 0 0 1 0 0 1 0 0 1 0 0 1 0 0 1 0 0 1
6 0 0 0 1 0 0 1 0 0 1 0 0 1 0 0 1 0 0 1
6 0 0 0 1 0 0 1 0 0 1 0 0 1 0 0 1 0 0 1
6 0 0 0 1 0 0 1 0 0 1 0 0 1 0 0 1 0 0 1
6 0 0 0 1 0 0 1 0 0 1 0 0 1 0 0 1 0 0 1
1 9 5 0 3 6 8 4 4 0 1 1 0 1 1 0 1 1 0 1 1 0 1 1 0 1 4 0 5 3 0 7
1 9 5 0 3 6 8 4 4 0 1 1 0 1 1 0 1 1 0 1 1 0 1 1 0 1 4 0 5 3 0 7
6 0 15 0 1 4 0 1 1 0 1 0 0 1 5 0 2 4 0 1
6 0 15 0 1 4 0 1 1 0 1 0 0 1 5 0 2 4 0 1
6 1 17 0 1 1 0 1 1 0 1 0 0 1 1 0 1 1 0 1 4 0 1
6 1 17 0 1 1 0 1 1 0 1 0 0 1 1 0 1 1 0 1 4 0 1
6 0 4 0 1 1 0 1 1 0 1 0 0 1 15 0 1 1 0 1
6 0 4 0 1 1 0 1 1 0 1 0 0 1 15 0 1 1 0 1
6 1 15 0 1 4 0 1 4 0 1 0 0 1 17 0 1 1 0 1 4 0 1
6 1 15 0 1 4 0 1 4 0 1 0 0 1 17 0 1 1 0 1 4 0 1
6 1 17 0 1 9 0 1 9 0 1 0 0 1 4 0 1 1 0 1 4 0 1
6 1 17 0 1 9 0 1 9 0 1 0 0 1 4 0 1 1 0 1 4 0 1
6 1 4 0 1 1 0 1 4 0 1 0 0 1 15 0 1 9 0 1 6 0 1
6 1 4 0 1 1 0 1 4 0 1 0 0 1 15 0 1 9 0 1 6 0 1
6 2 15 0 1 9 0 1 4 0 1 0 0 1 17 0 1 4 0 1 6 0 1 4 0 2
6 2 15 0 1 9 0 1 4 0 1 0 0 1 17 0 1 4 0 1 6 0 1 4 0 2
6 2 17 0 1 4 0 1 9 0 1 0 0 1 4 0 1 9 0 1 6 0 3 4 0 2
6 2 17 0 1 4 0 1 9 0 1 0 0 1 4 0 1 9 0 1 6 0 3 4 0 2
6 1 4 0 1 9 0 1 4 0 1 0 0 1 9 0 1 10 0 1 4 0 3
6 1 4 0 1 9 0 1 4 0 1 0 0 1 9 0 1 10 0 1 4 0 3
6 0 9 0 1 3 0 1 9 0 1 0 0 1 4 0 1 8 0 1
6 0 9 0 1 3 0 1 9 0 1 0 0 1 4 0 1 8 0 1
6 0 10 0 1 3 0 1 1 0 1 0 0 1 9 0 1 9 0 1
6 0 10 0 1 3 0 1 1 0 1 0 0 1 9 0 1 9 0 1
6 0 4 0 1 9 0 1 9 0 1 0 0 1 10 0 1 4 0 1
6 0 4 0 1 9 0 1 9 0 1 0 0 1 10 0 1 4 0 1
6 0 9 0 1 10 0 1 1 0 1 0 0 1 8 0 1 9 0 1
6 0 9 0 1 10 0 1 1 0 1 0 0 1 8 0 1 9 0 1
6 0 1 0 1 8 0 1 3 0 1 0 0 1 9 0 1 4 0 1
6 0 1 0 1 8 0 1 3 0 1 0 0 1 9 0 1 4 0 1
6 0 9 0 1 9 0 1 9 0 1 0 0 1 3 0 1 9 0 1
6 0 9 0 1 9 0 1 9 0 1 0 0 1 3 0 1 9 0 1
6 0 2 0 1 2 0 1 2 0 1 0 0 1 3 0 1 4 0 1
6 0 2 0 1 2 0 1 2 0 1 0 0 1 3 0 1 4 0 1
6 0 3 0 1 4 0 1 9 0 1 0 0 1 16 0 1 9 0 1
6 0 3 0 1 4 0 1 9 0 1 0 0 1 16 0 1 9 0 1
6 0 8 0 1 4 0 1 10 0 1 0 0 1 3 0 1 10 0 1
6 0 8 0 1 4 0 1 10 0 1 0 0 1 3 0 1 10 0 1
6 0 9 0 1 9 0 1 8 0 1 0 0 1 16 0 1 8 0 1
6 0 9 0 1 9 0 1 8 0 1 0 0 1 16 0 1 8 0 1
6 0 3 0 1 10 0 1 9 0 1 0 0 1 2 0 1 9 0 1
6 0 3 0 1 10 0 1 9 0 1 0 0 1 2 0 1 9 0 1
6 0 16 0 1 8 0 1 2 0 1 0 0 1 6 0 1 2 0 1
6 0 16 0 1 8 0 1 2 0 1 0 0 1 6 0 1 2 0 1
6 2 3 0 1 9 0 1 2 0 1 0 0 1 0 0 1 2 0 1 6 0 3 6 8 2
6 2 3 0 1 9 0 1 2 0 1 0 0 1 0 0 1 2 0 1 6 0 3 6 8 2
6 0 16 0 1 2 0 1 2 0 1 0 0 1 16 0 1 2 0 1
6 0 16 0 1 2 0 1 2 0 1 0 0 1 16 0 1 2 0 1
1 4 5 0 4 6 0 25 6 8 3 1 0 1 5 10 1
1 4 5 0 4 6 0 25 6 8 3 1 0 1 5 10 1
2 0 5 10 1 4 0 1
2 0 5 10 1 4 0 1
2 0 15 0 1 4 0 1
2 0 15 0 1 4 0 1
2 0 17 0 1 4 0 1
2 0 17 0 1 4 0 1
2 0 4 0 1 17 0 1
2 0 4 0 1 17 0 1
2 0 15 0 1 16 0 1
2 0 15 0 1 16 0 1
2 0 17 0 1 0 0 1
2 0 17 0 1 0 0 1
2 0 1 0 1 0 0 1
2 0 1 0 1 0 0 1
2 0 15 0 1 0 0 1
2 0 15 0 1 0 0 1
2 0 17 0 1 0 0 1
2 0 17 0 1 0 0 1
2 0 3 0 1 0 0 1
2 0 3 0 1 0 0 1
2 0 15 0 1 3 0 1
2 0 15 0 1 3 0 1
2 0 17 0 1 16 0 1
2 0 17 0 1 16 0 1
2 0 1 0 1 0 0 1
2 0 1 0 1 0 0 1
2 0 7 10 1 3 0 1
2 0 7 10 1 3 0 1
2 0 2 0 1 0 0 1
2 0 2 0 1 0 0 1
2 0 16 0 1 16 0 1
2 0 16 0 1 16 0 1
2 0 4 0 1 0 0 1
2 0 4 0 1 0 0 1
2 0 16 0 1 0 0 1
2 0 16 0 1 0 0 1
2 0 0 0 1 0 0 1
2 0 0 0 1 0 0 1
2 0 0 0 1 0 0 1
2 0 0 0 1 0 0 1
2 0 0 0 1 0 0 1
2 0 0 0 1 0 0 1
2 0 0 0 1 0 0 1
2 0 0 0 1 0 0 1
2 0 0 0 1 0 0 1
2 0 0 0 1 0 0 1
1 7 5 0 3 6 8 5 4 0 1 1 0 1 1 0 1 1 0 1 1 0 1 4 0 6
1 7 5 0 3 6 8 5 4 0 1 1 0 1 1 0 1 1 0 1 1 0 1 4 0 6
5 0 15 0 1 4 0 1 1 0 1 0 0 1 5 0 3
5 0 15 0 1 4 0 1 1 0 1 0 0 1 5 0 3
5 1 17 0 1 1 0 1 1 0 1 0 0 1 1 0 1 4 0 1
5 1 17 0 1 1 0 1 1 0 1 0 0 1 1 0 1 4 0 1
5 0 4 0 1 1 0 1 1 0 1 0 0 1 15 0 1
5 0 4 0 1 1 0 1 1 0 1 0 0 1 15 0 1
5 1 15 0 1 4 0 1 1 0 1 0 0 1 17 0 1 4 0 1
5 1 15 0 1 4 0 1 1 0 1 0 0 1 17 0 1 4 0 1
5 1 17 0 1 9 0 1 9 0 1 0 0 1 4 0 1 4 0 1
5 1 17 0 1 9 0 1 9 0 1 0 0 1 4 0 1 4 0 1
5 0 4 0 1 4 0 1 1 0 1 0 0 1 15 0 1
5 0 4 0 1 4 0 1 1 0 1 0 0 1 15 0 1
5 2 15 0 1 9 0 1 9 0 1 0 0 1 17 0 1 6 0 1 4 0 1
5 2 15 0 1 9 0 1 9 0 1 0 0 1 17 0 1 6 0 1 4 0 1
5 2 17 0 1 4 0 1 4 0 1 0 0 1 1 0 1 6 0 2 4 0 2
5 2 17 0 1 4 0 1 4 0 1 0 0 1 1 0 1 6 0 2 4 0 2
5 2 4 0 1 9 0 1 9 0 1 0 0 1 3 0 1 6 0 2 4 0 2
5 2 4 0 1 9 0 1 9 0 1 0 0 1 3 0 1 6 0 2 4 0 2
5 2 9 0 1 4 0 1 4 0 1 0 0 1 15 0 1 6 0 2 4 0 2
5 2 9 0 1 4 0 1 4 0 1 0 0 1 15 0 1 6 0 2 4 0 2
5 2 4 0 1 9 0 1 9 0 1 0 0 1 17 0 1 6 0 3 4 0 3
5 2 4 0 1 9 0 1 9 0 1 0 0 1 17 0 1 6 0 3 4 0 3
5 1 9 0 1 1 0 1 4 0 1 0 0 1 1 0 1 4 0 3
5 1 9 0 1 1 0 1 4 0 1 0 0 1 1 0 1 4 0 3
5 0 1 0 1 9 0 1 9 0 1 0 0 1 4 0 1
5 0 1 0 1 9 0 1 9 0 1 0 0 1 4 0 1
5 0 9 0 1 3 0 1 4 0 1 0 0 1 9 0 1
5 0 9 0 1 3 0 1 4 0 1 0 0 1 9 0 1
5 0 3 0 1 9 0 1 9 0 1 0 0 1 2 0 1
5 0 3 0 1 9 0 1 9 0 1 0 0 1 2 0 1
5 0 9 0 1 3 0 1 0 0 1 0 0 1 3 0 1
5 0 9 0 1 3 0 1 0 0 1 0 0 1 3 0 1
5 0 3 0 1 9 0 1 0 0 1 0 0 1 16 0 1
5 0 3 0 1 9 0 1 0 0 1 0 0 1 16 0 1
5 0 9 0 1 2 0 1 0 0 1 0 0 1 2 0 1
5 0 9 0 1 2 0 1 0 0 1 0 0 1 2 0 1
5 0 2 0 1 2 0 1 0 0 1 0 0 1 10 0 1
5 0 2 0 1 2 0 1 0 0 1 0 0 1 10 0 1
5 0 16 0 1 2 0 1 0 0 1 0 0 1 16 0 1
5 0 16 0 1 2 0 1 0 0 1 0 0 1 16 0 1
5 0 3 0 1 3 0 1 0 0 1 0 0 1 4 0 1
5 0 3 0 1 3 0 1 0 0 1 0 0 1 4 0 1
5 0 16 0 1 3 0 1 0 0 1 0 0 1 10 0 1
5 0 16 0 1 3 0 1 0 0 1 0 0 1 10 0 1
5 0 3 0 1 16 0 1 0 0 1 0 0 1 16 0 1
5 0 3 0 1 16 0 1 0 0 1 0 0 1 16 0 1
1 10 5 0 5 6 7 12 6 8 6 6 0 1 1 0 1 1 0 1 1 0 1 1 0 1 2 0 1 5 11 2 5 10 2
1 10 5 0 5 6 7 12 6 8 6 6 0 1 1 0 1 1 0 1 1 0 1 1 0 1 2 0 1 5 11 2 5 10 2
5 4 15 0 1 5 10 2 1 0 1 1 0 1 4 0 1 1 0 1 1 0 1 4 0 9 3 3 8
5 4 15 0 1 5 10 2 1 0 1 1 0 1 4 0 1 1 0 1 1 0 1 4 0 9 3 3 8
7 1 17 0 1 14 0 1 1 0 1 5 0 2 4 0 1 1 0 1 1 0 1 4 0 1
7 1 17 0 1 14 0 1 1 0 1 5 0 2 4 0 1 1 0 1 1 0 1 4 0 1
7 0 4 0 1 7 10 1 4 0 1 5 11 2 4 0 1 1 0 1 1 0 1
7 0 4 0 1 7 10 1 4 0 1 5 11 2 4 0 1 1 0 1 1 0 1
7 0 15 0 1 3 0 1 4 0 1 1 0 1 9 0 1 1 0 1 1 0 1
7 0 15 0 1 3 0 1 4 0 1 1 0 1 9 0 1 1 0 1 1 0 1
7 1 17 0 1 14 0 1 9 0 1 14 0 1 4 0 1 17 0 1 14 0 1 4 0 1
7 1 17 0 1 14 0 1 9 0 1 14 0 1 4 0 1 17 0 1 14 0 1 4 0 1
7 0 4 0 1 7 10 1 4 0 1 7 11 1 9 0 1 16 0 1 3 0 1
7 0 4 0 1 7 10 1 4 0 1 7 11 1 9 0 1 16 0 1 3 0 1
7 0 15 0 1 3 0 1 9 0 1 15 0 1 1 0 1 4 0 1 8 3 1
7 0 15 0 1 3 0 1 9 0 1 15 0 1 1 0 1 4 0 1 8 3 1
7 2 17 0 1 14 0 1 1 0 1 17 0 1 9 0 1 9 0 1 9 0 1 6 0 2 4 0 2
7 2 17 0 1 14 0 1 1 0 1 17 0 1 9 0 1 9 0 1 9 0 1 6 0 2 4 0 2
7 2 1 0 1 3 0 1 9 0 1 3 0 1 1 0 1 4 0 1 3 0 1 6 0 2 4 0 2
7 2 1 0 1 3 0 1 9 0 1 3 0 1 1 0 1 4 0 1 3 0 1 6 0 2 4 0 2
7 2 3 0 1 8 3 1 1 0 1 14 0 1 9 0 1 9 0 1 3 0 1 6 0 2 4 0 2
7 2 3 0 1 8 3 1 1 0 1 14 0 1 9 0 1 9 0 1 3 0 1 6 0 2 4 0 2
7 2 15 0 1 9 0 1 9 0 1 7 11 1 1 0 1 1 0 1 8 3 1 6 0 2 4 0 2
7 2 15 0 1 9 0 1 9 0 1 7 11 1 1 0 1 1 0 1 8 3 1 6 0 2 4 0 2
7 2 17 0 1 3 0 1 3 0 1 15 0 1 9 0 1 3 0 1 9 0 1 6 0 3 4 0 3
7 2 17 0 1 3 0 1 3 0 1 15 0 1 9 0 1 3 0 1 9 0 1 6 0 3 4 0 3
7 2 3 0 1 8 3 1 9 0 1 17 0 1 1 0 1 9 0 1 2 0 1 6 0 4 4 0 4
7 2 3 0 1 8 3 1 9 0 1 17 0 1 1 0 1 9 0 1 2 0 1 6 0 4 4 0 4
7 2 15 0 1 9 0 1 3 0 1 3 0 1 9 0 1 1 0 1 8 3 1 6 0 4 4 0 4
7 2 15 0 1 9 0 1 3 0 1 3 0 1 9 0 1 1 0 1 8 3 1 6 0 4 4 0 4
7 2 17 0 1 1 0 1 3 0 1 8 3 1 3 0 1 9 0 1 9 0 1 6 0 5 4 0 5
7 2 17 0 1 1 0 1 3 0 1 8 3 1 3 0 1 9 0 1 9 0 1 6 0 5 4 0 5
7 2 16 0 1 8 3 1 9 0 1 9 0 1 9 0 1 2 0 1 1 0 1 6 0 5 4 0 5
7 2 16 0 1 8 3 1 9 0 1 9 0 1 9 0 1 2 0 1 1 0 1 6 0 5 4 0 5
7 2 2 0 1 9 0 1 1 0 1 1 0 1 3 0 1 2 0 1 3 0 1 6 0 5 4 0 5
7 2 2 0 1 9 0 1 1 0 1 1 0 1 3 0 1 2 0 1 3 0 1 6 0 5 4 0 5
7 2 16 0 1 1 0 1 9 0 1 8 3 1 9 0 1 2 0 1 0 0 1 6 0 5 4 0 5
7 2 16 0 1 1 0 1 9 0 1 8 3 1 9 0 1 2 0 1 0 0 1 6 0 5 4 0 5
7 2 4 0 1 0 0 1 2 0 1 9 0 1 0 0 1 0 0 1 0 0 1 6 0 5 4 0 5
7 2 4 0 1 0 0 1 2 0 1 9 0 1 0 0 1 0 0 1 0 0 1 6 0 5 4 0 5
7 1 16 0 1 0 0 1 2 0 1 0 0 1 0 0 1 0 0 1 0 0 1 6 0 5
7 1 16 0 1 0 0 1 2 0 1 0 0 1 0 0 1 0 0 1 0 0 1 6 0 5
7 0 4 0 1 0 0 1 2 0 1 0 0 1 0 0 1 0 0 1 0 0 1
7 0 4 0 1 0 0 1 2 0 1 0 0 1 0 0 1 0 0 1 0 0 1
7 0 16 0 1 0 0 1 4 0 1 0 0 1 0 0 1 0 0 1 0 0 1
7 0 16 0 1 0 0 1 4 0 1 0 0 1 0 0 1 0 0 1 0 0 1
7 0 1 0 1 0 0 1 16 0 1 0 0 1 0 0 1 0 0 1 0 0 1
7 0 1 0 1 0 0 1 16 0 1 0 0 1 0 0 1 0 0 1 0 0 1
1 8 5 0 3 6 8 6 1 0 1 1 0 1 1 0 1 1 0 1 1 0 1 3 0 7 3 3 4
1 8 5 0 3 6 8 6 1 0 1 1 0 1 1 0 1 1 0 1 1 0 1 3 0 7 3 3 4
6 5 15 0 1 5 0 4 1 0 1 1 0 1 5 0 2 1 0 1 1 0 1 1 0 1 1 0 1 1 0 1 4 0 10
6 5 15 0 1 5 0 4 1 0 1 1 0 1 5 0 2 1 0 1 1 0 1 1 0 1 1 0 1 1 0 1 4 0 10
10 1 17 0 1 15 0 1 5 0 1 1 0 1 1 0 1 1 0 1 1 0 1 1 0 1 1 0 1 1 0 1 4 0 8
10 1 17 0 1 15 0 1 5 0 1 1 0 1 1 0 1 1 0 1 1 0 1 1 0 1 1 0 1 1 0 1 4 0 8
10 1 4 0 1 17 0 1 1 0 1 1 0 1 15 0 1 3 0 1 1 0 1 1 0 1 1 0 1 1 0 1 4 0 9
10 1 4 0 1 17 0 1 1 0 1 1 0 1 15 0 1 3 0 1 1 0 1 1 0 1 1 0 1 1 0 1 4 0 9
10 1 15 0 1 3 0 1 1 0 1 1 0 1 17 0 1 3 0 1 1 0 1 1 0 1 4 0 1 1 0 1 4 0 10
10 1 15 0 1 3 0 1 1 0 1 1 0 1 17 0 1 3 0 1 1 0 1 1 0 1 4 0 1 1 0 1 4 0 10
10 1 17 0 1 15 0 1 15 0 1 8 3 1 4 0 1 3 0 1 1 0 1 4 0 1 4 0 1 1 0 1 4 0 10
10 1 17 0 1 15 0 1 15 0 1 8 3 1 4 0 1 3 0 1 1 0 1 4 0 1 4 0 1 1 0 1 4 0 10
10 1 4 0 1 17 0 1 17 0 1 9 0 1 15 0 1 3 0 1 4 0 1 4 0 1 9 0 1 9 0 1 4 0 10
10 1 4 0 1 17 0 1 17 0 1 9 0 1 15 0 1 3 0 1 4 0 1 4 0 1 9 0 1 9 0 1 4 0 10
10 1 15 0 1 1 0 1 16 0 1 3 0 1 17 0 1 8 3 1 4 0 1 9 0 1 4 0 1 1 0 1 4 0 10
10 1 15 0 1 1 0 1 16 0 1 3 0 1 17 0 1 8 3 1 4 0 1 9 0 1 4 0 1 1 0 1 4 0 10
10 1 17 0 1 15 0 1 1 0 1 8 3 1 16 0 1 9 0 1 4 0 1 4 0 1 9 0 1 4 0 1 4 0 10
10 1 17 0 1 15 0 1 1 0 1 8 3 1 16 0 1 9 0 1 4 0 1 4 0 1 9 0 1 4 0 1 4 0 10
10 1 16 0 1 17 0 1 9 0 1 9 0 1 4 0 1 1 0 1 9 0 1 4 0 1 4 0 1 9 0 1 4 0 10
10 1 16 0 1 17 0 1 9 0 1 9 0 1 4 0 1 1 0 1 9 0 1 4 0 1 4 0 1 9 0 1 4 0 10
10 1 4 0 1 4 0 1 10 0 1 2 0 1 4 0 1 8 3 1 10 0 1 9 0 1 9 0 1 4 0 1 4 0 10
10 1 4 0 1 4 0 1 10 0 1 2 0 1 4 0 1 8 3 1 10 0 1 9 0 1 9 0 1 4 0 1 4 0 10
10 1 9 0 1 15 0 1 8 0 1 2 0 1 10 0 1 9 0 1 8 0 1 4 0 1 0 0 1 9 0 1 4 0 8
10 1 9 0 1 15 0 1 8 0 1 2 0 1 10 0 1 9 0 1 8 0 1 4 0 1 0 0 1 9 0 1 4 0 8
10 1 10 0 1 17 0 1 9 0 1 2 0 1 8 0 1 0 0 1 9 0 1 9 0 1 0 0 1 10 0 1 4 0 5
10 1 10 0 1 17 0 1 9 0 1 2 0 1 8 0 1 0 0 1 9 0 1 9 0 1 0 0 1 10 0 1 4 0 5
10 0 8 0 1 16 0 1 1 0 1 4 0 1 9 0 1 0 0 1 1 0 1 1 0 1 0 0 1 2 0 1
10 0 8 0 1 16 0 1 1 0 1 4 0 1 9 0 1 0 0 1 1 0 1 1 0 1 0 0 1 2 0 1
10 0 9 0 1 2 0 1 4 0 1 4 0 1 1 0 1 0 0 1 4 0 1 9 0 1 0 0 1 9 0 1
10 0 9 0 1 2 0 1 4 0 1 4 0 1 1 0 1 0 0 1 4 0 1 9 0 1 0 0 1 9 0 1
10 0 4 0 1 16 0 1 8 0 1 16 0 1 3 0 1 0 0 1 9 0 1 3 0 1 0 0 1 2 0 1
10 0 4 0 1 16 0 1 8 0 1 16 0 1 3 0 1 0 0 1 9 0 1 3 0 1 0 0 1 2 0 1
10 0 9 0 1 3 0 1 9 0 1 0 0 1 9 0 1 0 0 1 10 0 1 3 0 1 0 0 1 2 0 1
10 0 9 0 1 3 0 1 9 0 1 0 0 1 9 0 1 0 0 1 10 0 1 3 0 1 0 0 1 2 0 1
10 0 3 0 1 16 0 1 4 0 1 0 0 1 10 0 1 0 0 1 8 0 1 9 0 1 0 0 1 2 0 1
10 0 3 0 1 16 0 1 4 0 1 0 0 1 10 0 1 0 0 1 8 0 1 9 0 1 0 0 1 2 0 1
10 0 3 0 1 1 0 1 9 0 1 0 0 1 8 0 1 0 0 1 9 0 1 0 0 1 0 0 1 10 0 1
10 0 3 0 1 1 0 1 9 0 1 0 0 1 8 0 1 0 0 1 9 0 1 0 0 1 0 0 1 10 0 1
10 0 3 0 1 16 0 1 4 0 1 0 0 1 9 0 1 0 0 1 2 0 1 0 0 1 0 0 1 16 0 1
10 0 3 0 1 16 0 1 4 0 1 0 0 1 9 0 1 0 0 1 2 0 1 0 0 1 0 0 1 16 0 1
10 0 3 0 1 0 0 1 9 0 1 0 0 1 2 0 1 0 0 1 2 0 1 0 0 1 0 0 1 3 0 1
10 0 3 0 1 0 0 1 9 0 1 0 0 1 2 0 1 0 0 1 2 0 1 0 0 1 0 0 1 3 0 1
10 1 6 0 1 0 0 1 2 0 1 0 0 1 3 0 1 0 0 1 2 0 1 0 0 1 0 0 1 6 0 1 6 6 6
10 1 6 0 1 0 0 1 2 0 1 0 0 1 3 0 1 0 0 1 2 0 1 0 0 1 0 0 1 6 0 1 6 6 6
10 1 10 0 1 0 0 1 2 0 1 0 0 1 3 0 1 0 0 1 2 0 1 0 0 1 0 0 1 0 0 1 6 8 2
10 1 10 0 1 0 0 1 2 0 1 0 0 1 3 0 1 0 0 1 2 0 1 0 0 1 0 0 1 0 0 1 6 8 2
10 1 6 0 1 0 0 1 2 0 1 0 0 1 16 0 1 0 0 1 3 0 1 0 0 1 0 0 1 0 0 1 6 6 6
10 1 6 0 1 0 0 1 2 0 1 0 0 1 16 0 1 0 0 1 3 0 1 0 0 1 0 0 1 0 0 1 6 6 6
1 9 5 0 5 6 8 1 1 0 1 1 0 1 1 0 1 1 0 1 1 0 1 5 10 2 3 3 7 6 0 13
1 9 5 0 5 6 8 1 1 0 1 1 0 1 1 0 1 1 0 1 1 0 1 5 10 2 3 3 7 6 0 13
6 5 15 0 1 5 0 2 1 0 1 1 0 1 5 0 1 1 0 1 1 0 1 1 0 1 1 0 1 1 0 1 1 0 1
6 5 15 0 1 5 0 2 1 0 1 1 0 1 5 0 1 1 0 1 1 0 1 1 0 1 1 0 1 1 0 1 1 0 1
11 0 17 0 1 1 0 1 1 0 1 5 10 1 1 0 1 1 0 1 1 0 1 1 0 1 1 0 1 1 0 1 5 10 1
11 0 17 0 1 1 0 1 1 0 1 5 10 1 1 0 1 1 0 1 1 0 1 1 0 1 1 0 1 1 0 1 5 10 1
11 0 4 0 1 15 0 1 4 0 1 3 0 1 1 0 1 3 0 1 1 0 1 1 0 1 1 0 1 1 0 1 1 0 1
11 0 4 0 1 15 0 1 4 0 1 3 0 1 1 0 1 3 0 1 1 0 1 1 0 1 1 0 1 1 0 1 1 0 1
11 0 15 0 1 17 0 1 4 0 1 3 0 1 15 0 1 9 0 1 1 0 1 1 0 1 1 0 1 1 0 1 1 0 1
11 0 15 0 1 17 0 1 4 0 1 3 0 1 15 0 1 9 0 1 1 0 1 1 0 1 1 0 1 1 0 1 1 0 1
11 0 17 0 1 3 0 1 9 0 1 7 10 1 17 0 1 3 0 1 1 0 1 1 0 1 1 0 1 1 0 1 7 10 1
11 0 17 0 1 3 0 1 9 0 1 7 10 1 17 0 1 3 0 1 1 0 1 1 0 1 1 0 1 1 0 1 7 10 1
11 0 4 0 1 15 0 1 2 0 1 4 0 1 16 0 1 9 0 1 4 0 1 3 0 1 1 0 1 1 0 1 0 0 1
11 0 4 0 1 15 0 1 2 0 1 4 0 1 16 0 1 9 0 1 4 0 1 3 0 1 1 0 1 1 0 1 0 0 1
11 0 15 0 1 17 0 1 4 0 1 17 0 1 4 0 1 3 0 1 9 0 1 3 0 1 9 0 1 8 3 1 0 0 1
11 0 15 0 1 17 0 1 4 0 1 17 0 1 4 0 1 3 0 1 9 0 1 3 0 1 9 0 1 8 3 1 0 0 1
11 0 17 0 1 3 0 1 4 0 1 16 0 1 9 0 1 9 0 1 4 0 1 8 3 1 4 0 1 9 0 1 0 0 1
11 0 17 0 1 3 0 1 4 0 1 16 0 1 9 0 1 9 0 1 4 0 1 8 3 1 4 0 1 9 0 1 0 0 1
11 0 1 0 1 9 0 1 9 0 1 4 0 1 4 0 1 1 0 1 9 0 1 9 0 1 4 0 1 3 0 1 2 0 1
11 0 1 0 1 9 0 1 9 0 1 4 0 1 4 0 1 1 0 1 9 0 1 9 0 1 4 0 1 3 0 1 2 0 1
11 0 3 0 1 3 0 1 1 0 1 17 0 1 4 0 1 8 3 1 1 0 1 1 0 1 4 0 1 8 3 1 16 0 1
11 0 3 0 1 3 0 1 1 0 1 17 0 1 4 0 1 8 3 1 1 0 1 1 0 1 4 0 1 8 3 1 16 0 1
11 0 15 0 1 9 0 1 9 0 1 16 0 1 9 0 1 9 0 1 9 0 1 8 3 1 9 0 1 9 0 1 3 0 1
11 0 15 0 1 9 0 1 9 0 1 16 0 1 9 0 1 9 0 1 9 0 1 8 3 1 9 0 1 9 0 1 3 0 1
11 0 17 0 1 2 0 1 2 0 1 1 0 1 4 0 1 1 0 1 0 0 1 9 0 1 0 0 1 0 0 1 16 0 1
11 0 17 0 1 2 0 1 2 0 1 1 0 1 4 0 1 1 0 1 0 0 1 9 0 1 0 0 1 0 0 1 16 0 1
11 0 3 0 1 9 0 1 3 0 1 4 0 1 9 0 1 8 3 1 0 0 1 0 0 1 0 0 1 0 0 1 0 0 1
11 0 3 0 1 9 0 1 3 0 1 4 0 1 9 0 1 8 3 1 0 0 1 0 0 1 0 0 1 0 0 1 0 0 1
11 0 15 0 1 3 0 1 3 0 1 4 0 1 1 0 1 9 0 1 0 0 1 0 0 1 0 0 1 0 0 1 0 0 1
11 0 15 0 1 3 0 1 3 0 1 4 0 1 1 0 1 9 0 1 0 0 1 0 0 1 0 0 1 0 0 1 0 0 1
11 0 17 0 1 9 0 1 16 0 1 16 0 1 9 0 1 3 0 1 0 0 1 0 0 1 0 0 1 0 0 1 0 0 1
11 0 17 0 1 9 0 1 16 0 1 16 0 1 9 0 1 3 0 1 0 0 1 0 0 1 0 0 1 0 0 1 0 0 1
11 0 10 0 1 1 0 1 0 0 1 0 0 1 0 0 1 8 3 1 0 0 1 0 0 1 0 0 1 0 0 1 0 0 1
11 0 10 0 1 1 0 1 0 0 1 0 0 1 0 0 1 8 3 1 0 0 1 0 0 1 0 0 1 0 0 1 0 0 1
11 0 16 0 1 9 0 1 0 0 1 0 0 1 0 0 1 9 0 1 0 0 1 0 0 1 0 0 1 0 0 1 0 0 1
11 0 16 0 1 9 0 1 0 0 1 0 0 1 0 0 1 9 0 1 0 0 1 0 0 1 0 0 1 0 0 1 0 0 1
11 0 2 0 1 0 0 1 0 0 1 0 0 1 0 0 1 0 0 1 0 0 1 0 0 1 0 0 1 0 0 1 0 0 1
11 0 2 0 1 0 0 1 0 0 1 0 0 1 0 0 1 0 0 1 0 0 1 0 0 1 0 0 1 0 0 1 0 0 1
11 1 6 0 1 0 0 1 0 0 1 0 0 1 0 0 1 0 0 1 0 0 1 0 0 1 0 0 1 0 0 1 0 0 1 6 7 4
11 1 6 0 1 0 0 1 0 0 1 0 0 1 0 0 1 0 0 1 0 0 1 0 0 1 0 0 1 0 0 1 0 0 1 6 7 4
11 0 16 0 1 0 0 1 0 0 1 0 0 1 0 0 1 0 0 1 0 0 1 0 0 1 0 0 1 0 0 1 0 0 1
11 0 16 0 1 0 0 1 0 0 1 0 0 1 0 0 1 0 0 1 0 0 1 0 0 1 0 0 1 0 0 1 0 0 1
11 0 4 0 1 0 0 1 0 0 1 0 0 1 0 0 1 0 0 1 0 0 1 0 0 1 0 0 1 0 0 1 0 0 1
11 0 4 0 1 0 0 1 0 0 1 0 0 1 0 0 1 0 0 1 0 0 1 0 0 1 0 0 1 0 0 1 0 0 1
11 0 16 0 1 0 0 1 0 0 1 0 0 1 0 0 1 0 0 1 0 0 1 0 0 1 0 0 1 0 0 1 0 0 1
11 0 16 0 1 0 0 1 0 0 1 0 0 1 0 0 1 0 0 1 0 0 1 0 0 1 0 0 1 0 0 1 0 0 1
11 0 4 0 1 0 0 1 0 0 1 0 0 1 0 0 1 0 0 1 0 0 1 0 0 1 0 0 1 0 0 1 0 0 1
11 0 4 0 1 0 0 1 0 0 1 0 0 1 0 0 1 0 0 1 0 0 1 0 0 1 0 0 1 0 0 1 0 0 1
1 7 5 0 3 4 0 2 1 0 1 1 0 1 1 0 1 1 0 1 1 0 1 6 8 2
1 7 5 0 3 4 0 2 1 0 1 1 0 1 1 0 1 1 0 1 1 0 1 6 8 2
6 4 15 0 1 1 0 1 1 0 1 1 0 1 5 0 3 5 0 5 1 0 1 1 0 1 1 0 1 4 0 12
6 4 15 0 1 1 0 1 1 0 1 1 0 1 5 0 3 5 0 5 1 0 1 1 0 1 1 0 1 4 0 12
9 1 17 0 1 1 0 1 4 0 1 5 0 1 1 0 1 15 0 1 1 0 1 1 0 1 1 0 1 4 0 1
9 1 17 0 1 1 0 1 4 0 1 5 0 1 1 0 1 15 0 1 1 0 1 1 0 1 1 0 1 4 0 1
9 1 4 0 1 4 0 1 4 0 1 1 0 1 15 0 1 17 0 1 1 0 1 1 0 1 1 0 1 4 0 1
9 1 4 0 1 4 0 1 4 0 1 1 0 1 15 0 1 17 0 1 1 0 1 1 0 1 1 0 1 4 0 1
9 1 15 0 1 4 0 1 4 0 1 1 0 1 17 0 1 3 0 1 4 0 1 1 0 1 1 0 1 4 0 1
9 1 15 0 1 4 0 1 4 0 1 1 0 1 17 0 1 3 0 1 4 0 1 1 0 1 1 0 1 4 0 1
9 1 17 0 1 4 0 1 9 0 1 15 0 1 4 0 1 15 0 1 4 0 1 1 0 1 4 0 1 4 0 1
9 1 17 0 1 4 0 1 9 0 1 15 0 1 4 0 1 15 0 1 4 0 1 1 0 1 4 0 1 4 0 1
9 1 4 0 1 9 0 1 4 0 1 17 0 1 15 0 1 17 0 1 9 0 1 9 0 1 9 0 1 4 0 2
9 1 4 0 1 9 0 1 4 0 1 17 0 1 15 0 1 17 0 1 9 0 1 9 0 1 9 0 1 4 0 2
9 2 15 0 1 1 0 1 9 0 1 1 0 1 17 0 1 3 0 1 10 0 1 4 0 1 10 0 1 6 0 1 4 0 1
9 2 15 0 1 1 0 1 9 0 1 1 0 1 17 0 1 3 0 1 10 0 1 4 0 1 10 0 1 6 0 1 4 0 1
9 2 17 0 1 4 0 1 10 0 1 3 0 1 1 0 1 15 0 1 4 0 1 9 0 1 4 0 1 6 0 2 4 0 2
9 2 17 0 1 4 0 1 10 0 1 3 0 1 1 0 1 15 0 1 4 0 1 9 0 1 4 0 1 6 0 2 4 0 2
9 2 1 0 1 9 0 1 1 0 1 9 0 1 3 0 1 17 0 1 9 0 1 4 0 1 4 0 1 6 0 3 4 0 3
9 2 1 0 1 9 0 1 1 0 1 9 0 1 3 0 1 17 0 1 9 0 1 4 0 1 4 0 1 6 0 3 4 0 3
9 2 2 0 1 1 0 1 9 0 1 3 0 1 15 0 1 1 0 1 1 0 1 9 0 1 9 0 1 6 0 3 4 0 3
9 2 2 0 1 1 0 1 9 0 1 3 0 1 15 0 1 1 0 1 1 0 1 9 0 1 9 0 1 6 0 3 4 0 3
9 2 16 0 1 4 0 1 10 0 1 3 0 1 17 0 1 4 0 1 4 0 1 10 0 1 10 0 1 6 0 4 4 0 4
9 2 16 0 1 4 0 1 10 0 1 3 0 1 17 0 1 4 0 1 4 0 1 10 0 1 10 0 1 6 0 4 4 0 4
9 2 3 0 1 9 0 1 1 0 1 3 0 1 1 0 1 15 0 1 2 0 1 4 0 1 2 0 1 6 0 4 4 0 4
9 2 3 0 1 9 0 1 1 0 1 3 0 1 1 0 1 15 0 1 2 0 1 4 0 1 2 0 1 6 0 4 4 0 4
9 2 16 0 1 3 0 1 9 0 1 9 0 1 1 0 1 17 0 1 2 0 1 9 0 1 3 0 1 6 0 5 4 0 5
9 2 16 0 1 3 0 1 9 0 1 9 0 1 1 0 1 17 0 1 2 0 1 9 0 1 3 0 1 6 0 5 4 0 5
9 2 1 0 1 9 0 1 1 0 1 2 0 1 4 0 1 4 0 1 3 0 1 10 0 1 3 0 1 6 0 5 4 0 5
9 2 1 0 1 9 0 1 1 0 1 2 0 1 4 0 1 4 0 1 3 0 1 10 0 1 3 0 1 6 0 5 4 0 5
9 2 3 0 1 10 0 1 9 0 1 9 0 1 9 0 1 15 0 1 3 0 1 2 0 1 10 0 1 6 0 5 4 0 5
9 2 3 0 1 10 0 1 9 0 1 9 0 1 9 0 1 15 0 1 3 0 1 2 0 1 10 0 1 6 0 5 4 0 5
9 2 3 0 1 3 0 1 10 0 1 4 0 1 2 0 1 17 0 1 1 0 1 3 0 1 2 0 1 6 0 6 4 0 6
9 2 3 0 1 3 0 1 10 0 1 4 0 1 2 0 1 17 0 1 1 0 1 3 0 1 2 0 1 6 0 6 4 0 6
9 1 3 0 1 9 0 1 2 0 1 4 0 1 2 0 1 16 0 1 3 0 1 3 0 1 3 0 1 6 0 6
9 1 3 0 1 9 0 1 2 0 1 4 0 1 2 0 1 16 0 1 3 0 1 3 0 1 3 0 1 6 0 6
9 2 16 0 1 10 0 1 2 0 1 4 0 1 2 0 1 2 0 1 3 0 1 16 0 1 6 0 1 6 4 12 6 7 4
9 2 16 0 1 10 0 1 2 0 1 4 0 1 2 0 1 2 0 1 3 0 1 16 0 1 6 0 1 6 4 12 6 7 4
9 0 2 0 1 2 0 1 2 0 1 4 0 1 16 0 1 16 0 1 2 0 1 2 0 1 10 0 1
9 0 2 0 1 2 0 1 2 0 1 4 0 1 16 0 1 16 0 1 2 0 1 2 0 1 10 0 1
9 2 1 0 1 1 0 1 3 0 1 16 0 1 3 0 1 3 0 1 6 0 1 2 0 1 6 0 1 6 4 6 6 6 3
9 2 1 0 1 1 0 1 3 0 1 16 0 1 3 0 1 3 0 1 6 0 1 2 0 1 6 0 1 6 4 6 6 6 3
9 2 2 0 1 3 0 1 3 0 1 0 0 1 16 0 1 16 0 1 16 0 1 6 0 1 0 0 1 6 4 6 6 4 6
9 2 2 0 1 3 0 1 3 0 1 0 0 1 16 0 1 16 0 1 16 0 1 6 0 1 0 0 1 6 4 6 6 4 6
9 0 1 0 1 3 0 1 3 0 1 0 0 1 0 0 1 3 0 1 0 0 1 0 0 1 0 0 1
9 0 1 0 1 3 0 1 3 0 1 0 0 1 0 0 1 3 0 1 0 0 1 0 0 1 0 0 1
9 0 2 0 1 9 0 1 3 0 1 0 0 1 0 0 1 16 0 1 0 0 1 0 0 1 0 0 1
9 0 2 0 1 9 0 1 3 0 1 0 0 1 0 0 1 16 0 1 0 0 1 0 0 1 0 0 1
1 10 5 0 5 6 4 30 6 8 9 1 0 1 1 0 1 1 0 1 1 0 1 1 0 1 2 0 1 5 11 2 3 4 12
1 10 5 0 5 6 4 30 6 8 9 1 0 1 1 0 1 1 0 1 1 0 1 1 0 1 2 0 1 5 11 2 3 4 12
6 6 6 0 1 5 0 4 5 0 2 4 0 1 5 0 2 3 0 1 1 0 1 1 0 1 1 0 1 1 0 1 1 0 1 3 3 23
6 6 6 0 1 5 0 4 5 0 2 4 0 1 5 0 2 3 0 1 1 0 1 1 0 1 1 0 1 1 0 1 1 0 1 3 3 23
11 5 5 0 4 15 0 1 5 11 2 2 0 1 1 0 1 3 0 1 4 0 1 1 0 1 1 0 1 4 0 1 1 0 1 1 0 1 1 0 1 1 0 1 1 0 1 4 0 16
11 5 5 0 4 15 0 1 5 11 2 2 0 1 1 0 1 3 0 1 4 0 1 1 0 1 1 0 1 4 0 1 1 0 1 1 0 1 1 0 1 1 0 1 1 0 1 4 0 16
15 1 15 0 1 17 0 1 14 0 1 8 3 1 15 0 1 3 0 1 2 0 1 1 0 1 3 0 1 4 0 1 4 0 1 4 0 1 1 0 1 1 0 1 1 0 1 4 0 1
15 1 15 0 1 17 0 1 14 0 1 8 3 1 15 0 1 3 0 1 2 0 1 1 0 1 3 0 1 4 0 1 4 0 1 4 0 1 1 0 1 1 0 1 1 0 1 4 0 1
15 1 17 0 1 3 0 1 7 11 1 9 0 1 17 0 1 9 0 1 9 0 1 1 0 1 3 0 1 4 0 1 4 0 1 2 0 1 1 0 1 1 0 1 1 0 1 4 0 2
15 1 17 0 1 3 0 1 7 11 1 9 0 1 17 0 1 9 0 1 9 0 1 1 0 1 3 0 1 4 0 1 4 0 1 2 0 1 1 0 1 1 0 1 1 0 1 4 0 2
15 0 4 0 1 15 0 1 15 0 1 4 0 1 1 0 1 3 0 1 2 0 1 1 0 1 17 0 1 9 0 1 4 0 1 2 0 1 1 0 1 1 0 1 1 0 1
15 0 4 0 1 15 0 1 15 0 1 4 0 1 1 0 1 3 0 1 2 0 1 1 0 1 17 0 1 9 0 1 4 0 1 2 0 1 1 0 1 1 0 1 1 0 1
15 1 15 0 1 17 0 1 17 0 1 8 3 1 15 0 1 9 0 1 8 3 1 9 0 1 16 0 1 4 0 1 4 0 1 2 0 1 9 0 1 17 0 1 1 0 1 4 0 2
15 1 15 0 1 17 0 1 17 0 1 8 3 1 15 0 1 9 0 1 8 3 1 9 0 1 16 0 1 4 0 1 4 0 1 2 0 1 9 0 1 17 0 1 1 0 1 4 0 2
15 2 17 0 1 1 0 1 4 0 1 9 0 1 17 0 1 1 0 1 9 0 1 3 0 1 1 0 1 8 4 1 9 0 1 8 3 1 4 0 1 16 0 1 10 0 1 6 0 2 4 0 2
15 2 17 0 1 1 0 1 4 0 1 9 0 1 17 0 1 1 0 1 9 0 1 3 0 1 1 0 1 8 4 1 9 0 1 8 3 1 4 0 1 16 0 1 10 0 1 6 0 2 4 0 2
15 2 4 0 1 15 0 1 14 0 1 4 0 1 16 0 1 9 0 1 4 0 1 9 0 1 9 0 1 9 0 1 3 0 1 9 0 1 8 4 1 3 0 1 8 4 1 6 0 2 4 0 2
15 2 4 0 1 15 0 1 14 0 1 4 0 1 16 0 1 9 0 1 4 0 1 9 0 1 9 0 1 9 0 1 3 0 1 9 0 1 8 4 1 3 0 1 8 4 1 6 0 2 4 0 2
15 2 15 0 1 17 0 1 7 11 1 8 3 1 4 0 1 1 0 1 8 3 1 3 0 1 3 0 1 1 0 1 3 0 1 4 0 1 9 0 1 9 0 1 9 0 1 6 0 3 4 0 3
15 2 15 0 1 17 0 1 7 11 1 8 3 1 4 0 1 1 0 1 8 3 1 3 0 1 3 0 1 1 0 1 3 0 1 4 0 1 9 0 1 9 0 1 9 0 1 6 0 3 4 0 3
15 2 17 0 1 4 0 1 15 0 1 9 0 1 8 4 1 4 0 1 9 0 1 9 0 1 9 0 1 8 4 1 17 0 1 8 3 1 4 0 1 3 0 1 4 0 1 6 0 4 4 0 4
15 2 17 0 1 4 0 1 15 0 1 9 0 1 8 4 1 4 0 1 9 0 1 9 0 1 9 0 1 8 4 1 17 0 1 8 3 1 4 0 1 3 0 1 4 0 1 6 0 4 4 0 4
15 2 1 0 1 15 0 1 17 0 1 4 0 1 9 0 1 9 0 1 4 0 1 3 0 1 0 0 1 9 0 1 3 0 1 9 0 1 8 4 1 9 0 1 9 0 1 6 0 5 4 0 5
15 2 1 0 1 15 0 1 17 0 1 4 0 1 9 0 1 9 0 1 4 0 1 3 0 1 0 0 1 9 0 1 3 0 1 9 0 1 8 4 1 9 0 1 9 0 1 6 0 5 4 0 5
15 2 3 0 1 17 0 1 4 0 1 8 3 1 4 0 1 1 0 1 8 3 1 9 0 1 0 0 1 1 0 1 16 0 1 4 0 1 9 0 1 1 0 1 2 0 1 6 0 6 4 0 6
15 2 3 0 1 17 0 1 4 0 1 8 3 1 4 0 1 1 0 1 8 3 1 9 0 1 0 0 1 1 0 1 16 0 1 4 0 1 9 0 1 1 0 1 2 0 1 6 0 6 4 0 6
15 2 15 0 1 16 0 1 8 3 1 9 0 1 9 0 1 9 0 1 9 0 1 3 0 1 0 0 1 10 0 1 2 0 1 8 3 1 4 0 1 9 0 1 2 0 1 6 0 6 4 0 6
15 2 15 0 1 16 0 1 8 3 1 9 0 1 9 0 1 9 0 1 9 0 1 3 0 1 0 0 1 10 0 1 2 0 1 8 3 1 4 0 1 9 0 1 2 0 1 6 0 6 4 0 6
15 2 16 0 1 2 0 1 9 0 1 4 0 1 4 0 1 0 0 1 4 0 1 9 0 1 0 0 1 8 4 1 16 0 1 9 0 1 9 0 1 0 0 1 2 0 1 6 0 7 4 0 7
15 2 16 0 1 2 0 1 9 0 1 4 0 1 4 0 1 0 0 1 4 0 1 9 0 1 0 0 1 8 4 1 16 0 1 9 0 1 9 0 1 0 0 1 2 0 1 6 0 7 4 0 7
15 2 4 0 1 16 0 1 4 0 1 8 3 1 8 4 1 0 0 1 8 3 1 0 0 1 0 0 1 9 0 1 0 0 1 2 0 1 1 0 1 0 0 1 2 0 1 6 0 7 4 0 7
15 2 4 0 1 16 0 1 4 0 1 8 3 1 8 4 1 0 0 1 8 3 1 0 0 1 0 0 1 9 0 1 0 0 1 2 0 1 1 0 1 0 0 1 2 0 1 6 0 7 4 0 7
15 2 8 4 1 3 0 1 8 3 1 9 0 1 9 0 1 0 0 1 9 0 1 0 0 1 0 0 1 1 0 1 4 0 1 8 3 1 8 4 1 0 0 1 3 0 1 6 0 7 4 0 7
15 2 8 4 1 3 0 1 8 3 1 9 0 1 9 0 1 0 0 1 9 0 1 0 0 1 0 0 1 1 0 1 4 0 1 8 3 1 8 4 1 0 0 1 3 0 1 6 0 7 4 0 7
15 3 9 0 1 16 0 1 9 0 1 2 0 1 0 0 1 0 0 1 2 0 1 0 0 1 0 0 1 8 4 1 10 0 1 9 0 1 9 0 1 0 0 1 6 0 1 6 4 6 6 0 7 4 0 7
15 3 9 0 1 16 0 1 9 0 1 2 0 1 0 0 1 0 0 1 2 0 1 0 0 1 0 0 1 8 4 1 10 0 1 9 0 1 9 0 1 0 0 1 6 0 1 6 4 6 6 0 7 4 0 7
15 2 2 0 1 1 0 1 4 0 1 8 3 1 0 0 1 0 0 1 8 3 1 0 0 1 0 0 1 9 0 1 3 0 1 4 0 1 3 0 1 0 0 1 0 0 1 6 0 7 4 0 7
15 2 2 0 1 1 0 1 4 0 1 8 3 1 0 0 1 0 0 1 8 3 1 0 0 1 0 0 1 9 0 1 3 0 1 4 0 1 3 0 1 0 0 1 0 0 1 6 0 7 4 0 7
15 3 10 0 1 16 0 1 8 3 1 9 0 1 0 0 1 0 0 1 9 0 1 0 0 1 0 0 1 1 0 1 6 0 1 8 3 1 8 4 1 0 0 1 0 0 1 6 6 3 6 0 7 4 0 7
15 3 10 0 1 16 0 1 8 3 1 9 0 1 0 0 1 0 0 1 9 0 1 0 0 1 0 0 1 1 0 1 6 0 1 8 3 1 8 4 1 0 0 1 0 0 1 6 6 3 6 0 7 4 0 7
15 2 16 0 1 0 0 1 9 0 1 2 0 1 0 0 1 0 0 1 4 0 1 0 0 1 0 0 1 9 0 1 0 0 1 9 0 1 9 0 1 0 0 1 0 0 1 6 8 2 6 0 7
15 2 16 0 1 0 0 1 9 0 1 2 0 1 0 0 1 0 0 1 4 0 1 0 0 1 0 0 1 9 0 1 0 0 1 9 0 1 9 0 1 0 0 1 0 0 1 6 8 2 6 0 7
15 0 3 0 1 0 0 1 2 0 1 2 0 1 0 0 1 0 0 1 8 3 1 0 0 1 0 0 1 2 0 1 0 0 1 3 0 1 0 0 1 0 0 1 0 0 1
15 0 3 0 1 0 0 1 2 0 1 2 0 1 0 0 1 0 0 1 8 3 1 0 0 1 0 0 1 2 0 1 0 0 1 3 0 1 0 0 1 0 0 1 0 0 1
15 0 16 0 1 0 0 1 2 0 1 3 0 1 0 0 1 0 0 1 9 0 1 0 0 1 0 0 1 2 0 1 0 0 1 3 0 1 0 0 1 0 0 1 0 0 1
15 0 16 0 1 0 0 1 2 0 1 3 0 1 0 0 1 0 0 1 9 0 1 0 0 1 0 0 1 2 0 1 0 0 1 3 0 1 0 0 1 0 0 1 0 0 1
15 0 3 0 1 0 0 1 0 0 1 0 0 1 0 0 1 0 0 1 0 0 1 0 0 1 0 0 1 2 0 1 0 0 1 0 0 1 0 0 1 0 0 1 0 0 1
15 0 3 0 1 0 0 1 0 0 1 0 0 1 0 0 1 0 0 1 0 0 1 0 0 1 0 0 1 2 0 1 0 0 1 0 0 1 0 0 1 0 0 1 0 0 1
1 9 5 0 3 6 4 6 6 6 6 6 8 10 1 0 1 1 0 1 1 0 1 1 0 1 1 0 1 3 0 7
1 9 5 0 3 6 4 6 6 6 6 6 8 10 1 0 1 1 0 1 1 0 1 1 0 1 1 0 1 3 0 7
6 3 15 0 1 5 0 5 5 0 2 4 0 1 5 0 2 5 0 1 1 0 1 1 0 1 4 0 14
6 3 15 0 1 5 0 5 5 0 2 4 0 1 5 0 2 5 0 1 1 0 1 1 0 1 4 0 14
8 1 17 0 1 15 0 1 15 0 1 2 0 1 1 0 1 1 0 1 1 0 1 1 0 1 4 0 1
8 1 17 0 1 15 0 1 15 0 1 2 0 1 1 0 1 1 0 1 1 0 1 1 0 1 4 0 1
8 1 4 0 1 17 0 1 17 0 1 2 0 1 15 0 1 1 0 1 5 0 1 1 0 1 4 0 2
8 1 4 0 1 17 0 1 17 0 1 2 0 1 15 0 1 1 0 1 5 0 1 1 0 1 4 0 2
8 1 15 0 1 3 0 1 4 0 1 2 0 1 17 0 1 15 0 1 1 0 1 1 0 1 4 0 1
8 1 15 0 1 3 0 1 4 0 1 2 0 1 17 0 1 15 0 1 1 0 1 1 0 1 4 0 1
8 1 17 0 1 15 0 1 15 0 1 2 0 1 4 0 1 17 0 1 1 0 1 4 0 1 4 0 2
8 1 17 0 1 15 0 1 15 0 1 2 0 1 4 0 1 17 0 1 1 0 1 4 0 1 4 0 2
8 1 4 0 1 17 0 1 17 0 1 8 3 1 15 0 1 1 0 1 4 0 1 4 0 1 4 0 2
8 1 4 0 1 17 0 1 17 0 1 8 3 1 15 0 1 1 0 1 4 0 1 4 0 1 4 0 2
8 2 15 0 1 3 0 1 16 0 1 9 0 1 17 0 1 9 0 1 15 0 1 4 0 1 6 0 3 4 0 1
8 2 15 0 1 3 0 1 16 0 1 9 0 1 17 0 1 9 0 1 15 0 1 4 0 1 6 0 3 4 0 1
8 2 17 0 1 15 0 1 3 0 1 4 0 1 10 0 1 3 0 1 17 0 1 9 0 1 6 0 3 4 0 5
8 2 17 0 1 15 0 1 3 0 1 4 0 1 10 0 1 3 0 1 17 0 1 9 0 1 6 0 3 4 0 5
8 2 16 0 1 17 0 1 16 0 1 8 3 1 16 0 1 9 0 1 16 0 1 10 0 1 6 0 6 4 0 4
8 2 16 0 1 17 0 1 16 0 1 8 3 1 16 0 1 9 0 1 16 0 1 10 0 1 6 0 6 4 0 4
8 2 4 0 1 1 0 1 1 0 1 9 0 1 4 0 1 3 0 1 1 0 1 8 0 1 6 0 4 4 0 2
8 2 4 0 1 1 0 1 1 0 1 9 0 1 4 0 1 3 0 1 1 0 1 8 0 1 6 0 4 4 0 2
8 2 9 0 1 4 0 1 1 0 1 4 0 1 4 0 1 3 0 1 9 0 1 9 0 1 6 0 2 4 0 4
8 2 9 0 1 4 0 1 1 0 1 4 0 1 4 0 1 3 0 1 9 0 1 9 0 1 6 0 2 4 0 4
8 2 10 0 1 15 0 1 3 0 1 4 0 1 9 0 1 3 0 1 10 0 1 1 0 1 6 0 4 4 0 2
8 2 10 0 1 15 0 1 3 0 1 4 0 1 9 0 1 3 0 1 10 0 1 1 0 1 6 0 4 4 0 2
8 1 8 0 1 17 0 1 3 0 1 4 0 1 10 0 1 9 0 1 8 0 1 4 0 1 6 0 3
8 1 8 0 1 17 0 1 3 0 1 4 0 1 10 0 1 9 0 1 8 0 1 4 0 1 6 0 3
8 0 9 0 1 4 0 1 16 0 1 8 3 1 8 0 1 2 0 1 9 0 1 9 0 1
8 0 9 0 1 4 0 1 16 0 1 8 3 1 8 0 1 2 0 1 9 0 1 9 0 1
8 0 3 0 1 15 0 1 0 0 1 9 0 1 9 0 1 9 0 1 1 0 1 10 0 1
8 0 3 0 1 15 0 1 0 0 1 9 0 1 9 0 1 9 0 1 1 0 1 10 0 1
8 1 3 0 1 17 0 1 0 0 1 0 0 1 3 0 1 4 0 1 4 0 1 8 0 1 6 0 1
8 1 3 0 1 17 0 1 0 0 1 0 0 1 3 0 1 4 0 1 4 0 1 8 0 1 6 0 1
8 0 10 0 1 16 0 1 0 0 1 0 0 1 3 0 1 4 0 1 9 0 1 9 0 1
8 0 10 0 1 16 0 1 0 0 1 0 0 1 3 0 1 4 0 1 9 0 1 9 0 1
8 0 16 0 1 2 0 1 0 0 1 0 0 1 3 0 1 4 0 1 10 0 1 1 0 1
8 0 16 0 1 2 0 1 0 0 1 0 0 1 3 0 1 4 0 1 10 0 1 1 0 1
8 0 3 0 1 16 0 1 0 0 1 0 0 1 10 0 1 4 0 1 8 0 1 4 0 1
8 0 3 0 1 16 0 1 0 0 1 0 0 1 10 0 1 4 0 1 8 0 1 4 0 1
8 1 6 0 1 3 0 1 0 0 1 0 0 1 16 0 1 16 0 1 9 0 1 9 0 1 6 6 3
8 1 6 0 1 3 0 1 0 0 1 0 0 1 16 0 1 16 0 1 9 0 1 9 0 1 6 6 3
8 1 10 0 1 16 0 1 0 0 1 0 0 1 2 0 1 0 0 1 2 0 1 10 0 1 6 8 2
8 1 10 0 1 16 0 1 0 0 1 0 0 1 2 0 1 0 0 1 2 0 1 10 0 1 6 8 2
8 2 6 0 1 3 0 1 0 0 1 0 0 1 6 0 1 0 0 1 2 0 1 8 0 1 6 7 8 6 6 3
8 2 6 0 1 3 0 1 0 0 1 0 0 1 6 0 1 0 0 1 2 0 1 8 0 1 6 7 8 6 6 3
8 1 16 0 1 16 0 1 0 0 1 0 0 1 0 0 1 0 0 1 2 0 1 9 0 1 6 8 2
8 1 16 0 1 16 0 1 0 0 1 0 0 1 0 0 1 0 0 1 2 0 1 9 0 1 6 8 2
1 7 5 0 5 6 8 10 6 0 14 1 0 1 1 0 1 1 0 1 1 0 1 1 0 1
1 7 5 0 5 6 8 10 6 0 14 1 0 1 1 0 1 1 0 1 1 0 1 1 0 1
6 4 15 0 1 5 0 3 5 0 2 4 0 1 5 0 1 5 0 3 1 0 1 1 0 1 1 0 1 1 0 1
6 4 15 0 1 5 0 3 5 0 2 4 0 1 5 0 1 5 0 3 1 0 1 1 0 1 1 0 1 1 0 1
10 0 17 0 1 15 0 1 15 0 1 2 0 1 1 0 1 1 0 1 4 0 1 1 0 1 1 0 1 1 0 1
10 0 17 0 1 15 0 1 15 0 1 2 0 1 1 0 1 1 0 1 4 0 1 1 0 1 1 0 1 1 0 1
10 0 4 0 1 17 0 1 17 0 1 9 0 1 1 0 1 15 0 1 2 0 1 1 0 1 1 0 1 1 0 1
10 0 4 0 1 17 0 1 17 0 1 9 0 1 1 0 1 15 0 1 2 0 1 1 0 1 1 0 1 1 0 1
10 0 15 0 1 3 0 1 4 0 1 2 0 1 15 0 1 17 0 1 2 0 1 1 0 1 1 0 1 1 0 1
10 0 15 0 1 3 0 1 4 0 1 2 0 1 15 0 1 17 0 1 2 0 1 1 0 1 1 0 1 1 0 1
10 0 17 0 1 15 0 1 15 0 1 9 0 1 17 0 1 3 0 1 9 0 1 1 0 1 4 0 1 1 0 1
10 0 17 0 1 15 0 1 15 0 1 9 0 1 17 0 1 3 0 1 9 0 1 1 0 1 4 0 1 1 0 1
10 0 4 0 1 17 0 1 17 0 1 4 0 1 4 0 1 15 0 1 2 0 1 1 0 1 9 0 1 9 0 1
10 0 4 0 1 17 0 1 17 0 1 4 0 1 4 0 1 15 0 1 2 0 1 1 0 1 9 0 1 9 0 1
10 0 15 0 1 3 0 1 4 0 1 9 0 1 9 0 1 17 0 1 9 0 1 3 0 1 4 0 1 3 0 1
10 0 15 0 1 3 0 1 4 0 1 9 0 1 9 0 1 17 0 1 9 0 1 3 0 1 4 0 1 3 0 1
10 0 17 0 1 15 0 1 9 0 1 4 0 1 4 0 1 1 0 1 2 0 1 9 0 1 9 0 1 9 0 1
10 0 17 0 1 15 0 1 9 0 1 4 0 1 4 0 1 1 0 1 2 0 1 9 0 1 9 0 1 9 0 1
10 0 1 0 1 17 0 1 4 0 1 9 0 1 4 0 1 9 0 1 4 0 1 3 0 1 1 0 1 3 0 1
10 0 1 0 1 17 0 1 4 0 1 9 0 1 4 0 1 9 0 1 4 0 1 3 0 1 1 0 1 3 0 1
10 0 9 0 1 3 0 1 9 0 1 4 0 1 9 0 1 4 0 1 4 0 1 9 0 1 9 0 1 9 0 1
10 0 9 0 1 3 0 1 9 0 1 4 0 1 9 0 1 4 0 1 4 0 1 9 0 1 9 0 1 9 0 1
10 0 3 0 1 9 0 1 4 0 1 9 0 1 4 0 1 15 0 1 9 0 1 3 0 1 4 0 1 2 0 1
10 0 3 0 1 9 0 1 4 0 1 9 0 1 4 0 1 15 0 1 9 0 1 3 0 1 4 0 1 2 0 1
10 0 15 0 1 3 0 1 9 0 1 4 0 1 9 0 1 17 0 1 4 0 1 9 0 1 9 0 1 9 0 1
10 0 15 0 1 3 0 1 9 0 1 4 0 1 9 0 1 17 0 1 4 0 1 9 0 1 9 0 1 9 0 1
10 0 17 0 1 9 0 1 2 0 1 9 0 1 2 0 1 3 0 1 9 0 1 3 0 1 2 0 1 3 0 1
10 0 17 0 1 9 0 1 2 0 1 9 0 1 2 0 1 3 0 1 9 0 1 3 0 1 2 0 1 3 0 1
10 0 3 0 1 1 0 1 9 0 1 2 0 1 9 0 1 3 0 1 1 0 1 9 0 1 4 0 1 9 0 1
10 0 3 0 1 1 0 1 9 0 1 2 0 1 9 0 1 3 0 1 1 0 1 9 0 1 4 0 1 9 0 1
10 0 15 0 1 9 0 1 3 0 1 9 0 1 2 0 1 9 0 1 9 0 1 2 0 1 9 0 1 2 0 1
10 0 15 0 1 9 0 1 3 0 1 9 0 1 2 0 1 9 0 1 9 0 1 2 0 1 9 0 1 2 0 1
10 0 17 0 1 4 0 1 9 0 1 3 0 1 9 0 1 2 0 1 3 0 1 2 0 1 1 0 1 9 0 1
10 0 17 0 1 4 0 1 9 0 1 3 0 1 9 0 1 2 0 1 3 0 1 2 0 1 1 0 1 9 0 1
10 0 16 0 1 9 0 1 3 0 1 3 0 1 1 0 1 9 0 1 9 0 1 4 0 1 3 0 1 2 0 1
10 0 16 0 1 9 0 1 3 0 1 3 0 1 1 0 1 9 0 1 9 0 1 4 0 1 3 0 1 2 0 1
10 0 2 0 1 2 0 1 9 0 1 3 0 1 1 0 1 4 0 1 1 0 1 4 0 1 3 0 1 4 0 1
10 0 2 0 1 2 0 1 9 0 1 3 0 1 1 0 1 4 0 1 1 0 1 4 0 1 3 0 1 4 0 1
10 0 16 0 1 4 0 1 3 0 1 9 0 1 3 0 1 10 0 1 1 0 1 4 0 1 3 0 1 4 0 1
10 0 16 0 1 4 0 1 3 0 1 9 0 1 3 0 1 10 0 1 1 0 1 4 0 1 3 0 1 4 0 1
10 0 4 0 1 16 0 1 9 0 1 0 0 1 3 0 1 16 0 1 1 0 1 4 0 1 3 0 1 4 0 1
10 0 4 0 1 16 0 1 9 0 1 0 0 1 3 0 1 16 0 1 1 0 1 4 0 1 3 0 1 4 0 1
10 0 16 0 1 4 0 1 1 0 1 0 0 1 3 0 1 1 0 1 1 0 1 4 0 1 9 0 1 16 0 1
10 0 16 0 1 4 0 1 1 0 1 0 0 1 3 0 1 1 0 1 1 0 1 4 0 1 9 0 1 16 0 1
10 0 4 0 1 16 0 1 16 0 1 0 0 1 3 0 1 4 0 1 16 0 1 16 0 1 0 0 1 2 0 1
10 0 4 0 1 16 0 1 16 0 1 0 0 1 3 0 1 4 0 1 16 0 1 16 0 1 0 0 1 2 0 1
10 0 10 0 1 4 0 1 3 0 1 0 0 1 10 0 1 16 0 1 0 0 1 0 0 1 0 0 1 16 0 1
10 0 10 0 1 4 0 1 3 0 1 0 0 1 10 0 1 16 0 1 0 0 1 0 0 1 0 0 1 16 0 1
1 9 5 0 4 6 7 6 6 6 9 6 8 12 1 0 1 1 0 1 1 0 1 1 0 1 1 0 1 4 0 14
1 9 5 0 4 6 7 6 6 6 9 6 8 12 1 0 1 1 0 1 1 0 1 1 0 1 1 0 1 4 0 14
6 0 15 0 1 5 0 2 1 0 1 1 0 1 5 0 2 5 0 5
6 0 15 0 1 5 0 2 1 0 1 1 0 1 5 0 2 5 0 5
6 1 17 0 1 1 0 1 1 0 1 5 0 1 2 0 1 15 0 1 4 0 1
6 1 17 0 1 1 0 1 1 0 1 5 0 1 2 0 1 15 0 1 4 0 1
6 1 4 0 1 4 0 1 1 0 1 1 0 1 15 0 1 17 0 1 4 0 1
6 1 4 0 1 4 0 1 1 0 1 1 0 1 15 0 1 17 0 1 4 0 1
6 1 15 0 1 15 0 1 1 0 1 1 0 1 17 0 1 3 0 1 4 0 1
6 1 15 0 1 15 0 1 1 0 1 1 0 1 17 0 1 3 0 1 4 0 1
6 1 17 0 1 17 0 1 9 0 1 15 0 1 4 0 1 15 0 1 4 0 2
6 1 17 0 1 17 0 1 9 0 1 15 0 1 4 0 1 15 0 1 4 0 2
6 1 4 0 1 1 0 1 1 0 1 17 0 1 15 0 1 17 0 1 4 0 2
6 1 4 0 1 1 0 1 1 0 1 17 0 1 15 0 1 17 0 1 4 0 2
6 2 15 0 1 15 0 1 4 0 1 1 0 1 17 0 1 3 0 1 6 0 1 4 0 1
6 2 15 0 1 15 0 1 4 0 1 1 0 1 17 0 1 3 0 1 6 0 1 4 0 1
6 2 17 0 1 17 0 1 9 0 1 9 0 1 2 0 1 15 0 1 6 0 3 4 0 3
6 2 17 0 1 17 0 1 9 0 1 9 0 1 2 0 1 15 0 1 6 0 3 4 0 3
6 2 1 0 1 4 0 1 4 0 1 3 0 1 2 0 1 17 0 1 6 0 4 4 0 4
6 2 1 0 1 4 0 1 4 0 1 3 0 1 2 0 1 17 0 1 6 0 4 4 0 4
6 2 3 0 1 4 0 1 4 0 1 9 0 1 2 0 1 1 0 1 6 0 4 4 0 4
6 2 3 0 1 4 0 1 4 0 1 9 0 1 2 0 1 1 0 1 6 0 4 4 0 4
6 2 15 0 1 9 0 1 4 0 1 3 0 1 2 0 1 4 0 1 6 0 4 4 0 4
6 2 15 0 1 9 0 1 4 0 1 3 0 1 2 0 1 4 0 1 6 0 4 4 0 4
6 2 17 0 1 1 0 1 9 0 1 3 0 1 9 0 1 15 0 1 6 0 5 4 0 5
6 2 17 0 1 1 0 1 9 0 1 3 0 1 9 0 1 15 0 1 6 0 5 4 0 5
6 2 4 0 1 4 0 1 2 0 1 3 0 1 3 0 1 17 0 1 6 0 6 4 0 6
6 2 4 0 1 4 0 1 2 0 1 3 0 1 3 0 1 17 0 1 6 0 6 4 0 6
6 2 4 0 1 9 0 1 2 0 1 9 0 1 9 0 1 4 0 1 6 0 6 4 0 6
6 2 4 0 1 9 0 1 2 0 1 9 0 1 9 0 1 4 0 1 6 0 6 4 0 6
6 2 9 0 1 2 0 1 2 0 1 2 0 1 4 0 1 15 0 1 6 0 6 4 0 6
6 2 9 0 1 2 0 1 2 0 1 2 0 1 4 0 1 15 0 1 6 0 6 4 0 6
6 2 2 0 1 3 0 1 3 0 1 9 0 1 4 0 1 17 0 1 6 0 7 4 0 7
6 2 2 0 1 3 0 1 3 0 1 9 0 1 4 0 1 17 0 1 6 0 7 4 0 7
6 1 9 0 1 2 0 1 3 0 1 4 0 1 4 0 1 10 0 1 4 0 7
6 1 9 0 1 2 0 1 3 0 1 4 0 1 4 0 1 10 0 1 4 0 7
6 0 1 0 1 3 0 1 3 0 1 4 0 1 4 0 1 16 0 1
6 0 1 0 1 3 0 1 3 0 1 4 0 1 4 0 1 16 0 1
6 0 3 0 1 3 0 1 16 0 1 4 0 1 9 0 1 2 0 1
6 0 3 0 1 3 0 1 16 0 1 4 0 1 9 0 1 2 0 1
6 1 2 0 1 16 0 1 2 0 1 4 0 1 1 0 1 6 0 1 6 7 2
6 1 2 0 1 16 0 1 2 0 1 4 0 1 1 0 1 6 0 1 6 7 2
6 2 16 0 1 1 0 1 16 0 1 16 0 1 1 0 1 16 0 1 6 7 2 6 8 1
6 2 16 0 1 1 0 1 16 0 1 16 0 1 1 0 1 16 0 1 6 7 2 6 8 1
6 0 1 0 1 16 0 1 2 0 1 0 0 1 1 0 1 3 0 1
6 0 1 0 1 16 0 1 2 0 1 0 0 1 1 0 1 3 0 1
6 0 3 0 1 2 0 1 16 0 1 0 0 1 1 0 1 16 0 1
6 0 3 0 1 2 0 1 16 0 1 0 0 1 1 0 1 16 0 1
1 7 5 0 4 6 8 9 6 7 2 1 0 1 1 0 1 1 0 1 1 0 1 1 0 1
1 7 5 0 4 6 8 9 6 7 2 1 0 1 1 0 1 1 0 1 1 0 1 1 0 1
6 5 15 0 1 5 0 3 5 0 2 4 0 1 5 0 1 5 0 3 1 0 1 1 0 1 1 0 1 1 0 1 1 0 1
6 5 15 0 1 5 0 3 5 0 2 4 0 1 5 0 1 5 0 3 1 0 1 1 0 1 1 0 1 1 0 1 1 0 1
11 3 17 0 1 15 0 1 15 0 1 2 0 1 1 0 1 1 0 1 1 0 1 4 0 1 1 0 1 1 0 1 5 0 1 1 0 1 1 0 1 1 0 1
11 3 17 0 1 15 0 1 15 0 1 2 0 1 1 0 1 1 0 1 1 0 1 4 0 1 1 0 1 1 0 1 5 0 1 1 0 1 1 0 1 1 0 1
14 0 4 0 1 17 0 1 17 0 1 9 0 1 1 0 1 15 0 1 1 0 1 2 0 1 1 0 1 1 0 1 1 0 1 1 0 1 4 0 1 1 0 1
14 0 4 0 1 17 0 1 17 0 1 9 0 1 1 0 1 15 0 1 1 0 1 2 0 1 1 0 1 1 0 1 1 0 1 1 0 1 4 0 1 1 0 1
14 0 15 0 1 3 0 1 4 0 1 2 0 1 15 0 1 17 0 1 1 0 1 2 0 1 1 0 1 1 0 1 1 0 1 1 0 1 4 0 1 1 0 1
14 0 15 0 1 3 0 1 4 0 1 2 0 1 15 0 1 17 0 1 1 0 1 2 0 1 1 0 1 1 0 1 1 0 1 1 0 1 4 0 1 1 0 1
14 0 17 0 1 15 0 1 15 0 1 9 0 1 17 0 1 3 0 1 1 0 1 9 0 1 1 0 1 1 0 1 15 0 1 1 0 1 4 0 1 1 0 1
14 0 17 0 1 15 0 1 15 0 1 9 0 1 17 0 1 3 0 1 1 0 1 9 0 1 1 0 1 1 0 1 15 0 1 1 0 1 4 0 1 1 0 1
14 0 4 0 1 17 0 1 17 0 1 4 0 1 4 0 1 15 0 1 1 0 1 2 0 1 9 0 1 9 0 1 17 0 1 4 0 1 9 0 1 1 0 1
14 0 4 0 1 17 0 1 17 0 1 4 0 1 4 0 1 15 0 1 1 0 1 2 0 1 9 0 1 9 0 1 17 0 1 4 0 1 9 0 1 1 0 1
14 0 15 0 1 3 0 1 4 0 1 9 0 1 9 0 1 17 0 1 3 0 1 9 0 1 4 0 1 3 0 1 1 0 1 4 0 1 1 0 1 4 0 1
14 0 15 0 1 3 0 1 4 0 1 9 0 1 9 0 1 17 0 1 3 0 1 9 0 1 4 0 1 3 0 1 1 0 1 4 0 1 1 0 1 4 0 1
14 0 17 0 1 15 0 1 9 0 1 4 0 1 4 0 1 1 0 1 9 0 1 2 0 1 9 0 1 9 0 1 1 0 1 4 0 1 9 0 1 9 0 1
14 0 17 0 1 15 0 1 9 0 1 4 0 1 4 0 1 1 0 1 9 0 1 2 0 1 9 0 1 9 0 1 1 0 1 4 0 1 9 0 1 9 0 1
14 0 1 0 1 17 0 1 4 0 1 9 0 1 4 0 1 9 0 1 3 0 1 4 0 1 4 0 1 3 0 1 4 0 1 9 0 1 4 0 1 4 0 1
14 0 1 0 1 17 0 1 4 0 1 9 0 1 4 0 1 9 0 1 3 0 1 4 0 1 4 0 1 3 0 1 4 0 1 9 0 1 4 0 1 4 0 1
14 0 9 0 1 3 0 1 9 0 1 4 0 1 9 0 1 4 0 1 9 0 1 4 0 1 9 0 1 9 0 1 9 0 1 3 0 1 9 0 1 9 0 1
14 0 9 0 1 3 0 1 9 0 1 4 0 1 9 0 1 4 0 1 9 0 1 4 0 1 9 0 1 9 0 1 9 0 1 3 0 1 9 0 1 9 0 1
14 0 3 0 1 9 0 1 4 0 1 9 0 1 4 0 1 15 0 1 3 0 1 9 0 1 4 0 1 2 0 1 4 0 1 3 0 1 2 0 1 4 0 1
14 0 3 0 1 9 0 1 4 0 1 9 0 1 4 0 1 15 0 1 3 0 1 9 0 1 4 0 1 2 0 1 4 0 1 3 0 1 2 0 1 4 0 1
14 0 15 0 1 3 0 1 9 0 1 4 0 1 9 0 1 17 0 1 9 0 1 4 0 1 9 0 1 9 0 1 9 0 1 10 0 1 9 0 1 9 0 1
14 0 15 0 1 3 0 1 9 0 1 4 0 1 9 0 1 17 0 1 9 0 1 4 0 1 9 0 1 9 0 1 9 0 1 10 0 1 9 0 1 9 0 1
14 0 17 0 1 9 0 1 2 0 1 9 0 1 3 0 1 3 0 1 3 0 1 9 0 1 4 0 1 3 0 1 4 0 1 2 0 1 2 0 1 4 0 1
14 0 17 0 1 9 0 1 2 0 1 9 0 1 3 0 1 3 0 1 3 0 1 9 0 1 4 0 1 3 0 1 4 0 1 2 0 1 2 0 1 4 0 1
14 0 10 0 1 1 0 1 9 0 1 2 0 1 3 0 1 3 0 1 9 0 1 1 0 1 9 0 1 9 0 1 4 0 1 2 0 1 3 0 1 9 0 1
14 0 10 0 1 1 0 1 9 0 1 2 0 1 3 0 1 3 0 1 9 0 1 1 0 1 9 0 1 9 0 1 4 0 1 2 0 1 3 0 1 9 0 1
14 1 16 0 1 9 0 1 3 0 1 9 0 1 3 0 1 9 0 1 2 0 1 9 0 1 0 0 1 2 0 1 9 0 1 6 0 1 3 0 1 2 0 1 6 6 3
14 1 16 0 1 9 0 1 3 0 1 9 0 1 3 0 1 9 0 1 2 0 1 9 0 1 0 0 1 2 0 1 9 0 1 6 0 1 3 0 1 2 0 1 6 6 3
14 0 2 0 1 4 0 1 9 0 1 3 0 1 3 0 1 2 0 1 2 0 1 3 0 1 0 0 1 9 0 1 2 0 1 0 0 1 3 0 1 2 0 1
14 0 2 0 1 4 0 1 9 0 1 3 0 1 3 0 1 2 0 1 2 0 1 3 0 1 0 0 1 9 0 1 2 0 1 0 0 1 3 0 1 2 0 1
14 0 10 0 1 9 0 1 3 0 1 3 0 1 16 0 1 9 0 1 2 0 1 9 0 1 0 0 1 2 0 1 2 0 1 10 0 1 3 0 1 0 0 1
14 0 10 0 1 9 0 1 3 0 1 3 0 1 16 0 1 9 0 1 2 0 1 9 0 1 0 0 1 2 0 1 2 0 1 10 0 1 3 0 1 0 0 1
14 1 16 0 1 2 0 1 9 0 1 3 0 1 2 0 1 1 0 1 4 0 1 1 0 1 0 0 1 2 0 1 0 0 1 6 0 1 0 0 1 0 0 1 6 6 3
14 1 16 0 1 2 0 1 9 0 1 3 0 1 2 0 1 1 0 1 4 0 1 1 0 1 0 0 1 2 0 1 0 0 1 6 0 1 0 0 1 0 0 1 6 6 3
14 0 4 0 1 4 0 1 3 0 1 9 0 1 10 0 1 4 0 1 4 0 1 1 0 1 0 0 1 4 0 1 0 0 1 16 0 1 0 0 1 0 0 1
14 0 4 0 1 4 0 1 3 0 1 9 0 1 10 0 1 4 0 1 4 0 1 1 0 1 0 0 1 4 0 1 0 0 1 16 0 1 0 0 1 0 0 1
14 0 10 0 1 16 0 1 9 0 1 0 0 1 16 0 1 4 0 1 4 0 1 1 0 1 0 0 1 4 0 1 0 0 1 0 0 1 0 0 1 0 0 1
14 0 10 0 1 16 0 1 9 0 1 0 0 1 16 0 1 4 0 1 4 0 1 1 0 1 0 0 1 4 0 1 0 0 1 0 0 1 0 0 1 0 0 1
14 0 16 0 1 4 0 1 1 0 1 0 0 1 2 0 1 16 0 1 16 0 1 3 0 1 0 0 1 4 0 1 0 0 1 0 0 1 0 0 1 0 0 1
14 0 16 0 1 4 0 1 1 0 1 0 0 1 2 0 1 16 0 1 16 0 1 3 0 1 0 0 1 4 0 1 0 0 1 0 0 1 0 0 1 0 0 1
14 0 3 0 1 10 0 1 16 0 1 0 0 1 6 0 1 2 0 1 0 0 1 3 0 1 0 0 1 16 0 1 0 0 1 0 0 1 0 0 1 0 0 1
14 0 3 0 1 10 0 1 16 0 1 0 0 1 6 0 1 2 0 1 0 0 1 3 0 1 0 0 1 16 0 1 0 0 1 0 0 1 0 0 1 0 0 1
14 1 3 0 1 16 0 1 3 0 1 0 0 1 0 0 1 16 0 1 0 0 1 16 0 1 0 0 1 0 0 1 0 0 1 0 0 1 0 0 1 0 0 1 6 8 2
14 1 3 0 1 16 0 1 3 0 1 0 0 1 0 0 1 16 0 1 0 0 1 16 0 1 0 0 1 0 0 1 0 0 1 0 0 1 0 0 1 0 0 1 6 8 2
1 8 5 0 3 6 6 12 6 8 12 1 0 1 1 0 1 1 0 1 1 0 1 1 0 1 3 0 7
1 8 5 0 3 6 6 12 6 8 12 1 0 1 1 0 1 1 0 1 1 0 1 1 0 1 3 0 7
6 4 15 0 1 5 0 2 5 0 1 1 0 1 5 0 2 5 0 4 1 0 1 1 0 1 1 0 1 4 0 14
6 4 15 0 1 5 0 2 5 0 1 1 0 1 5 0 2 5 0 4 1 0 1 1 0 1 1 0 1 4 0 14
9 1 17 0 1 1 0 1 1 0 1 5 0 2 2 0 1 15 0 1 1 0 1 1 0 1 1 0 1 4 0 1
9 1 17 0 1 1 0 1 1 0 1 5 0 2 2 0 1 15 0 1 1 0 1 1 0 1 1 0 1 4 0 1
9 1 4 0 1 4 0 1 1 0 1 1 0 1 15 0 1 10 0 1 5 8 5 1 0 1 5 8 3 4 0 1
9 1 4 0 1 4 0 1 1 0 1 1 0 1 15 0 1 10 0 1 5 8 5 1 0 1 5 8 3 4 0 1
9 2 15 0 1 15 0 1 1 0 1 15 0 1 17 0 1 6 0 1 3 0 1 1 0 1 1 0 1 6 6 6 4 0 1
9 2 15 0 1 15 0 1 1 0 1 15 0 1 17 0 1 6 0 1 3 0 1 1 0 1 1 0 1 6 6 6 4 0 1
9 1 17 0 1 17 0 1 15 0 1 17 0 1 4 0 1 5 0 3 3 0 1 1 0 1 3 0 1 4 0 3
9 1 17 0 1 17 0 1 15 0 1 17 0 1 4 0 1 5 0 3 3 0 1 1 0 1 3 0 1 4 0 3
9 1 4 0 1 4 0 1 17 0 1 1 0 1 15 0 1 17 0 1 3 0 1 4 0 1 3 0 1 4 0 1
9 1 4 0 1 4 0 1 17 0 1 1 0 1 15 0 1 17 0 1 3 0 1 4 0 1 3 0 1 4 0 1
9 2 15 0 1 15 0 1 16 0 1 15 0 1 17 0 1 3 0 1 11 0 1 4 0 1 11 0 1 6 0 1 4 0 1
9 2 15 0 1 15 0 1 16 0 1 15 0 1 17 0 1 3 0 1 11 0 1 4 0 1 11 0 1 6 0 1 4 0 1
9 2 17 0 1 17 0 1 1 0 1 17 0 1 2 0 1 15 0 1 9 0 1 4 0 1 9 0 1 6 0 4 4 0 4
9 2 17 0 1 17 0 1 1 0 1 17 0 1 2 0 1 15 0 1 9 0 1 4 0 1 9 0 1 6 0 4 4 0 4
9 2 16 0 1 16 0 1 9 0 1 1 0 1 2 0 1 17 0 1 3 0 1 9 0 1 1 0 1 6 0 5 4 0 5
9 2 16 0 1 16 0 1 9 0 1 1 0 1 2 0 1 17 0 1 3 0 1 9 0 1 1 0 1 6 0 5 4 0 5
9 2 4 0 1 4 0 1 10 0 1 9 0 1 2 0 1 3 0 1 11 0 1 10 0 1 11 0 1 6 0 5 4 0 5
9 2 4 0 1 4 0 1 10 0 1 9 0 1 2 0 1 3 0 1 11 0 1 10 0 1 11 0 1 6 0 5 4 0 5
9 1 9 0 1 4 0 1 8 0 1 3 0 1 2 0 1 15 0 1 9 0 1 8 0 1 9 0 1 6 0 5
9 1 9 0 1 4 0 1 8 0 1 3 0 1 2 0 1 15 0 1 9 0 1 8 0 1 9 0 1 6 0 5
9 2 10 0 1 9 0 1 9 0 1 9 0 1 9 0 1 17 0 1 1 0 1 9 0 1 4 0 1 6 0 1 4 0 3
9 2 10 0 1 9 0 1 9 0 1 9 0 1 9 0 1 17 0 1 1 0 1 9 0 1 4 0 1 6 0 1 4 0 3
9 1 8 0 1 10 0 1 1 0 1 3 0 1 3 0 1 1 0 1 11 0 1 1 0 1 11 0 1 6 0 3
9 1 8 0 1 10 0 1 1 0 1 3 0 1 3 0 1 1 0 1 11 0 1 1 0 1 11 0 1 6 0 3
9 0 9 0 1 8 0 1 4 0 1 3 0 1 9 0 1 4 0 1 9 0 1 4 0 1 9 0 1
9 0 9 0 1 8 0 1 4 0 1 3 0 1 9 0 1 4 0 1 9 0 1 4 0 1 9 0 1
9 0 3 0 1 9 0 1 9 0 1 3 0 1 4 0 1 15 0 1 4 0 1 9 0 1 4 0 1
9 0 3 0 1 9 0 1 9 0 1 3 0 1 4 0 1 15 0 1 4 0 1 9 0 1 4 0 1
9 1 3 0 1 1 0 1 10 0 1 9 0 1 4 0 1 17 0 1 11 0 1 10 0 1 16 0 1 6 0 1
9 1 3 0 1 1 0 1 10 0 1 9 0 1 4 0 1 17 0 1 11 0 1 10 0 1 16 0 1 6 0 1
9 0 10 0 1 3 0 1 8 0 1 2 0 1 4 0 1 10 0 1 9 0 1 8 0 1 2 0 1
9 0 10 0 1 3 0 1 8 0 1 2 0 1 4 0 1 10 0 1 9 0 1 8 0 1 2 0 1
9 0 16 0 1 9 0 1 9 0 1 9 0 1 4 0 1 16 0 1 1 0 1 9 0 1 10 0 1
9 0 16 0 1 9 0 1 9 0 1 9 0 1 4 0 1 16 0 1 1 0 1 9 0 1 10 0 1
9 0 3 0 1 10 0 1 2 0 1 2 0 1 9 0 1 2 0 1 11 0 1 2 0 1 2 0 1
9 0 3 0 1 10 0 1 2 0 1 2 0 1 9 0 1 2 0 1 11 0 1 2 0 1 2 0 1
9 1 6 0 1 8 0 1 2 0 1 4 0 1 1 0 1 16 0 1 9 0 1 2 0 1 6 0 1 6 6 3
9 1 6 0 1 8 0 1 2 0 1 4 0 1 1 0 1 16 0 1 9 0 1 2 0 1 6 0 1 6 6 3
9 0 10 0 1 9 0 1 2 0 1 4 0 1 1 0 1 3 0 1 0 0 1 2 0 1 16 0 1
9 0 10 0 1 9 0 1 2 0 1 4 0 1 1 0 1 3 0 1 0 0 1 2 0 1 16 0 1
9 1 6 0 1 2 0 1 3 0 1 4 0 1 1 0 1 16 0 1 0 0 1 2 0 1 1 0 1 6 6 3
9 1 6 0 1 2 0 1 3 0 1 4 0 1 1 0 1 16 0 1 0 0 1 2 0 1 1 0 1 6 6 3
9 0 16 0 1 3 0 1 16 0 1 4 0 1 1 0 1 4 0 1 0 0 1 3 0 1 16 0 1
9 0 16 0 1 3 0 1 16 0 1 4 0 1 1 0 1 4 0 1 0 0 1 3 0 1 16 0 1
1 7 5 0 5 6 0 14 6 8 4 1 0 1 1 0 1 1 0 1 1 0 1 1 0 1
1 7 5 0 5 6 0 14 6 8 4 1 0 1 1 0 1 1 0 1 1 0 1 1 0 1
6 5 15 0 1 5 0 4 5 0 2 4 0 1 5 0 1 5 0 2 1 0 1 1 0 1 1 0 1 1 0 1 1 0 1
6 5 15 0 1 5 0 4 5 0 2 4 0 1 5 0 1 5 0 2 1 0 1 1 0 1 1 0 1 1 0 1 1 0 1
11 1 17 0 1 15 0 1 15 0 1 2 0 1 1 0 1 1 0 1 1 0 1 1 0 1 1 0 1 1 0 1 2 0 1 1 0 1
11 1 17 0 1 15 0 1 15 0 1 2 0 1 1 0 1 1 0 1 1 0 1 1 0 1 1 0 1 1 0 1 2 0 1 1 0 1
12 0 4 0 1 17 0 1 17 0 1 9 0 1 1 0 1 15 0 1 5 8 3 1 0 1 1 0 1 1 0 1 9 0 1 1 0 1
12 0 4 0 1 17 0 1 17 0 1 9 0 1 1 0 1 15 0 1 5 8 3 1 0 1 1 0 1 1 0 1 9 0 1 1 0 1
12 0 15 0 1 3 0 1 4 0 1 4 0 1 15 0 1 17 0 1 3 0 1 1 0 1 1 0 1 1 0 1 2 0 1 5 8 1
12 0 15 0 1 3 0 1 4 0 1 4 0 1 15 0 1 17 0 1 3 0 1 1 0 1 1 0 1 1 0 1 2 0 1 5 8 1
12 0 17 0 1 15 0 1 15 0 1 9 0 1 17 0 1 1 0 1 3 0 1 3 0 1 4 0 1 1 0 1 9 0 1 1 0 1
12 0 17 0 1 15 0 1 15 0 1 9 0 1 17 0 1 1 0 1 3 0 1 3 0 1 4 0 1 1 0 1 9 0 1 1 0 1
12 0 4 0 1 17 0 1 17 0 1 2 0 1 4 0 1 15 0 1 3 0 1 10 0 1 9 0 1 9 0 1 2 0 1 1 0 1
12 0 4 0 1 17 0 1 17 0 1 2 0 1 4 0 1 15 0 1 3 0 1 10 0 1 9 0 1 9 0 1 2 0 1 1 0 1
12 0 15 0 1 3 0 1 4 0 1 9 0 1 9 0 1 17 0 1 10 0 1 2 0 1 4 0 1 3 0 1 9 0 1 1 0 1
12 0 15 0 1 3 0 1 4 0 1 9 0 1 9 0 1 17 0 1 10 0 1 2 0 1 4 0 1 3 0 1 9 0 1 1 0 1
12 0 17 0 1 15 0 1 9 0 1 2 0 1 4 0 1 1 0 1 3 0 1 3 0 1 9 0 1 9 0 1 4 0 1 11 0 1
12 0 17 0 1 15 0 1 9 0 1 2 0 1 4 0 1 1 0 1 3 0 1 3 0 1 9 0 1 9 0 1 4 0 1 11 0 1
12 0 1 0 1 17 0 1 4 0 1 9 0 1 4 0 1 3 0 1 10 0 1 3 0 1 1 0 1 3 0 1 9 0 1 9 0 1
12 0 1 0 1 17 0 1 4 0 1 9 0 1 4 0 1 3 0 1 10 0 1 3 0 1 1 0 1 3 0 1 9 0 1 9 0 1
12 0 9 0 1 1 0 1 9 0 1 4 0 1 9 0 1 3 0 1 1 0 1 10 0 1 9 0 1 9 0 1 4 0 1 2 0 1
12 0 9 0 1 1 0 1 9 0 1 4 0 1 9 0 1 3 0 1 1 0 1 10 0 1 9 0 1 9 0 1 4 0 1 2 0 1
12 0 3 0 1 4 0 1 4 0 1 9 0 1 4 0 1 9 0 1 10 0 1 1 0 1 4 0 1 3 0 1 9 0 1 10 0 1
12 0 3 0 1 4 0 1 4 0 1 9 0 1 4 0 1 9 0 1 10 0 1 1 0 1 4 0 1 3 0 1 9 0 1 10 0 1
12 0 15 0 1 15 0 1 9 0 1 1 0 1 9 0 1 3 0 1 1 0 1 10 0 1 9 0 1 9 0 1 4 0 1 16 0 1
12 0 15 0 1 15 0 1 9 0 1 1 0 1 9 0 1 3 0 1 1 0 1 10 0 1 9 0 1 9 0 1 4 0 1 16 0 1
12 0 17 0 1 17 0 1 2 0 1 9 0 1 2 0 1 9 0 1 11 0 1 4 0 1 2 0 1 3 0 1 9 0 1 2 0 1
12 0 17 0 1 17 0 1 2 0 1 9 0 1 2 0 1 9 0 1 11 0 1 4 0 1 2 0 1 3 0 1 9 0 1 2 0 1
12 0 3 0 1 16 0 1 9 0 1 4 0 1 9 0 1 2 0 1 9 0 1 10 0 1 4 0 1 9 0 1 4 0 1 2 0 1
12 0 3 0 1 16 0 1 9 0 1 4 0 1 9 0 1 2 0 1 9 0 1 10 0 1 4 0 1 9 0 1 4 0 1 2 0 1
12 1 15 0 1 3 0 1 3 0 1 9 0 1 2 0 1 2 0 1 1 0 1 2 0 1 9 0 1 2 0 1 9 0 1 6 0 1 6 6 6
12 1 15 0 1 3 0 1 3 0 1 9 0 1 2 0 1 2 0 1 1 0 1 2 0 1 9 0 1 2 0 1 9 0 1 6 0 1 6 6 6
12 0 17 0 1 10 0 1 9 0 1 4 0 1 9 0 1 4 0 1 11 0 1 2 0 1 1 0 1 2 0 1 2 0 1 10 0 1
12 0 17 0 1 10 0 1 9 0 1 4 0 1 9 0 1 4 0 1 11 0 1 2 0 1 1 0 1 2 0 1 2 0 1 10 0 1
12 1 16 0 1 2 0 1 3 0 1 9 0 1 1 0 1 4 0 1 9 0 1 10 0 1 3 0 1 4 0 1 3 0 1 6 0 1 6 6 3
12 1 16 0 1 2 0 1 3 0 1 9 0 1 1 0 1 4 0 1 9 0 1 10 0 1 3 0 1 4 0 1 3 0 1 6 0 1 6 6 3
12 0 2 0 1 16 0 1 9 0 1 1 0 1 1 0 1 4 0 1 4 0 1 4 0 1 3 0 1 4 0 1 9 0 1 16 0 1
12 0 2 0 1 16 0 1 9 0 1 1 0 1 1 0 1 4 0 1 4 0 1 4 0 1 3 0 1 4 0 1 9 0 1 16 0 1
12 0 16 0 1 4 0 1 1 0 1 1 0 1 3 0 1 16 0 1 4 0 1 4 0 1 3 0 1 4 0 1 3 0 1 4 0 1
12 0 16 0 1 4 0 1 1 0 1 1 0 1 3 0 1 16 0 1 4 0 1 4 0 1 3 0 1 4 0 1 3 0 1 4 0 1
12 2 4 0 1 10 0 1 3 0 1 1 0 1 3 0 1 4 0 1 4 0 1 6 0 1 3 0 1 4 0 1 9 0 1 2 0 1 6 6 6 6 3 8
12 2 4 0 1 10 0 1 3 0 1 1 0 1 3 0 1 4 0 1 4 0 1 6 0 1 3 0 1 4 0 1 9 0 1 2 0 1 6 6 6 6 3 8
12 0 16 0 1 16 0 1 10 0 1 3 0 1 3 0 1 4 0 1 11 0 1 4 0 1 9 0 1 4 0 1 0 0 1 0 0 1
12 0 16 0 1 16 0 1 10 0 1 3 0 1 3 0 1 4 0 1 11 0 1 4 0 1 9 0 1 4 0 1 0 0 1 0 0 1
12 0 4 0 1 4 0 1 16 0 1 3 0 1 3 0 1 16 0 1 9 0 1 2 0 1 0 0 1 16 0 1 0 0 1 0 0 1
12 0 4 0 1 4 0 1 16 0 1 3 0 1 3 0 1 16 0 1 9 0 1 2 0 1 0 0 1 16 0 1 0 0 1 0 0 1
12 2 10 0 1 6 0 1 3 0 1 16 0 1 10 0 1 0 0 1 2 0 1 16 0 1 0 0 1 0 0 1 0 0 1 0 0 1 6 6 3 6 3 2
12 2 10 0 1 6 0 1 3 0 1 16 0 1 10 0 1 0 0 1 2 0 1 16 0 1 0 0 1 0 0 1 0 0 1 0 0 1 6 6 3 6 3 2
1 8 5 0 3 6 6 6 6 3 6 6 8 7 1 0 1 1 0 1 1 0 1 1 0 1 1 0 1
1 8 5 0 3 6 6 6 6 3 6 6 8 7 1 0 1 1 0 1 1 0 1 1 0 1 1 0 1
6 5 15 0 1 5 0 3 1 0 1 1 0 1 5 0 2 5 0 3 1 0 1 1 0 1 1 0 1 1 0 1 1 0 1
6 5 15 0 1 5 0 3 1 0 1 1 0 1 5 0 2 5 0 3 1 0 1 1 0 1 1 0 1 1 0 1 1 0 1
11 3 17 0 1 1 0 1 1 0 1 5 0 3 2 0 1 15 0 1 1 0 1 1 0 1 1 0 1 1 0 1 1 0 1 1 0 1 1 0 1 4 0 14
11 3 17 0 1 1 0 1 1 0 1 5 0 3 2 0 1 15 0 1 1 0 1 1 0 1 1 0 1 1 0 1 1 0 1 1 0 1 1 0 1 4 0 14
13 1 4 0 1 4 0 1 1 0 1 1 0 1 15 0 1 17 0 1 1 0 1 5 8 2 1 0 1 5 8 3 4 0 1 1 0 1 1 0 1 4 0 2
13 1 4 0 1 4 0 1 1 0 1 1 0 1 15 0 1 17 0 1 1 0 1 5 8 2 1 0 1 5 8 3 4 0 1 1 0 1 1 0 1 4 0 2
13 1 15 0 1 15 0 1 4 0 1 15 0 1 17 0 1 3 0 1 1 0 1 1 0 1 4 0 1 1 0 1 4 0 1 5 8 2 1 0 1 4 0 1
13 1 15 0 1 15 0 1 4 0 1 15 0 1 17 0 1 3 0 1 1 0 1 1 0 1 4 0 1 1 0 1 4 0 1 5 8 2 1 0 1 4 0 1
13 1 17 0 1 17 0 1 4 0 1 17 0 1 4 0 1 15 0 1 4 0 1 1 0 1 4 0 1 1 0 1 4 0 1 1 0 1 1 0 1 4 0 3
13 1 17 0 1 17 0 1 4 0 1 17 0 1 4 0 1 15 0 1 4 0 1 1 0 1 4 0 1 1 0 1 4 0 1 1 0 1 1 0 1 4 0 3
13 1 4 0 1 4 0 1 9 0 1 3 0 1 15 0 1 17 0 1 9 0 1 1 0 1 9 0 1 3 0 1 9 0 1 1 0 1 1 0 1 4 0 1
13 1 4 0 1 4 0 1 9 0 1 3 0 1 15 0 1 17 0 1 9 0 1 1 0 1 9 0 1 3 0 1 9 0 1 1 0 1 1 0 1 4 0 1
13 2 15 0 1 15 0 1 1 0 1 15 0 1 17 0 1 3 0 1 4 0 1 10 0 1 4 0 1 9 0 1 4 0 1 1 0 1 9 0 1 6 0 1 4 0 1
13 2 15 0 1 15 0 1 1 0 1 15 0 1 17 0 1 3 0 1 4 0 1 10 0 1 4 0 1 9 0 1 4 0 1 1 0 1 9 0 1 6 0 1 4 0 1
13 2 17 0 1 17 0 1 4 0 1 17 0 1 2 0 1 15 0 1 4 0 1 3 0 1 9 0 1 3 0 1 9 0 1 1 0 1 4 0 1 6 0 4 4 0 4
13 2 17 0 1 17 0 1 4 0 1 17 0 1 2 0 1 15 0 1 4 0 1 3 0 1 9 0 1 3 0 1 9 0 1 1 0 1 4 0 1 6 0 4 4 0 4
13 2 16 0 1 1 0 1 9 0 1 1 0 1 2 0 1 17 0 1 9 0 1 10 0 1 4 0 1 9 0 1 2 0 1 11 0 1 9 0 1 6 0 5 4 0 5
13 2 16 0 1 1 0 1 9 0 1 1 0 1 2 0 1 17 0 1 9 0 1 10 0 1 4 0 1 9 0 1 2 0 1 11 0 1 9 0 1 6 0 5 4 0 5
13 2 1 0 1 3 0 1 1 0 1 4 0 1 2 0 1 3 0 1 4 0 1 3 0 1 1 0 1 3 0 1 3 0 1 9 0 1 4 0 1 6 0 5 4 0 5
13 2 1 0 1 3 0 1 1 0 1 4 0 1 2 0 1 3 0 1 4 0 1 3 0 1 1 0 1 3 0 1 3 0 1 9 0 1 4 0 1 6 0 5 4 0 5
13 2 2 0 1 15 0 1 4 0 1 15 0 1 2 0 1 9 0 1 9 0 1 11 0 1 2 0 1 9 0 1 3 0 1 3 0 1 9 0 1 6 0 5 4 0 5
13 2 2 0 1 15 0 1 4 0 1 15 0 1 2 0 1 9 0 1 9 0 1 11 0 1 2 0 1 9 0 1 3 0 1 3 0 1 9 0 1 6 0 5 4 0 5
13 2 1 0 1 17 0 1 9 0 1 17 0 1 9 0 1 3 0 1 1 0 1 9 0 1 0 0 1 3 0 1 3 0 1 11 0 1 1 0 1 6 0 7 4 0 7
13 2 1 0 1 17 0 1 9 0 1 17 0 1 9 0 1 3 0 1 1 0 1 9 0 1 0 0 1 3 0 1 3 0 1 11 0 1 1 0 1 6 0 7 4 0 7
13 1 2 0 1 1 0 1 3 0 1 16 0 1 3 0 1 9 0 1 9 0 1 3 0 1 9 0 1 10 0 1 16 0 1 9 0 1 9 0 1 4 0 7
13 1 2 0 1 1 0 1 3 0 1 16 0 1 3 0 1 9 0 1 9 0 1 3 0 1 9 0 1 10 0 1 16 0 1 9 0 1 9 0 1 4 0 7
13 0 3 0 1 1 0 1 9 0 1 2 0 1 9 0 1 1 0 1 2 0 1 11 0 1 0 0 1 1 0 1 0 0 1 0 0 1 3 0 1
13 0 3 0 1 1 0 1 9 0 1 2 0 1 9 0 1 1 0 1 2 0 1 11 0 1 0 0 1 1 0 1 0 0 1 0 0 1 3 0 1
13 0 10 0 1 4 0 1 3 0 1 16 0 1 4 0 1 9 0 1 2 0 1 9 0 1 3 0 1 10 0 1 0 0 1 0 0 1 9 0 1
13 0 10 0 1 4 0 1 3 0 1 16 0 1 4 0 1 9 0 1 2 0 1 9 0 1 3 0 1 10 0 1 0 0 1 0 0 1 9 0 1
13 0 16 0 1 2 0 1 3 0 1 3 0 1 4 0 1 4 0 1 2 0 1 2 0 1 3 0 1 1 0 1 0 0 1 0 0 1 0 0 1
13 0 16 0 1 2 0 1 3 0 1 3 0 1 4 0 1 4 0 1 2 0 1 2 0 1 3 0 1 1 0 1 0 0 1 0 0 1 0 0 1
13 0 3 0 1 2 0 1 3 0 1 16 0 1 4 0 1 9 0 1 2 0 1 2 0 1 3 0 1 11 0 1 0 0 1 0 0 1 0 0 1
13 0 3 0 1 2 0 1 3 0 1 16 0 1 4 0 1 9 0 1 2 0 1 2 0 1 3 0 1 11 0 1 0 0 1 0 0 1 0 0 1
13 2 6 0 1 2 0 1 9 0 1 2 0 1 4 0 1 4 0 1 3 0 1 2 0 1 3 0 1 9 0 1 0 0 1 0 0 1 0 0 1 6 7 22 6 6 3
13 2 6 0 1 2 0 1 9 0 1 2 0 1 4 0 1 4 0 1 3 0 1 2 0 1 3 0 1 9 0 1 0 0 1 0 0 1 0 0 1 6 7 22 6 6 3
13 1 10 0 1 10 0 1 0 0 1 16 0 1 9 0 1 9 0 1 3 0 1 4 0 1 10 0 1 4 0 1 0 0 1 0 0 1 0 0 1 6 0 14
13 1 10 0 1 10 0 1 0 0 1 16 0 1 9 0 1 9 0 1 3 0 1 4 0 1 10 0 1 4 0 1 0 0 1 0 0 1 0 0 1 6 0 14
13 1 6 0 1 16 0 1 0 0 1 4 0 1 1 0 1 2 0 1 3 0 1 4 0 1 16 0 1 11 0 1 0 0 1 0 0 1 0 0 1 6 6 3
13 1 6 0 1 16 0 1 0 0 1 4 0 1 1 0 1 2 0 1 3 0 1 4 0 1 16 0 1 11 0 1 0 0 1 0 0 1 0 0 1 6 6 3
13 0 16 0 1 1 0 1 0 0 1 16 0 1 1 0 1 16 0 1 3 0 1 4 0 1 2 0 1 9 0 1 0 0 1 0 0 1 0 0 1
13 0 16 0 1 1 0 1 0 0 1 16 0 1 1 0 1 16 0 1 3 0 1 4 0 1 2 0 1 9 0 1 0 0 1 0 0 1 0 0 1
13 1 2 0 1 3 0 1 0 0 1 0 0 1 1 0 1 0 0 1 0 0 1 6 0 1 6 0 1 4 0 1 0 0 1 0 0 1 0 0 1 6 3 4
13 1 2 0 1 3 0 1 0 0 1 0 0 1 1 0 1 0 0 1 0 0 1 6 0 1 6 0 1 4 0 1 0 0 1 0 0 1 0 0 1 6 3 4
13 0 16 0 1 16 0 1 0 0 1 0 0 1 1 0 1 0 0 1 0 0 1 0 0 1 0 0 1 11 0 1 0 0 1 0 0 1 0 0 1
13 0 16 0 1 16 0 1 0 0 1 0 0 1 1 0 1 0 0 1 0 0 1 0 0 1 0 0 1 11 0 1 0 0 1 0 0 1 0 0 1
1 7 5 0 5 6 3 4 1 0 1 1 0 1 1 0 1 1 0 1 1 0 1 6 8 2
1 7 5 0 5 6 3 4 1 0 1 1 0 1 1 0 1 1 0 1 1 0 1 6 8 2
6 5 15 0 1 5 0 4 5 0 2 4 0 1 5 0 1 5 0 2 1 0 1 1 0 1 1 0 1 1 0 1 1 0 1
6 5 15 0 1 5 0 4 5 0 2 4 0 1 5 0 1 5 0 2 1 0 1 1 0 1 1 0 1 1 0 1 1 0 1
11 3 17 0 1 15 0 1 15 0 1 2 0 1 1 0 1 1 0 1 1 0 1 1 0 1 2 0 1 1 0 1 1 0 1 1 0 1 1 0 1 4 0 14
11 3 17 0 1 15 0 1 15 0 1 2 0 1 1 0 1 1 0 1 1 0 1 1 0 1 2 0 1 1 0 1 1 0 1 1 0 1 1 0 1 4 0 14
13 1 4 0 1 17 0 1 10 0 1 9 0 1 1 0 1 15 0 1 1 0 1 3 0 1 2 0 1 1 0 1 4 0 1 1 0 1 1 0 1 4 0 3
13 1 4 0 1 17 0 1 10 0 1 9 0 1 1 0 1 15 0 1 1 0 1 3 0 1 2 0 1 1 0 1 4 0 1 1 0 1 1 0 1 4 0 3
13 1 15 0 1 3 0 1 6 0 1 4 0 1 15 0 1 17 0 1 3 0 1 3 0 1 2 0 1 3 0 1 4 0 1 1 0 1 1 0 1 4 0 1
13 1 15 0 1 3 0 1 6 0 1 4 0 1 15 0 1 17 0 1 3 0 1 3 0 1 2 0 1 3 0 1 4 0 1 1 0 1 1 0 1 4 0 1
13 1 17 0 1 15 0 1 5 0 1 9 0 1 17 0 1 1 0 1 3 0 1 3 0 1 9 0 1 3 0 1 4 0 1 1 0 1 1 0 1 4 0 2
13 1 17 0 1 15 0 1 5 0 1 9 0 1 17 0 1 1 0 1 3 0 1 3 0 1 9 0 1 3 0 1 4 0 1 1 0 1 1 0 1 4 0 2
13 1 4 0 1 17 0 1 17 0 1 2 0 1 10 0 1 15 0 1 10 0 1 10 0 1 2 0 1 3 0 1 9 0 1 1 0 1 1 0 1 4 0 1
13 1 4 0 1 17 0 1 17 0 1 2 0 1 10 0 1 15 0 1 10 0 1 10 0 1 2 0 1 3 0 1 9 0 1 1 0 1 1 0 1 4 0 1
13 2 15 0 1 3 0 1 4 0 1 9 0 1 16 0 1 17 0 1 1 0 1 3 0 1 9 0 1 3 0 1 4 0 1 9 0 1 9 0 1 6 0 1 4 0 1
13 2 15 0 1 3 0 1 4 0 1 9 0 1 16 0 1 17 0 1 1 0 1 3 0 1 9 0 1 3 0 1 4 0 1 9 0 1 9 0 1 6 0 1 4 0 1
13 2 17 0 1 15 0 1 15 0 1 2 0 1 4 0 1 1 0 1 10 0 1 10 0 1 4 0 1 9 0 1 9 0 1 4 0 1 1 0 1 6 0 2 4 0 2
13 2 17 0 1 15 0 1 15 0 1 2 0 1 4 0 1 1 0 1 10 0 1 10 0 1 4 0 1 9 0 1 9 0 1 4 0 1 1 0 1 6 0 2 4 0 2
13 2 1 0 1 17 0 1 17 0 1 9 0 1 9 0 1 3 0 1 4 0 1 1 0 1 9 0 1 1 0 1 1 0 1 9 0 1 4 0 1 6 0 4 4 0 4
13 2 1 0 1 17 0 1 17 0 1 9 0 1 9 0 1 3 0 1 4 0 1 1 0 1 9 0 1 1 0 1 1 0 1 9 0 1 4 0 1 6 0 4 4 0 4
13 2 3 0 1 1 0 1 4 0 1 4 0 1 4 0 1 9 0 1 10 0 1 10 0 1 4 0 1 9 0 1 9 0 1 4 0 1 9 0 1 6 0 4 4 0 4
13 2 3 0 1 1 0 1 4 0 1 4 0 1 4 0 1 9 0 1 10 0 1 10 0 1 4 0 1 9 0 1 9 0 1 4 0 1 9 0 1 6 0 4 4 0 4
13 2 15 0 1 4 0 1 9 0 1 9 0 1 9 0 1 1 0 1 4 0 1 4 0 1 9 0 1 1 0 1 3 0 1 9 0 1 4 0 1 6 0 4 4 0 4
13 2 15 0 1 4 0 1 9 0 1 9 0 1 9 0 1 1 0 1 4 0 1 4 0 1 9 0 1 1 0 1 3 0 1 9 0 1 4 0 1 6 0 4 4 0 4
13 2 17 0 1 15 0 1 4 0 1 1 0 1 4 0 1 3 0 1 10 0 1 10 0 1 4 0 1 10 0 1 9 0 1 4 0 1 9 0 1 6 0 5 4 0 5
13 2 17 0 1 15 0 1 4 0 1 1 0 1 4 0 1 3 0 1 10 0 1 10 0 1 4 0 1 10 0 1 9 0 1 4 0 1 9 0 1 6 0 5 4 0 5
13 2 3 0 1 17 0 1 9 0 1 9 0 1 9 0 1 9 0 1 16 0 1 1 0 1 9 0 1 4 0 1 3 0 1 9 0 1 4 0 1 6 0 6 4 0 6
13 2 3 0 1 17 0 1 9 0 1 9 0 1 9 0 1 9 0 1 16 0 1 1 0 1 9 0 1 4 0 1 3 0 1 9 0 1 4 0 1 6 0 6 4 0 6
13 3 15 0 1 10 0 1 4 0 1 4 0 1 4 0 1 3 0 1 2 0 1 10 0 1 4 0 1 4 0 1 9 0 1 4 0 1 9 0 1 6 7 14 6 0 6 4 0 6
13 3 15 0 1 10 0 1 4 0 1 4 0 1 4 0 1 3 0 1 2 0 1 10 0 1 4 0 1 4 0 1 9 0 1 4 0 1 9 0 1 6 7 14 6 0 6 4 0 6
13 2 17 0 1 16 0 1 9 0 1 9 0 1 9 0 1 10 0 1 10 0 1 1 0 1 9 0 1 4 0 1 2 0 1 9 0 1 4 0 1 6 8 8 6 0 7
13 2 17 0 1 16 0 1 9 0 1 9 0 1 9 0 1 10 0 1 10 0 1 1 0 1 9 0 1 4 0 1 2 0 1 9 0 1 4 0 1 6 8 8 6 0 7
13 1 16 0 1 2 0 1 2 0 1 4 0 1 1 0 1 2 0 1 2 0 1 10 0 1 2 0 1 10 0 1 10 0 1 1 0 1 4 0 1 4 0 14
13 1 16 0 1 2 0 1 2 0 1 4 0 1 1 0 1 2 0 1 2 0 1 10 0 1 2 0 1 10 0 1 10 0 1 1 0 1 4 0 1 4 0 14
13 3 2 0 1 10 0 1 9 0 1 9 0 1 9 0 1 2 0 1 6 0 1 4 0 1 3 0 1 4 0 1 16 0 1 9 0 1 9 0 1 6 6 3 6 3 6 6 0 14
13 3 2 0 1 10 0 1 9 0 1 9 0 1 9 0 1 2 0 1 6 0 1 4 0 1 3 0 1 4 0 1 16 0 1 9 0 1 9 0 1 6 6 3 6 3 6 6 0 14
13 2 16 0 1 16 0 1 3 0 1 1 0 1 2 0 1 2 0 1 10 0 1 10 0 1 9 0 1 10 0 1 3 0 1 0 0 1 0 0 1 6 7 4 4 0 14
13 2 16 0 1 16 0 1 3 0 1 1 0 1 2 0 1 2 0 1 10 0 1 10 0 1 9 0 1 10 0 1 3 0 1 0 0 1 0 0 1 6 7 4 4 0 14
13 3 4 0 1 4 0 1 9 0 1 1 0 1 2 0 1 2 0 1 6 0 1 2 0 1 3 0 1 2 0 1 3 0 1 0 0 1 0 0 1 6 6 3 6 8 1 6 0 14
13 3 4 0 1 4 0 1 9 0 1 1 0 1 2 0 1 2 0 1 6 0 1 2 0 1 3 0 1 2 0 1 3 0 1 0 0 1 0 0 1 6 6 3 6 8 1 6 0 14
13 2 16 0 1 6 0 1 3 0 1 3 0 1 2 0 1 4 0 1 1 0 1 2 0 1 9 0 1 2 0 1 6 0 1 0 0 1 0 0 1 6 6 3 6 6 3
13 2 16 0 1 6 0 1 3 0 1 3 0 1 2 0 1 4 0 1 1 0 1 2 0 1 9 0 1 2 0 1 6 0 1 0 0 1 0 0 1 6 6 3 6 6 3
13 0 1 0 1 16 0 1 9 0 1 3 0 1 3 0 1 16 0 1 16 0 1 2 0 1 0 0 1 2 0 1 2 0 1 0 0 1 0 0 1
13 0 1 0 1 16 0 1 9 0 1 3 0 1 3 0 1 16 0 1 16 0 1 2 0 1 0 0 1 2 0 1 2 0 1 0 0 1 0 0 1
13 0 16 0 1 3 0 1 1 0 1 3 0 1 3 0 1 4 0 1 0 0 1 4 0 1 0 0 1 2 0 1 16 0 1 0 0 1 0 0 1
13 0 16 0 1 3 0 1 1 0 1 3 0 1 3 0 1 4 0 1 0 0 1 4 0 1 0 0 1 2 0 1 16 0 1 0 0 1 0 0 1
13 1 0 0 1 3 0 1 3 0 1 16 0 1 3 0 1 4 0 1 0 0 1 4 0 1 0 0 1 6 0 1 0 0 1 0 0 1 0 0 1 6 3 6
13 1 0 0 1 3 0 1 3 0 1 16 0 1 3 0 1 4 0 1 0 0 1 4 0 1 0 0 1 6 0 1 0 0 1 0 0 1 0 0 1 6 3 6
1 9 5 0 3 6 3 16 6 6 3 1 0 1 1 0 1 1 0 1 1 0 1 1 0 1 3 0 7 6 8 4
1 9 5 0 3 6 3 16 6 6 3 1 0 1 1 0 1 1 0 1 1 0 1 1 0 1 3 0 7 6 8 4
6 5 15 0 1 5 0 3 5 0 2 4 0 1 5 0 2 5 0 2 1 0 1 1 0 1 1 0 1 1 0 1 1 0 1
6 5 15 0 1 5 0 3 5 0 2 4 0 1 5 0 2 5 0 2 1 0 1 1 0 1 1 0 1 1 0 1 1 0 1
11 5 17 0 1 5 8 2 15 0 1 5 8 6 1 0 1 5 8 3 1 0 1 1 0 1 5 8 6 5 0 1 5 0 1 1 0 1 1 0 1 1 0 1 1 0 1 4 0 14
11 5 17 0 1 5 8 2 15 0 1 5 8 6 1 0 1 5 8 3 1 0 1 1 0 1 5 8 6 5 0 1 5 0 1 1 0 1 1 0 1 1 0 1 1 0 1 4 0 14
15 1 4 0 1 15 0 1 17 0 1 4 0 1 15 0 1 1 0 1 1 0 1 1 0 1 2 0 1 5 8 3 1 0 1 1 0 1 1 0 1 1 0 1 1 0 1 4 0 2
15 1 4 0 1 15 0 1 17 0 1 4 0 1 15 0 1 1 0 1 1 0 1 1 0 1 2 0 1 5 8 3 1 0 1 1 0 1 1 0 1 1 0 1 1 0 1 4 0 2
15 1 15 0 1 17 0 1 4 0 1 4 0 1 17 0 1 15 0 1 1 0 1 1 0 1 2 0 1 1 0 1 1 0 1 1 0 1 1 0 1 1 0 1 1 0 1 4 0 2
15 1 15 0 1 17 0 1 4 0 1 4 0 1 17 0 1 15 0 1 1 0 1 1 0 1 2 0 1 1 0 1 1 0 1 1 0 1 1 0 1 1 0 1 1 0 1 4 0 2
15 1 17 0 1 3 0 1 15 0 1 11 0 1 4 0 1 17 0 1 1 0 1 1 0 1 11 0 1 1 0 1 1 0 1 4 0 1 1 0 1 1 0 1 1 0 1 4 0 2
15 1 17 0 1 3 0 1 15 0 1 11 0 1 4 0 1 17 0 1 1 0 1 1 0 1 11 0 1 1 0 1 1 0 1 4 0 1 1 0 1 1 0 1 1 0 1 4 0 2
15 1 4 0 1 15 0 1 17 0 1 9 0 1 15 0 1 3 0 1 10 0 1 1 0 1 9 0 1 15 0 1 15 0 1 4 0 1 4 0 1 4 0 1 1 0 1 4 0 1
15 1 4 0 1 15 0 1 17 0 1 9 0 1 15 0 1 3 0 1 10 0 1 1 0 1 9 0 1 15 0 1 15 0 1 4 0 1 4 0 1 4 0 1 1 0 1 4 0 1
15 2 15 0 1 17 0 1 2 0 1 4 0 1 17 0 1 15 0 1 3 0 1 9 0 1 4 0 1 17 0 1 17 0 1 4 0 1 4 0 1 4 0 1 1 0 1 6 0 4 4 0 4
15 2 15 0 1 17 0 1 2 0 1 4 0 1 17 0 1 15 0 1 3 0 1 9 0 1 4 0 1 17 0 1 17 0 1 4 0 1 4 0 1 4 0 1 1 0 1 6 0 4 4 0 4
15 2 17 0 1 3 0 1 2 0 1 11 0 1 16 0 1 17 0 1 10 0 1 3 0 1 11 0 1 3 0 1 16 0 1 9 0 1 9 0 1 4 0 1 4 0 1 6 0 6 4 0 6
15 2 17 0 1 3 0 1 2 0 1 11 0 1 16 0 1 17 0 1 10 0 1 3 0 1 11 0 1 3 0 1 16 0 1 9 0 1 9 0 1 4 0 1 4 0 1 6 0 6 4 0 6
15 2 16 0 1 15 0 1 2 0 1 9 0 1 4 0 1 3 0 1 3 0 1 9 0 1 9 0 1 9 0 1 1 0 1 1 0 1 4 0 1 9 0 1 9 0 1 6 0 6 4 0 6
15 2 16 0 1 15 0 1 2 0 1 9 0 1 4 0 1 3 0 1 3 0 1 9 0 1 9 0 1 9 0 1 1 0 1 1 0 1 4 0 1 9 0 1 9 0 1 6 0 6 4 0 6
15 2 4 0 1 17 0 1 2 0 1 4 0 1 4 0 1 9 0 1 9 0 1 3 0 1 4 0 1 3 0 1 9 0 1 9 0 1 4 0 1 10 0 1 4 0 1 6 0 7 4 0 7
15 2 4 0 1 17 0 1 2 0 1 4 0 1 4 0 1 9 0 1 9 0 1 3 0 1 4 0 1 3 0 1 9 0 1 9 0 1 4 0 1 10 0 1 4 0 1 6 0 7 4 0 7
15 1 9 0 1 3 0 1 9 0 1 11 0 1 9 0 1 3 0 1 3 0 1 3 0 1 11 0 1 9 0 1 10 0 1 10 0 1 9 0 1 8 0 1 9 0 1 4 0 3
15 1 9 0 1 3 0 1 9 0 1 11 0 1 9 0 1 3 0 1 3 0 1 3 0 1 11 0 1 9 0 1 10 0 1 10 0 1 9 0 1 8 0 1 9 0 1 4 0 3
15 0 10 0 1 9 0 1 3 0 1 9 0 1 10 0 1 9 0 1 9 0 1 9 0 1 9 0 1 3 0 1 8 0 1 8 0 1 4 0 1 9 0 1 10 0 1
15 0 10 0 1 9 0 1 3 0 1 9 0 1 10 0 1 9 0 1 9 0 1 9 0 1 9 0 1 3 0 1 8 0 1 8 0 1 4 0 1 9 0 1 10 0 1
15 0 8 0 1 3 0 1 9 0 1 2 0 1 1 0 1 3 0 1 3 0 1 3 0 1 4 0 1 9 0 1 9 0 1 9 0 1 9 0 1 1 0 1 8 0 1
15 0 8 0 1 3 0 1 9 0 1 2 0 1 1 0 1 3 0 1 3 0 1 3 0 1 4 0 1 9 0 1 9 0 1 9 0 1 9 0 1 1 0 1 8 0 1
15 0 9 0 1 9 0 1 4 0 1 11 0 1 2 0 1 9 0 1 10 0 1 9 0 1 11 0 1 11 0 1 1 0 1 1 0 1 1 0 1 9 0 1 9 0 1
15 0 9 0 1 9 0 1 4 0 1 11 0 1 2 0 1 9 0 1 10 0 1 9 0 1 11 0 1 11 0 1 1 0 1 1 0 1 1 0 1 9 0 1 9 0 1
15 0 4 0 1 11 0 1 4 0 1 9 0 1 8 0 1 11 0 1 2 0 1 4 0 1 9 0 1 4 0 1 4 0 1 9 0 1 9 0 1 4 0 1 2 0 1
15 0 4 0 1 11 0 1 4 0 1 9 0 1 8 0 1 11 0 1 2 0 1 4 0 1 9 0 1 4 0 1 4 0 1 9 0 1 9 0 1 4 0 1 2 0 1
15 0 9 0 1 4 0 1 4 0 1 2 0 1 9 0 1 1 0 1 2 0 1 4 0 1 2 0 1 11 0 1 4 0 1 3 0 1 2 0 1 9 0 1 2 0 1
15 0 9 0 1 4 0 1 4 0 1 2 0 1 9 0 1 1 0 1 2 0 1 4 0 1 2 0 1 11 0 1 4 0 1 3 0 1 2 0 1 9 0 1 2 0 1
15 0 1 0 1 11 0 1 4 0 1 11 0 1 3 0 1 10 0 1 4 0 1 9 0 1 11 0 1 4 0 1 9 0 1 9 0 1 2 0 1 10 0 1 2 0 1
15 0 1 0 1 11 0 1 4 0 1 11 0 1 3 0 1 10 0 1 4 0 1 9 0 1 11 0 1 4 0 1 9 0 1 9 0 1 2 0 1 10 0 1 2 0 1
15 0 9 0 1 4 0 1 9 0 1 9 0 1 3 0 1 2 0 1 4 0 1 2 0 1 9 0 1 11 0 1 2 0 1 2 0 1 2 0 1 8 0 1 2 0 1
15 0 9 0 1 4 0 1 9 0 1 9 0 1 3 0 1 2 0 1 4 0 1 2 0 1 9 0 1 11 0 1 2 0 1 2 0 1 2 0 1 8 0 1 2 0 1
15 0 2 0 1 10 0 1 1 0 1 2 0 1 3 0 1 4 0 1 4 0 1 2 0 1 2 0 1 4 0 1 2 0 1 2 0 1 2 0 1 9 0 1 3 0 1
15 0 2 0 1 10 0 1 1 0 1 2 0 1 3 0 1 4 0 1 4 0 1 2 0 1 2 0 1 4 0 1 2 0 1 2 0 1 2 0 1 9 0 1 3 0 1
15 0 3 0 1 16 0 1 1 0 1 11 0 1 16 0 1 11 0 1 16 0 1 2 0 1 11 0 1 16 0 1 2 0 1 2 0 1 3 0 1 2 0 1 6 0 1
15 0 3 0 1 16 0 1 1 0 1 11 0 1 16 0 1 11 0 1 16 0 1 2 0 1 11 0 1 16 0 1 2 0 1 2 0 1 3 0 1 2 0 1 6 0 1
15 0 3 0 1 4 0 1 1 0 1 9 0 1 2 0 1 4 0 1 2 0 1 4 0 1 9 0 1 2 0 1 2 0 1 10 0 1 3 0 1 2 0 1 16 0 1
15 0 3 0 1 4 0 1 1 0 1 9 0 1 2 0 1 4 0 1 2 0 1 4 0 1 9 0 1 2 0 1 2 0 1 10 0 1 3 0 1 2 0 1 16 0 1
15 0 3 0 1 16 0 1 1 0 1 0 0 1 6 0 1 11 0 1 4 0 1 4 0 1 0 0 1 2 0 1 3 0 1 16 0 1 3 0 1 2 0 1 2 0 1
15 0 3 0 1 16 0 1 1 0 1 0 0 1 6 0 1 11 0 1 4 0 1 4 0 1 0 0 1 2 0 1 3 0 1 16 0 1 3 0 1 2 0 1 2 0 1
15 2 3 0 1 4 0 1 3 0 1 0 0 1 0 0 1 4 0 1 6 0 1 16 0 1 0 0 1 16 0 1 3 0 1 3 0 1 16 0 1 2 0 1 16 0 1 6 3 6 6 0 4
15 2 3 0 1 4 0 1 3 0 1 0 0 1 0 0 1 4 0 1 6 0 1 16 0 1 0 0 1 16 0 1 3 0 1 3 0 1 16 0 1 2 0 1 16 0 1 6 3 6 6 0 4
1 9 5 0 4 6 6 6 6 0 20 6 8 5 1 0 1 1 0 1 1 0 1 1 0 1 1 0 1 6 3 2
1 9 5 0 4 6 6 6 6 0 20 6 8 5 1 0 1 1 0 1 1 0 1 1 0 1 1 0 1 6 3 2
6 5 15 0 1 5 0 4 5 0 2 4 0 1 5 0 2 5 0 2 1 0 1 1 0 1 1 0 1 1 0 1 1 0 1
6 5 15 0 1 5 0 4 5 0 2 4 0 1 5 0 2 5 0 2 1 0 1 1 0 1 1 0 1 1 0 1 1 0 1
11 3 17 0 1 15 0 1 15 0 1 5 8 2 1 0 1 5 8 2 4 0 1 1 0 1 2 0 1 5 8 2 1 0 1 1 0 1 1 0 1 1 0 1
11 3 17 0 1 15 0 1 15 0 1 5 8 2 1 0 1 5 8 2 4 0 1 1 0 1 2 0 1 5 8 2 1 0 1 1 0 1 1 0 1 1 0 1
14 0 4 0 1 17 0 1 17 0 1 2 0 1 15 0 1 1 0 1 2 0 1 3 0 1 4 0 1 1 0 1 4 0 1 1 0 1 4 0 1 1 0 1
14 0 4 0 1 17 0 1 17 0 1 2 0 1 15 0 1 1 0 1 2 0 1 3 0 1 4 0 1 1 0 1 4 0 1 1 0 1 4 0 1 1 0 1
14 0 15 0 1 3 0 1 4 0 1 2 0 1 17 0 1 15 0 1 10 0 1 3 0 1 4 0 1 1 0 1 4 0 1 1 0 1 5 8 1 1 0 1
14 0 15 0 1 3 0 1 4 0 1 2 0 1 17 0 1 15 0 1 10 0 1 3 0 1 4 0 1 1 0 1 4 0 1 1 0 1 5 8 1 1 0 1
14 0 17 0 1 15 0 1 15 0 1 9 0 1 1 0 1 17 0 1 4 0 1 3 0 1 10 0 1 3 0 1 4 0 1 1 0 1 2 0 1 1 0 1
14 0 17 0 1 15 0 1 15 0 1 9 0 1 1 0 1 17 0 1 4 0 1 3 0 1 10 0 1 3 0 1 4 0 1 1 0 1 2 0 1 1 0 1
14 0 4 0 1 17 0 1 17 0 1 4 0 1 15 0 1 1 0 1 10 0 1 10 0 1 4 0 1 3 0 1 4 0 1 1 0 1 2 0 1 4 0 1
14 0 4 0 1 17 0 1 17 0 1 4 0 1 15 0 1 1 0 1 10 0 1 10 0 1 4 0 1 3 0 1 4 0 1 1 0 1 2 0 1 4 0 1
14 0 15 0 1 3 0 1 2 0 1 9 0 1 17 0 1 15 0 1 4 0 1 3 0 1 10 0 1 3 0 1 9 0 1 9 0 1 2 0 1 9 0 1
14 0 15 0 1 3 0 1 2 0 1 9 0 1 17 0 1 15 0 1 4 0 1 3 0 1 10 0 1 3 0 1 9 0 1 9 0 1 2 0 1 9 0 1
14 0 17 0 1 15 0 1 2 0 1 4 0 1 10 0 1 17 0 1 10 0 1 10 0 1 4 0 1 3 0 1 10 0 1 1 0 1 9 0 1 10 0 1
14 0 17 0 1 15 0 1 2 0 1 4 0 1 10 0 1 17 0 1 10 0 1 10 0 1 4 0 1 3 0 1 10 0 1 1 0 1 9 0 1 10 0 1
14 0 1 0 1 17 0 1 2 0 1 9 0 1 16 0 1 1 0 1 4 0 1 1 0 1 10 0 1 9 0 1 1 0 1 10 0 1 2 0 1 4 0 1
14 0 1 0 1 17 0 1 2 0 1 9 0 1 16 0 1 1 0 1 4 0 1 1 0 1 10 0 1 9 0 1 1 0 1 10 0 1 2 0 1 4 0 1
14 0 3 0 1 1 0 1 9 0 1 2 0 1 4 0 1 3 0 1 10 0 1 10 0 1 2 0 1 1 0 1 9 0 1 3 0 1 11 0 1 9 0 1
14 0 3 0 1 1 0 1 9 0 1 2 0 1 4 0 1 3 0 1 10 0 1 10 0 1 2 0 1 1 0 1 9 0 1 3 0 1 11 0 1 9 0 1
14 1 15 0 1 4 0 1 4 0 1 9 0 1 9 0 1 9 0 1 2 0 1 4 0 1 10 0 1 9 0 1 10 0 1 10 0 1 9 0 1 10 0 1 6 7 4
14 1 15 0 1 4 0 1 4 0 1 9 0 1 9 0 1 9 0 1 2 0 1 4 0 1 10 0 1 9 0 1 10 0 1 10 0 1 9 0 1 10 0 1 6 7 4
14 0 17 0 1 15 0 1 1 0 1 2 0 1 10 0 1 11 0 1 10 0 1 10 0 1 2 0 1 11 0 1 1 0 1 3 0 1 1 0 1 1 0 1
14 0 17 0 1 15 0 1 1 0 1 2 0 1 10 0 1 11 0 1 10 0 1 10 0 1 2 0 1 11 0 1 1 0 1 3 0 1 1 0 1 1 0 1
14 0 10 0 1 17 0 1 1 0 1 9 0 1 4 0 1 3 0 1 2 0 1 1 0 1 10 0 1 1 0 1 9 0 1 10 0 1 1 0 1 9 0 1
14 0 10 0 1 17 0 1 1 0 1 9 0 1 4 0 1 3 0 1 2 0 1 1 0 1 10 0 1 1 0 1 9 0 1 10 0 1 1 0 1 9 0 1
14 1 2 0 1 16 0 1 1 0 1 4 0 1 2 0 1 10 0 1 1 0 1 2 0 1 1 0 1 10 0 1 2 0 1 2 0 1 1 0 1 2 0 1 6 0 5
14 1 2 0 1 16 0 1 1 0 1 4 0 1 2 0 1 10 0 1 1 0 1 2 0 1 1 0 1 10 0 1 2 0 1 2 0 1 1 0 1 2 0 1 6 0 5
14 0 3 0 1 3 0 1 3 0 1 9 0 1 2 0 1 2 0 1 1 0 1 2 0 1 1 0 1 2 0 1 2 0 1 2 0 1 1 0 1 2 0 1
14 0 3 0 1 3 0 1 3 0 1 9 0 1 2 0 1 2 0 1 1 0 1 2 0 1 1 0 1 2 0 1 2 0 1 2 0 1 1 0 1 2 0 1
14 3 6 0 1 10 0 1 10 0 1 4 0 1 3 0 1 2 0 1 1 0 1 4 0 1 3 0 1 2 0 1 3 0 1 2 0 1 1 0 1 2 0 1 6 8 5 6 0 1 6 7 4
14 3 6 0 1 10 0 1 10 0 1 4 0 1 3 0 1 2 0 1 1 0 1 4 0 1 3 0 1 2 0 1 3 0 1 2 0 1 1 0 1 2 0 1 6 8 5 6 0 1 6 7 4
14 0 10 0 1 2 0 1 3 0 1 11 0 1 3 0 1 2 0 1 3 0 1 4 0 1 3 0 1 2 0 1 3 0 1 2 0 1 4 0 1 2 0 1
14 0 10 0 1 2 0 1 3 0 1 11 0 1 3 0 1 2 0 1 3 0 1 4 0 1 3 0 1 2 0 1 3 0 1 2 0 1 4 0 1 2 0 1
14 3 6 0 1 4 0 1 6 0 1 9 0 1 6 0 1 4 0 1 3 0 1 4 0 1 3 0 1 2 0 1 3 0 1 4 0 1 4 0 1 3 0 1 6 4 6 6 6 6 6 7 4
14 3 6 0 1 4 0 1 6 0 1 9 0 1 6 0 1 4 0 1 3 0 1 4 0 1 3 0 1 2 0 1 3 0 1 4 0 1 4 0 1 3 0 1 6 4 6 6 6 6 6 7 4
14 1 16 0 1 4 0 1 10 0 1 3 0 1 1 0 1 4 0 1 3 0 1 6 0 1 3 0 1 4 0 1 3 0 1 4 0 1 16 0 1 3 0 1 6 3 8
14 1 16 0 1 4 0 1 10 0 1 3 0 1 1 0 1 4 0 1 3 0 1 6 0 1 3 0 1 4 0 1 3 0 1 4 0 1 16 0 1 3 0 1 6 3 8
14 2 4 0 1 6 0 1 6 0 1 3 0 1 10 0 1 6 0 1 6 0 1 1 0 1 6 0 1 1 0 1 6 0 1 6 0 1 1 0 1 6 0 1 6 4 24 6 3 31
14 2 4 0 1 6 0 1 6 0 1 3 0 1 10 0 1 6 0 1 6 0 1 1 0 1 6 0 1 1 0 1 6 0 1 6 0 1 1 0 1 6 0 1 6 4 24 6 3 31
14 0 16 0 1 10 0 1 16 0 1 3 0 1 16 0 1 1 0 1 0 0 1 1 0 1 2 0 1 1 0 1 1 0 1 3 0 1 4 0 1 1 0 1
14 0 16 0 1 10 0 1 16 0 1 3 0 1 16 0 1 1 0 1 0 0 1 1 0 1 2 0 1 1 0 1 1 0 1 3 0 1 4 0 1 1 0 1
14 1 4 0 1 6 0 1 4 0 1 11 0 1 4 0 1 16 0 1 0 0 1 3 0 1 2 0 1 3 0 1 0 0 1 16 0 1 4 0 1 1 0 1 6 6 3
14 1 4 0 1 6 0 1 4 0 1 11 0 1 4 0 1 16 0 1 0 0 1 3 0 1 2 0 1 3 0 1 0 0 1 16 0 1 4 0 1 1 0 1 6 6 3
14 0 10 0 1 16 0 1 16 0 1 9 0 1 16 0 1 1 0 1 0 0 1 10 0 1 2 0 1 11 0 1 0 0 1 0 0 1 4 0 1 1 0 1
14 0 10 0 1 16 0 1 16 0 1 9 0 1 16 0 1 1 0 1 0 0 1 10 0 1 2 0 1 11 0 1 0 0 1 0 0 1 4 0 1 1 0 1
1 10 5 0 3 6 6 3 6 3 4 4 0 6 1 0 1 1 0 1 1 0 1 1 0 1 1 0 1 3 0 7 6 8 3
1 10 5 0 3 6 6 3 6 3 4 4 0 6 1 0 1 1 0 1 1 0 1 1 0 1 1 0 1 3 0 7 6 8 3
6 5 15 0 1 5 0 3 5 0 2 4 0 1 5 0 3 5 0 2 1 0 1 1 0 1 1 0 1 1 0 1 1 0 1
6 5 15 0 1 5 0 3 5 0 2 4 0 1 5 0 3 5 0 2 1 0 1 1 0 1 1 0 1 1 0 1 1 0 1
11 5 17 0 1 15 0 1 15 0 1 5 8 1 1 0 1 1 0 1 4 0 1 1 0 1 5 8 3 5 0 1 1 0 1 1 0 1 1 0 1 1 0 1 1 0 1 4 0 15
11 5 17 0 1 15 0 1 15 0 1 5 8 1 1 0 1 1 0 1 4 0 1 1 0 1 5 8 3 5 0 1 1 0 1 1 0 1 1 0 1 1 0 1 1 0 1 4 0 15
15 1 4 0 1 17 0 1 17 0 1 2 0 1 15 0 1 15 0 1 5 8 3 5 8 3 2 0 1 5 8 3 1 0 1 1 0 1 1 0 1 1 0 1 1 0 1 4 0 2
15 1 4 0 1 17 0 1 17 0 1 2 0 1 15 0 1 15 0 1 5 8 3 5 8 3 2 0 1 5 8 3 1 0 1 1 0 1 1 0 1 1 0 1 1 0 1 4 0 2
15 1 15 0 1 3 0 1 4 0 1 9 0 1 17 0 1 17 0 1 2 0 1 1 0 1 2 0 1 1 0 1 1 0 1 1 0 1 5 8 1 1 0 1 1 0 1 4 0 2
15 1 15 0 1 3 0 1 4 0 1 9 0 1 17 0 1 17 0 1 2 0 1 1 0 1 2 0 1 1 0 1 1 0 1 1 0 1 5 8 1 1 0 1 1 0 1 4 0 2
15 1 17 0 1 15 0 1 15 0 1 2 0 1 4 0 1 3 0 1 2 0 1 1 0 1 2 0 1 1 0 1 4 0 1 1 0 1 1 0 1 1 0 1 4 0 1 4 0 1
15 1 17 0 1 15 0 1 15 0 1 2 0 1 4 0 1 3 0 1 2 0 1 1 0 1 2 0 1 1 0 1 4 0 1 1 0 1 1 0 1 1 0 1 4 0 1 4 0 1
15 1 4 0 1 17 0 1 17 0 1 4 0 1 15 0 1 15 0 1 2 0 1 3 0 1 11 0 1 15 0 1 4 0 1 1 0 1 1 0 1 1 0 1 8 0 1 4 0 2
15 1 4 0 1 17 0 1 17 0 1 4 0 1 15 0 1 15 0 1 2 0 1 3 0 1 11 0 1 15 0 1 4 0 1 1 0 1 1 0 1 1 0 1 8 0 1 4 0 2
15 2 15 0 1 3 0 1 4 0 1 4 0 1 17 0 1 17 0 1 11 0 1 9 0 1 9 0 1 17 0 1 9 0 1 4 0 1 1 0 1 3 0 1 9 0 1 6 0 5 4 0 3
15 2 15 0 1 3 0 1 4 0 1 4 0 1 17 0 1 17 0 1 11 0 1 9 0 1 9 0 1 17 0 1 9 0 1 4 0 1 1 0 1 3 0 1 9 0 1 6 0 5 4 0 3
15 2 17 0 1 15 0 1 9 0 1 4 0 1 1 0 1 3 0 1 9 0 1 3 0 1 4 0 1 1 0 1 4 0 1 9 0 1 1 0 1 10 0 1 2 0 1 6 0 4 4 0 6
15 2 17 0 1 15 0 1 9 0 1 4 0 1 1 0 1 3 0 1 9 0 1 3 0 1 4 0 1 1 0 1 4 0 1 9 0 1 1 0 1 10 0 1 2 0 1 6 0 4 4 0 6
15 2 4 0 1 17 0 1 4 0 1 9 0 1 3 0 1 9 0 1 4 0 1 9 0 1 11 0 1 1 0 1 9 0 1 4 0 1 9 0 1 2 0 1 4 0 1 6 0 7 4 0 5
15 2 4 0 1 17 0 1 4 0 1 9 0 1 3 0 1 9 0 1 4 0 1 9 0 1 11 0 1 1 0 1 9 0 1 4 0 1 9 0 1 2 0 1 4 0 1 6 0 7 4 0 5
15 2 9 0 1 3 0 1 9 0 1 4 0 1 15 0 1 1 0 1 11 0 1 3 0 1 9 0 1 3 0 1 1 0 1 8 0 1 3 0 1 3 0 1 9 0 1 6 0 5 4 0 7
15 2 9 0 1 3 0 1 9 0 1 4 0 1 15 0 1 1 0 1 11 0 1 3 0 1 9 0 1 3 0 1 1 0 1 8 0 1 3 0 1 3 0 1 9 0 1 6 0 5 4 0 7
15 2 1 0 1 9 0 1 4 0 1 9 0 1 17 0 1 10 0 1 9 0 1 9 0 1 4 0 1 9 0 1 9 0 1 9 0 1 9 0 1 3 0 1 4 0 1 6 0 8 4 0 6
15 2 1 0 1 9 0 1 4 0 1 9 0 1 17 0 1 10 0 1 9 0 1 9 0 1 4 0 1 9 0 1 9 0 1 9 0 1 9 0 1 3 0 1 4 0 1 6 0 8 4 0 6
15 1 9 0 1 3 0 1 9 0 1 2 0 1 1 0 1 2 0 1 2 0 1 1 0 1 11 0 1 3 0 1 4 0 1 4 0 1 3 0 1 3 0 1 9 0 1 4 0 8
15 1 9 0 1 3 0 1 9 0 1 2 0 1 1 0 1 2 0 1 2 0 1 1 0 1 11 0 1 3 0 1 4 0 1 4 0 1 3 0 1 3 0 1 9 0 1 4 0 8
15 0 3 0 1 9 0 1 2 0 1 9 0 1 1 0 1 4 0 1 10 0 1 9 0 1 9 0 1 9 0 1 9 0 1 8 0 1 9 0 1 10 0 1 4 0 1
15 0 3 0 1 9 0 1 2 0 1 9 0 1 1 0 1 4 0 1 10 0 1 9 0 1 9 0 1 9 0 1 9 0 1 8 0 1 9 0 1 10 0 1 4 0 1
15 0 10 0 1 1 0 1 9 0 1 3 0 1 9 0 1 10 0 1 4 0 1 4 0 1 1 0 1 11 0 1 1 0 1 9 0 1 3 0 1 1 0 1 8 0 1
15 0 10 0 1 1 0 1 9 0 1 3 0 1 9 0 1 10 0 1 4 0 1 4 0 1 1 0 1 11 0 1 1 0 1 9 0 1 3 0 1 1 0 1 8 0 1
15 0 8 0 1 9 0 1 3 0 1 9 0 1 4 0 1 16 0 1 11 0 1 9 0 1 9 0 1 2 0 1 9 0 1 1 0 1 9 0 1 10 0 1 9 0 1
15 0 8 0 1 9 0 1 3 0 1 9 0 1 4 0 1 16 0 1 11 0 1 9 0 1 9 0 1 2 0 1 9 0 1 1 0 1 9 0 1 10 0 1 9 0 1
15 0 9 0 1 4 0 1 9 0 1 10 0 1 9 0 1 4 0 1 9 0 1 11 0 1 3 0 1 1 0 1 3 0 1 10 0 1 3 0 1 2 0 1 1 0 1
15 0 9 0 1 4 0 1 9 0 1 10 0 1 9 0 1 4 0 1 9 0 1 11 0 1 3 0 1 1 0 1 3 0 1 10 0 1 3 0 1 2 0 1 1 0 1
15 0 2 0 1 9 0 1 3 0 1 3 0 1 2 0 1 10 0 1 4 0 1 1 0 1 9 0 1 2 0 1 9 0 1 8 0 1 9 0 1 4 0 1 10 0 1
15 0 2 0 1 9 0 1 3 0 1 3 0 1 2 0 1 10 0 1 4 0 1 1 0 1 9 0 1 2 0 1 9 0 1 8 0 1 9 0 1 4 0 1 10 0 1
15 0 16 0 1 2 0 1 1 0 1 11 0 1 2 0 1 16 0 1 4 0 1 3 0 1 1 0 1 1 0 1 3 0 1 9 0 1 11 0 1 10 0 1 8 0 1
15 0 16 0 1 2 0 1 1 0 1 11 0 1 2 0 1 16 0 1 4 0 1 3 0 1 1 0 1 1 0 1 3 0 1 9 0 1 11 0 1 10 0 1 8 0 1
15 1 3 0 1 4 0 1 3 0 1 9 0 1 2 0 1 1 0 1 10 0 1 11 0 1 16 0 1 4 0 1 2 0 1 3 0 1 0 0 1 2 0 1 9 0 1 6 7 8
15 1 3 0 1 4 0 1 3 0 1 9 0 1 2 0 1 1 0 1 10 0 1 11 0 1 16 0 1 4 0 1 2 0 1 3 0 1 0 0 1 2 0 1 9 0 1 6 7 8
15 1 10 0 1 10 0 1 3 0 1 4 0 1 16 0 1 10 0 1 3 0 1 10 0 1 1 0 1 11 0 1 2 0 1 3 0 1 0 0 1 2 0 1 1 0 1 6 0 14
15 1 10 0 1 10 0 1 3 0 1 4 0 1 16 0 1 10 0 1 3 0 1 10 0 1 1 0 1 11 0 1 2 0 1 3 0 1 0 0 1 2 0 1 1 0 1 6 0 14
15 0 16 0 1 16 0 1 16 0 1 4 0 1 1 0 1 16 0 1 3 0 1 2 0 1 3 0 1 4 0 1 4 0 1 10 0 1 0 0 1 4 0 1 10 0 1
15 0 16 0 1 16 0 1 16 0 1 4 0 1 1 0 1 16 0 1 3 0 1 2 0 1 3 0 1 4 0 1 4 0 1 10 0 1 0 0 1 4 0 1 10 0 1
15 0 3 0 1 4 0 1 1 0 1 10 0 1 3 0 1 2 0 1 1 0 1 11 0 1 1 0 1 11 0 1 10 0 1 2 0 1 0 0 1 4 0 1 2 0 1
15 0 3 0 1 4 0 1 1 0 1 10 0 1 3 0 1 2 0 1 1 0 1 11 0 1 1 0 1 11 0 1 10 0 1 2 0 1 0 0 1 4 0 1 2 0 1
15 2 6 0 1 16 0 1 16 0 1 1 0 1 16 0 1 2 0 1 1 0 1 2 0 1 16 0 1 0 0 1 2 0 1 2 0 1 0 0 1 4 0 1 2 0 1 6 4 6 6 6 3
15 2 6 0 1 16 0 1 16 0 1 1 0 1 16 0 1 2 0 1 1 0 1 2 0 1 16 0 1 0 0 1 2 0 1 2 0 1 0 0 1 4 0 1 2 0 1 6 4 6 6 6 3
1 10 5 0 5 6 3 20 6 6 6 6 4 30 6 7 8 1 0 1 1 0 1 1 0 1 1 0 1 1 0 1 3 0 5
1 10 5 0 5 6 3 20 6 6 6 6 4 30 6 7 8 1 0 1 1 0 1 1 0 1 1 0 1 1 0 1 3 0 5
6 6 15 0 1 5 0 3 5 0 2 4 0 1 5 0 1 5 0 2 1 0 1 1 0 1 1 0 1 1 0 1 1 0 1 6 8 3
6 6 15 0 1 5 0 3 5 0 2 4 0 1 5 0 1 5 0 2 1 0 1 1 0 1 1 0 1 1 0 1 1 0 1 6 8 3
11 3 17 0 1 15 0 1 15 0 1 2 0 1 1 0 1 1 0 1 4 0 1 1 0 1 2 0 1 5 0 1 1 0 1 1 0 1 1 0 1 1 0 1
11 3 17 0 1 15 0 1 15 0 1 2 0 1 1 0 1 1 0 1 4 0 1 1 0 1 2 0 1 5 0 1 1 0 1 1 0 1 1 0 1 1 0 1
14 0 4 0 1 17 0 1 17 0 1 2 0 1 1 0 1 15 0 1 2 0 1 1 0 1 4 0 1 5 8 1 4 0 1 1 0 1 1 0 1 1 0 1
14 0 4 0 1 17 0 1 17 0 1 2 0 1 1 0 1 15 0 1 2 0 1 1 0 1 4 0 1 5 8 1 4 0 1 1 0 1 1 0 1 1 0 1
14 0 15 0 1 3 0 1 4 0 1 2 0 1 15 0 1 17 0 1 10 0 1 1 0 1 4 0 1 1 0 1 4 0 1 1 0 1 1 0 1 1 0 1
14 0 15 0 1 3 0 1 4 0 1 2 0 1 15 0 1 17 0 1 10 0 1 1 0 1 4 0 1 1 0 1 4 0 1 1 0 1 1 0 1 1 0 1
14 0 17 0 1 15 0 1 15 0 1 2 0 1 17 0 1 3 0 1 4 0 1 1 0 1 10 0 1 1 0 1 4 0 1 1 0 1 1 0 1 1 0 1
14 0 17 0 1 15 0 1 15 0 1 2 0 1 17 0 1 3 0 1 4 0 1 1 0 1 10 0 1 1 0 1 4 0 1 1 0 1 1 0 1 1 0 1
14 0 4 0 1 17 0 1 17 0 1 9 0 1 10 0 1 15 0 1 10 0 1 9 0 1 4 0 1 15 0 1 9 0 1 4 0 1 1 0 1 9 0 1
14 0 4 0 1 17 0 1 17 0 1 9 0 1 10 0 1 15 0 1 10 0 1 9 0 1 4 0 1 15 0 1 9 0 1 4 0 1 1 0 1 9 0 1
14 0 15 0 1 3 0 1 2 0 1 4 0 1 16 0 1 17 0 1 4 0 1 1 0 1 10 0 1 17 0 1 4 0 1 4 0 1 1 0 1 2 0 1
14 0 15 0 1 3 0 1 2 0 1 4 0 1 16 0 1 17 0 1 4 0 1 1 0 1 10 0 1 17 0 1 4 0 1 4 0 1 1 0 1 2 0 1
14 0 17 0 1 15 0 1 2 0 1 9 0 1 1 0 1 16 0 1 10 0 1 10 0 1 4 0 1 1 0 1 8 0 1 4 0 1 4 0 1 4 0 1
14 0 17 0 1 15 0 1 2 0 1 9 0 1 1 0 1 16 0 1 10 0 1 10 0 1 4 0 1 1 0 1 8 0 1 4 0 1 4 0 1 4 0 1
14 0 1 0 1 17 0 1 1 0 1 4 0 1 1 0 1 3 0 1 4 0 1 2 0 1 10 0 1 3 0 1 9 0 1 9 0 1 8 0 1 4 0 1
14 0 1 0 1 17 0 1 1 0 1 4 0 1 1 0 1 3 0 1 4 0 1 2 0 1 10 0 1 3 0 1 9 0 1 9 0 1 8 0 1 4 0 1
14 0 3 0 1 10 0 1 1 0 1 4 0 1 9 0 1 10 0 1 10 0 1 3 0 1 2 0 1 9 0 1 0 0 1 2 0 1 9 0 1 4 0 1
14 0 3 0 1 10 0 1 1 0 1 4 0 1 9 0 1 10 0 1 10 0 1 3 0 1 2 0 1 9 0 1 0 0 1 2 0 1 9 0 1 4 0 1
14 0 15 0 1 16 0 1 10 0 1 9 0 1 4 0 1 12 0 1 2 0 1 3 0 1 10 0 1 3 0 1 0 0 1 3 0 1 2 0 1 8 0 1
14 0 15 0 1 16 0 1 10 0 1 9 0 1 4 0 1 12 0 1 2 0 1 3 0 1 10 0 1 3 0 1 0 0 1 3 0 1 2 0 1 8 0 1
14 0 17 0 1 3 0 1 16 0 1 4 0 1 9 0 1 8 0 1 10 0 1 10 0 1 2 0 1 3 0 1 0 0 1 16 0 1 2 0 1 9 0 1
14 0 17 0 1 3 0 1 16 0 1 4 0 1 9 0 1 8 0 1 10 0 1 10 0 1 2 0 1 3 0 1 0 0 1 16 0 1 2 0 1 9 0 1
14 0 3 0 1 10 0 1 2 0 1 9 0 1 4 0 1 9 0 1 3 0 1 3 0 1 10 0 1 3 0 1 0 0 1 3 0 1 2 0 1 1 0 1
14 0 3 0 1 10 0 1 2 0 1 9 0 1 4 0 1 9 0 1 3 0 1 3 0 1 10 0 1 3 0 1 0 0 1 3 0 1 2 0 1 1 0 1
14 0 15 0 1 12 0 1 1 0 1 3 0 1 4 0 1 3 0 1 10 0 1 10 0 1 2 0 1 9 0 1 3 0 1 3 0 1 2 0 1 9 0 1
14 0 15 0 1 12 0 1 1 0 1 3 0 1 4 0 1 3 0 1 10 0 1 10 0 1 2 0 1 9 0 1 3 0 1 3 0 1 2 0 1 9 0 1
14 0 17 0 1 8 0 1 2 0 1 10 0 1 10 0 1 10 0 1 3 0 1 1 0 1 10 0 1 2 0 1 3 0 1 16 0 1 3 0 1 2 0 1
14 0 17 0 1 8 0 1 2 0 1 10 0 1 10 0 1 10 0 1 3 0 1 1 0 1 10 0 1 2 0 1 3 0 1 16 0 1 3 0 1 2 0 1
14 0 16 0 1 9 0 1 1 0 1 3 0 1 4 0 1 12 0 1 10 0 1 10 0 1 3 0 1 9 0 1 10 0 1 2 0 1 3 0 1 2 0 1
14 0 16 0 1 9 0 1 1 0 1 3 0 1 4 0 1 12 0 1 10 0 1 10 0 1 3 0 1 9 0 1 10 0 1 2 0 1 3 0 1 2 0 1
14 0 2 0 1 3 0 1 2 0 1 10 0 1 9 0 1 1 0 1 3 0 1 3 0 1 10 0 1 4 0 1 16 0 1 16 0 1 16 0 1 9 0 1
14 0 2 0 1 3 0 1 2 0 1 10 0 1 9 0 1 1 0 1 3 0 1 3 0 1 10 0 1 4 0 1 16 0 1 16 0 1 16 0 1 9 0 1
14 0 10 0 1 10 0 1 1 0 1 3 0 1 2 0 1 10 0 1 10 0 1 10 0 1 3 0 1 4 0 1 3 0 1 0 0 1 0 0 1 0 0 1
14 0 10 0 1 10 0 1 1 0 1 3 0 1 2 0 1 10 0 1 10 0 1 10 0 1 3 0 1 4 0 1 3 0 1 0 0 1 0 0 1 0 0 1
14 1 6 0 1 4 0 1 3 0 1 1 0 1 2 0 1 4 0 1 1 0 1 2 0 1 1 0 1 4 0 1 3 0 1 0 0 1 0 0 1 0 0 1 6 6 3
14 1 6 0 1 4 0 1 3 0 1 1 0 1 2 0 1 4 0 1 1 0 1 2 0 1 1 0 1 4 0 1 3 0 1 0 0 1 0 0 1 0 0 1 6 6 3
14 2 16 0 1 1 0 1 6 0 1 1 0 1 2 0 1 10 0 1 1 0 1 2 0 1 1 0 1 4 0 1 6 0 1 0 0 1 0 0 1 0 0 1 6 6 3 6 7 4
14 2 16 0 1 1 0 1 6 0 1 1 0 1 2 0 1 10 0 1 1 0 1 2 0 1 1 0 1 4 0 1 6 0 1 0 0 1 0 0 1 0 0 1 6 6 3 6 7 4
14 1 4 0 1 3 0 1 10 0 1 1 0 1 2 0 1 4 0 1 6 0 1 2 0 1 1 0 1 10 0 1 0 0 1 0 0 1 0 0 1 0 0 1 6 3 19
14 1 4 0 1 3 0 1 10 0 1 1 0 1 2 0 1 4 0 1 6 0 1 2 0 1 1 0 1 10 0 1 0 0 1 0 0 1 0 0 1 0 0 1 6 3 19
14 0 16 0 1 10 0 1 6 0 1 2 0 1 3 0 1 10 0 1 2 0 1 1 0 1 2 0 1 16 0 1 0 0 1 0 0 1 0 0 1 0 0 1
14 0 16 0 1 10 0 1 6 0 1 2 0 1 3 0 1 10 0 1 2 0 1 1 0 1 2 0 1 16 0 1 0 0 1 0 0 1 0 0 1 0 0 1
14 0 1 0 1 12 0 1 16 0 1 2 0 1 3 0 1 12 0 1 2 0 1 1 0 1 2 0 1 1 0 1 0 0 1 0 0 1 0 0 1 0 0 1
14 0 1 0 1 12 0 1 16 0 1 2 0 1 3 0 1 12 0 1 2 0 1 1 0 1 2 0 1 1 0 1 0 0 1 0 0 1 0 0 1 0 0 1
1 10 17 0 1 6 3 47 6 6 9 4 0 14 1 0 1 1 0 1 1 0 1 1 0 1 1 0 1 3 0 12 6 8 4
1 10 17 0 1 6 3 47 6 6 9 4 0 14 1 0 1 1 0 1 1 0 1 1 0 1 1 0 1 3 0 12 6 8 4
6 5 5 0 3 5 0 3 5 0 2 4 0 1 5 0 2 5 0 3 1 0 1 1 0 1 1 0 1 1 0 1 1 0 1
6 5 5 0 3 5 0 3 5 0 2 4 0 1 5 0 2 5 0 3 1 0 1 1 0 1 1 0 1 1 0 1 1 0 1
11 5 15 0 1 15 0 1 5 8 4 5 8 5 1 0 1 1 0 1 4 0 1 1 0 1 5 8 2 1 0 1 5 0 1 1 0 1 1 0 1 1 0 1 1 0 1 4 0 14
11 5 15 0 1 15 0 1 5 8 4 5 8 5 1 0 1 1 0 1 4 0 1 1 0 1 5 8 2 1 0 1 5 0 1 1 0 1 1 0 1 1 0 1 1 0 1 4 0 14
15 1 4 0 1 17 0 1 15 0 1 2 0 1 15 0 1 15 0 1 5 8 2 1 0 1 2 0 1 1 0 1 1 0 1 1 0 1 1 0 1 1 0 1 1 0 1 4 0 2
15 1 4 0 1 17 0 1 15 0 1 2 0 1 15 0 1 15 0 1 5 8 2 1 0 1 2 0 1 1 0 1 1 0 1 1 0 1 1 0 1 1 0 1 1 0 1 4 0 2
15 1 15 0 1 3 0 1 17 0 1 9 0 1 17 0 1 17 0 1 2 0 1 1 0 1 2 0 1 1 0 1 1 0 1 1 0 1 1 0 1 1 0 1 1 0 1 4 0 3
15 1 15 0 1 3 0 1 17 0 1 9 0 1 17 0 1 17 0 1 2 0 1 1 0 1 2 0 1 1 0 1 1 0 1 1 0 1 1 0 1 1 0 1 1 0 1 4 0 3
15 1 17 0 1 15 0 1 4 0 1 4 0 1 4 0 1 3 0 1 2 0 1 1 0 1 2 0 1 3 0 1 1 0 1 1 0 1 1 0 1 4 0 1 1 0 1 4 0 1
15 1 17 0 1 15 0 1 4 0 1 4 0 1 4 0 1 3 0 1 2 0 1 1 0 1 2 0 1 3 0 1 1 0 1 1 0 1 1 0 1 4 0 1 1 0 1 4 0 1
15 1 4 0 1 10 0 1 15 0 1 9 0 1 15 0 1 15 0 1 9 0 1 1 0 1 9 0 1 3 0 1 15 0 1 1 0 1 1 0 1 9 0 1 4 0 1 4 0 1
15 1 4 0 1 10 0 1 15 0 1 9 0 1 15 0 1 15 0 1 9 0 1 1 0 1 9 0 1 3 0 1 15 0 1 1 0 1 1 0 1 9 0 1 4 0 1 4 0 1
15 2 15 0 1 17 0 1 17 0 1 4 0 1 17 0 1 17 0 1 4 0 1 9 0 1 2 0 1 9 0 1 17 0 1 1 0 1 4 0 1 4 0 1 9 0 1 6 0 4 4 0 4
15 2 15 0 1 17 0 1 17 0 1 4 0 1 17 0 1 17 0 1 4 0 1 9 0 1 2 0 1 9 0 1 17 0 1 1 0 1 4 0 1 4 0 1 9 0 1 6 0 4 4 0 4
15 2 17 0 1 3 0 1 4 0 1 9 0 1 4 0 1 1 0 1 9 0 1 3 0 1 9 0 1 3 0 1 1 0 1 4 0 1 4 0 1 4 0 1 10 0 1 6 0 5 4 0 5
15 2 17 0 1 3 0 1 4 0 1 9 0 1 4 0 1 1 0 1 9 0 1 3 0 1 9 0 1 3 0 1 1 0 1 4 0 1 4 0 1 4 0 1 10 0 1 6 0 5 4 0 5
15 2 16 0 1 15 0 1 9 0 1 4 0 1 9 0 1 4 0 1 4 0 1 9 0 1 4 0 1 9 0 1 4 0 1 4 0 1 9 0 1 4 0 1 8 0 1 6 0 5 4 0 1
15 2 16 0 1 15 0 1 9 0 1 4 0 1 9 0 1 4 0 1 4 0 1 9 0 1 4 0 1 9 0 1 4 0 1 4 0 1 9 0 1 4 0 1 8 0 1 6 0 5 4 0 1
15 2 4 0 1 17 0 1 4 0 1 9 0 1 4 0 1 15 0 1 9 0 1 10 0 1 9 0 1 1 0 1 4 0 1 4 0 1 4 0 1 9 0 1 9 0 1 6 0 2 4 0 6
15 2 4 0 1 17 0 1 4 0 1 9 0 1 4 0 1 15 0 1 9 0 1 10 0 1 9 0 1 1 0 1 4 0 1 4 0 1 4 0 1 9 0 1 9 0 1 6 0 2 4 0 6
15 2 9 0 1 16 0 1 9 0 1 2 0 1 9 0 1 17 0 1 4 0 1 2 0 1 4 0 1 9 0 1 9 0 1 9 0 1 9 0 1 1 0 1 1 0 1 6 0 7 4 0 3
15 2 9 0 1 16 0 1 9 0 1 2 0 1 9 0 1 17 0 1 4 0 1 2 0 1 4 0 1 9 0 1 9 0 1 9 0 1 9 0 1 1 0 1 1 0 1 6 0 7 4 0 3
15 1 10 0 1 3 0 1 4 0 1 9 0 1 10 0 1 16 0 1 9 0 1 10 0 1 9 0 1 3 0 1 2 0 1 4 0 1 4 0 1 3 0 1 4 0 1 4 0 7
15 1 10 0 1 3 0 1 4 0 1 9 0 1 10 0 1 16 0 1 9 0 1 10 0 1 9 0 1 3 0 1 2 0 1 4 0 1 4 0 1 3 0 1 4 0 1 4 0 7
15 0 8 0 1 3 0 1 9 0 1 11 0 1 4 0 1 1 0 1 4 0 1 12 0 1 4 0 1 9 0 1 9 0 1 4 0 1 4 0 1 9 0 1 9 0 1
15 0 8 0 1 3 0 1 9 0 1 11 0 1 4 0 1 1 0 1 4 0 1 12 0 1 4 0 1 9 0 1 9 0 1 4 0 1 4 0 1 9 0 1 9 0 1
15 2 9 0 1 12 0 1 2 0 1 1 0 1 9 0 1 10 0 1 9 0 1 8 0 1 9 0 1 4 0 1 10 0 1 9 0 1 8 0 1 10 0 1 10 0 1 6 4 6 6 7 4
15 2 9 0 1 12 0 1 2 0 1 1 0 1 9 0 1 10 0 1 9 0 1 8 0 1 9 0 1 4 0 1 10 0 1 9 0 1 8 0 1 10 0 1 10 0 1 6 4 6 6 7 4
15 1 3 0 1 8 0 1 9 0 1 11 0 1 3 0 1 3 0 1 2 0 1 9 0 1 4 0 1 4 0 1 8 0 1 10 0 1 9 0 1 8 0 1 8 0 1 6 0 10
15 1 3 0 1 8 0 1 9 0 1 11 0 1 3 0 1 3 0 1 2 0 1 9 0 1 4 0 1 4 0 1 8 0 1 10 0 1 9 0 1 8 0 1 8 0 1 6 0 10
15 0 3 0 1 9 0 1 11 0 1 3 0 1 8 0 1 2 0 1 9 0 1 2 0 1 9 0 1 9 0 1 9 0 1 8 0 1 2 0 1 9 0 1 9 0 1
15 0 3 0 1 9 0 1 11 0 1 3 0 1 8 0 1 2 0 1 9 0 1 2 0 1 9 0 1 9 0 1 9 0 1 8 0 1 2 0 1 9 0 1 9 0 1
15 0 10 0 1 1 0 1 1 0 1 11 0 1 9 0 1 2 0 1 2 0 1 2 0 1 11 0 1 10 0 1 3 0 1 9 0 1 2 0 1 1 0 1 2 0 1
15 0 10 0 1 1 0 1 1 0 1 11 0 1 9 0 1 2 0 1 2 0 1 2 0 1 11 0 1 10 0 1 3 0 1 9 0 1 2 0 1 1 0 1 2 0 1
15 0 16 0 1 1 0 1 11 0 1 3 0 1 3 0 1 16 0 1 3 0 1 2 0 1 3 0 1 2 0 1 3 0 1 2 0 1 2 0 1 8 0 1 2 0 1
15 0 16 0 1 1 0 1 11 0 1 3 0 1 3 0 1 16 0 1 3 0 1 2 0 1 3 0 1 2 0 1 3 0 1 2 0 1 2 0 1 8 0 1 2 0 1
15 0 3 0 1 10 0 1 3 0 1 11 0 1 3 0 1 4 0 1 3 0 1 4 0 1 11 0 1 3 0 1 16 0 1 2 0 1 2 0 1 9 0 1 2 0 1
15 0 3 0 1 10 0 1 3 0 1 11 0 1 3 0 1 4 0 1 3 0 1 4 0 1 11 0 1 3 0 1 16 0 1 2 0 1 2 0 1 9 0 1 2 0 1
15 2 6 0 1 12 0 1 11 0 1 3 0 1 10 0 1 16 0 1 9 0 1 6 0 1 3 0 1 3 0 1 2 0 1 2 0 1 3 0 1 2 0 1 2 0 1 6 3 4 6 6 3
15 2 6 0 1 12 0 1 11 0 1 3 0 1 10 0 1 16 0 1 9 0 1 6 0 1 3 0 1 3 0 1 2 0 1 2 0 1 3 0 1 2 0 1 2 0 1 6 3 4 6 6 3
15 1 10 0 1 8 0 1 3 0 1 11 0 1 16 0 1 2 0 1 4 0 1 10 0 1 10 0 1 10 0 1 10 0 1 2 0 1 3 0 1 2 0 1 3 0 1 6 0 4
15 1 10 0 1 8 0 1 3 0 1 11 0 1 16 0 1 2 0 1 4 0 1 10 0 1 10 0 1 10 0 1 10 0 1 2 0 1 3 0 1 2 0 1 3 0 1 6 0 4
15 1 6 0 1 9 0 1 11 0 1 1 0 1 3 0 1 16 0 1 11 0 1 6 0 1 3 0 1 12 0 1 2 0 1 3 0 1 3 0 1 2 0 1 6 0 1 6 6 6
15 1 6 0 1 9 0 1 11 0 1 1 0 1 3 0 1 16 0 1 11 0 1 6 0 1 3 0 1 12 0 1 2 0 1 3 0 1 3 0 1 2 0 1 6 0 1 6 6 6
15 1 16 0 1 2 0 1 3 0 1 16 0 1 16 0 1 6 0 1 9 0 1 3 0 1 10 0 1 2 0 1 6 0 1 3 0 1 16 0 1 2 0 1 0 0 1 6 3 2
15 1 16 0 1 2 0 1 3 0 1 16 0 1 16 0 1 6 0 1 9 0 1 3 0 1 10 0 1 2 0 1 6 0 1 3 0 1 16 0 1 2 0 1 0 0 1 6 3 2
1 10 5 0 3 6 3 12 6 6 6 6 0 10 6 7 1 1 0 1 1 0 1 1 0 1 1 0 1 1 0 1 3 0 6
1 10 5 0 3 6 3 12 6 6 6 6 0 10 6 7 1 1 0 1 1 0 1 1 0 1 1 0 1 1 0 1 3 0 6
6 7 15 0 1 5 0 3 5 0 2 4 0 1 5 0 3 5 0 3 6 7 1 1 0 1 1 0 1 1 0 1 1 0 1 1 0 1 6 8 4
6 7 15 0 1 5 0 3 5 0 2 4 0 1 5 0 3 5 0 3 6 7 1 1 0 1 1 0 1 1 0 1 1 0 1 1 0 1 6 8 4
11 4 17 0 1 15 0 1 5 8 1 5 8 1 1 0 1 1 0 1 4 0 1 1 0 1 2 0 1 1 0 1 1 0 1 1 0 1 1 0 1 1 0 1 1 0 1
11 4 17 0 1 15 0 1 5 8 1 5 8 1 1 0 1 1 0 1 4 0 1 1 0 1 2 0 1 1 0 1 1 0 1 1 0 1 1 0 1 1 0 1 1 0 1
15 0 4 0 1 17 0 1 15 0 1 2 0 1 15 0 1 15 0 1 2 0 1 1 0 1 4 0 1 1 0 1 1 0 1 4 0 1 1 0 1 1 0 1 1 0 1
15 0 4 0 1 17 0 1 15 0 1 2 0 1 15 0 1 15 0 1 2 0 1 1 0 1 4 0 1 1 0 1 1 0 1 4 0 1 1 0 1 1 0 1 1 0 1
15 0 15 0 1 3 0 1 17 0 1 2 0 1 17 0 1 17 0 1 10 0 1 1 0 1 4 0 1 1 0 1 4 0 1 2 0 1 1 0 1 1 0 1 3 0 1
15 0 15 0 1 3 0 1 17 0 1 2 0 1 17 0 1 17 0 1 10 0 1 1 0 1 4 0 1 1 0 1 4 0 1 2 0 1 1 0 1 1 0 1 3 0 1
15 0 17 0 1 15 0 1 4 0 1 2 0 1 4 0 1 3 0 1 4 0 1 1 0 1 10 0 1 1 0 1 4 0 1 2 0 1 1 0 1 4 0 1 3 0 1
15 0 17 0 1 15 0 1 4 0 1 2 0 1 4 0 1 3 0 1 4 0 1 1 0 1 10 0 1 1 0 1 4 0 1 2 0 1 1 0 1 4 0 1 3 0 1
15 0 4 0 1 17 0 1 15 0 1 2 0 1 15 0 1 15 0 1 10 0 1 1 0 1 4 0 1 10 0 1 9 0 1 10 0 1 3 0 1 9 0 1 9 0 1
15 0 4 0 1 17 0 1 15 0 1 2 0 1 15 0 1 15 0 1 10 0 1 1 0 1 4 0 1 10 0 1 9 0 1 10 0 1 3 0 1 9 0 1 9 0 1
15 0 15 0 1 3 0 1 17 0 1 9 0 1 17 0 1 17 0 1 4 0 1 3 0 1 10 0 1 12 0 1 4 0 1 2 0 1 8 0 1 1 0 1 3 0 1
15 0 15 0 1 3 0 1 17 0 1 9 0 1 17 0 1 17 0 1 4 0 1 3 0 1 10 0 1 12 0 1 4 0 1 2 0 1 8 0 1 1 0 1 3 0 1
15 0 17 0 1 15 0 1 2 0 1 4 0 1 1 0 1 1 0 1 10 0 1 3 0 1 4 0 1 8 0 1 4 0 1 10 0 1 9 0 1 9 0 1 8 0 1
15 0 17 0 1 15 0 1 2 0 1 4 0 1 1 0 1 1 0 1 10 0 1 3 0 1 4 0 1 8 0 1 4 0 1 10 0 1 9 0 1 9 0 1 8 0 1
15 0 4 0 1 17 0 1 2 0 1 9 0 1 3 0 1 4 0 1 2 0 1 3 0 1 10 0 1 9 0 1 9 0 1 4 0 1 3 0 1 4 0 1 9 0 1
15 0 4 0 1 17 0 1 2 0 1 9 0 1 3 0 1 4 0 1 2 0 1 3 0 1 10 0 1 9 0 1 9 0 1 4 0 1 3 0 1 4 0 1 9 0 1
15 0 4 0 1 3 0 1 1 0 1 4 0 1 15 0 1 15 0 1 10 0 1 3 0 1 2 0 1 2 0 1 1 0 1 10 0 1 12 0 1 9 0 1 3 0 1
15 0 4 0 1 3 0 1 1 0 1 4 0 1 15 0 1 15 0 1 10 0 1 3 0 1 2 0 1 2 0 1 1 0 1 10 0 1 12 0 1 9 0 1 3 0 1
15 0 9 0 1 9 0 1 1 0 1 4 0 1 17 0 1 17 0 1 3 0 1 10 0 1 10 0 1 3 0 1 3 0 1 4 0 1 8 0 1 1 0 1 8 0 1
15 0 9 0 1 9 0 1 1 0 1 4 0 1 17 0 1 17 0 1 3 0 1 10 0 1 10 0 1 3 0 1 3 0 1 4 0 1 8 0 1 1 0 1 8 0 1
15 1 1 0 1 4 0 1 16 0 1 4 0 1 1 0 1 10 0 1 10 0 1 12 0 1 3 0 1 3 0 1 9 0 1 10 0 1 9 0 1 9 0 1 9 0 1 6 7 6
15 1 1 0 1 4 0 1 16 0 1 4 0 1 1 0 1 10 0 1 10 0 1 12 0 1 3 0 1 3 0 1 9 0 1 10 0 1 9 0 1 9 0 1 9 0 1 6 7 6
15 0 1 0 1 10 0 1 3 0 1 9 0 1 1 0 1 16 0 1 2 0 1 8 0 1 10 0 1 10 0 1 0 0 1 4 0 1 3 0 1 2 0 1 4 0 1
15 0 1 0 1 10 0 1 3 0 1 9 0 1 1 0 1 16 0 1 2 0 1 8 0 1 10 0 1 10 0 1 0 0 1 4 0 1 3 0 1 2 0 1 4 0 1
15 0 9 0 1 16 0 1 16 0 1 11 0 1 9 0 1 1 0 1 2 0 1 9 0 1 2 0 1 12 0 1 2 0 1 10 0 1 12 0 1 2 0 1 4 0 1
15 0 9 0 1 16 0 1 16 0 1 11 0 1 9 0 1 1 0 1 2 0 1 9 0 1 2 0 1 12 0 1 2 0 1 10 0 1 12 0 1 2 0 1 4 0 1
15 0 2 0 1 4 0 1 1 0 1 10 0 1 2 0 1 12 0 1 3 0 1 4 0 1 10 0 1 3 0 1 2 0 1 4 0 1 2 0 1 3 0 1 4 0 1
15 0 2 0 1 4 0 1 1 0 1 10 0 1 2 0 1 12 0 1 3 0 1 4 0 1 10 0 1 3 0 1 2 0 1 4 0 1 2 0 1 3 0 1 4 0 1
15 0 2 0 1 10 0 1 1 0 1 3 0 1 2 0 1 2 0 1 10 0 1 10 0 1 2 0 1 10 0 1 3 0 1 2 0 1 4 0 1 3 0 1 4 0 1
15 0 2 0 1 10 0 1 1 0 1 3 0 1 2 0 1 2 0 1 10 0 1 10 0 1 2 0 1 10 0 1 3 0 1 2 0 1 4 0 1 3 0 1 4 0 1
15 1 3 0 1 16 0 1 4 0 1 10 0 1 10 0 1 2 0 1 4 0 1 2 0 1 4 0 1 12 0 1 10 0 1 1 0 1 4 0 1 16 0 1 0 0 1 6 0 1
15 1 3 0 1 16 0 1 4 0 1 10 0 1 10 0 1 2 0 1 4 0 1 2 0 1 4 0 1 12 0 1 10 0 1 1 0 1 4 0 1 16 0 1 0 0 1 6 0 1
15 0 3 0 1 4 0 1 16 0 1 1 0 1 2 0 1 2 0 1 1 0 1 2 0 1 1 0 1 1 0 1 3 0 1 1 0 1 4 0 1 0 0 1 0 0 1
15 0 3 0 1 4 0 1 16 0 1 1 0 1 2 0 1 2 0 1 1 0 1 2 0 1 1 0 1 1 0 1 3 0 1 1 0 1 4 0 1 0 0 1 0 0 1
15 2 16 0 1 6 0 1 3 0 1 1 0 1 2 0 1 6 0 1 1 0 1 2 0 1 1 0 1 4 0 1 3 0 1 1 0 1 0 0 1 0 0 1 0 0 1 6 6 9 6 0 1
15 2 16 0 1 6 0 1 3 0 1 1 0 1 2 0 1 6 0 1 1 0 1 2 0 1 1 0 1 4 0 1 3 0 1 1 0 1 0 0 1 0 0 1 0 0 1 6 6 9 6 0 1
15 1 3 0 1 10 0 1 3 0 1 1 0 1 6 0 1 1 0 1 1 0 1 4 0 1 1 0 1 10 0 1 6 0 1 1 0 1 0 0 1 0 0 1 0 0 1 6 6 6
15 1 3 0 1 10 0 1 3 0 1 1 0 1 6 0 1 1 0 1 1 0 1 4 0 1 1 0 1 10 0 1 6 0 1 1 0 1 0 0 1 0 0 1 0 0 1 6 6 6
15 1 16 0 1 6 0 1 16 0 1 1 0 1 1 0 1 10 0 1 1 0 1 4 0 1 3 0 1 4 0 1 16 0 1 3 0 1 0 0 1 0 0 1 0 0 1 6 6 3
15 1 16 0 1 6 0 1 16 0 1 1 0 1 1 0 1 10 0 1 1 0 1 4 0 1 3 0 1 4 0 1 16 0 1 3 0 1 0 0 1 0 0 1 0 0 1 6 6 3
15 0 0 0 1 16 0 1 3 0 1 3 0 1 16 0 1 2 0 1 3 0 1 4 0 1 3 0 1 10 0 1 0 0 1 3 0 1 0 0 1 0 0 1 0 0 1
15 0 0 0 1 16 0 1 3 0 1 3 0 1 16 0 1 2 0 1 3 0 1 4 0 1 3 0 1 10 0 1 0 0 1 3 0 1 0 0 1 0 0 1 0 0 1
15 2 0 0 1 0 0 1 16 0 1 3 0 1 4 0 1 6 0 1 6 0 1 4 0 1 3 0 1 2 0 1 0 0 1 3 0 1 0 0 1 0 0 1 0 0 1 6 3 14 6 7 3
15 2 0 0 1 0 0 1 16 0 1 3 0 1 4 0 1 6 0 1 6 0 1 4 0 1 3 0 1 2 0 1 0 0 1 3 0 1 0 0 1 0 0 1 0 0 1 6 3 14 6 7 3
1 10 5 0 3 6 8 5 6 3 42 4 0 2 1 0 1 1 0 1 1 0 1 1 0 1 1 0 1 3 0 12 6 7 1
1 10 5 0 3 6 8 5 6 3 42 4 0 2 1 0 1 1 0 1 1 0 1 1 0 1 1 0 1 3 0 12 6 7 1
6 5 15 0 1 5 0 3 5 0 2 4 0 1 5 0 3 5 0 3 1 0 1 1 0 1 1 0 1 1 0 1 1 0 1
6 5 15 0 1 5 0 3 5 0 2 4 0 1 5 0 3 5 0 3 1 0 1 1 0 1 1 0 1 1 0 1 1 0 1
11 5 17 0 1 15 0 1 15 0 1 5 8 5 1 0 1 1 0 1 4 0 1 1 0 1 5 8 2 1 0 1 1 0 1 1 0 1 1 0 1 1 0 1 1 0 1 4 0 15
11 5 17 0 1 15 0 1 15 0 1 5 8 5 1 0 1 1 0 1 4 0 1 1 0 1 5 8 2 1 0 1 1 0 1 1 0 1 1 0 1 1 0 1 1 0 1 4 0 15
15 1 4 0 1 17 0 1 17 0 1 2 0 1 15 0 1 15 0 1 5 8 1 3 0 1 2 0 1 1 0 1 1 0 1 1 0 1 1 0 1 1 0 1 1 0 1 4 0 2
15 1 4 0 1 17 0 1 17 0 1 2 0 1 15 0 1 15 0 1 5 8 1 3 0 1 2 0 1 1 0 1 1 0 1 1 0 1 1 0 1 1 0 1 1 0 1 4 0 2
15 1 15 0 1 3 0 1 4 0 1 9 0 1 17 0 1 17 0 1 2 0 1 3 0 1 2 0 1 1 0 1 1 0 1 1 0 1 4 0 1 1 0 1 1 0 1 4 0 2
15 1 15 0 1 3 0 1 4 0 1 9 0 1 17 0 1 17 0 1 2 0 1 3 0 1 2 0 1 1 0 1 1 0 1 1 0 1 4 0 1 1 0 1 1 0 1 4 0 2
15 1 17 0 1 15 0 1 15 0 1 4 0 1 4 0 1 3 0 1 2 0 1 3 0 1 2 0 1 1 0 1 1 0 1 1 0 1 4 0 1 4 0 1 1 0 1 4 0 1
15 1 17 0 1 15 0 1 15 0 1 4 0 1 4 0 1 3 0 1 2 0 1 3 0 1 2 0 1 1 0 1 1 0 1 1 0 1 4 0 1 4 0 1 1 0 1 4 0 1
15 1 4 0 1 17 0 1 17 0 1 9 0 1 15 0 1 15 0 1 9 0 1 9 0 1 9 0 1 3 0 1 9 0 1 1 0 1 4 0 1 4 0 1 4 0 1 4 0 2
15 1 4 0 1 17 0 1 17 0 1 9 0 1 15 0 1 15 0 1 9 0 1 9 0 1 9 0 1 3 0 1 9 0 1 1 0 1 4 0 1 4 0 1 4 0 1 4 0 2
15 2 15 0 1 3 0 1 4 0 1 2 0 1 17 0 1 17 0 1 2 0 1 3 0 1 4 0 1 3 0 1 4 0 1 1 0 1 4 0 1 4 0 1 4 0 1 6 0 4 4 0 2
15 2 15 0 1 3 0 1 4 0 1 2 0 1 17 0 1 17 0 1 2 0 1 3 0 1 4 0 1 3 0 1 4 0 1 1 0 1 4 0 1 4 0 1 4 0 1 6 0 4 4 0 2
15 2 17 0 1 15 0 1 9 0 1 9 0 1 1 0 1 1 0 1 9 0 1 9 0 1 9 0 1 12 0 1 4 0 1 4 0 1 9 0 1 9 0 1 4 0 1 6 0 3 4 0 5
15 2 17 0 1 15 0 1 9 0 1 9 0 1 1 0 1 1 0 1 9 0 1 9 0 1 9 0 1 12 0 1 4 0 1 4 0 1 9 0 1 9 0 1 4 0 1 6 0 3 4 0 5
15 2 1 0 1 17 0 1 4 0 1 2 0 1 3 0 1 4 0 1 2 0 1 1 0 1 4 0 1 8 0 1 4 0 1 4 0 1 4 0 1 1 0 1 4 0 1 6 0 6 4 0 4
15 2 1 0 1 17 0 1 4 0 1 2 0 1 3 0 1 4 0 1 2 0 1 1 0 1 4 0 1 8 0 1 4 0 1 4 0 1 4 0 1 1 0 1 4 0 1 6 0 6 4 0 4
15 2 9 0 1 1 0 1 9 0 1 9 0 1 15 0 1 15 0 1 4 0 1 4 0 1 9 0 1 9 0 1 9 0 1 9 0 1 9 0 1 9 0 1 9 0 1 6 0 4 4 0 6
15 2 9 0 1 1 0 1 9 0 1 9 0 1 15 0 1 15 0 1 4 0 1 4 0 1 9 0 1 9 0 1 9 0 1 9 0 1 9 0 1 9 0 1 9 0 1 6 0 4 4 0 6
15 2 10 0 1 1 0 1 4 0 1 4 0 1 17 0 1 17 0 1 4 0 1 4 0 1 4 0 1 2 0 1 4 0 1 4 0 1 1 0 1 10 0 1 4 0 1 6 0 8 4 0 6
15 2 10 0 1 1 0 1 4 0 1 4 0 1 17 0 1 17 0 1 4 0 1 4 0 1 4 0 1 2 0 1 4 0 1 4 0 1 1 0 1 10 0 1 4 0 1 6 0 8 4 0 6
15 0 4 0 1 3 0 1 9 0 1 9 0 1 16 0 1 1 0 1 9 0 1 9 0 1 9 0 1 8 0 1 9 0 1 9 0 1 9 0 1 8 0 1 9 0 1
15 0 4 0 1 3 0 1 9 0 1 9 0 1 16 0 1 1 0 1 9 0 1 9 0 1 9 0 1 8 0 1 9 0 1 9 0 1 9 0 1 8 0 1 9 0 1
15 0 9 0 1 3 0 1 2 0 1 11 0 1 2 0 1 3 0 1 11 0 1 1 0 1 4 0 1 9 0 1 2 0 1 10 0 1 0 0 1 9 0 1 10 0 1
15 0 9 0 1 3 0 1 2 0 1 11 0 1 2 0 1 3 0 1 11 0 1 1 0 1 4 0 1 9 0 1 2 0 1 10 0 1 0 0 1 9 0 1 10 0 1
15 0 3 0 1 9 0 1 9 0 1 1 0 1 16 0 1 9 0 1 10 0 1 3 0 1 9 0 1 3 0 1 8 0 1 4 0 1 10 0 1 3 0 1 2 0 1
15 0 3 0 1 9 0 1 9 0 1 1 0 1 16 0 1 9 0 1 10 0 1 3 0 1 9 0 1 3 0 1 8 0 1 4 0 1 10 0 1 3 0 1 2 0 1
15 0 8 0 1 1 0 1 3 0 1 3 0 1 4 0 1 1 0 1 4 0 1 8 0 1 2 0 1 8 0 1 9 0 1 9 0 1 8 0 1 9 0 1 2 0 1
15 0 8 0 1 1 0 1 3 0 1 3 0 1 4 0 1 1 0 1 4 0 1 8 0 1 2 0 1 8 0 1 9 0 1 9 0 1 8 0 1 9 0 1 2 0 1
15 0 9 0 1 1 0 1 9 0 1 11 0 1 16 0 1 12 0 1 9 0 1 9 0 1 9 0 1 9 0 1 2 0 1 4 0 1 9 0 1 10 0 1 3 0 1
15 0 9 0 1 1 0 1 9 0 1 11 0 1 16 0 1 12 0 1 9 0 1 9 0 1 9 0 1 9 0 1 2 0 1 4 0 1 9 0 1 10 0 1 3 0 1
15 0 2 0 1 4 0 1 3 0 1 3 0 1 1 0 1 8 0 1 4 0 1 1 0 1 3 0 1 4 0 1 2 0 1 9 0 1 2 0 1 8 0 1 3 0 1
15 0 2 0 1 4 0 1 3 0 1 3 0 1 1 0 1 8 0 1 4 0 1 1 0 1 3 0 1 4 0 1 2 0 1 9 0 1 2 0 1 8 0 1 3 0 1
15 0 16 0 1 12 0 1 9 0 1 11 0 1 9 0 1 9 0 1 10 0 1 3 0 1 9 0 1 4 0 1 3 0 1 3 0 1 3 0 1 9 0 1 3 0 1
15 0 16 0 1 12 0 1 9 0 1 11 0 1 9 0 1 9 0 1 10 0 1 3 0 1 9 0 1 4 0 1 3 0 1 3 0 1 3 0 1 9 0 1 3 0 1
15 0 3 0 1 8 0 1 1 0 1 2 0 1 10 0 1 2 0 1 3 0 1 8 0 1 1 0 1 2 0 1 3 0 1 2 0 1 3 0 1 1 0 1 10 0 1
15 0 3 0 1 8 0 1 1 0 1 2 0 1 10 0 1 2 0 1 3 0 1 8 0 1 1 0 1 2 0 1 3 0 1 2 0 1 3 0 1 1 0 1 10 0 1
15 0 16 0 1 9 0 1 3 0 1 11 0 1 2 0 1 2 0 1 3 0 1 9 0 1 4 0 1 1 0 1 3 0 1 2 0 1 3 0 1 3 0 1 3 0 1
15 0 16 0 1 9 0 1 3 0 1 11 0 1 2 0 1 2 0 1 3 0 1 9 0 1 4 0 1 1 0 1 3 0 1 2 0 1 3 0 1 3 0 1 3 0 1
15 1 3 0 1 2 0 1 10 0 1 4 0 1 2 0 1 2 0 1 3 0 1 0 0 1 11 0 1 2 0 1 3 0 1 2 0 1 3 0 1 9 0 1 6 0 1 6 6 3
15 1 3 0 1 2 0 1 10 0 1 4 0 1 2 0 1 2 0 1 3 0 1 0 0 1 11 0 1 2 0 1 3 0 1 2 0 1 3 0 1 9 0 1 6 0 1 6 6 3
15 0 6 0 1 2 0 1 16 0 1 11 0 1 3 0 1 10 0 1 10 0 1 0 0 1 2 0 1 4 0 1 16 0 1 2 0 1 6 0 1 2 0 1 2 0 1
15 0 6 0 1 2 0 1 16 0 1 11 0 1 3 0 1 10 0 1 10 0 1 0 0 1 2 0 1 4 0 1 16 0 1 2 0 1 6 0 1 2 0 1 2 0 1
15 2 10 0 1 2 0 1 3 0 1 0 0 1 6 0 1 16 0 1 1 0 1 0 0 1 10 0 1 16 0 1 0 0 1 3 0 1 0 0 1 2 0 1 16 0 1 6 0 18 6 8 1
15 2 10 0 1 2 0 1 3 0 1 0 0 1 6 0 1 16 0 1 1 0 1 0 0 1 10 0 1 16 0 1 0 0 1 3 0 1 0 0 1 2 0 1 16 0 1 6 0 18 6 8 1
1 10 5 0 3 6 3 9 6 6 3 6 7 7 6 0 2 1 0 1 1 0 1 1 0 1 1 0 1 1 0 1 3 0 8
1 10 5 0 3 6 3 9 6 6 3 6 7 7 6 0 2 1 0 1 1 0 1 1 0 1 1 0 1 1 0 1 3 0 8
6 7 15 0 1 5 0 3 5 0 2 4 0 1 5 0 3 5 0 2 6 7 1 1 0 1 1 0 1 1 0 1 1 0 1 1 0 1 6 8 2
6 7 15 0 1 5 0 3 5 0 2 4 0 1 5 0 3 5 0 2 6 7 1 1 0 1 1 0 1 1 0 1 1 0 1 1 0 1 6 8 2
11 4 17 0 1 15 0 1 15 0 1 2 0 1 1 0 1 1 0 1 4 0 1 1 0 1 5 8 1 1 0 1 1 0 1 1 0 1 1 0 1 1 0 1 1 0 1
11 4 17 0 1 15 0 1 15 0 1 2 0 1 1 0 1 1 0 1 4 0 1 1 0 1 5 8 1 1 0 1 1 0 1 1 0 1 1 0 1 1 0 1 1 0 1
15 0 4 0 1 17 0 1 17 0 1 10 0 1 15 0 1 15 0 1 5 8 1 5 0 1 2 0 1 1 0 1 1 0 1 1 0 1 1 0 1 1 0 1 1 0 1
15 0 4 0 1 17 0 1 17 0 1 10 0 1 15 0 1 15 0 1 5 8 1 5 0 1 2 0 1 1 0 1 1 0 1 1 0 1 1 0 1 1 0 1 1 0 1
15 0 15 0 1 3 0 1 4 0 1 12 0 1 17 0 1 17 0 1 2 0 1 1 0 1 2 0 1 1 0 1 1 0 1 3 0 1 1 0 1 1 0 1 1 0 1
15 0 15 0 1 3 0 1 4 0 1 12 0 1 17 0 1 17 0 1 2 0 1 1 0 1 2 0 1 1 0 1 1 0 1 3 0 1 1 0 1 1 0 1 1 0 1
15 0 17 0 1 15 0 1 15 0 1 8 0 1 4 0 1 3 0 1 2 0 1 1 0 1 2 0 1 1 0 1 1 0 1 3 0 1 1 0 1 4 0 1 1 0 1
15 0 17 0 1 15 0 1 15 0 1 8 0 1 4 0 1 3 0 1 2 0 1 1 0 1 2 0 1 1 0 1 1 0 1 3 0 1 1 0 1 4 0 1 1 0 1
15 0 4 0 1 17 0 1 17 0 1 9 0 1 15 0 1 15 0 1 2 0 1 15 0 1 2 0 1 9 0 1 1 0 1 3 0 1 1 0 1 4 0 1 1 0 1
15 0 4 0 1 17 0 1 17 0 1 9 0 1 15 0 1 15 0 1 2 0 1 15 0 1 2 0 1 9 0 1 1 0 1 3 0 1 1 0 1 4 0 1 1 0 1
15 0 15 0 1 3 0 1 16 0 1 4 0 1 17 0 1 17 0 1 2 0 1 17 0 1 2 0 1 3 0 1 9 0 1 3 0 1 8 0 1 4 0 1 9 0 1
15 0 15 0 1 3 0 1 16 0 1 4 0 1 17 0 1 17 0 1 2 0 1 17 0 1 2 0 1 3 0 1 9 0 1 3 0 1 8 0 1 4 0 1 9 0 1
15 0 17 0 1 15 0 1 4 0 1 10 0 1 1 0 1 1 0 1 9 0 1 10 0 1 9 0 1 3 0 1 10 0 1 9 0 1 9 0 1 9 0 1 4 0 1
15 0 17 0 1 15 0 1 4 0 1 10 0 1 1 0 1 1 0 1 9 0 1 10 0 1 9 0 1 3 0 1 10 0 1 9 0 1 9 0 1 9 0 1 4 0 1
15 0 10 0 1 17 0 1 10 0 1 12 0 1 3 0 1 9 0 1 11 0 1 16 0 1 4 0 1 3 0 1 8 0 1 1 0 1 3 0 1 4 0 1 4 0 1
15 0 10 0 1 17 0 1 10 0 1 12 0 1 3 0 1 9 0 1 11 0 1 16 0 1 4 0 1 3 0 1 8 0 1 1 0 1 3 0 1 4 0 1 4 0 1
15 0 16 0 1 1 0 1 12 0 1 8 0 1 15 0 1 3 0 1 1 0 1 3 0 1 9 0 1 3 0 1 9 0 1 9 0 1 9 0 1 9 0 1 4 0 1
15 0 16 0 1 1 0 1 12 0 1 8 0 1 15 0 1 3 0 1 1 0 1 3 0 1 9 0 1 3 0 1 9 0 1 9 0 1 9 0 1 9 0 1 4 0 1
15 0 4 0 1 3 0 1 8 0 1 9 0 1 17 0 1 9 0 1 10 0 1 3 0 1 4 0 1 9 0 1 4 0 1 2 0 1 2 0 1 10 0 1 9 0 1
15 0 4 0 1 3 0 1 8 0 1 9 0 1 17 0 1 9 0 1 10 0 1 3 0 1 4 0 1 9 0 1 4 0 1 2 0 1 2 0 1 10 0 1 9 0 1
15 0 9 0 1 9 0 1 9 0 1 2 0 1 10 0 1 2 0 1 1 0 1 3 0 1 10 0 1 2 0 1 9 0 1 4 0 1 0 0 1 8 0 1 4 0 1
15 0 9 0 1 9 0 1 9 0 1 2 0 1 10 0 1 2 0 1 1 0 1 3 0 1 10 0 1 2 0 1 9 0 1 4 0 1 0 0 1 8 0 1 4 0 1
15 0 1 0 1 2 0 1 4 0 1 10 0 1 16 0 1 9 0 1 10 0 1 3 0 1 4 0 1 2 0 1 2 0 1 4 0 1 0 0 1 9 0 1 9 0 1
15 0 1 0 1 2 0 1 4 0 1 10 0 1 16 0 1 9 0 1 10 0 1 3 0 1 4 0 1 2 0 1 2 0 1 4 0 1 0 0 1 9 0 1 9 0 1
15 0 9 0 1 9 0 1 10 0 1 12 0 1 4 0 1 10 0 1 12 0 1 9 0 1 10 0 1 2 0 1 1 0 1 4 0 1 0 0 1 2 0 1 1 0 1
15 0 9 0 1 9 0 1 10 0 1 12 0 1 4 0 1 10 0 1 12 0 1 9 0 1 10 0 1 2 0 1 1 0 1 4 0 1 0 0 1 2 0 1 1 0 1
15 0 2 0 1 10 0 1 12 0 1 8 0 1 8 0 1 4 0 1 2 0 1 2 0 1 4 0 1 2 0 1 2 0 1 4 0 1 0 0 1 2 0 1 9 0 1
15 0 2 0 1 10 0 1 12 0 1 8 0 1 8 0 1 4 0 1 2 0 1 2 0 1 4 0 1 2 0 1 2 0 1 4 0 1 0 0 1 2 0 1 9 0 1
15 0 3 0 1 4 0 1 4 0 1 9 0 1 9 0 1 16 0 1 12 0 1 2 0 1 9 0 1 4 0 1 2 0 1 4 0 1 0 0 1 3 0 1 3 0 1
15 0 3 0 1 4 0 1 4 0 1 9 0 1 9 0 1 16 0 1 12 0 1 2 0 1 9 0 1 4 0 1 2 0 1 4 0 1 0 0 1 3 0 1 3 0 1
15 0 4 0 1 10 0 1 10 0 1 2 0 1 2 0 1 4 0 1 1 0 1 4 0 1 3 0 1 4 0 1 2 0 1 2 0 1 0 0 1 3 0 1 9 0 1
15 0 4 0 1 10 0 1 10 0 1 2 0 1 2 0 1 4 0 1 1 0 1 4 0 1 3 0 1 4 0 1 2 0 1 2 0 1 0 0 1 3 0 1 9 0 1
15 1 3 0 1 16 0 1 2 0 1 10 0 1 10 0 1 16 0 1 1 0 1 4 0 1 12 0 1 4 0 1 2 0 1 16 0 1 0 0 1 3 0 1 0 0 1 6 8 20
15 1 3 0 1 16 0 1 2 0 1 10 0 1 10 0 1 16 0 1 1 0 1 4 0 1 12 0 1 4 0 1 2 0 1 16 0 1 0 0 1 3 0 1 0 0 1 6 8 20
15 0 4 0 1 4 0 1 10 0 1 1 0 1 16 0 1 2 0 1 1 0 1 4 0 1 1 0 1 4 0 1 16 0 1 0 0 1 0 0 1 6 0 1 0 0 1
15 0 4 0 1 4 0 1 10 0 1 1 0 1 16 0 1 2 0 1 1 0 1 4 0 1 1 0 1 4 0 1 16 0 1 0 0 1 0 0 1 6 0 1 0 0 1
15 2 4 0 1 10 0 1 3 0 1 4 0 1 3 0 1 6 0 1 6 0 1 4 0 1 10 0 1 16 0 1 3 0 1 0 0 1 0 0 1 0 0 1 0 0 1 6 3 4 6 0 4
15 2 4 0 1 10 0 1 3 0 1 4 0 1 3 0 1 6 0 1 6 0 1 4 0 1 10 0 1 16 0 1 3 0 1 0 0 1 0 0 1 0 0 1 0 0 1 6 3 4 6 0 4
15 3 9 0 1 16 0 1 10 0 1 10 0 1 10 0 1 10 0 1 10 0 1 6 0 1 4 0 1 0 0 1 6 0 1 0 0 1 0 0 1 16 0 1 0 0 1 6 6 3 6 8 2 6 0 4
15 3 9 0 1 16 0 1 10 0 1 10 0 1 10 0 1 10 0 1 10 0 1 6 0 1 4 0 1 0 0 1 6 0 1 0 0 1 0 0 1 16 0 1 0 0 1 6 6 3 6 8 2 6 0 4
15 4 10 0 1 4 0 1 3 0 1 2 0 1 16 0 1 6 0 1 6 0 1 0 0 1 10 0 1 0 0 1 0 0 1 0 0 1 0 0 1 0 0 1 0 0 1 6 6 3 6 0 4 6 8 2 6 7 4
15 4 10 0 1 4 0 1 3 0 1 2 0 1 16 0 1 6 0 1 6 0 1 0 0 1 10 0 1 0 0 1 0 0 1 0 0 1 0 0 1 0 0 1 0 0 1 6 6 3 6 0 4 6 8 2 6 7 4
15 2 3 0 1 6 0 1 10 0 1 10 0 1 2 0 1 0 0 1 2 0 1 0 0 1 12 0 1 0 0 1 0 0 1 0 0 1 0 0 1 0 0 1 0 0 1 6 6 3 6 6 3
15 2 3 0 1 6 0 1 10 0 1 10 0 1 2 0 1 0 0 1 2 0 1 0 0 1 12 0 1 0 0 1 0 0 1 0 0 1 0 0 1 0 0 1 0 0 1 6 6 3 6 6 3
1 10 5 0 3 6 3 31 6 6 6 6 8 14 6 0 8 6 7 8 1 0 1 1 0 1 1 0 1 1 0 1 1 0 1
1 10 5 0 3 6 3 31 6 6 6 6 8 14 6 0 8 6 7 8 1 0 1 1 0 1 1 0 1 1 0 1 1 0 1
6 5 15 0 1 5 0 3 5 0 2 4 0 1 5 0 3 5 0 3 1 0 1 1 0 1 1 0 1 1 0 1 1 0 1
6 5 15 0 1 5 0 3 5 0 2 4 0 1 5 0 3 5 0 3 1 0 1 1 0 1 1 0 1 1 0 1 1 0 1
11 3 17 0 1 15 0 1 15 0 1 2 0 1 1 0 1 1 0 1 1 0 1 1 0 1 2 0 1 1 0 1 1 0 1 1 0 1 1 0 1 1 0 1
11 3 17 0 1 15 0 1 15 0 1 2 0 1 1 0 1 1 0 1 1 0 1 1 0 1 2 0 1 1 0 1 1 0 1 1 0 1 1 0 1 1 0 1
14 0 4 0 1 17 0 1 17 0 1 2 0 1 15 0 1 15 0 1 1 0 1 1 0 1 2 0 1 1 0 1 1 0 1 1 0 1 1 0 1 1 0 1
14 0 4 0 1 17 0 1 17 0 1 2 0 1 15 0 1 15 0 1 1 0 1 1 0 1 2 0 1 1 0 1 1 0 1 1 0 1 1 0 1 1 0 1
14 0 15 0 1 3 0 1 4 0 1 4 0 1 17 0 1 17 0 1 3 0 1 1 0 1 2 0 1 3 0 1 4 0 1 1 0 1 1 0 1 1 0 1
14 0 15 0 1 3 0 1 4 0 1 4 0 1 17 0 1 17 0 1 3 0 1 1 0 1 2 0 1 3 0 1 4 0 1 1 0 1 1 0 1 1 0 1
14 0 17 0 1 15 0 1 15 0 1 4 0 1 4 0 1 3 0 1 3 0 1 1 0 1 2 0 1 3 0 1 4 0 1 1 0 1 1 0 1 4 0 1
14 0 17 0 1 15 0 1 15 0 1 4 0 1 4 0 1 3 0 1 3 0 1 1 0 1 2 0 1 3 0 1 4 0 1 1 0 1 1 0 1 4 0 1
14 0 4 0 1 17 0 1 17 0 1 12 0 1 15 0 1 15 0 1 3 0 1 3 0 1 2 0 1 3 0 1 9 0 1 3 0 1 1 0 1 4 0 1
14 0 4 0 1 17 0 1 17 0 1 12 0 1 15 0 1 15 0 1 3 0 1 3 0 1 2 0 1 3 0 1 9 0 1 3 0 1 1 0 1 4 0 1
14 0 15 0 1 3 0 1 16 0 1 4 0 1 17 0 1 17 0 1 9 0 1 3 0 1 4 0 1 9 0 1 4 0 1 9 0 1 1 0 1 9 0 1
14 0 15 0 1 3 0 1 16 0 1 4 0 1 17 0 1 17 0 1 9 0 1 3 0 1 4 0 1 9 0 1 4 0 1 9 0 1 1 0 1 9 0 1
14 0 17 0 1 15 0 1 2 0 1 12 0 1 1 0 1 1 0 1 10 0 1 9 0 1 4 0 1 1 0 1 4 0 1 10 0 1 9 0 1 10 0 1
14 0 17 0 1 15 0 1 2 0 1 12 0 1 1 0 1 1 0 1 10 0 1 9 0 1 4 0 1 1 0 1 4 0 1 10 0 1 9 0 1 10 0 1
14 0 16 0 1 17 0 1 4 0 1 2 0 1 3 0 1 4 0 1 3 0 1 3 0 1 4 0 1 9 0 1 9 0 1 3 0 1 10 0 1 1 0 1
14 0 16 0 1 17 0 1 4 0 1 2 0 1 3 0 1 4 0 1 3 0 1 3 0 1 4 0 1 9 0 1 9 0 1 3 0 1 10 0 1 1 0 1
14 0 4 0 1 16 0 1 12 0 1 12 0 1 15 0 1 15 0 1 9 0 1 3 0 1 4 0 1 1 0 1 1 0 1 9 0 1 3 0 1 9 0 1
14 0 4 0 1 16 0 1 12 0 1 12 0 1 15 0 1 15 0 1 9 0 1 3 0 1 4 0 1 1 0 1 1 0 1 9 0 1 3 0 1 9 0 1
14 0 9 0 1 3 0 1 4 0 1 3 0 1 17 0 1 17 0 1 10 0 1 9 0 1 10 0 1 9 0 1 9 0 1 10 0 1 9 0 1 1 0 1
14 0 9 0 1 3 0 1 4 0 1 3 0 1 17 0 1 17 0 1 10 0 1 9 0 1 10 0 1 9 0 1 9 0 1 10 0 1 9 0 1 1 0 1
14 0 10 0 1 3 0 1 12 0 1 12 0 1 1 0 1 16 0 1 1 0 1 10 0 1 12 0 1 4 0 1 10 0 1 3 0 1 2 0 1 3 0 1
14 0 10 0 1 3 0 1 12 0 1 12 0 1 1 0 1 16 0 1 1 0 1 10 0 1 12 0 1 4 0 1 10 0 1 3 0 1 2 0 1 3 0 1
14 0 1 0 1 9 0 1 4 0 1 3 0 1 9 0 1 1 0 1 9 0 1 1 0 1 1 0 1 9 0 1 1 0 1 10 0 1 2 0 1 9 0 1
14 0 1 0 1 9 0 1 4 0 1 3 0 1 9 0 1 1 0 1 9 0 1 1 0 1 1 0 1 9 0 1 1 0 1 10 0 1 2 0 1 9 0 1
14 0 9 0 1 10 0 1 12 0 1 12 0 1 10 0 1 3 0 1 10 0 1 9 0 1 1 0 1 10 0 1 9 0 1 1 0 1 2 0 1 10 0 1
14 0 9 0 1 10 0 1 12 0 1 12 0 1 10 0 1 3 0 1 10 0 1 9 0 1 1 0 1 10 0 1 9 0 1 1 0 1 2 0 1 10 0 1
14 0 10 0 1 4 0 1 1 0 1 2 0 1 4 0 1 9 0 1 2 0 1 10 0 1 12 0 1 4 0 1 10 0 1 10 0 1 10 0 1 4 0 1
14 0 10 0 1 4 0 1 1 0 1 2 0 1 4 0 1 9 0 1 2 0 1 10 0 1 12 0 1 4 0 1 10 0 1 10 0 1 10 0 1 4 0 1
14 0 3 0 1 4 0 1 12 0 1 10 0 1 9 0 1 10 0 1 2 0 1 4 0 1 1 0 1 10 0 1 3 0 1 4 0 1 16 0 1 4 0 1
14 0 3 0 1 4 0 1 12 0 1 10 0 1 9 0 1 10 0 1 2 0 1 4 0 1 1 0 1 10 0 1 3 0 1 4 0 1 16 0 1 4 0 1
14 0 10 0 1 4 0 1 1 0 1 12 0 1 10 0 1 2 0 1 4 0 1 10 0 1 1 0 1 2 0 1 9 0 1 2 0 1 2 0 1 9 0 1
14 0 10 0 1 4 0 1 1 0 1 12 0 1 10 0 1 2 0 1 4 0 1 10 0 1 1 0 1 2 0 1 9 0 1 2 0 1 2 0 1 9 0 1
14 0 2 0 1 16 0 1 3 0 1 3 0 1 2 0 1 2 0 1 4 0 1 2 0 1 3 0 1 3 0 1 10 0 1 2 0 1 4 0 1 10 0 1
14 0 2 0 1 16 0 1 3 0 1 3 0 1 2 0 1 2 0 1 4 0 1 2 0 1 3 0 1 3 0 1 10 0 1 2 0 1 4 0 1 10 0 1
14 3 3 0 1 4 0 1 3 0 1 10 0 1 2 0 1 2 0 1 4 0 1 2 0 1 3 0 1 2 0 1 2 0 1 2 0 1 6 0 1 4 0 1 6 8 1 6 7 4 6 0 3
14 3 3 0 1 4 0 1 3 0 1 10 0 1 2 0 1 2 0 1 4 0 1 2 0 1 3 0 1 2 0 1 2 0 1 2 0 1 6 0 1 4 0 1 6 8 1 6 7 4 6 0 3
14 2 10 0 1 6 0 1 3 0 1 12 0 1 2 0 1 1 0 1 4 0 1 2 0 1 3 0 1 1 0 1 2 0 1 4 0 1 16 0 1 9 0 1 6 8 2 6 0 4
14 2 10 0 1 6 0 1 3 0 1 12 0 1 2 0 1 1 0 1 4 0 1 2 0 1 3 0 1 1 0 1 2 0 1 4 0 1 16 0 1 9 0 1 6 8 2 6 0 4
14 1 3 0 1 4 0 1 16 0 1 4 0 1 3 0 1 4 0 1 6 0 1 2 0 1 3 0 1 10 0 1 4 0 1 4 0 1 1 0 1 10 0 1 6 0 10
14 1 3 0 1 4 0 1 16 0 1 4 0 1 3 0 1 4 0 1 6 0 1 2 0 1 3 0 1 10 0 1 4 0 1 4 0 1 1 0 1 10 0 1 6 0 10
14 4 6 0 1 16 0 1 1 0 1 4 0 1 6 0 1 10 0 1 1 0 1 4 0 1 6 0 1 2 0 1 10 0 1 6 0 1 4 0 1 2 0 1 6 6 3 6 3 2 6 0 26 6 8 1
14 4 6 0 1 16 0 1 1 0 1 4 0 1 6 0 1 10 0 1 1 0 1 4 0 1 6 0 1 2 0 1 10 0 1 6 0 1 4 0 1 2 0 1 6 6 3 6 3 2 6 0 26 6 8 1
14 0 10 0 1 0 0 1 16 0 1 12 0 1 0 0 1 16 0 1 0 0 1 4 0 1 16 0 1 2 0 1 1 0 1 0 0 1 16 0 1 2 0 1
14 0 10 0 1 0 0 1 16 0 1 12 0 1 0 0 1 16 0 1 0 0 1 4 0 1 16 0 1 2 0 1 1 0 1 0 0 1 16 0 1 2 0 1
1 10 16 0 1 6 3 4 6 6 3 6 8 9 6 7 4 6 0 45 1 0 1 1 0 1 1 0 1 1 0 1 1 0 1
1 10 16 0 1 6 3 4 6 6 3 6 8 9 6 7 4 6 0 45 1 0 1 1 0 1 1 0 1 1 0 1 1 0 1
6 2 6 0 1 10 0 1 10 0 1 4 0 1 1 0 1 1 0 1 6 8 1 1 0 1
6 2 6 0 1 10 0 1 10 0 1 4 0 1 1 0 1 1 0 1 6 8 1 1 0 1
7 2 4 0 1 6 0 1 6 0 1 2 0 1 1 0 1 1 0 1 1 0 1 6 6 3 6 7 4
7 2 4 0 1 6 0 1 6 0 1 2 0 1 1 0 1 1 0 1 1 0 1 6 6 3 6 7 4
7 0 16 0 1 16 0 1 16 0 1 2 0 1 10 0 1 10 0 1 1 0 1
7 0 16 0 1 16 0 1 16 0 1 2 0 1 10 0 1 10 0 1 1 0 1
7 1 4 0 1 6 0 1 6 0 1 4 0 1 4 0 1 1 0 1 1 0 1 6 8 2
7 1 4 0 1 6 0 1 6 0 1 4 0 1 4 0 1 1 0 1 1 0 1 6 8 2
7 0 10 0 1 3 0 1 4 0 1 9 0 1 4 0 1 9 0 1 1 0 1
7 0 10 0 1 3 0 1 4 0 1 9 0 1 4 0 1 9 0 1 1 0 1
7 0 16 0 1 10 0 1 10 0 1 10 0 1 4 0 1 10 0 1 1 0 1
7 0 16 0 1 10 0 1 10 0 1 10 0 1 4 0 1 10 0 1 1 0 1
7 0 1 0 1 16 0 1 16 0 1 1 0 1 9 0 1 3 0 1 4 0 1
7 0 1 0 1 16 0 1 16 0 1 1 0 1 9 0 1 3 0 1 4 0 1
7 0 3 0 1 3 0 1 4 0 1 9 0 1 10 0 1 3 0 1 9 0 1
7 0 3 0 1 3 0 1 4 0 1 9 0 1 10 0 1 3 0 1 9 0 1
7 0 16 0 1 10 0 1 9 0 1 10 0 1 1 0 1 12 0 1 10 0 1
7 0 16 0 1 10 0 1 9 0 1 10 0 1 1 0 1 12 0 1 10 0 1
7 0 3 0 1 16 0 1 10 0 1 3 0 1 3 0 1 2 0 1 2 0 1
7 0 3 0 1 16 0 1 10 0 1 3 0 1 3 0 1 2 0 1 2 0 1
7 0 16 0 1 1 0 1 2 0 1 9 0 1 9 0 1 4 0 1 2 0 1
7 0 16 0 1 1 0 1 2 0 1 9 0 1 9 0 1 4 0 1 2 0 1
7 0 1 0 1 4 0 1 3 0 1 10 0 1 10 0 1 4 0 1 16 0 1
7 0 1 0 1 4 0 1 3 0 1 10 0 1 10 0 1 4 0 1 16 0 1
7 0 4 0 1 16 0 1 1 0 1 1 0 1 2 0 1 16 0 1 2 0 1
7 0 4 0 1 16 0 1 1 0 1 1 0 1 2 0 1 16 0 1 2 0 1
7 1 9 0 1 4 0 1 3 0 1 6 0 1 2 0 1 2 0 1 2 0 1 6 0 6
7 1 9 0 1 4 0 1 3 0 1 6 0 1 2 0 1 2 0 1 2 0 1 6 0 6
7 3 10 0 1 16 0 1 6 0 1 0 0 1 2 0 1 16 0 1 6 0 1 6 7 4 6 8 2 6 0 4
7 3 10 0 1 16 0 1 6 0 1 0 0 1 2 0 1 16 0 1 6 0 1 6 7 4 6 8 2 6 0 4
7 0 2 0 1 2 0 1 0 0 1 0 0 1 3 0 1 2 0 1 0 0 1
7 0 2 0 1 2 0 1 0 0 1 0 0 1 3 0 1 2 0 1 0 0 1
7 3 2 0 1 6 0 1 0 0 1 0 0 1 3 0 1 6 0 1 0 0 1 6 6 9 6 8 5 6 0 2
7 3 2 0 1 6 0 1 0 0 1 0 0 1 3 0 1 6 0 1 0 0 1 6 6 9 6 8 5 6 0 2
7 2 3 0 1 0 0 1 0 0 1 0 0 1 6 0 1 0 0 1 0 0 1 6 6 3 6 0 5
7 2 3 0 1 0 0 1 0 0 1 0 0 1 6 0 1 0 0 1 0 0 1 6 6 3 6 0 5
7 3 6 0 1 0 0 1 0 0 1 0 0 1 0 0 1 0 0 1 0 0 1 6 6 3 6 8 4 6 0 2
7 3 6 0 1 0 0 1 0 0 1 0 0 1 0 0 1 0 0 1 0 0 1 6 6 3 6 8 4 6 0 2
7 0 0 0 1 0 0 1 0 0 1 0 0 1 0 0 1 0 0 1 0 0 1
7 0 0 0 1 0 0 1 0 0 1 0 0 1 0 0 1 0 0 1 0 0 1
7 0 0 0 1 0 0 1 0 0 1 0 0 1 0 0 1 0 0 1 0 0 1
7 0 0 0 1 0 0 1 0 0 1 0 0 1 0 0 1 0 0 1 0 0 1
7 1 0 0 1 0 0 1 0 0 1 0 0 1 0 0 1 0 0 1 0 0 1 6 0 8
7 1 0 0 1 0 0 1 0 0 1 0 0 1 0 0 1 0 0 1 0 0 1 6 0 8
TRUTH
3000 3000 10000 10000 10000 10000 10000 10000 10000 10000 10000 1933054426603526306
158 158 9999 9999 9999 9999 9999 9999 9999 9999 10000 12704659895190369891
105 105 9995 9999 9999 9999 9999 9999 9999 9999 10000 16512146853746412162
105 105 9995 9999 9999 9999 9999 9999 9999 9999 10000 6804365843953408098
105 105 9995 9999 9999 9999 9999 9999 9999 9999 10000 13129673606705191842
105 105 9995 9999 9999 9999 9999 9999 9999 9999 10000 9278372856584536290
105 105 9995 9999 9999 9999 9999 9999 9999 9999 10000 2076527260524540482
105 105 9995 9999 9999 9999 9999 9999 9999 9999 10000 1520941388363083658
105 105 9995 9999 9999 9999 9999 9999 9999 9999 10000 759164397702555354
105 105 9995 9999 9999 9999 9999 9999 9999 9999 10000 5199565815435110638
105 105 9995 9999 9999 9999 9999 9999 9999 9999 10000 17174444773501256838
105 105 9995 9999 9999 9999 9999 9999 9999 9999 10000 18397699283122916662
105 105 9995 9999 9999 9999 9999 9999 9999 9999 10000 6213195485044901034
105 105 9995 9999 9999 9999 9999 9999 9999 9999 10000 15169514971881115602
105 105 9995 9999 9999 9999 9999 9999 9999 9999 10000 15059805436712276322
105 105 9995 9999 9999 9999 9999 9999 9999 9999 10000 6842622157061645114
105 105 9995 9999 9999 9999 9999 9999 9999 9999 10000 8063415430098260762
105 105 9995 9999 9999 9999 9999 9999 9999 9999 10000 9356536019073432578
105 105 9995 9999 9999 9999 9999 9999 9999 9999 10000 11131039291332611238
105 105 9995 9999 9999 9999 9999 9999 9999 9999 10000 600503584265086014
105 105 9995 9999 9999 9999 9999 9999 9999 9999 10000 7245271688607876478
105 105 9995 9999 9999 9999 9999 9999 9999 9999 10000 2184092141556431818
105 105 9995 9999 9999 9999 9999 9999 9999 9999 10000 12436896030331336594
105 105 9995 9999 9999 9999 9999 9999 9999 9999 10000 16353624808056306770
105 105 9995 9999 9999 9999 9999 9999 9999 9999 10000 14907689926693852199
22 22 9988 9998 9998 9998 9998 9998 9998 9998 10000 7587352597619587508
22 22 9988 9998 9998 9998 9998 9998 9998 9998 10000 12706341292700561292
22 22 9988 9998 9998 9998 9998 9998 9998 9998 10000 126733651692919932
22 22 9988 9998 9998 9998 9998 9998 9998 9998 10000 15205809312325108236
22 22 9988 9998 9998 9998 9998 9998 9998 9998 10000 6202583626219685716
22 22 9988 9998 9998 9998 9998 9998 9998 9998 10000 14032238891207877156
22 22 9988 9998 9998 9998 9998 9998 9998 9998 10000 11186058002250970244
22 22 9988 9998 9998 9998 9998 9998 9998 9998 10000 5446169548030184388
22 22 9988 9998 9998 9998 9998 9998 9998 9998 10000 4973876904435291316
22 22 9988 9998 9998 9998 9998 9998 9998 9998 10000 12018631008794847636
22 22 9988 9998 9998 9998 9998 9998 9998 9998 10000 14620933186953481396
22 22 9988 9998 9998 9998 9998 9998 9998 9998 10000 15109971684113305924
22 22 9988 9998 9998 9998 9998 9998 9998 9998 10000 6355696573955474660
22 22 9988 9998 9998 9998 9998 9998 9998 9998 10000 12310790642468891484
22 22 9988 9998 9998 9998 9998 9998 9998 9998 10000 17188856952471697764
164 164 9984 9998 9998 9998 9998 9998 9998 9998 10004 10186316991019382366
76 76 9978 9998 9998 9998 9998 9998 9998 9998 10004 3808480738703130476
16 16 9974 9998 9998 9998 9998 9998 9998 9998 10004 861179005564933704
16 16 9974 9998 9998 9998 9998 9998 9998 9998 10004 14872602136373501080
16 16 9974 9998 9998 9998 9998 9998 9998 9998 10004 16232739525892317864
16 16 9974 9998 9998 9998 9998 9998 9998 9998 10004 638972908876175944
16 16 9974 9998 9998 9998 9998 9998 9998 9998 10004 2932887389297985608
16 16 9974 9998 9998 9998 9998 9998 9998 9998 10004 9200913673042812952
16 16 9974 9998 9998 9998 9998 9998 9998 9998 10004 1293309209211486975
116 116 9967 9997 9997 9997 9997 9997 9997 9997 10008 13991934214965052930
116 116 9967 9997 9997 9997 9997 9997 9997 9997 10008 9817931500747997698
116 116 9967 9997 9997 9997 9997 9997 9997 9997 10008 14107703050642998410
116 116 9967 9997 9997 9997 9997 9997 9997 9997 10008 11164940927718021834
116 116 9967 9997 9997 9997 9997 9997 9997 9997 10008 13137716332019719890
116 116 9967 9997 9997 9997 9997 9997 9997 9997 10008 1898205479424822010
117 117 9967 9997 9997 9997 9997 9997 9997 9997 10008 8740369860390779706
118 118 9967 9997 9997 9997 9997 9997 9997 9997 10008 5875276842933084682
119 119 9967 9997 9997 9997 9997 9997 9997 9997 10008 4135536318939914546
120 120 9967 9997 9997 9997 9997 9997 9997 9997 10008 10005622742870787962
121 121 9967 9997 9997 9997 9997 9997 9997 9997 10008 4476241997592997634
122 122 9967 9997 9997 9997 9997 9997 9997 9997 10008 15153942630873504586
123 123 9967 9997 9997 9997 9997 9997 9997 9997 10008 9756137221548198082
124 124 9967 9997 9997 9997 9997 9997 9997 9997 10008 16935848449243582202
125 125 9967 9997 9997 9997 9997 9997 9997 9997 10008 9339240155109957250
126 126 9967 9997 9997 9997 9997 9997 9997 9997 10008 9459553887278886530
127 127 9967 9997 9997 9997 9997 9997 9997 9997 10008 8191311250003561346
128 128 9967 9997 9997 9997 9997 9997 9997 9997 10008 11796879847190958082
129 129 9967 9997 9997 9997 9997 9997 9997 9997 10008 10714487841177200922
130 130 9967 9997 9997 9997 9997 9997 9997 9997 10008 1014561274838888898
192 192 9971 9997 9997 9997 9997 9997 9997 9997 10008 7285054679360546275
192 192 9971 9997 9997 9997 9997 9997 9997 9997 10008 2706235282292960163
192 192 9971 9997 9997 9997 9997 9997 9997 9997 10008 11213385655134793187
192 192 9971 9997 9997 9997 9997 9997 9997 9997 10008 15096968928324698852
48 48 9961 9996 9996 9995 9996 9996 9995 9996 10016 7051561446480642293
48 48 9961 9996 9996 9995 9996 9996 9995 9996 10016 4451002412360627525
17 17 9959 9996 9996 9995 9996 9996 9995 9996 10016 18319383077834967575
17 17 9959 9996 9996 9995 9996 9996 9995 9996 10016 2931359176038310471
17 17 9958 9996 9996 9994 9996 9996 9994 9996 10016 15359331439426305242
17 17 9958 9996 9996 9994 9996 9996 9994 9996 10016 14757330974951768018
17 17 9958 9996 9996 9994 9996 9996 9994 9996 10016 10129966845606109170
17 17 9958 9996 9996 9994 9996 9996 9994 9996 10016 4839861505245734930
17 17 9957 9996 9996 9993 9996 9996 9993 9996 10016 9419177865596972279
17 17 9957 9996 9996 9993 9996 9996 9993 9996 10016 6031253067370804815
17 17 9957 9996 9996 9993 9996 9996 9993 9996 10016 1466345727645510327
18 18 9957 9996 9996 9993 9996 9996 9993 9996 10016 8223851214458929271
19 19 9956 9996 9996 9992 9996 9996 9992 9996 10016 8205706292748030946
19 19 9956 9996 9996 9992 9996 9996 9992 9996 10016 5930952467540435170
19 19 9956 9996 9996 9992 9996 9996 9992 9996 10016 6100408790419457962
19 19 9956 9996 9996 9992 9996 9996 9992 9996 10016 5534130220999636570
19 19 9955 9996 9996 9991 9996 9996 9991 9996 10016 5772280028054874579
19 19 9955 9996 9996 9991 9996 9996 9991 9996 10016 1675742956144934835
19 19 9955 9996 9996 9991 9996 9996 9991 9996 10016 12933236918131502299
19 19 9955 9996 9996 9991 9996 9996 9991 9996 10016 8089315119781742555
51 51 9956 9996 9996 9990 9996 9996 9990 9996 10016 9100872103435356231
51 51 9956 9996 9996 9990 9996 9996 9990 9996 10016 7962077308616660039
51 51 9956 9996 9996 9990 9996 9996 9990 9996 10016 2192760882319708231
51 51 9956 9996 9996 9990 9996 9996 9990 9996 10016 12351853377662062780
162 162 9942 9995 9995 9988 9995 9995 9988 9995 10024 10420091695417669423
162 162 9942 9995 9995 9988 9995 9995 9988 9995 10024 13564350765732273639
129 129 9940 9995 9995 9988 9995 9995 9988 9995 10024 3897017557517880353
129 129 9940 9995 9995 9988 9995 9995 9988 9995 10024 3835071857818540105
96 96 9937 9995 9995 9987 9995 9995 9987 9995 10024 17903476551664625274
63 63 9935 9995 9995 9987 9995 9995 9987 9995 10024 5675452580533477736
96 96 9937 9995 9995 9987 9995 9995 9987 9995 10024 9032988622471933610
63 63 9935 9995 9995 9987 9995 9995 9987 9995 10024 2068649805785488832
96 96 9936 9995 9995 9986 9995 9995 9986 9995 10024 11927661120877198456
30 30 9932 9995 9995 9986 9995 9995 9986 9995 10024 11270820969061068268
30 30 9932 9995 9995 9986 9995 9995 9986 9995 10024 6865660760257252500
30 30 9932 9995 9995 9986 9995 9995 9986 9995 10024 2074684814250692180
30 30 9931 9995 9995 9985 9995 9995 9985 9995 10024 6831459207537526058
30 30 9931 9995 9995 9985 9995 9995 9985 9995 10024 13779580289047817458
30 30 9931 9995 9995 9985 9995 9995 9985 9995 10024 4233451255997490002
30 30 9931 9995 9995 9985 9995 9995 9985 9995 10024 9939128146411873098
30 30 9930 9995 9995 9984 9995 9995 9984 9995 10024 16920437340965694289
30 30 9930 9995 9995 9984 9995 9995 9984 9995 10024 3447036653726104361
30 30 9930 9995 9995 9984 9995 9995 9984 9995 10024 18160543060860262785
30 30 9930 9995 9995 9984 9995 9995 9984 9995 10024 16863259025889841673
30 30 9929 9995 9995 9983 9995 9995 9983 9995 10024 8585185885845634336
30 30 9929 9995 9995 9983 9995 9995 9983 9995 10024 18444822511072172304
319 319 9935 9995 9995 9983 9995 9995 9983 9995 10028 3765094648910094707
319 319 9935 9995 9995 9983 9995 9995 9983 9995 10028 12561702869295940890
983 983 9983 9994 9994 9981 9994 9994 9981 9994 10034 7994731178319173277
983 983 9983 9994 9994 9981 9994 9994 9981 9994 10034 2556418087230682989
983 983 9983 9994 9994 9981 9994 9994 9981 9994 10034 6170341003104382445
983 983 9983 9994 9994 9981 9994 9994 9981 9994 10034 16607491352973178029
983 983 9982 9994 9994 9980 9994 9994 9980 9994 10034 5953259289366941462
983 983 9982 9994 9994 9980 9994 9994 9980 9994 10034 8631164909577698150
983 983 9982 9994 9994 9980 9994 9994 9980 9994 10034 18185848470221658006
983 983 9982 9994 9994 9980 9994 9994 9980 9994 10034 2591934445659474618
983 983 9981 9994 9994 9979 9994 9994 9979 9994 10034 8183656631354536434
983 983 9981 9994 9994 9979 9994 9994 9979 9994 10034 14997676485704348954
983 983 9981 9994 9994 9979 9994 9994 9979 9994 10034 4164319834802996870
983 983 9981 9994 9994 9979 9994 9994 9979 9994 10034 6380841047222745890
983 983 9980 9994 9994 9978 9994 9994 9978 9994 10034 9438773922006104463
983 983 9980 9994 9994 9978 9994 9994 9978 9994 10034 7337406217771530055
983 983 9980 9994 9994 9978 9994 9994 9978 9994 10034 18335995034137631923
983 983 9980 9994 9994 9978 9994 9994 9978 9994 10034 8493243167582601355
983 983 9979 9994 9994 9977 9994 9994 9977 9994 10034 7017794726607361051
983 983 9979 9994 9994 9977 9994 9994 9977 9994 10034 8234067513914241415
983 983 9979 9994 9994 9977 9994 9994 9977 9994 10034 4204136830777322747
983 983 9979 9994 9994 9977 9994 9994 9977 9994 10034 16708610348879694459
983 983 9978 9994 9994 9976 9994 9994 9976 9994 10034 732641518820780050
983 983 9978 9994 9994 9976 9994 9994 9976 9994 10034 7282132717956010130
983 983 9978 9994 9994 9976 9994 9994 9976 9994 10034 17768355224051584146
983 983 9978 9994 9994 9976 9994 9994 9976 9994 10034 5983015302763612357
1225 1225 9961 9993 9993 9973 9993 9993 9973 9993 10044 17490666794007348204
1225 1225 9961 9993 9993 9973 9993 9993 9973 9993 10044 9993078383617386028
1194 1194 9959 9993 9993 9973 9993 9993 9973 9993 10044 14854676635991034054
1194 1194 9959 9993 9993 9973 9993 9993 9973 9993 10044 9334958169357844518
1163 1163 9955 9993 9993 9971 9993 9993 9971 9993 10044 1119346612613831786
1131 1131 9953 9993 9993 9971 9993 9993 9971 9993 10044 14290577000309475108
1131 1131 9953 9993 9993 9971 9993 9993 9971 9993 10044 2169212285626334684
1131 1131 9953 9993 9993 9971 9993 9993 9971 9993 10044 13618534268161596044
1131 1131 9951 9993 9993 9969 9993 9993 9969 9993 10044 7079469947385662079
1131 1131 9951 9993 9993 9969 9993 9993 9969 9993 10044 16466420602423636119
1131 1131 9951 9993 9993 9969 9993 9993 9969 9993 10044 7860989962211012927
1131 1131 9951 9993 9993 9969 9993 9993 9969 9993 10044 14758060086950937271
1035 1035 9943 9993 9993 9967 9993 9993 9967 9993 10044 3836260740980032567
1035 1035 9943 9993 9993 9967 9993 9993 9967 9993 10044 6349707981224212663
1035 1035 9943 9993 9993 9967 9993 9993 9967 9993 10044 11470778470036025399
1035 1035 9943 9993 9993 9967 9993 9993 9967 9993 10044 17682059572607112023
1035 1035 9941 9993 9993 9965 9993 9993 9965 9993 10044 3410141572812115006
1035 1035 9941 9993 9993 9965 9993 9993 9965 9993 10044 15349325500336764406
1035 1035 9941 9993 9993 9965 9993 9993 9965 9993 10044 7576472277350497942
1035 1035 9941 9993 9993 9965 9993 9993 9965 9993 10044 13389594331122100806
1035 1035 9939 9993 9993 9963 9993 9993 9963 9993 10044 8315481238972121175
1035 1035 9939 9993 9993 9963 9993 9993 9963 9993 10044 13636674463903350783
1035 1035 9939 9993 9993 9963 9993 9993 9963 9993 10044 4760195663125575575
1035 1035 9939 9993 9993 9963 9993 9993 9963 9993 10044 15938337904529537086
1213 1213 9938 9992 9992 9960 9992 9992 9960 10016 10056 17157902944353781326
99 99 9920 9992 9992 9960 9992 9992 9960 10016 10056 174147047556640091
65 65 9918 9992 9992 9960 9992 9992 9960 10016 10056 15156826146392347521
65 65 9918 9992 9992 9960 9992 9992 9960 10016 10056 8922649012052938921
65 65 9916 9992 9992 9958 9992 9992 9958 10016 10056 146396657864736651
31 31 9914 9992 9992 9958 9992 9992 9958 10016 10056 8081846268665288729
31 31 9914 9992 9992 9958 9992 9992 9958 10016 10056 9294604759459280057
31 31 9914 9992 9992 9958 9992 9992 9958 10016 10056 8027081126551439209
31 31 9912 9992 9992 9956 9992 9992 9956 10016 10056 8967113956508135887
31 31 9912 9992 9992 9956 9992 9992 9956 10016 10056 14190846346024388383
31 31 9912 9992 9992 9956 9992 9992 9956 10016 10056 7339065734505971799
31 31 9912 9992 9992 9956 9992 9992 9956 10016 10056 4645039220822488967
31 31 9910 9992 9992 9954 9992 9992 9954 10016 10056 14529167772375798489
31 31 9910 9992 9992 9954 9992 9992 9954 10016 10056 2039757034407698361
31 31 9910 9992 9992 9954 9992 9992 9954 10016 10056 10395209635595210425
31 31 9910 9992 9992 9954 9992 9992 9954 10016 10056 12120906897141328041
31 31 9908 9992 9992 9952 9992 9992 9952 10016 10056 13837882881568408190
31 31 9908 9992 9992 9952 9992 9992 9952 10016 10056 9177555649934588462
31 31 9908 9992 9992 9952 9992 9992 9952 10016 10056 8644227398446148566
31 31 9908 9992 9992 9952 9992 9992 9952 10016 10056 1409702173992964894
202 202 9916 9992 9992 9950 9992 9992 9950 10016 10056 9395608073078185439
202 202 9916 9992 9992 9950 9992 9992 9950 10016 10056 1918362351545954463
202 202 9916 9992 9992 9950 9992 9992 9950 10016 10056 16590061541588854431
202 202 9916 9992 9992 9950 9992 9992 9950 10016 10056 6220725270393770604
247 247 9913 9991 9991 9947 9991 9991 9947 10015 10068 1322698580267033441
33 33 9905 9991 9991 9947 9991 9991 9947 10015 10068 15422893957256328572
33 33 9905 9991 9991 9947 9991 9991 9947 10015 10068 9375618780195688508
33 33 9905 9991 9991 9947 9991 9991 9947 10015 10068 6934100207913606580
33 33 9903 9991 9991 9945 9991 9991 9945 10015 10068 9621288267895184818
33 33 9903 9991 9991 9945 9991 9991 9945 10015 10068 8825107356719266106
33 33 9903 9991 9991 9945 9991 9991 9945 10015 10068 7473003089606989602
33 33 9903 9991 9991 9945 9991 9991 9945 10015 10068 15038336223925940842
33 33 9901 9991 9991 9943 9991 9991 9943 10015 10068 5233366384036057075
33 33 9901 9991 9991 9943 9991 9991 9943 10015 10068 2869857939764144899
33 33 9901 9991 9991 9943 9991 9991 9943 10015 10068 16878158237935269403
33 33 9901 9991 9991 9943 9991 9991 9943 10015 10068 11992264957993014163
33 33 9899 9991 9991 9941 9991 9991 9941 10015 10068 12560811000642922110
33 33 9899 9991 9991 9941 9991 9991 9941 10015 10068 16596496528609855618
33 33 9899 9991 9991 9941 9991 9991 9941 10015 10068 5587468301544225714
33 33 9899 9991 9991 9941 9991 9991 9941 10015 10068 1502226905149453266
33 33 9897 9991 9991 9939 9991 9991 9939 10015 10068 5726199271823634032
33 33 9897 9991 9991 9939 9991 9991 9939 10015 10068 13573494278530632976
33 33 9897 9991 9991 9939 9991 9991 9939 10015 10068 14457751423765883956
33 33 9897 9991 9991 9939 9991 9991 9939 10015 10068 1371942979826727184
33 33 9895 9991 9991 9937 9991 9991 9937 10015 10068 17087586561897503062
1390 1390 9895 9991 9991 9937 9991 9991 9949 10015 10068 6745598392165565313
1562 1562 9895 9991 9991 9937 9991 9991 9949 10015 10072 5408273407096610365
2876 2876 9895 9991 9991 9937 9991 9991 9961 10015 10072 2437161849367415029
1900 1900 9917 9990 9990 9934 9990 9989 9958 10014 10074 5366043193973342275
1769 1769 9917 9990 9990 9934 9990 9989 9958 10014 10074 10961247571071691791
1769 1769 9917 9990 9990 9934 9990 9989 9958 10014 10074 15481970709246257203
1769 1769 9917 9990 9990 9934 9990 9989 9958 10014 10074 8089104633635264651
1769 1769 9914 9990 9990 9932 9990 9988 9956 10014 10074 8310237538765174442
1769 1769 9914 9990 9990 9932 9990 9988 9956 10014 10074 3345813795789610926
1769 1769 9914 9990 9990 9932 9990 9988 9956 10014 10074 8201645826313464202
1769 1769 9914 9990 9990 9932 9990 9988 9956 10014 10074 7460357050234580634
1769 1769 9911 9990 9990 9930 9990 9987 9954 10014 10074 375211560635925870
1769 1769 9911 9990 9990 9930 9990 9987 9954 10014 10074 4940897537587961518
1769 1769 9911 9990 9990 9930 9990 9987 9954 10014 10074 3539071601089711010
1769 1769 9911 9990 9990 9930 9990 9987 9954 10014 10074 3295177093742193338
1769 1769 9908 9990 9990 9928 9990 9986 9952 10014 10074 11929318535027334931
1769 1769 9908 9990 9990 9928 9990 9986 9952 10014 10074 13800078625490659903
1769 1769 9908 9990 9990 9928 9990 9986 9952 10014 10074 9226185038959492739
1769 1769 9908 9990 9990 9928 9990 9986 9952 10014 10074 15098503926000021907
1769 1769 9905 9990 9990 9926 9990 9985 9950 10014 10074 13710441806681432383
1769 1769 9905 9990 9990 9926 9990 9985 9950 10014 10074 12754283226483896211
1769 1769 9905 9990 9990 9926 9990 9985 9950 10014 10074 8858434270290177831
2501 2501 9905 9990 9990 9926 9990 9985 9950 10022 10074 13134590337665966718
2501 2501 9902 9990 9990 9924 9990 9984 9948 10022 10074 4516430930207855099
2501 2501 9902 9990 9990 9924 9990 9984 9948 10022 10074 3113612402913850859
2501 2501 9902 9990 9990 9924 9990 9984 9948 10022 10074 7314854758503146283
2501 2501 9902 9990 9990 9924 9990 9984 9948 10022 10074 9281415754712705148
2589 2589 9894 9989 9989 9921 9989 9982 9945 10021 10078 6018603793869844648
2117 2117 9870 9989 9989 9921 9989 9982 9945 10021 10078 1324720813845683679
2081 2081 9868 9989 9989 9921 9989 9982 9945 10021 10078 4724706612557120097
2044 2044 9866 9989 9989 9921 9989 9982 9945 10021 10078 1637120270709928382
2007 2007 9861 9989 9989 9919 9989 9981 9943 10021 10078 5069165212191787779
1970 1970 9859 9989 9989 9919 9989 9981 9943 10021 10078 1584915789000612613
1896 1896 9855 9989 9989 9919 9989 9981 9943 10021 10078 6255366575972803029
1896 1896 9855 9989 9989 9919 9989 9981 9943 10021 10078 3285846306078232901
1896 1896 9852 9989 9989 9917 9989 9980 9941 10021 10078 6014215005578488299
1896 1896 9852 9989 9989 9917 9989 9980 9941 10021 10078 5416929197111329639
1896 1896 9852 9989 9989 9917 9989 9980 9941 10021 10078 8359316326446799531
1896 1896 9852 9989 9989 9917 9989 9980 9941 10021 10078 11232541165429549691
1896 1896 9849 9989 9989 9915 9989 9979 9939 10021 10078 7111942598996789394
1896 1896 9849 9989 9989 9915 9989 9979 9939 10021 10078 3108240837066992450
1896 1896 9849 9989 9989 9915 9989 9979 9939 10021 10078 1611191065060181458
1896 1896 9849 9989 9989 9915 9989 9979 9939 10021 10078 6335893483517804373
1896 1896 9846 9989 9989 9913 9989 9978 9937 10021 10078 15377173380244666909
2118 2118 9858 9989 9989 9913 9989 9978 9937 10021 10078 17100980237437107129
5875 5875 9858 9989 9989 9913 10013 9978 9937 10029 10078 6294467779837792071
5875 5875 9858 9989 9989 9913 10013 9978 9937 10029 10078 13017534036892479951
8039 8039 9855 9989 9989 9911 10025 9977 9941 10029 10078 2293622285299107556
10879 10879 9855 9989 9989 9911 10049 9977 9941 10029 10078 14111232907371650974
10879 10879 9855 9989 9989 9911 10049 9977 9941 10029 10078 877992809471456106
10879 10879 9855 9989 9989 9911 10049 9977 9941 10029 10078 16563595545453720463
13240 13240 9851 9988 9988 9908 10108 9975 9938 10028 10096 5136535801068323242
10809 10809 9851 9988 9988 9908 10108 9975 9938 10028 10096 13497233405176994618
9362 9362 9819 9988 9988 9908 10108 9975 9938 10028 10096 15876009533523411341
9324 9324 9817 9988 9988 9908 10108 9975 9938 10028 10096 11384852583502795362
9246 9246 9810 9988 9988 9906 10108 9974 9936 10028 10096 1303798518862258070
9246 9246 9810 9988 9988 9906 10108 9974 9936 10028 10096 14813190040253120082
9168 9168 9806 9988 9988 9906 10108 9974 9936 10028 10096 4660520698744675578
9168 9168 9806 9988 9988 9906 10108 9974 9936 10028 10096 18002957208629017630
9168 9168 9803 9988 9988 9904 10108 9973 9934 10028 10096 14712909660765073814
9168 9168 9803 9988 9988 9904 10108 9973 9934 10028 10096 2276811433981672946
9168 9168 9803 9988 9988 9904 10108 9973 9934 10028 10096 12669612224372968854
9168 9168 9803 9988 9988 9904 10108 9973 9934 10028 10096 1751502363866206938
9168 9168 9800 9988 9988 9902 10108 9972 9932 10028 10096 16842507869596359570
9168 9168 9800 9988 9988 9902 10108 9972 9932 10028 10096 10758176102882645814
9168 9168 9800 9988 9988 9902 10108 9972 9932 10028 10096 8806076561162010254
9168 9168 9800 9988 9988 9902 10108 9972 9932 10028 10096 18240111893999313374
9168 9168 9797 9988 9988 9900 10108 9971 9930 10028 10096 8283643345669020530
9901 9901 9797 9988 9988 9900 10120 9971 9930 10028 10096 12454038588878921973
9901 9901 9797 9988 9988 9900 10120 9971 9930 10028 10096 7907023006355461989
10597 10597 9797 9988 9988 9900 10120 9971 9936 10028 10096 16125416268285993108
11031 11031 9808 9988 9988 9898 10120 9970 9934 10028 10100 8456572269407290465
11031 11031 9808 9988 9988 9898 10120 9970 9934 10028 10100 12002472539510232081
11031 11031 9808 9988 9988 9898 10120 9970 9934 10028 10100 15394429907923890625
11031 11031 9808 9988 9988 9898 10120 9970 9934 10028 10100 4160056974158838049
13659 13659 9804 9985 9987 9895 10131 9968 9943 10027 10120 141371231413340620
13085 13085 9776 9985 9987 9895 10131 9968 9943 10027 10120 2971866685699739307
13045 13045 9774 9985 9987 9895 10131 9968 9943 10027 10120 354796725934683257
12965 12965 9770 9985 9987 9895 10131 9968 9943 10027 10120 17623592004334752233
12925 12925 9765 9983 9987 9893 10131 9967 9941 10027 10120 6595751450409993652
12845 12845 9761 9983 9987 9893 10131 9967 9941 10027 10120 8328684994154156032
12764 12764 9757 9983 9987 9893 10131 9967 9941 10027 10120 14587017389678155697
12846 12846 9761 9983 9987 9893 10131 9967 9941 10027 10120 1978897008225485036
12765 12765 9754 9981 9987 9891 10131 9966 9939 10027 10120 4024540598796112585
12847 12847 9758 9981 9987 9891 10131 9966 9939 10027 10120 15759713635896659265
12928 12928 9762 9981 9987 9891 10131 9966 9939 10027 10120 2387802154510907800
12847 12847 9758 9981 9987 9891 10131 9966 9939 10027 10120 1717474387486218077
12928 12928 9759 9979 9987 9889 10131 9965 9937 10027 10120 14307520541356497977
13049 13049 9765 9979 9987 9889 10131 9965 9937 10027 10120 5466166550115571250
13049 13049 9765 9979 9987 9889 10131 9965 9937 10027 10120 4976409436508029574
13049 13049 9765 9979 9987 9889 10131 9965 9937 10027 10120 9452043577259898166
13089 13089 9764 9977 9987 9887 10131 9964 9935 10027 10120 17979592238311794758
13089 13089 9764 9977 9987 9887 10131 9964 9935 10027 10120 11499380702187962074
13089 13089 9764 9977 9987 9887 10131 9964 9935 10027 10120 15250715459135876210
13089 13089 9764 9977 9987 9887 10131 9964 9935 10027 10120 2582081479016326018
13776 13776 9761 9975 9987 9885 10131 9963 9939 10027 10120 4057685197804021217
13928 13928 9761 9975 9987 9885 10131 9963 9939 10027 10124 527460658193478666
15663 15663 9761 9975 9987 9885 10131 9963 9945 10043 10124 12555217390949233939
15813 15813 9761 9975 9987 9885 10131 9963 9945 10043 10128 14156037656697768131
17087 17087 9785 9972 9986 9882 10130 9961 9942 10042 10148 6937900757579884372
17011 17011 9785 9972 9986 9882 10130 9961 9942 10042 10148 7380105585680634760
17011 17011 9785 9972 9986 9882 10130 9961 9942 10042 10148 1951531058147024804
17011 17011 9785 9972 9986 9882 10130 9961 9942 10042 10148 5356884968752509280
17011 17011 9782 9970 9986 9880 10130 9960 9940 10042 10148 14115339649334824110
17011 17011 9782 9970 9986 9880 10130 9960 9940 10042 10148 14589144155975889622
17011 17011 9782 9970 9986 9880 10130 9960 9940 10042 10148 2313396066314483138
17011 17011 9782 9970 9986 9880 10130 9960 9940 10042 10148 2839220430711747842
17011 17011 9779 9968 9986 9878 10130 9959 9938 10042 10148 381835432888314024
17011 17011 9779 9968 9986 9878 10130 9959 9938 10042 10148 11404455411759225952
17011 17011 9779 9968 9986 9878 10130 9959 9938 10042 10148 17211272310012256920
17011 17011 9779 9968 9986 9878 10130 9959 9938 10042 10148 15687269365658440128
17011 17011 9776 9966 9986 9876 10130 9958 9936 10042 10148 9890331055950743699
17011 17011 9776 9966 9986 9876 10130 9958 9936 10042 10148 9289207149484057911
17011 17011 9776 9966 9986 9876 10130 9958 9936 10042 10148 1643833452728990927
17011 17011 9776 9966 9986 9876 10130 9958 9936 10042 10148 901460061214004407
17011 17011 9773 9964 9986 9874 10130 9957 9934 10042 10148 455696104297141902
17011 17011 9773 9964 9986 9874 10130 9957 9934 10042 10148 5918421954962127970
17011 17011 9773 9964 9986 9874 10130 9957 9934 10042 10148 18434558934120917374
17011 17011 9773 9964 9986 9874 10130 9957 9934 10042 10148 14742234826948855898
17011 17011 9770 9962 9986 9872 10130 9956 9932 10042 10148 16710440422036414356
17011 17011 9770 9962 9986 9872 10130 9956 9932 10042 10148 10591447748843811400
17011 17011 9770 9962 9986 9872 10130 9956 9932 10042 10148 10199538705742957884
17011 17011 9770 9962 9986 9872 10130 9956 9932 10042 10148 8956262170656881287
19721 19721 9738 9959 9985 9869 10129 9954 9947 10053 10172 10613507752756417406
19721 19721 9738 9959 9985 9869 10129 9954 9947 10053 10172 13906893036800283166
19680 19680 9736 9959 9985 9869 10129 9954 9947 10053 10172 4101773064005349968
19639 19639 9734 9959 9985 9869 10129 9954 9947 10053 10172 1938603466751160006
19598 19598 9729 9957 9985 9867 10129 9953 9945 10053 10172 6156740526758621958
19515 19515 9725 9957 9985 9867 10129 9953 9945 10053 10172 737643765382080796
19431 19431 9721 9957 9985 9867 10129 9953 9945 10053 10172 17416055700012450840
19431 19431 9721 9957 9985 9867 10129 9953 9945 10053 10172 12357609914811986028
19431 19431 9718 9955 9985 9865 10129 9952 9943 10053 10172 5904593648600208009
19431 19431 9718 9955 9985 9865 10129 9952 9943 10053 10172 15603365644183558673
19431 19431 9718 9955 9985 9865 10129 9952 9943 10053 10172 8338536440158256669
19431 19431 9718 9955 9985 9865 10129 9952 9943 10053 10172 16675085486831820841
19431 19431 9715 9953 9985 9863 10129 9951 9941 10053 10172 324147673971650657
19431 19431 9715 9953 9985 9863 10129 9951 9941 10053 10172 14821518420943728145
19431 19431 9715 9953 9985 9863 10129 9951 9941 10053 10172 1030388999914737265
19431 19431 9715 9953 9985 9863 10129 9951 9941 10053 10172 3076067101635464981
19432 19432 9712 9951 9985 9861 10129 9950 9939 10053 10172 11038846413098145095
19138 19138 9698 9951 9985 9861 10129 9950 9939 10053 10172 9329362297583351749
19138 19138 9698 9951 9985 9861 10129 9950 9939 10053 10172 11213859324708311581
19138 19138 9698 9951 9985 9861 10129 9950 9939 10053 10172 17722173656877065841
19199 19199 9695 9949 9985 9859 10129 9949 9937 10057 10172 13376191389542771081
19277 19277 9695 9949 9985 9859 10129 9949 9937 10059 10174 8255405671469358068
19277 19277 9695 9949 9985 9859 10129 9949 9937 10059 10174 12268945477756392856
19277 19277 9695 9949 9985 9859 10129 9949 9937 10059 10174 8923099637558945768
19839 19839 9690 9946 9984 9856 10128 9946 9934 10058 10192 15167229099491029013
19708 19708 9690 9946 9984 9856 10128 9946 9934 10058 10192 10446425823916970977
19242 19242 9690 9946 9984 9856 10128 9946 9934 10058 10192 17518132085492976005
19242 19242 9690 9946 9984 9856 10128 9946 9934 10058 10192 9387123210822362257
19242 19242 9686 9944 9984 9854 10128 9944 9932 10058 10192 12484553851674741170
19242 19242 9686 9944 9984 9854 10128 9944 9932 10058 10192 9789636467156235106
19242 19242 9686 9944 9984 9854 10128 9944 9932 10058 10192 5574791704711836182
19242 19242 9686 9944 9984 9854 10128 9944 9932 10058 10192 17388826904662635474
19242 19242 9682 9942 9984 9852 10128 9942 9930 10058 10192 9720744278438113791
19242 19242 9682 9942 9984 9852 10128 9942 9930 10058 10192 592554944863430363
19242 19242 9682 9942 9984 9852 10128 9942 9930 10058 10192 15989585000831527391
19242 19242 9682 9942 9984 9852 10128 9942 9930 10058 10192 13027781680047241671
19242 19242 9678 9940 9984 9850 10128 9940 9928 10058 10192 16814977679540890362
19242 19242 9678 9940 9984 9850 10128 9940 9928 10058 10192 13360720998642395018
19242 19242 9678 9940 9984 9850 10128 9940 9928 10058 10192 17660060308667335546
19941 19941 9678 9940 9984 9850 10128 9940 9934 10058 10192 17781386474522859269
19941 19941 9674 9938 9984 9848 10128 9938 9932 10058 10192 14008094236486419113
19941 19941 9674 9938 9984 9848 10128 9938 9932 10058 10192 3885594178733826353
20634 20634 9674 9938 9984 9848 10128 9938 9938 10058 10192 656449085183238511
20634 20634 9674 9938 9984 9848 10128 9938 9938 10058 10192 13584406564929259767
20634 20634 9670 9936 9984 9846 10128 9936 9936 10058 10192 17165119614621479421
20634 20634 9670 9936 9984 9846 10128 9936 9936 10058 10192 13956363501517507157
20634 20634 9670 9936 9984 9846 10128 9936 9936 10058 10192 12950236096436757693
20757 20757 9670 9936 9984 9846 10128 9936 9936 10058 10196 11505380845666547729
24055 24055 9665 9933 9983 9843 10127 9933 9957 10057 10220 14961272070234759504
23401 23401 9637 9933 9983 9843 10127 9933 9957 10057 10220 3484372767516496207
23357 23357 9635 9933 9983 9843 10127 9933 9957 10057 10220 426826728204219717
23313 23313 9633 9933 9983 9843 10127 9933 9957 10057 10220 4691633755876767767
24550 24550 9627 9931 9983 9841 10127 9931 9967 10057 10220 11834995502187448309
24418 24418 9621 9931 9983 9841 10127 9931 9967 10057 10220 17246783621702781667
24374 24374 9619 9931 9983 9841 10127 9931 9967 10057 10220 12422061358878263604
24375 24375 9619 9931 9983 9841 10127 9931 9967 10057 10220 12170730144338490300
24376 24376 9615 9929 9983 9839 10127 9929 9965 10057 10220 3985168526607215885
24377 24377 9615 9929 9983 9839 10127 9929 9965 10057 10220 3291522692569917373
24378 24378 9615 9929 9983 9839 10127 9929 9965 10057 10220 15442749803667770089
24601 24601 9625 9929 9983 9839 10127 9929 9965 10057 10220 1967469649433193954
24513 24513 9617 9927 9983 9837 10127 9927 9963 10057 10220 18274530044432226809
24647 24647 9623 9927 9983 9837 10127 9927 9963 10057 10220 14677101992476880518
24647 24647 9623 9927 9983 9837 10127 9927 9963 10057 10220 8793929785852516274
24647 24647 9623 9927 9983 9837 10127 9927 9963 10057 10220 10506393470399835546
24691 24691 9621 9925 9983 9835 10127 9925 9961 10057 10220 2269540439161084025
24691 24691 9621 9925 9983 9835 10127 9925 9961 10057 10220 13750866624221123329
24691 24691 9621 9925 9983 9835 10127 9925 9961 10057 10220 13560688690735995985
24691 24691 9621 9925 9983 9835 10127 9925 9961 10057 10220 11223787646763474025
25329 25329 9617 9923 9983 9833 10127 9923 9965 10057 10220 7632920579194037862
25329 25329 9617 9923 9983 9833 10127 9923 9965 10057 10220 3796527717066684282
25958 25958 9617 9923 9983 9833 10127 9923 9971 10057 10220 8161830573129392676
25958 25958 9617 9923 9983 9833 10127 9923 9971 10057 10220 15936899716319071965
26786 26786 9640 9920 9982 9830 10126 9920 9968 10056 10228 8384423993048759884
26655 26655 9640 9920 9982 9830 10126 9920 9968 10056 10228 2613792579852599768
26566 26566 9640 9920 9982 9830 10126 9920 9968 10056 10228 17824114726922166604
26566 26566 9640 9920 9982 9830 10126 9920 9968 10056 10228 3484209076036643312
26566 26566 9636 9918 9982 9828 10126 9918 9966 10056 10228 8243359514590962334
26566 26566 9636 9918 9982 9828 10126 9918 9966 10056 10228 16524012131859575922
26566 26566 9636 9918 9982 9828 10126 9918 9966 10056 10228 1760572319671117086
26566 26566 9636 9918 9982 9828 10126 9918 9966 10056 10228 16575239420220804266
26566 26566 9632 9916 9982 9826 10126 9916 9964 10056 10228 15632241816068863459
26566 26566 9632 9916 9982 9826 10126 9916 9964 10056 10228 16989309734939739795
26566 26566 9632 9916 9982 9826 10126 9916 9964 10056 10228 13374318194005678367
26566 26566 9632 9916 9982 9826 10126 9916 9964 10056 10228 8267662961013291183
26566 26566 9628 9914 9982 9824 10126 9914 9962 10056 10228 2092535230019599961
26566 26566 9628 9914 9982 9824 10126 9914 9962 10056 10228 5774522304000364645
26566 26566 9628 9914 9982 9824 10126 9914 9962 10056 10228 223251713188301961
27826 27826 9628 9914 9982 9824 10126 9914 9974 10056 10228 16968499235346020539
27826 27826 9624 9912 9982 9822 10126 9912 9972 10056 10228 15433305832392655706
28439 28439 9624 9912 9982 9822 10126 9912 9978 10056 10228 2305079669180622783
28439 28439 9624 9912 9982 9822 10126 9912 9978 10056 10228 8484701252150879175
28439 28439 9624 9912 9982 9822 10126 9912 9978 10056 10228 14452768562640808331
31453 31453 9620 9910 9982 9836 10126 9910 9988 10056 10228 16778619005769477615
31453 31453 9620 9910 9982 9836 10126 9910 9988 10056 10228 4475148106461863355
31453 31453 9620 9910 9982 9836 10126 9910 9988 10056 10228 12155088743236113387
32470 32470 9620 9910 9982 9840 10126 9910 9994 10056 10228 3197996123219577957
35176 35176 9614 9907 9981 9848 10125 9906 10003 10055 10242 13712866453472722357
35045 35045 9614 9907 9981 9848 10125 9906 10003 10055 10242 15666244384347887317
34182 34182 9586 9907 9981 9848 10125 9906 10003 10055 10242 6577752318684012133
34092 34092 9582 9907 9981 9848 10125 9906 10003 10055 10242 211357554900523289
34047 34047 9575 9905 9981 9845 10125 9903 10001 10055 10242 18093601434159421514
33909 33909 9569 9905 9981 9845 10125 9903 10001 10055 10242 11497830983838570964
33863 33863 9567 9905 9981 9845 10125 9903 10001 10055 10242 4146646537390733602
33863 33863 9567 9905 9981 9845 10125 9903 10001 10055 10242 2489239627681583822
33863 33863 9562 9903 9981 9842 10125 9900 9999 10055 10242 12070981867208153186
33863 33863 9562 9903 9981 9842 10125 9900 9999 10055 10242 3037963026642675510
33863 33863 9562 9903 9981 9842 10125 9900 9999 10055 10242 5840202116722047110
33863 33863 9562 9903 9981 9842 10125 9900 9999 10055 10242 15139166620365834666
33863 33863 9557 9901 9981 9839 10125 9897 9997 10055 10242 16851260029871859966
33541 33541 9543 9901 9981 9839 10125 9897 9997 10055 10242 82617766648388516
33541 33541 9543 9901 9981 9839 10125 9897 9997 10055 10242 537492656983026520
33541 33541 9543 9901 9981 9839 10125 9897 9997 10055 10242 15514470667012675808
33541 33541 9538 9899 9981 9836 10125 9894 9995 10055 10242 8057133391739263946
33541 33541 9538 9899 9981 9836 10125 9894 9995 10055 10242 11854828616586823518
34119 34119 9538 9899 9981 9836 10125 9894 10001 10059 10242 5247210323628253880
34763 34763 9566 9899 9981 9836 10125 9894 10001 10059 10242 5460742359665025304
35225 35225 9561 9897 9981 9833 10125 9891 10005 10059 10242 18346677926152876293
35225 35225 9561 9897 9981 9833 10125 9891 10005 10059 10242 1335553711215504821
36136 36136 9561 9897 9981 9841 10125 9891 10005 10059 10242 8240291614585508782
36136 36136 9561 9897 9981 9841 10125 9891 10005 10059 10242 3366213277649936859
37127 37127 9555 9894 9980 9845 10124 9887 10002 10058 10246 4021648824144226080
36996 36996 9555 9894 9980 9845 10124 9887 10002 10058 10246 1211279446849889192
36114 36114 9527 9894 9980 9845 10124 9887 10002 10058 10246 16404411922864706225
35973 35973 9521 9894 9980 9845 10124 9887 10002 10058 10246 6622274649855074679
35926 35926 9514 9892 9980 9842 10124 9884 10000 10058 10246 17393044646334796207
35832 35832 9510 9892 9980 9842 10124 9884 10000 10058 10246 12011537156801807967
35785 35785 9508 9892 9980 9842 10124 9884 10000 10058 10246 5628486243126545765
35785 35785 9508 9892 9980 9842 10124 9884 10000 10058 10246 132434787066143825
35785 35785 9503 9890 9980 9839 10124 9881 9998 10058 10246 16370846191251790924
35785 35785 9503 9890 9980 9839 10124 9881 9998 10058 10246 3231979282860582268
35785 35785 9503 9890 9980 9839 10124 9881 9998 10058 10246 9292139541186708052
35785 35785 9503 9890 9980 9839 10124 9881 9998 10058 10246 6985586038753454352
35785 35785 9498 9888 9980 9836 10124 9878 9996 10058 10246 12521067502188954771
35785 35785 9498 9888 9980 9836 10124 9878 9996 10058 10246 12225084411903678807
35803 35803 9498 9888 9980 9836 10124 9878 9996 10060 10246 17471216799951572073
36527 36527 9512 9888 9980 9836 10124 9878 9996 10060 10262 1414387207670588060
35864 35864 9479 9886 9980 9833 10124 9875 9994 10060 10262 10540609120775452998
38422 38422 9507 9886 9980 9845 10124 9875 10000 10060 10262 15263106045179872566
37761 37761 9479 9886 9980 9845 10124 9875 10000 10060 10262 7300694767005396341
38943 38943 9507 9886 9980 9845 10124 9875 10006 10060 10264 15492676490516943970
39764 39764 9502 9884 9980 9842 10124 9872 10016 10060 10264 4063307082005303221
39764 39764 9502 9884 9980 9842 10124 9872 10016 10060 10264 1998590761274200573
39764 39764 9502 9884 9980 9842 10124 9872 10016 10060 10264 1921764009681016025
41108 41108 9502 9884 9980 9854 10124 9872 10016 10060 10264 9394769290057738837
45035 45035 9496 9881 9979 9882 10123 9868 10019 10059 10272 12797589426721650561
44904 44904 9496 9881 9979 9882 10123 9868 10019 10059 10272 17086787102363497385
43390 43390 9468 9881 9979 9882 10123 9868 10019 10059 10272 2752758874104355393
43294 43294 9464 9881 9979 9882 10123 9868 10019 10059 10272 12025251167887201101
43198 43198 9455 9879 9979 9879 10123 9865 10017 10059 10272 12539745348848263197
43102 43102 9451 9879 9979 9879 10123 9865 10017 10059 10272 9368779923884199337
43054 43054 9449 9879 9979 9879 10123 9865 10017 10059 10272 441843092008013695
43054 43054 9449 9879 9979 9879 10123 9865 10017 10059 10272 10265283020292828515
43054 43054 9444 9877 9979 9876 10123 9862 10015 10059 10272 297131417408979565
43054 43054 9444 9877 9979 9876 10123 9862 10015 10059 10272 12898653603609868905
43054 43054 9444 9877 9979 9876 10123 9862 10015 10059 10272 7280339641967723853
42907 42907 9438 9877 9979 9876 10123 9862 10015 10059 10272 488339863668254031
42907 42907 9433 9875 9979 9873 10123 9859 10013 10059 10272 17434841979347138293
42907 42907 9433 9875 9979 9873 10123 9859 10013 10059 10272 17274422320708561629
42907 42907 9433 9875 9979 9873 10123 9859 10013 10059 10272 8098607395423213425
42907 42907 9433 9875 9979 9873 10123 9859 10013 10059 10272 6566097488141235925
42907 42907 9428 9873 9979 9870 10123 9856 10011 10059 10272 14271847180800018790
42907 42907 9428 9873 9979 9870 10123 9856 10011 10059 10272 6393856761593881422
42907 42907 9428 9873 9979 9870 10123 9856 10011 10059 10272 2933080668802386846
42907 42907 9428 9873 9979 9870 10123 9856 10011 10059 10272 11790030527124133822
42907 42907 9423 9871 9979 9867 10123 9853 10009 10059 10272 13317836170460974692
42907 42907 9423 9871 9979 9867 10123 9853 10009 10059 10272 15692219891219823612
42907 42907 9423 9871 9979 9867 10123 9853 10009 10059 10272 6122122861060622032
44393 44393 9431 9871 9979 9879 10123 9853 10009 10059 10272 14649495827274214692
46782 46782 9464 9868 9977 9879 10122 9849 10017 10058 10282 6111711801576040500
46651 46651 9464 9868 9977 9879 10122 9849 10017 10058 10282 14351734600788885396
46185 46185 9464 9868 9977 9879 10122 9849 10017 10058 10282 140875934620108184
46185 46185 9464 9868 9977 9879 10122 9849 10017 10058 10282 17116406735290039012
46185 46185 9458 9866 9976 9876 10122 9846 10014 10058 10282 16218275191680994927
46185 46185 9458 9866 9976 9876 10122 9846 10014 10058 10282 14071417469971543343
46185 46185 9458 9866 9976 9876 10122 9846 10014 10058 10282 12418213823472115907
46185 46185 9458 9866 9976 9876 10122 9846 10014 10058 10282 5098244266330628894
46185 46185 9452 9864 9975 9873 10122 9843 10011 10058 10282 11738479157719980244
46185 46185 9452 9864 9975 9873 10122 9843 10011 10058 10282 5631034801036866312
46185 46185 9452 9864 9975 9873 10122 9843 10011 10058 10282 16313174264940029388
46193 46193 9452 9864 9975 9873 10122 9843 10011 10060 10282 14989859255267008986
46193 46193 9446 9862 9974 9870 10122 9840 10008 10060 10282 608569171686651203
46193 46193 9446 9862 9974 9870 10122 9840 10008 10060 10282 10792194032238126919
46434 46434 9456 9862 9974 9870 10122 9840 10008 10060 10282 6699485926615492632
46434 46434 9456 9862 9974 9870 10122 9840 10008 10060 10282 15003795417152130152
46700 46700 9452 9860 9973 9867 10122 9837 10005 10060 10292 16134314941297733460
46700 46700 9452 9860 9973 9867 10122 9837 10005 10060 10292 4903809933559638820
48070 48070 9452 9860 9973 9867 10134 9837 10017 10060 10292 6213386714390338253
49784 49784 9452 9860 9973 9883 10134 9837 10017 10060 10292 9765721314381630455
56406 56406 9446 9858 9972 9942 10158 9834 10014 10060 10292 15504260759293069433
56406 56406 9446 9858 9972 9942 10158 9834 10014 10060 10292 10166856359157206573
56785 56785 9446 9858 9972 9942 10158 9834 10020 10060 10292 17075062821468586934
56785 56785 9446 9858 9972 9942 10158 9834 10020 10060 10292 3183100790725009089
57605 57605 9427 9855 9970 9946 10157 9830 10022 10059 10298 3118882647025323089
57474 57474 9427 9855 9970 9946 10157 9830 10022 10059 10298 7198416066953277313
55895 55895 9397 9855 9970 9946 10157 9830 10022 10059 10298 10213011674939975032
55795 55795 9393 9855 9970 9946 10157 9830 10022 10059 10298 17686093693299219880
55695 55695 9383 9853 9969 9943 10157 9827 10019 10059 10298 11731680792852344861
55645 55645 9381 9853 9969 9943 10157 9827 10019 10059 10298 1114892011704101259
55545 55545 9377 9853 9969 9943 10157 9827 10019 10059 10298 15510028561331138115
55645 55645 9381 9853 9969 9943 10157 9827 10019 10059 10298 16229407195401814791
55545 55545 9371 9851 9968 9940 10157 9824 10016 10059 10298 14881879117029323293
55645 55645 9375 9851 9968 9940 10157 9824 10016 10059 10298 11020608273251557485
55545 55545 9371 9851 9968 9940 10157 9824 10016 10059 10298 6543043981699473741
55645 55645 9375 9851 9968 9940 10157 9824 10016 10059 10298 12371442719723494665
55245 55245 9353 9849 9967 9937 10157 9821 10013 10059 10298 10996479801965133350
55245 55245 9353 9849 9967 9937 10157 9821 10013 10059 10298 15691684050517915594
55245 55245 9353 9849 9967 9937 10157 9821 10013 10059 10298 899434431568152078
55245 55245 9353 9849 9967 9937 10157 9821 10013 10059 10298 823864732396620450
55245 55245 9347 9847 9966 9934 10157 9818 10010 10059 10298 10466961180105010784
55245 55245 9347 9847 9966 9934 10157 9818 10010 10059 10298 16693623684715548924
55245 55245 9347 9847 9966 9934 10157 9818 10010 10059 10298 11271034317294628888
55253 55253 9347 9847 9966 9934 10157 9818 10010 10059 10298 1876505481422629428
55955 55955 9369 9845 9965 9931 10157 9815 10007 10059 10298 11600840578699999135
55955 55955 9369 9845 9965 9931 10157 9815 10007 10059 10298 15402840462019642699
55955 55955 9369 9845 9965 9931 10157 9815 10007 10059 10298 10945991929769739255
56387 56387 9369 9845 9965 9931 10159 9815 10013 10059 10298 13203766828326065347
60678 60678 9362 9842 9963 9967 10158 9811 10021 10058 10298 608668529471437794
60667 60667 9362 9842 9963 9967 10158 9811 10021 10058 10304 13383099554593814059
60201 60201 9362 9842 9963 9967 10158 9811 10021 10058 10304 13740879744338181231
60201 60201 9362 9842 9963 9967 10158 9811 10021 10058 10304 15948464128539339195
60201 60201 9356 9840 9962 9964 10158 9808 10018 10058 10304 9620945603061267703
60201 60201 9356 9840 9962 9964 10158 9808 10018 10058 10304 1279893793114296735
60201 60201 9356 9840 9962 9964 10158 9808 10018 10058 10304 15724612822263534479
60201 60201 9356 9840 9962 9964 10158 9808 10018 10058 10304 12003836849804776727
60201 60201 9350 9838 9961 9961 10158 9805 10015 10058 10304 4688836856249689275
60201 60201 9350 9838 9961 9961 10158 9805 10015 10058 10304 6913767711190942323
60201 60201 9350 9838 9961 9961 10158 9805 10015 10058 10304 2810737524356038287
60201 60201 9350 9838 9961 9961 10158 9805 10015 10058 10304 13468663904071341955
60201 60201 9344 9836 9960 9958 10158 9802 10012 10058 10304 184213747791321368
60201 60201 9344 9836 9960 9958 10158 9802 10012 10058 10304 8152499755531486952
60201 60201 9344 9836 9960 9958 10158 9802 10012 10058 10304 3236813082998586500
60201 60201 9344 9836 9960 9958 10158 9802 10012 10058 10304 13266416783308485488
60201 60201 9338 9834 9959 9955 10158 9799 10009 10058 10304 13759963212291783270
60201 60201 9338 9834 9959 9955 10158 9799 10009 10058 10304 7701865436150566706
60201 60201 9338 9834 9959 9955 10158 9799 10009 10058 10304 9240529872419518402
60612 60612 9338 9834 9959 9955 10158 9799 10015 10058 10304 18394196262152931668
60993 60993 9332 9832 9958 9952 10158 9796 10018 10060 10304 13520620260224766051
64131 64131 9332 9832 9958 9990 10158 9796 10018 10060 10304 13403094004347094559
64131 64131 9332 9832 9958 9990 10158 9796 10018 10060 10304 13859015080398768351
64131 64131 9332 9832 9958 9990 10158 9796 10018 10060 10304 7828608302837503511
67034 67034 9297 9827 9956 10058 10157 9792 10032 10059 10312 14723207274721735274
66903 66903 9297 9827 9956 10058 10157 9792 10032 10059 10312 6963564096807621918
65332 65332 9269 9827 9956 10058 10157 9792 10032 10059 10312 5465822905522097510
65228 65228 9265 9827 9956 10058 10157 9792 10032 10059 10312 9067877899319259742
65072 65072 9253 9823 9955 10055 10157 9789 10029 10059 10312 5985350850601983224
65020 65020 9251 9823 9955 10055 10157 9789 10029 10059 10312 7148730816121750518
64968 64968 9249 9823 9955 10055 10157 9789 10029 10059 10312 12069764192103442120
64968 64968 9249 9823 9955 10055 10157 9789 10029 10059 10312 12186628453640822496
64968 64968 9243 9819 9954 10052 10157 9786 10026 10059 10312 1178171581294734514
65177 65177 9251 9819 9954 10052 10157 9786 10026 10059 10312 9542328575563474943
64969 64969 9243 9819 9954 10052 10157 9786 10026 10059 10312 14745987392779521982
65178 65178 9251 9819 9954 10052 10157 9786 10026 10059 10312 16582212345174537567
64811 64811 9231 9815 9953 10049 10157 9783 10023 10059 10312 3934689883341105419
64811 64811 9231 9815 9953 10049 10157 9783 10023 10059 10312 3537968236824121995
64824 64824 9231 9815 9953 10049 10159 9783 10023 10059 10312 18132999273030884908
65351 65351 9251 9815 9953 10049 10159 9783 10023 10059 10312 7752943547627837437
65351 65351 9245 9811 9952 10046 10159 9780 10020 10059 10312 9914696779358990442
65351 65351 9245 9811 9952 10046 10159 9780 10020 10059 10312 10758599130321481602
65351 65351 9245 9811 9952 10046 10159 9780 10020 10059 10312 8633681121721422854
65351 65351 9245 9811 9952 10046 10159 9780 10020 10059 10312 4781741117803350910
65797 65797 9239 9807 9951 10051 10159 9777 10023 10059 10312 9040177781096982953
66008 66008 9247 9807 9951 10051 10159 9777 10023 10059 10312 1363527890747841112
66616 66616 9247 9807 9951 10051 10159 9777 10035 10059 10312 15304557836240838467
66656 66656 9247 9807 9951 10055 10159 9777 10035 10059 10312 3373154130021913762
67605 67605 9260 9802 9949 10059 10158 9773 10043 10058 10312 3424345687373226101
67627 67627 9260 9802 9949 10059 10158 9773 10043 10060 10320 8671675758227320081
66784 66784 9260 9802 9949 10059 10158 9773 10043 10060 10320 15693746386821769365
66784 66784 9260 9802 9949 10059 10158 9773 10043 10060 10320 1173294273328907449
66784 66784 9254 9798 9948 10056 10158 9770 10040 10060 10320 10099626649718999305
66784 66784 9254 9798 9948 10056 10158 9770 10040 10060 10320 13809281664171681137
66784 66784 9254 9798 9948 10056 10158 9770 10040 10060 10320 16295122825454017753
66784 66784 9254 9798 9948 10056 10158 9770 10040 10060 10320 8431330970557733293
66784 66784 9248 9794 9947 10053 10158 9767 10037 10060 10320 12088489556485439481
66784 66784 9248 9794 9947 10053 10158 9767 10037 10060 10320 15975472436688141057
66784 66784 9248 9794 9947 10053 10158 9767 10037 10060 10320 14352458483519604745
66784 66784 9248 9794 9947 10053 10158 9767 10037 10060 10320 14114820069400350753
66790 66790 9242 9790 9946 10050 10158 9764 10034 10060 10320 7160538313761142989
66790 66790 9242 9790 9946 10050 10158 9764 10034 10060 10320 11696427329263394325
66790 66790 9242 9790 9946 10050 10158 9764 10034 10060 10320 7983458505228427357
66790 66790 9242 9790 9946 10050 10158 9764 10034 10060 10320 8022673125390529505
66790 66790 9236 9786 9945 10047 10158 9761 10031 10060 10320 2970662642897580639
66843 66843 9238 9786 9945 10047 10158 9761 10031 10060 10320 14872940576401357733
66843 66843 9238 9786 9945 10047 10158 9761 10031 10060 10320 5503483950266960833
67600 67600 9240 9786 9945 10047 10158 9761 10049 10060 10320 3619155762001767755
67880 67880 9234 9782 9944 10044 10158 9758 10058 10060 10320 16127914941263087035
67982 67982 9234 9782 9944 10044 10158 9758 10064 10060 10320 10217314660995979473
67982 67982 9234 9782 9944 10044 10158 9758 10064 10060 10320 17209990751229694937
68172 68172 9234 9782 9944 10062 10158 9758 10064 10060 10320 5550668628178915077
68153 68153 9223 9777 9942 10058 10157 9754 10060 10059 10330 7189919910913477804
68022 68022 9223 9777 9942 10058 10157 9754 10060 10059 10330 12970186627014183800
66384 66384 9193 9777 9942 10058 10157 9754 10060 10059 10330 79675174581369375
66278 66278 9189 9777 9942 10058 10157 9754 10060 10059 10330 17399974410481695335
66171 66171 9179 9773 9941 10055 10157 9751 10057 10059 10330 17833656641223601488
66117 66117 9177 9773 9941 10055 10157 9751 10057 10059 10330 663078997073926538
66009 66009 9173 9773 9941 10055 10157 9751 10057 10059 10330 15353916213784582650
66117 66117 9177 9773 9941 10055 10157 9751 10057 10059 10330 7931356294843023990
66009 66009 9167 9769 9940 10052 10157 9748 10054 10059 10330 4565536751978613283
66117 66117 9171 9769 9940 10052 10157 9748 10054 10059 10330 11053167131709122279
66009 66009 9167 9769 9940 10052 10157 9748 10054 10059 10330 15083164869274914539
66117 66117 9171 9769 9940 10052 10157 9748 10054 10059 10330 8306087784338941671
66117 66117 9165 9765 9939 10049 10157 9745 10051 10059 10330 6406698179863796539
66117 66117 9165 9765 9939 10049 10157 9745 10051 10059 10330 9149944599070261063
66117 66117 9165 9765 9939 10049 10157 9745 10051 10059 10330 18425391097440523467
66117 66117 9165 9765 9939 10049 10157 9745 10051 10059 10330 1803920393560532615
66117 66117 9159 9761 9938 10046 10157 9742 10048 10059 10330 9039259560500093155
66117 66117 9159 9761 9938 10046 10157 9742 10048 10059 10330 13341675812971754951
66117 66117 9159 9761 9938 10046 10157 9742 10048 10059 10330 8724778734032954907
66117 66117 9159 9761 9938 10046 10157 9742 10048 10059 10330 17267600047332147459
66117 66117 9153 9757 9937 10043 10157 9739 10045 10059 10330 8336148894456119508
66301 66301 9153 9757 9937 10043 10157 9739 10051 10059 10330 15439330603542259913
66301 66301 9153 9757 9937 10043 10157 9739 10051 10059 10330 10071433413890009349
67307 67307 9189 9757 9937 10043 10157 9739 10051 10059 10332 14568405391425386701
67674 67674 9186 9752 9935 10057 10156 9735 10053 10058 10332 14183960721569642219
67615 67615 9186 9752 9935 10057 10156 9735 10053 10060 10336 9647197949985551426
66772 66772 9186 9752 9935 10057 10156 9735 10053 10060 10336 12879751401287792970
66772 66772 9186 9752 9935 10057 10156 9735 10053 10060 10336 17329179483903368038
66772 66772 9180 9748 9934 10054 10156 9732 10050 10060 10336 7539905625012940226
66772 66772 9180 9748 9934 10054 10156 9732 10050 10060 10336 11326456996592522754
66772 66772 9180 9748 9934 10054 10156 9732 10050 10060 10336 1389920441738127070
66772 66772 9180 9748 9934 10054 10156 9732 10050 10060 10336 15306647080082284086
66772 66772 9174 9744 9933 10051 10156 9729 10047 10060 10336 16007634057510139546
66772 66772 9174 9744 9933 10051 10156 9729 10047 10060 10336 17680762788271206090
66772 66772 9174 9744 9933 10051 10156 9729 10047 10060 10336 11890460942816312738
66772 66772 9174 9744 9933 10051 10156 9729 10047 10060 10336 4605971381863597262
66772 66772 9168 9740 9932 10048 10156 9726 10044 10060 10336 6108376532741301873
66772 66772 9168 9740 9932 10048 10156 9726 10044 10060 10336 10689391935667393693
66772 66772 9168 9740 9932 10048 10156 9726 10044 10060 10336 14236533453467768025
66772 66772 9168 9740 9932 10048 10156 9726 10044 10060 10336 15437918818217611845
66772 66772 9162 9736 9931 10045 10156 9723 10041 10060 10336 8263902067437327966
66772 66772 9162 9736 9931 10045 10156 9723 10041 10060 10336 5035803352998682754
67352 67352 9162 9736 9931 10045 10156 9723 10041 10060 10376 12608382912479703826
67352 67352 9162 9736 9931 10045 10156 9723 10041 10060 10376 2368526160828414842
67680 67680 9164 9732 9930 10050 10156 9720 10038 10060 10376 11086723748067126578
68173 68173 9172 9732 9930 10050 10156 9720 10044 10060 10380 11676720003779438489
68631 68631 9180 9732 9930 10050 10156 9720 10050 10060 10384 819715963956767195
68898 68898 9180 9732 9930 10050 10156 9720 10062 10060 10384 6327675779752385645
69838 69838 9189 9727 9928 10058 10155 9716 10070 10059 10412 6620055408278068104
69707 69707 9189 9727 9928 10058 10155 9716 10070 10059 10412 4886777977797103244
69241 69241 9189 9727 9928 10058 10155 9716 10070 10059 10412 17225954413648403928
69241 69241 9189 9727 9928 10058 10155 9716 10070 10059 10412 16198728404279422364
69241 69241 9183 9723 9927 10055 10155 9713 10067 10059 10412 365512730181064959
69241 69241 9183 9723 9927 10055 10155 9713 10067 10059 10412 15727150302536871179
69241 69241 9183 9723 9927 10055 10155 9713 10067 10059 10412 18009543289526718087
69241 69241 9183 9723 9927 10055 10155 9713 10067 10059 10412 1110794798127218203
69241 69241 9177 9719 9926 10052 10155 9710 10064 10059 10412 18162342863863894172
69241 69241 9177 9719 9926 10052 10155 9710 10064 10059 10412 7357194699699608792
69241 69241 9177 9719 9926 10052 10155 9710 10064 10059 10412 8100970537350758604
69241 69241 9177 9719 9926 10052 10155 9710 10064 10059 10412 1863308936035957808
69241 69241 9171 9715 9925 10049 10155 9707 10061 10059 10412 6751775918019801719
69241 69241 9171 9715 9925 10049 10155 9707 10061 10059 10412 2931631647891212479
69241 69241 9171 9715 9925 10049 10155 9707 10061 10059 10412 7012656337164138759
69241 69241 9171 9715 9925 10049 10155 9707 10061 10059 10412 751189807519076443
69241 69241 9165 9711 9924 10046 10155 9704 10058 10059 10412 2058429828183512407
69241 69241 9165 9711 9924 10046 10155 9704 10058 10059 10412 14685468348046700931
69241 69241 9165 9711 9924 10046 10155 9704 10058 10059 10412 15510585340650918223
69425 69425 9171 9711 9924 10046 10155 9704 10058 10059 10414 4968830417163248092
69675 69675 9173 9707 9923 10043 10155 9701 10055 10059 10418 6501162583138280724
70213 70213 9193 9707 9923 10043 10155 9701 10055 10059 10418 15725515542677941679
71799 71799 9245 9707 9923 10047 10155 9701 10061 10059 10420 15670979308817073037
71799 71799 9245 9707 9923 10047 10155 9701 10061 10059 10420 14777685427787476494
74423 74423 9328 9702 9921 10051 10154 9697 10063 10058 10438 9271931030524917580
74427 74427 9328 9702 9921 10051 10154 9697 10063 10058 10440 7330514710340936038
74506 74506 9328 9702 9921 10051 10154 9697 10069 10060 10440 10698844868296121809
74506 74506 9328 9702 9921 10051 10154 9697 10069 10060 10440 80586963785241557
74530 74530 9322 9698 9920 10048 10154 9694 10066 10060 10444 4503123313552643150
74530 74530 9322 9698 9920 10048 10154 9694 10066 10060 10444 14953062840572510858
74530 74530 9322 9698 9920 10048 10154 9694 10066 10060 10444 16348601238970628186
74530 74530 9322 9698 9920 10048 10154 9694 10066 10060 10444 16754645641826648162
74530 74530 9316 9694 9919 10045 10154 9691 10063 10060 10444 12055631735528885826
74530 74530 9316 9694 9919 10045 10154 9691 10063 10060 10444 13681415244365877786
74530 74530 9316 9694 9919 10045 10154 9691 10063 10060 10444 17451267747982027206
74530 74530 9316 9694 9919 10045 10154 9691 10063 10060 10444 10686181747967310470
74530 74530 9310 9690 9918 10042 10154 9688 10060 10060 10444 6380366709803546529
74530 74530 9310 9690 9918 10042 10154 9688 10060 10060 10444 14986074343322149693
74836 74836 9322 9690 9918 10042 10154 9688 10060 10060 10444 3787651594578387765
75066 75066 9330 9690 9918 10042 10154 9688 10060 10060 10448 6085511311460437784
75066 75066 9324 9686 9917 10039 10154 9685 10057 10060 10448 2462768057047822972
75428 75428 9328 9686 9917 10039 10154 9685 10075 10060 10458 323888672509173517
75688 75688 9338 9686 9917 10039 10154 9685 10077 10060 10458 6721770438826390199
75824 75824 9342 9686 9917 10039 10154 9685 10077 10060 10466 13677883098240893956
75824 75824 9336 9682 9916 10036 10154 9682 10074 10060 10466 14595768123457564493
75824 75824 9336 9682 9916 10036 10154 9682 10074 10060 10466 3249229576510002113
75926 75926 9340 9682 9916 10036 10154 9682 10074 10060 10466 552425840766541852
