cohort,pipeline,cap,rank,team,days,mapped,solved,late_days,late_solved,median_ms,mean_ms,p95_ms,max_ms,late_median_ms,late_mean_ms,mean_hires,original_mean_hires_on_success,hires_saved_on_success
dev,original_balanced4_r0,10,0,ALL,700,700,698,14,13,0.9503645000000001,1.6415054414285715,3.9728000000000003,40.6441,3.090945,6.409870000000001,5.022922636103152,6.048710601719198,716
dev,original_balanced4_r0,10,1,Majkel1337,33,33,33,3,3,0.880015,2.91258596969697,11.9097,23.375400000000003,3.0537549999999998,3.4448783333333335,6.151515151515151,7.0606060606060606,30
dev,original_balanced4_r0,10,2,ymg_aq,46,46,46,0,0,0.6316995000000001,1.2347600108695653,3.4454499999999997,4.018800000000001,,,4.934782608695652,5.673913043478261,34
dev,original_balanced4_r0,10,3,SpaTaro,35,35,35,9,9,1.644995,2.069881542857143,4.2092,6.60287,2.8495,2.931555,6.257142857142857,8.114285714285714,65
dev,original_balanced4_r0,10,4,Mengfei Li,19,19,19,0,0,0.9918705,1.1163251315789473,2.2945100000000003,2.6773800000000003,,,4.368421052631579,5.526315789473684,22
dev,original_balanced4_r0,10,5,Orbital Terraformer,22,22,21,2,1,0.8146985,4.167231681818182,12.538,40.6441,26.4285,26.509775,5.9523809523809526,6.904761904761905,20
dev,original_balanced4_r0,10,6,Otter Vibe,37,37,37,0,0,0.7102655,1.2237419054054055,3.7231199999999998,4.35333,,,4.648648648648648,4.5675675675675675,-3
dev,original_balanced4_r0,10,7,redblackbst,16,16,16,0,0,0.9535205,1.719864625,4.3913400000000005,5.5642,,,5.3125,6.0625,12
dev,original_balanced4_r0,10,8,feel the agi,8,8,8,0,0,1.1139000000000001,1.66411275,3.46052,3.46333,,,5.25,6,6
dev,original_balanced4_r0,10,9,Catalyst,33,33,33,0,0,0.954278,1.3885840151515152,3.80679,6.10461,,,4.636363636363637,5.545454545454546,30
dev,original_balanced4_r0,10,10,Thomas Tschinkel,14,14,14,0,0,0.956159,1.375697357142857,3.27135,3.2839699999999996,,,4.857142857142857,5.714285714285714,12
dev,original_balanced4_r0,10,11,HowardLeeTW,43,43,43,0,0,0.7373745,0.8891145581395349,1.6404100000000001,2.9722600000000003,,,4.116279069767442,7.093023255813954,128
dev,original_balanced4_r0,10,12,Artem The Farmer 🍅,30,30,30,0,0,1.085565,1.78509005,4.46019,6.8025,,,6.033333333333333,7,29
dev,original_balanced4_r0,10,13,アルモンド,21,21,21,0,0,0.7526349999999999,0.9773982142857143,1.0557999999999998,4.60158,,,3.619047619047619,4.619047619047619,21
dev,original_balanced4_r0,10,14,𝕯𝖊𝖔𝖉𝖎𝖒𝖘 & 𝕮𝖔,14,14,14,0,0,0.95409,1.3231722857142858,2.60771,3.25869,,,4.857142857142857,5.785714285714286,13
dev,original_balanced4_r0,10,15,leave you,14,14,14,0,0,0.9542925,1.4503863928571428,3.83007,3.86233,,,5,5.714285714285714,10
dev,original_balanced4_r0,10,16,keiz,18,18,18,0,0,0.8460375,1.0051112222222223,2.26411,2.27803,,,4.277777777777778,5.5,22
dev,original_balanced4_r0,10,17,Cow Boy,34,34,34,0,0,0.9590734999999999,1.3665113088235294,3.45629,4.65013,,,4.882352941176471,5.352941176470588,16
dev,original_balanced4_r0,10,18,Zhenghongshuang,21,21,21,0,0,0.9514365,1.3835862142857143,3.3291399999999998,3.3516,,,4.857142857142857,5.714285714285714,18
dev,original_balanced4_r0,10,19,THIRD FARM CLUB,16,16,15,0,0,0.9247640000000001,4.52008628125,10.5963,38.2132,,,4.933333333333334,6.133333333333334,18
dev,original_balanced4_r0,10,20,AI是我的豆包,24,24,24,0,0,1.002355,1.7456281875,4.849270000000001,5.0727,,,5.333333333333333,6.125,19
dev,original_balanced4_r0,10,21,Kaggriculture Agent,40,40,40,0,0,0.956179,1.4155657,3.8037199999999998,3.8679200000000002,,,5,5.875,35
dev,original_balanced4_r0,10,22,Knight of Favonius,22,22,22,0,0,0.9524975,1.4903081136363636,3.81852,4.86161,,,4.863636363636363,5.818181818181818,21
dev,original_balanced4_r0,10,23,THUNDER THUNDER,12,12,12,0,0,1.0807689999999999,1.7024838333333334,4.802149999999999,5.21003,,,5.416666666666667,7,19
dev,original_balanced4_r0,10,24,Phoenix750,24,24,24,0,0,1.0043469999999999,1.4412561458333333,3.81118,4.3786499999999995,,,5,5.916666666666667,22
dev,original_balanced4_r0,10,25,Jeryos,14,14,14,0,0,0.9530885,1.391271857142857,3.25796,3.5301199999999997,,,4.857142857142857,5.714285714285714,12
dev,original_balanced4_r0,10,26,nilochan,29,29,29,0,0,0.9487045000000001,1.5356505862068965,4.24399,4.6086800000000006,,,4.862068965517241,5.896551724137931,30
dev,original_balanced4_r0,10,27,nofreewill42,14,14,14,0,0,0.9495935,1.3232479285714287,2.59796,3.27713,,,4.857142857142857,5.785714285714286,13
dev,original_balanced4_r0,10,28,lucaskna,10,10,10,0,0,1.093135,1.89371615,4.84671,4.87814,,,5.7,6.7,10
dev,original_balanced4_r0,10,29,Emile Andrieu,30,30,30,0,0,0.957041,1.50499945,3.48523,5.90158,,,5,5.866666666666666,26
dev,original_balanced4_r0,10,30,Zhongyi Dai,7,7,7,0,0,0.9525275,1.3705066428571429,3.25148,3.2649299999999997,,,4.857142857142857,5.714285714285714,6
dev,original_full8_r0,10,0,ALL,700,700,698,14,13,0.5741255000000001,1.887992227142857,2.8288699999999998,217.257,2.16144,20.145139285714286,5.28080229226361,6.048710601719198,536
dev,original_full8_r0,10,1,Majkel1337,33,33,33,3,3,1.027625,4.403094015151515,8.446819999999999,84.35889999999999,2.0671049999999997,2.3572699999999998,6.181818181818182,7.0606060606060606,29
dev,original_full8_r0,10,2,ymg_aq,46,46,46,0,0,0.5248285,0.9784969130434783,2.5367100000000002,3.27472,,,4.978260869565218,5.673913043478261,32
dev,original_full8_r0,10,3,SpaTaro,35,35,35,9,9,1.4043700000000001,1.4769327285714287,3.01046,3.2080300000000004,1.912735,1.9731044444444445,6.457142857142857,8.114285714285714,58
dev,original_full8_r0,10,4,Mengfei Li,19,19,19,0,0,0.554649,0.7253801052631579,1.83301,2.18141,,,4.842105263157895,5.526315789473684,13
dev,original_full8_r0,10,5,Orbital Terraformer,22,22,21,2,1,0.7706095000000001,13.450692204545454,41.6349,217.257,127.75625,128.6011,5.9523809523809526,6.904761904761905,20
dev,original_full8_r0,10,6,Otter Vibe,37,37,37,0,0,0.444762,0.8940333918918919,2.90029,3.2116599999999997,,,4.945945945945946,4.5675675675675675,-14
dev,original_full8_r0,10,7,redblackbst,16,16,16,0,0,0.6081695,1.26153634375,2.89449,4.04007,,,5.5625,6.0625,8
dev,original_full8_r0,10,8,feel the agi,8,8,8,0,0,0.5805739999999999,1.090317,2.44898,2.4550799999999997,,,5.75,6,2
dev,original_full8_r0,10,9,Catalyst,33,33,33,0,0,0.549075,0.9294823939393939,2.7983200000000004,2.81885,,,4.909090909090909,5.545454545454546,21
dev,original_full8_r0,10,10,Thomas Tschinkel,14,14,14,0,0,0.5728125,0.9536407142857143,2.22139,2.2364,,,5.142857142857143,5.714285714285714,8
dev,original_full8_r0,10,11,HowardLeeTW,43,43,43,0,0,0.4777835,0.5684081860465117,1.07448,2.0515100000000004,,,4.511627906976744,7.093023255813954,111
dev,original_full8_r0,10,12,Artem The Farmer 🍅,30,30,30,0,0,0.7665375,1.52779805,3.00779,11.5097,,,6.2,7,24
dev,original_full8_r0,10,13,アルモンド,21,21,21,0,0,0.5111304999999999,0.5973059047619048,0.605032,2.5572600000000003,,,4.0476190476190474,4.619047619047619,12
dev,original_full8_r0,10,14,𝕯𝖊𝖔𝖉𝖎𝖒𝖘 & 𝕮𝖔,14,14,14,0,0,0.5712155000000001,0.9476609642857143,2.17713,2.21842,,,5.142857142857143,5.785714285714286,9
dev,original_full8_r0,10,15,leave you,14,14,14,0,0,0.5724294999999999,1.0226397857142857,2.78215,2.79785,,,5.285714285714286,5.714285714285714,6
dev,original_full8_r0,10,16,keiz,18,18,18,0,0,0.6003674999999999,0.76441775,1.84947,2.50866,,,4.444444444444445,5.5,19
dev,original_full8_r0,10,17,Cow Boy,34,34,34,0,0,0.575166,0.9446596764705882,2.53116,3.55224,,,5.205882352941177,5.352941176470588,5
dev,original_full8_r0,10,18,Zhenghongshuang,21,21,21,0,0,0.574033,0.9739937142857144,2.36642,2.38431,,,5.142857142857143,5.714285714285714,12
dev,original_full8_r0,10,19,THIRD FARM CLUB,16,16,15,0,0,0.563748,15.30064784375,42.2595,151.481,,,5.133333333333334,6.133333333333334,15
dev,original_full8_r0,10,20,AI是我的豆包,24,24,24,0,0,0.5900765,1.2313069166666666,2.79845,4.1938699999999995,,,5.666666666666667,6.125,11
dev,original_full8_r0,10,21,Kaggriculture Agent,40,40,40,0,0,0.5930985,1.0065183375,2.75127,2.8367600000000004,,,5.225,5.875,26
dev,original_full8_r0,10,22,Knight of Favonius,22,22,22,0,0,0.5774275,1.0183380681818182,2.79076,2.84218,,,5.2272727272727275,5.818181818181818,13
dev,original_full8_r0,10,23,THUNDER THUNDER,12,12,12,0,0,0.908909,1.3407046249999999,3.74333,4.05324,,,5.75,7,15
dev,original_full8_r0,10,24,Phoenix750,24,24,24,0,0,0.5888819999999999,1.0316681458333332,2.74444,3.6187300000000002,,,5.25,5.916666666666667,16
dev,original_full8_r0,10,25,Jeryos,14,14,14,0,0,0.5706525,0.9729692142857143,2.23447,2.50013,,,5.142857142857143,5.714285714285714,8
dev,original_full8_r0,10,26,nilochan,29,29,29,0,0,0.580524,1.0747000344827586,2.54562,3.95402,,,5.172413793103448,5.896551724137931,21
dev,original_full8_r0,10,27,nofreewill42,14,14,14,0,0,0.577149,0.9517855,2.16552,2.2451,,,5.142857142857143,5.785714285714286,9
dev,original_full8_r0,10,28,lucaskna,10,10,10,0,0,0.7679100000000001,1.3541459,3.49901,3.52468,,,6.1,6.7,6
dev,original_full8_r0,10,29,Emile Andrieu,30,30,30,0,0,0.5755285,1.0313771666666667,2.45747,3.15575,,,5.3,5.866666666666666,17
dev,original_full8_r0,10,30,Zhongyi Dai,7,7,7,0,0,0.5758835,0.9537545,2.2142399999999998,2.2582199999999997,,,5.142857142857143,5.714285714285714,4
dev,own_balanced4_r0,10,0,ALL,700,700,691,14,8,0.7708585,1.7161034192857143,4.09648,38.779199999999996,2.6337450000000002,7.867929428571428,5.015918958031838,6.011577424023155,688
dev,own_balanced4_r0,10,1,Majkel1337,33,33,32,3,2,0.8620885,4.406080833333333,23.045099999999998,26.6309,4.0411850000000005,11.479343333333333,6.0625,6.96875,29
dev,own_balanced4_r0,10,2,ymg_aq,46,46,46,0,0,0.64061,1.329032206521739,4.76976,5.0656099999999995,,,5.065217391304348,5.673913043478261,28
dev,own_balanced4_r0,10,3,SpaTaro,35,35,30,9,5,0.7095005000000001,1.9146999857142857,3.68124,17.0002,1.375925,2.807609111111111,5.9,7.866666666666666,59
dev,own_balanced4_r0,10,4,Mengfei Li,19,19,19,0,0,0.9267000000000001,1.1951668684210526,2.36073,4.79561,,,4.368421052631579,5.526315789473684,22
dev,own_balanced4_r0,10,5,Orbital Terraformer,22,22,21,2,1,0.72427,4.97293,18.2424,38.779199999999996,25.2155,25.22225,6,6.904761904761905,19
dev,own_balanced4_r0,10,6,Otter Vibe,37,37,37,0,0,0.616884,1.7331366486486486,4.015070000000001,26.4017,,,4.891891891891892,4.5675675675675675,-12
dev,own_balanced4_r0,10,7,redblackbst,16,16,16,0,0,0.814037,1.59249659375,4.39055,4.63045,,,5.375,6.0625,11
dev,own_balanced4_r0,10,8,feel the agi,8,8,8,0,0,1.0309555000000001,1.5685635,4.33192,4.33257,,,5.375,6,5
dev,own_balanced4_r0,10,9,Catalyst,33,33,33,0,0,0.755638,1.204326393939394,3.7702600000000004,4.09935,,,4.636363636363637,5.545454545454546,30
dev,own_balanced4_r0,10,10,Thomas Tschinkel,14,14,14,0,0,0.767925,1.1443963214285715,2.5598,2.57419,,,4.857142857142857,5.714285714285714,12
dev,own_balanced4_r0,10,11,HowardLeeTW,43,43,43,0,0,0.7413825,1.0041177093023255,2.28069,4.99967,,,4.046511627906977,7.093023255813954,131
dev,own_balanced4_r0,10,12,Artem The Farmer 🍅,30,30,30,0,0,1.130335,1.8915868,3.84226,11.733799999999999,,,6.066666666666666,7,28
dev,own_balanced4_r0,10,13,アルモンド,21,21,21,0,0,0.7540560000000001,0.8885973333333334,0.856558,4.92017,,,3.619047619047619,4.619047619047619,21
dev,own_balanced4_r0,10,14,𝕯𝖊𝖔𝖉𝖎𝖒𝖘 & 𝕮𝖔,14,14,14,0,0,0.7685804999999999,1.2756219285714285,3.17401,3.79517,,,4.857142857142857,5.785714285714286,13
dev,own_balanced4_r0,10,15,leave you,14,14,14,0,0,0.9521314999999999,1.4025501428571427,3.12369,4.05737,,,5,5.714285714285714,10
dev,own_balanced4_r0,10,16,keiz,18,18,18,0,0,0.850585,1.029882611111111,2.25428,2.28105,,,4.277777777777778,5.5,22
dev,own_balanced4_r0,10,17,Cow Boy,34,34,34,0,0,0.7654175000000001,1.2896548382352941,3.74785,4.3401000000000005,,,4.911764705882353,5.352941176470588,15
dev,own_balanced4_r0,10,18,Zhenghongshuang,21,21,21,0,0,0.9498745,1.533534142857143,3.73653,4.65946,,,5,5.714285714285714,15
dev,own_balanced4_r0,10,19,THIRD FARM CLUB,16,16,15,0,0,0.9126675,4.30557575,9.61068,36.9904,,,4.933333333333334,6.133333333333334,18
dev,own_balanced4_r0,10,20,AI是我的豆包,24,24,24,0,0,1.0377325000000002,1.5999308541666666,4.06395,4.99788,,,5.333333333333333,6.125,19
dev,own_balanced4_r0,10,21,Kaggriculture Agent,40,40,40,0,0,0.817328,1.3219479875,3.67767,4.13072,,,5,5.875,35
dev,own_balanced4_r0,10,22,Knight of Favonius,22,22,22,0,0,0.7712415,1.3592227954545455,4.06273,4.1053999999999995,,,4.818181818181818,5.818181818181818,22
dev,own_balanced4_r0,10,23,THUNDER THUNDER,12,12,11,0,0,0.717778,1.3919634583333333,3.02018,4.814760000000001,,,5.181818181818182,6.7272727272727275,17
dev,own_balanced4_r0,10,24,Phoenix750,24,24,24,0,0,0.8127175,1.3908815,3.68834,4.931010000000001,,,4.916666666666667,5.916666666666667,24
dev,own_balanced4_r0,10,25,Jeryos,14,14,14,0,0,0.7661355,1.3213240714285714,3.79337,3.8418,,,4.857142857142857,5.714285714285714,12
dev,own_balanced4_r0,10,26,nilochan,29,29,29,0,0,0.767134,1.4534760517241379,4.04733,4.33744,,,4.9655172413793105,5.896551724137931,27
dev,own_balanced4_r0,10,27,nofreewill42,14,14,14,0,0,0.767674,1.2809212142857143,3.2478800000000003,3.7958499999999997,,,4.857142857142857,5.785714285714286,13
dev,own_balanced4_r0,10,28,lucaskna,10,10,10,0,0,1.019318,1.6606062,3.3836,3.384,,,5.5,6.7,12
dev,own_balanced4_r0,10,29,Emile Andrieu,30,30,30,0,0,0.7781804999999999,1.3986372666666667,3.7834499999999998,3.8045500000000003,,,5.033333333333333,5.866666666666666,25
dev,own_balanced4_r0,10,30,Zhongyi Dai,7,7,7,0,0,0.7672135,1.3885411428571428,3.75289,3.75632,,,4.857142857142857,5.714285714285714,6
dev,own_balanced4_r1,10,0,ALL,700,700,698,14,13,0.7119585,1.5051854,3.94956,58.3339,3.199455,6.704445714285714,4.912607449856734,6.048710601719198,793
dev,own_balanced4_r1,10,1,Majkel1337,33,33,33,3,3,0.9949304999999999,1.5552745151515153,3.9201799999999998,5.53676,3.05867,2.9889533333333334,5.636363636363637,7.0606060606060606,47
dev,own_balanced4_r1,10,2,ymg_aq,46,46,46,0,0,0.642683,1.2485504891304349,4.3721499999999995,7.15929,,,5.021739130434782,5.673913043478261,30
dev,own_balanced4_r1,10,3,SpaTaro,35,35,35,9,9,1.67138,2.0868898285714286,4.0017,7.9903,3.3421700000000003,3.2249838888888887,6.314285714285714,8.114285714285714,63
dev,own_balanced4_r1,10,4,Mengfei Li,19,19,19,0,0,0.8272855,1.1549858421052632,2.9920999999999998,3.04296,,,4.2105263157894735,5.526315789473684,25
dev,own_balanced4_r1,10,5,Orbital Terraformer,22,22,21,2,1,0.9961304999999999,3.74728175,5.13441,58.3339,25.24892,27.9352625,5.476190476190476,6.904761904761905,30
dev,own_balanced4_r1,10,6,Otter Vibe,37,37,37,0,0,0.655913,1.9945791216216215,8.197899999999999,16.9645,,,4.756756756756757,4.5675675675675675,-7
dev,own_balanced4_r1,10,7,redblackbst,16,16,16,0,0,0.7113610000000001,1.4555060625,3.5377899999999998,4.60503,,,5.25,6.0625,13
dev,own_balanced4_r1,10,8,feel the agi,8,8,8,0,0,0.950959,1.6555965625,5.02049,5.03487,,,5.125,6,7
dev,own_balanced4_r1,10,9,Catalyst,33,33,33,0,0,0.7090335000000001,1.2379530303030304,3.73171,4.00538,,,4.424242424242424,5.545454545454546,37
dev,own_balanced4_r1,10,10,Thomas Tschinkel,14,14,14,0,0,0.7118214999999999,1.3647868214285714,3.94869,3.94956,,,4.857142857142857,5.714285714285714,12
dev,own_balanced4_r1,10,11,HowardLeeTW,43,43,43,0,0,0.5958845,0.8546641976744186,1.4938900000000002,5.98619,,,4,7.093023255813954,133
dev,own_balanced4_r1,10,12,Artem The Farmer 🍅,30,30,30,0,0,1.153975,1.6962209833333333,3.8103800000000003,5.82419,,,5.933333333333334,7,32
dev,own_balanced4_r1,10,13,アルモンド,21,21,21,0,0,0.681846,0.8227305952380952,0.751444,4.801729999999999,,,3.619047619047619,4.619047619047619,21
dev,own_balanced4_r1,10,14,𝕯𝖊𝖔𝖉𝖎𝖒𝖘 & 𝕮𝖔,14,14,14,0,0,0.712253,1.2807491071428572,3.72505,3.77868,,,4.714285714285714,5.785714285714286,15
dev,own_balanced4_r1,10,15,leave you,14,14,14,0,0,0.7107045000000001,1.5068436785714285,3.7080300000000004,6.51462,,,5,5.714285714285714,10
dev,own_balanced4_r1,10,16,keiz,18,18,18,0,0,0.710664,0.8602100555555556,2.03816,2.1303400000000003,,,4.166666666666667,5.5,24
dev,own_balanced4_r1,10,17,Cow Boy,34,34,34,0,0,0.7058225,1.2111534264705883,3.67525,4.68479,,,4.794117647058823,5.352941176470588,19
dev,own_balanced4_r1,10,18,Zhenghongshuang,21,21,21,0,0,0.711833,1.2688428095238096,3.69475,3.71592,,,5,5.714285714285714,15
dev,own_balanced4_r1,10,19,THIRD FARM CLUB,16,16,15,0,0,0.659287,3.43973784375,2.87182,41.6554,,,4.4,6.133333333333334,26
dev,own_balanced4_r1,10,20,AI是我的豆包,24,24,24,0,0,0.728033,1.5051097291666666,4.8135900000000005,6.51517,,,5.208333333333333,6.125,22
dev,own_balanced4_r1,10,21,Kaggriculture Agent,40,40,40,0,0,0.7111155,1.2894778625,3.66687,4.04011,,,4.875,5.875,40
dev,own_balanced4_r1,10,22,Knight of Favonius,22,22,22,0,0,0.7107105,1.253405659090909,3.97348,3.98689,,,4.7272727272727275,5.818181818181818,24
dev,own_balanced4_r1,10,23,THUNDER THUNDER,12,12,12,0,0,0.7665774999999999,1.8761017916666667,3.9043200000000002,8.74302,,,5.25,7,21
dev,own_balanced4_r1,10,24,Phoenix750,24,24,24,0,0,0.7177235,1.3298167916666666,3.65903,4.684159999999999,,,4.833333333333333,5.916666666666667,26
dev,own_balanced4_r1,10,25,Jeryos,14,14,14,0,0,0.7107000000000001,1.3774164285714285,3.78714,4.28005,,,4.714285714285714,5.714285714285714,14
dev,own_balanced4_r1,10,26,nilochan,29,29,29,0,0,0.7068809999999999,1.4111455862068965,4.638850000000001,4.6936800000000005,,,4.758620689655173,5.896551724137931,33
dev,own_balanced4_r1,10,27,nofreewill42,14,14,14,0,0,0.7082325,1.493445142857143,3.77828,6.61545,,,4.785714285714286,5.785714285714286,14
dev,own_balanced4_r1,10,28,lucaskna,10,10,10,0,0,0.9214045,1.48636125,3.64303,3.64575,,,5.5,6.7,12
dev,own_balanced4_r1,10,29,Emile Andrieu,30,30,30,0,0,0.7097685,1.3463544666666667,3.7719899999999997,3.7807600000000003,,,4.9,5.866666666666666,29
dev,own_balanced4_r1,10,30,Zhongyi Dai,7,7,7,0,0,0.7098975000000001,1.2563145,3.79847,3.80875,,,4.857142857142857,5.714285714285714,6
dev,original_balanced4_r0,11,0,ALL,831,831,802,61,44,1.05315,4.4663424049338145,24.9414,125.309,10.34165,21.625981475409837,5.788029925187033,6.6895261845386536,723
dev,original_balanced4_r0,11,1,Majkel1337,85,85,68,25,16,6.00963,16.178297705882354,52.1094,95.9573,25.50495,24.5174176,8.676470588235293,9.088235294117647,28
dev,original_balanced4_r0,11,2,ymg_aq,48,48,47,2,1,0.6422355,2.823807427083333,4.34854,71.3451,37.799679999999995,37.82325,5.0638297872340425,5.787234042553192,34
dev,original_balanced4_r0,11,3,SpaTaro,49,49,45,13,10,3.23981,10.021268132653061,46.141,125.309,3.927795,19.61374153846154,7.333333333333333,8.755555555555556,64
dev,original_balanced4_r0,11,4,Mengfei Li,22,22,22,3,3,1.05729,1.4825053636363636,3.7917199999999998,5.16573,3.81062,3.7951533333333334,5.2727272727272725,6.2727272727272725,22
dev,original_balanced4_r0,11,5,Orbital Terraformer,50,50,43,13,9,5.95693,14.84500362,50.0058,61.2768,20.640500000000003,26.68969,8.55813953488372,9,19
dev,original_balanced4_r0,11,6,Otter Vibe,39,39,39,0,0,0.71382,1.4356553076923078,4.35275,6.99756,,,4.948717948717949,4.897435897435898,-2
dev,original_balanced4_r0,11,7,redblackbst,16,16,16,0,0,0.9528905000000001,1.586247625,3.1136999999999997,4.39475,,,5.375,6.0625,11
dev,original_balanced4_r0,11,8,feel the agi,9,9,9,0,0,1.180235,2.2372788333333333,5.37437,5.38146,,,5.888888888888889,6.555555555555555,6
dev,original_balanced4_r0,11,9,Catalyst,36,36,36,0,0,0.9487530000000001,1.6027690277777777,4.11085,4.4056999999999995,,,5.138888888888889,6,31
dev,original_balanced4_r0,11,10,Thomas Tschinkel,14,14,14,0,0,0.9531695,1.4933110714285713,3.8882,3.90151,,,4.857142857142857,5.714285714285714,12
dev,original_balanced4_r0,11,11,HowardLeeTW,43,43,43,0,0,0.7354345,0.8890153837209303,1.63058,2.97417,,,4.116279069767442,7.093023255813954,128
dev,original_balanced4_r0,11,12,Artem The Farmer 🍅,35,35,35,0,0,1.19268,2.0532787285714287,4.11442,6.47126,,,6.6,7.571428571428571,34
dev,original_balanced4_r0,11,13,アルモンド,26,26,26,4,4,0.954575,1.487371596153846,4.06248,4.58289,3.594595,3.4969125,4.884615384615385,5.846153846153846,25
dev,original_balanced4_r0,11,14,𝕯𝖊𝖔𝖉𝖎𝖒𝖘 & 𝕮𝖔,15,15,15,0,0,0.958304,1.6000810333333333,3.5545500000000003,4.41725,,,5.266666666666667,6.133333333333334,13
dev,original_balanced4_r0,11,15,leave you,14,14,14,0,0,0.9587600000000001,1.5293577142857142,4.11451,4.1465,,,5,5.714285714285714,10
dev,original_balanced4_r0,11,16,keiz,19,19,19,1,1,0.915532,1.1256244736842105,2.28862,3.2944400000000003,3.28521,3.28521,4.631578947368421,5.7894736842105265,22
dev,original_balanced4_r0,11,17,Cow Boy,37,37,37,0,0,0.958196,1.645819081081081,4.3968,4.58207,,,5.351351351351352,5.8108108108108105,17
dev,original_balanced4_r0,11,18,Zhenghongshuang,21,21,21,0,0,0.9607129999999999,1.4678420476190477,3.61935,3.6490500000000003,,,4.857142857142857,5.714285714285714,18
dev,original_balanced4_r0,11,19,THIRD FARM CLUB,16,16,16,0,0,0.9185209999999999,2.61546003125,10.5315,10.584200000000001,,,5.3125,6.375,17
dev,original_balanced4_r0,11,20,AI是我的豆包,25,25,25,0,0,1.049815,1.91606342,4.85179,5.27576,,,5.56,6.32,19
dev,original_balanced4_r0,11,21,Kaggriculture Agent,40,40,40,0,0,0.9605845,1.486229475,4.101859999999999,4.16692,,,5,5.875,35
dev,original_balanced4_r0,11,22,Knight of Favonius,24,24,24,0,0,1.002433,1.813208375,4.85404,5.360060000000001,,,5.375,6.25,21
dev,original_balanced4_r0,11,23,THUNDER THUNDER,12,12,12,0,0,1.0763440000000002,1.7256873750000001,5.12218,5.21537,,,5.416666666666667,7,19
dev,original_balanced4_r0,11,24,Phoenix750,26,26,26,0,0,1.054025,1.7458309230769231,4.3711,5.3558,,,5.461538461538462,6.3076923076923075,22
dev,original_balanced4_r0,11,25,Jeryos,14,14,14,0,0,0.9556994999999999,1.4656378214285715,3.55119,3.8259600000000002,,,4.857142857142857,5.714285714285714,12
dev,original_balanced4_r0,11,26,nilochan,32,32,32,0,0,0.957889,1.82937525,4.25818,4.57406,,,5.40625,6.375,31
dev,original_balanced4_r0,11,27,nofreewill42,15,15,15,0,0,0.9639979999999999,1.6012167,3.54732,4.40891,,,5.266666666666667,6.133333333333334,13
dev,original_balanced4_r0,11,28,lucaskna,11,11,11,0,0,1.148635,2.1647353636363635,4.34565,4.85711,,,6.181818181818182,7.090909090909091,10
dev,original_balanced4_r0,11,29,Emile Andrieu,31,31,31,0,0,0.9619059999999999,1.6669665483870968,3.77586,5.932510000000001,,,5.193548387096774,6.032258064516129,26
dev,original_balanced4_r0,11,30,Zhongyi Dai,7,7,7,0,0,0.95983,1.4499423571428571,3.54488,3.6114699999999997,,,4.857142857142857,5.714285714285714,6
dev,original_full8_r0,11,0,ALL,831,831,814,61,51,0.603681,17.016115566787004,89.159,1046.8,27.98735,116.33098672131148,6.092137592137592,6.7518427518427515,537
dev,original_full8_r0,11,1,Majkel1337,85,85,76,25,20,4.77984,87.3643113235294,363.564,734.496,125.9635,147.22029,8.947368421052632,9.289473684210526,26
dev,original_full8_r0,11,2,ymg_aq,48,48,48,2,2,0.527234,1.4838378958333334,3.20618,20.568900000000003,11.51249,11.545872500000002,5.229166666666667,5.895833333333333,32
dev,original_full8_r0,11,3,SpaTaro,49,49,46,13,11,2.514125,49.06313231632653,316.752,1046.8,2.8826850000000004,116.51164769230769,7.586956521739131,8.804347826086957,56
dev,original_full8_r0,11,4,Mengfei Li,22,22,22,3,3,0.5589215000000001,0.9494327045454546,2.22749,3.4177199999999996,2.234125,2.3612283333333335,5.681818181818182,6.2727272727272725,13
dev,original_full8_r0,11,5,Orbital Terraformer,50,50,45,13,10,5.476865,69.10299918,333.057,510.982,73.18265,142.794945,8.688888888888888,9.066666666666666,17
dev,original_full8_r0,11,6,Otter Vibe,39,39,39,0,0,0.4488945,1.0156593974358974,2.90439,3.70433,,,5.256410256410256,4.897435897435898,-14
dev,original_full8_r0,11,7,redblackbst,16,16,16,0,0,0.6007635,1.15958515625,2.44313,3.17828,,,5.625,6.0625,7
dev,original_full8_r0,11,8,feel the agi,9,9,9,0,0,0.6048965,1.4988944444444443,4.15671,4.162649999999999,,,6.333333333333333,6.555555555555555,2
dev,original_full8_r0,11,9,Catalyst,36,36,36,0,0,0.558839,1.167059986111111,3.1034,3.20992,,,5.388888888888889,6,22
dev,original_full8_r0,11,10,Thomas Tschinkel,14,14,14,0,0,0.5708900000000001,1.0776712857142856,2.85635,2.8698200000000003,,,5.142857142857143,5.714285714285714,8
dev,original_full8_r0,11,11,HowardLeeTW,43,43,43,0,0,0.48820949999999996,0.5683388720930233,1.07283,2.05021,,,4.511627906976744,7.093023255813954,111
dev,original_full8_r0,11,12,Artem The Farmer 🍅,35,35,35,0,0,1.0210249999999998,1.5585274285714286,3.31492,4.90122,,,6.742857142857143,7.571428571428571,29
dev,original_full8_r0,11,13,アルモンド,26,26,26,4,4,0.571081,1.0583408076923078,3.24091,3.4355599999999997,3.134295,3.03153,5.269230769230769,5.846153846153846,15
dev,original_full8_r0,11,14,𝕯𝖊𝖔𝖉𝖎𝖒𝖘 & 𝕮𝖔,15,15,15,0,0,0.5857015000000001,1.1675879666666666,2.5214600000000003,3.18599,,,5.533333333333333,6.133333333333334,9
dev,original_full8_r0,11,15,leave you,14,14,14,0,0,0.5751884999999999,1.1095290357142857,3.0761,3.1149,,,5.285714285714286,5.714285714285714,6
dev,original_full8_r0,11,16,keiz,19,19,19,1,1,0.6130739999999999,0.8487479736842105,2.39972,2.50801,2.3956850000000003,2.3956850000000003,4.7894736842105265,5.7894736842105265,19
dev,original_full8_r0,11,17,Cow Boy,37,37,37,0,0,0.574762,1.1730711621621621,3.1896999999999998,3.82582,,,5.648648648648648,5.8108108108108105,6
dev,original_full8_r0,11,18,Zhenghongshuang,21,21,21,0,0,0.5701025,1.0564940714285713,2.6590700000000003,2.66547,,,5.142857142857143,5.714285714285714,12
dev,original_full8_r0,11,19,THIRD FARM CLUB,16,16,16,0,0,0.563348,7.6011018125000005,42.3216,42.4525,,,5.5,6.375,14
dev,original_full8_r0,11,20,AI是我的豆包,25,25,25,0,0,0.6036050000000001,1.37789344,3.14394,4.5094899999999996,,,5.88,6.32,11
dev,original_full8_r0,11,21,Kaggriculture Agent,40,40,40,0,0,0.5889815,1.0719536,3.0394099999999997,3.1143,,,5.225,5.875,26
dev,original_full8_r0,11,22,Knight of Favonius,24,24,24,0,0,0.5894205,1.2643962708333334,3.12898,3.77593,,,5.708333333333333,6.25,13
dev,original_full8_r0,11,23,THUNDER THUNDER,12,12,12,0,0,0.90903,1.366656,4.0366100000000005,4.04406,,,5.75,7,15
dev,original_full8_r0,11,24,Phoenix750,26,26,26,0,0,0.6028644999999999,1.2606653846153846,3.60391,3.7742600000000004,,,5.6923076923076925,6.3076923076923075,16
dev,original_full8_r0,11,25,Jeryos,14,14,14,0,0,0.5736764999999999,1.0493634285714286,2.50949,2.80167,,,5.142857142857143,5.714285714285714,8
dev,original_full8_r0,11,26,nilochan,32,32,32,0,0,0.596135,1.299603203125,3.0193600000000003,3.91096,,,5.6875,6.375,22
dev,original_full8_r0,11,27,nofreewill42,15,15,15,0,0,0.5739335000000001,1.1697131666666667,2.52733,3.18802,,,5.533333333333333,6.133333333333334,9
dev,original_full8_r0,11,28,lucaskna,11,11,11,0,0,0.9358060000000001,1.575272,3.1500500000000002,3.79226,,,6.545454545454546,7.090909090909091,6
dev,original_full8_r0,11,29,Emile Andrieu,31,31,31,0,0,0.5821955,1.1684245,2.7519699999999996,3.19893,,,5.483870967741935,6.032258064516129,17
dev,original_full8_r0,11,30,Zhongyi Dai,7,7,7,0,0,0.5712035,1.0297623571428571,2.5021799999999996,2.52665,,,5.142857142857143,5.714285714285714,4
dev,own_balanced4_r0,11,0,ALL,831,831,760,61,23,0.851736,4.393925167870036,33.612199999999994,95.77669999999999,4.575645,21.460970573770492,5.543421052631579,6.461842105263158,698
dev,own_balanced4_r0,11,1,Majkel1337,85,85,50,25,6,4.189030000000001,17.167683523529412,61.4287,95.77669999999999,35.2176,27.61085404,7.88,8.4,26
dev,own_balanced4_r0,11,2,ymg_aq,48,48,48,2,2,0.6472944999999999,2.7089309479166666,5.057060000000001,62.875800000000005,33.34703,33.427730000000004,5.354166666666667,5.895833333333333,26
dev,own_balanced4_r0,11,3,SpaTaro,49,49,34,13,6,0.6515685,4.502553387755102,17.069200000000002,65.9628,1.610545,6.911446153846154,6.5,8.235294117647058,59
dev,own_balanced4_r0,11,4,Mengfei Li,22,22,21,3,2,0.9266965,1.316673840909091,4.5661000000000005,4.8039700000000005,1.6869100000000001,2.0884968333333336,5,6.0476190476190474,22
dev,own_balanced4_r0,11,5,Orbital Terraformer,50,50,31,13,2,3.745995,17.92065562,63.9081,85.28439999999999,40.622749999999996,33.687996423076925,7.709677419354839,8.225806451612904,16
dev,own_balanced4_r0,11,6,Otter Vibe,39,39,39,0,0,0.6587160000000001,1.9772235384615384,4.652229999999999,26.4262,,,5.153846153846154,4.897435897435898,-10
dev,own_balanced4_r0,11,7,redblackbst,16,16,16,0,0,0.8114225,1.55403909375,3.44444,4.37594,,,5.375,6.0625,11
dev,own_balanced4_r0,11,8,feel the agi,9,9,9,0,0,1.12973,1.881434722222222,4.60393,4.63692,,,5.888888888888889,6.555555555555555,6
dev,own_balanced4_r0,11,9,Catalyst,36,36,36,0,0,0.7559450000000001,1.5038786805555555,4.33727,4.382140000000001,,,5.138888888888889,6,31
dev,own_balanced4_r0,11,10,Thomas Tschinkel,14,14,14,0,0,0.7651335,1.2200890357142857,2.85974,2.8660799999999997,,,4.857142857142857,5.714285714285714,12
dev,own_balanced4_r0,11,11,HowardLeeTW,43,43,43,0,0,0.7410275000000001,1.0044942674418604,2.29353,5.0201,,,4.046511627906977,7.093023255813954,131
dev,own_balanced4_r0,11,12,Artem The Farmer 🍅,35,35,35,0,0,1.485855,2.1206354142857142,4.11974,7.04654,,,6.6571428571428575,7.571428571428571,32
dev,own_balanced4_r0,11,13,アルモンド,26,26,26,4,4,0.7653325,1.42819875,3.95704,4.98224,3.624575,3.62764875,4.8076923076923075,5.846153846153846,27
dev,own_balanced4_r0,11,14,𝕯𝖊𝖔𝖉𝖎𝖒𝖘 & 𝕮𝖔,15,15,15,0,0,0.7917805,1.5322727666666667,4.00579,4.0937,,,5.266666666666667,6.133333333333334,13
dev,own_balanced4_r0,11,15,leave you,14,14,14,0,0,0.9453280000000001,1.4841475357142857,3.39052,4.38153,,,5,5.714285714285714,10
dev,own_balanced4_r0,11,16,keiz,19,19,19,1,1,0.9265505,1.1514252894736843,2.28484,3.44658,3.4235550000000003,3.4235550000000003,4.578947368421052,5.7894736842105265,23
dev,own_balanced4_r0,11,17,Cow Boy,37,37,37,0,0,0.767783,1.5665916891891891,4.04678,4.65313,,,5.378378378378378,5.8108108108108105,16
dev,own_balanced4_r0,11,18,Zhenghongshuang,21,21,21,0,0,0.9463075,1.5357609285714287,3.40715,4.04213,,,5,5.714285714285714,15
dev,own_balanced4_r0,11,19,THIRD FARM CLUB,16,16,16,0,0,0.9089805,2.4871265,9.59509,9.656649999999999,,,5.3125,6.375,17
dev,own_balanced4_r0,11,20,AI是我的豆包,25,25,25,0,0,1.1269550000000002,1.76695866,4.35591,4.99917,,,5.56,6.32,19
dev,own_balanced4_r0,11,21,Kaggriculture Agent,40,40,40,0,0,0.8157065,1.3927647,3.97575,4.41086,,,5,5.875,35
dev,own_balanced4_r0,11,22,Knight of Favonius,24,24,24,0,0,0.811631,1.6443761875,4.36362,4.38959,,,5.333333333333333,6.25,22
dev,own_balanced4_r0,11,23,THUNDER THUNDER,12,12,11,0,0,0.717885,1.3920436666666667,3.0495300000000003,4.776020000000001,,,5.181818181818182,6.7272727272727275,17
dev,own_balanced4_r0,11,24,Phoenix750,26,26,26,0,0,0.847845,1.6513705576923077,4.3137799999999995,4.956989999999999,,,5.384615384615385,6.3076923076923075,24
dev,own_balanced4_r0,11,25,Jeryos,14,14,14,0,0,0.7725735,1.4040858571428572,4.08553,4.1564,,,4.857142857142857,5.714285714285714,12
dev,own_balanced4_r0,11,26,nilochan,32,32,32,0,0,0.8407755,1.72064590625,4.08972,5.08917,,,5.4375,6.375,30
dev,own_balanced4_r0,11,27,nofreewill42,15,15,15,0,0,0.7666655,1.5257907333333334,3.9309600000000002,4.07996,,,5.266666666666667,6.133333333333334,13
dev,own_balanced4_r0,11,28,lucaskna,11,11,11,0,0,1.186895,1.9328406818181818,3.46947,4.1093,,,6,7.090909090909091,12
dev,own_balanced4_r0,11,29,Emile Andrieu,31,31,31,0,0,0.778483,1.548361064516129,4.0732800000000005,4.0809299999999995,,,5.225806451612903,6.032258064516129,25
dev,own_balanced4_r0,11,30,Zhongyi Dai,7,7,7,0,0,0.770116,1.4662092857142857,4.037780000000001,4.05594,,,4.857142857142857,5.714285714285714,6
dev,own_balanced4_r1,11,0,ALL,831,831,805,61,42,0.746335,4.180961518652226,15.894200000000001,104.88,8.714405,25.392764836065574,5.6571428571428575,6.705590062111801,844
dev,own_balanced4_r1,11,1,Majkel1337,85,85,73,25,15,6.50571,15.791346564705883,66.2406,95.3227,34.5869,34.4720298,8.493150684931507,9.219178082191782,53
dev,own_balanced4_r1,11,2,ymg_aq,48,48,48,2,2,0.6477044999999999,1.5052022291666667,4.82751,7.45313,5.98831,5.9879525000000005,5.270833333333333,5.895833333333333,30
dev,own_balanced4_r1,11,3,SpaTaro,49,49,48,13,13,3.242455,4.938045295918367,13.640799999999999,82.3893,3.62224,4.610351538461538,7.5,8.895833333333334,67
dev,own_balanced4_r1,11,4,Mengfei Li,22,22,22,3,3,0.781574,1.40864225,4.90609,5.55749,4.908994999999999,4.050276666666667,5.136363636363637,6.2727272727272725,25
dev,own_balanced4_r1,11,5,Orbital Terraformer,50,50,37,13,4,5.3664950000000005,18.0146019,61.464,104.88,42.18755,44.99997423076923,7.783783783783784,8.675675675675675,33
dev,own_balanced4_r1,11,6,Otter Vibe,39,39,39,0,0,0.655901,2.1143566666666667,8.52864,16.9124,,,5.0256410256410255,4.897435897435898,-5
dev,own_balanced4_r1,11,7,redblackbst,16,16,16,0,0,0.7078255,1.41446784375,2.98162,3.82644,,,5.25,6.0625,13
dev,own_balanced4_r1,11,8,feel the agi,9,9,9,0,0,1.118295,2.1718770555555555,5.96809,5.983020000000001,,,5.666666666666667,6.555555555555555,8
dev,own_balanced4_r1,11,9,Catalyst,36,36,36,0,0,0.7126735,1.5593789166666667,4.27583,4.82013,,,4.888888888888889,6,40
dev,own_balanced4_r1,11,10,Thomas Tschinkel,14,14,14,0,0,0.7119515000000001,1.4421498928571428,4.22637,4.23724,,,4.857142857142857,5.714285714285714,12
dev,own_balanced4_r1,11,11,HowardLeeTW,43,43,43,0,0,0.5961145,0.8546047093023256,1.49448,6.01301,,,4,7.093023255813954,133
dev,own_balanced4_r1,11,12,Artem The Farmer 🍅,35,35,35,0,0,1.1849349999999998,2.044957342857143,4.121479999999999,5.82354,,,6.371428571428571,7.571428571428571,42
dev,own_balanced4_r1,11,13,アルモンド,26,26,26,4,4,0.7066245,1.3247395576923078,4.04013,4.80067,3.1924,3.2857600000000002,4.730769230769231,5.846153846153846,29
dev,own_balanced4_r1,11,14,𝕯𝖊𝖔𝖉𝖎𝖒𝖘 & 𝕮𝖔,15,15,15,0,0,0.7145735,1.5984477333333333,4.0648,5.1486,,,5.066666666666666,6.133333333333334,16
dev,own_balanced4_r1,11,15,leave you,14,14,14,0,0,0.712347,1.5930146428571428,4.0213600000000005,6.80136,,,5,5.714285714285714,10
dev,own_balanced4_r1,11,16,keiz,19,19,19,1,1,0.7273575,1.0741297368421052,2.14524,4.95724,4.9539,4.9539,4.421052631578948,5.7894736842105265,26
dev,own_balanced4_r1,11,17,Cow Boy,37,37,37,0,0,0.7103335,1.5975663243243243,4.82617,6.0448,,,5.1891891891891895,5.8108108108108105,23
dev,own_balanced4_r1,11,18,Zhenghongshuang,21,21,21,0,0,0.7143355,1.3586784285714286,3.99411,4.04911,,,5,5.714285714285714,15
dev,own_balanced4_r1,11,19,THIRD FARM CLUB,16,16,16,0,0,0.6633549999999999,1.1474326875,2.86362,4.9687399999999995,,,4.8125,6.375,25
dev,own_balanced4_r1,11,20,AI是我的豆包,25,25,25,0,0,0.7431595,1.6727199,5.09877,6.8005,,,5.44,6.32,22
dev,own_balanced4_r1,11,21,Kaggriculture Agent,40,40,40,0,0,0.714572,1.3556974875,3.94254,4.32626,,,4.875,5.875,40
dev,own_balanced4_r1,11,22,Knight of Favonius,24,24,24,0,0,0.7165635,1.4497724166666666,4.269430000000001,4.27796,,,5.208333333333333,6.25,25
dev,own_balanced4_r1,11,23,THUNDER THUNDER,12,12,12,0,0,0.7650835,1.8967367083333333,3.8958600000000003,9.01045,,,5.25,7,21
dev,own_balanced4_r1,11,24,Phoenix750,26,26,26,0,0,0.7203845,1.5083920961538462,3.9546,4.703189999999999,,,5.269230769230769,6.3076923076923075,27
dev,own_balanced4_r1,11,25,Jeryos,14,14,14,0,0,0.7100435,1.4529382857142856,4.0732,4.57198,,,4.714285714285714,5.714285714285714,14
dev,own_balanced4_r1,11,26,nilochan,32,32,32,0,0,0.7108595,1.696994328125,4.49074,4.66897,,,5.21875,6.375,37
dev,own_balanced4_r1,11,27,nofreewill42,15,15,15,0,0,0.7089525,1.7577758666666667,4.40831,6.890899999999999,,,5.133333333333334,6.133333333333334,15
dev,own_balanced4_r1,11,28,lucaskna,11,11,11,0,0,1.1224500000000002,1.7520295909090908,3.89322,3.9432,,,6,7.090909090909091,12
dev,own_balanced4_r1,11,29,Emile Andrieu,31,31,31,0,0,0.7128855000000001,1.526490193548387,4.05382,4.8259799999999995,,,5.064516129032258,6.032258064516129,30
dev,own_balanced4_r1,11,30,Zhongyi Dai,7,7,7,0,0,0.7126904999999999,1.3337932142857143,4.09684,4.109229999999999,,,4.857142857142857,5.714285714285714,6
dev,original_balanced4_r0,13,0,ALL,913,913,911,83,83,1.10681,7.746229279846659,50.9313,244.687,18.142,32.82406228915663,6.418221734357848,7.294182217343579,798
dev,original_balanced4_r0,13,1,Majkel1337,85,85,85,25,25,5.985865,22.40632625882353,80.86489999999999,171.169,25.4571,34.4037446,9.376470588235295,9.470588235294118,8
dev,original_balanced4_r0,13,2,ymg_aq,49,49,49,2,2,0.6493945,3.5759127346938775,4.35091,105.983,54.993255,55.07599,5.3061224489795915,6.020408163265306,35
dev,original_balanced4_r0,13,3,SpaTaro,49,49,49,13,13,3.240895,12.8569105,50.9313,244.687,3.920065,29.22858769230769,7.714285714285714,8.938775510204081,60
dev,original_balanced4_r0,13,4,Mengfei Li,22,22,22,3,3,1.059455,1.4805338863636364,3.7769299999999997,5.188140000000001,3.787845,3.7803066666666667,5.2727272727272725,6.2727272727272725,22
dev,original_balanced4_r0,13,5,Orbital Terraformer,50,50,50,13,13,5.95017,17.80316754,69.9993,106.301,20.646949999999997,29.815848846153845,9.06,9.26,10
dev,original_balanced4_r0,13,6,Otter Vibe,40,40,40,0,0,0.7139685,4.1019940875,4.63934,108.089,,,5.15,5.1,-2
dev,original_balanced4_r0,13,7,redblackbst,16,16,16,0,0,0.954294,1.5867349375,3.10539,4.39543,,,5.375,6.0625,11
dev,original_balanced4_r0,13,8,feel the agi,9,9,9,0,0,1.178005,2.239663833333333,5.36526,5.39376,,,5.888888888888889,6.555555555555555,6
dev,original_balanced4_r0,13,9,Catalyst,37,37,37,0,0,0.950737,1.699740581081081,4.39432,5.25857,,,5.297297297297297,6.162162162162162,32
dev,original_balanced4_r0,13,10,Thomas Tschinkel,14,14,14,0,0,0.9529865000000001,1.4973333928571428,3.88783,3.92109,,,4.857142857142857,5.714285714285714,12
dev,original_balanced4_r0,13,11,HowardLeeTW,64,64,64,1,1,1.032909,2.646022734375,9.291799999999999,11.5355,7.40042,7.40042,5.84375,8.703125,183
dev,original_balanced4_r0,13,12,Artem The Farmer 🍅,39,39,37,0,0,2.00821,15.0869815,120.703,206.011,,,6.891891891891892,7.8108108108108105,34
dev,original_balanced4_r0,13,13,アルモンド,26,26,26,4,4,0.9564045,1.4821344230769231,4.04679,4.58256,3.5830900000000003,3.48275375,4.884615384615385,5.846153846153846,25
dev,original_balanced4_r0,13,14,𝕯𝖊𝖔𝖉𝖎𝖒𝖘 & 𝕮𝖔,15,15,15,0,0,0.9548369999999999,1.6003663,3.5514,4.41245,,,5.266666666666667,6.133333333333334,13
dev,original_balanced4_r0,13,15,leave you,14,14,14,0,0,0.947737,1.5276802142857142,4.10327,4.15633,,,5,5.714285714285714,10
dev,original_balanced4_r0,13,16,keiz,64,64,64,22,22,4.676975,24.6687953515625,80.8219,104.262,47.82340000000001,43.35916113636364,9.234375,10.15625,59
dev,original_balanced4_r0,13,17,Cow Boy,38,38,38,0,0,0.9570435,1.7401678815789474,4.4078,5.28066,,,5.5,5.973684210526316,18
dev,original_balanced4_r0,13,18,Zhenghongshuang,21,21,21,0,0,0.953097,1.463086238095238,3.61541,3.62439,,,4.857142857142857,5.714285714285714,18
dev,original_balanced4_r0,13,19,THIRD FARM CLUB,18,18,18,0,0,1.1080200000000002,10.504493833333333,48.9373,98.3274,,,6.055555555555555,7.055555555555555,18
dev,original_balanced4_r0,13,20,AI是我的豆包,25,25,25,0,0,1.04676,1.91269234,4.8323599999999995,5.27274,,,5.56,6.32,19
dev,original_balanced4_r0,13,21,Kaggriculture Agent,40,40,40,0,0,0.9571415000000001,1.4828542625,4.08849,4.13793,,,5,5.875,35
dev,original_balanced4_r0,13,22,Knight of Favonius,25,25,25,0,0,1.053795,1.92279558,4.86016,5.34466,,,5.6,6.48,22
dev,original_balanced4_r0,13,23,THUNDER THUNDER,15,15,15,0,0,1.381225,2.6613496,5.20637,10.1675,,,6.133333333333334,8,28
dev,original_balanced4_r0,13,24,Phoenix750,27,27,27,0,0,1.05751,1.8783946481481482,5.25594,5.35231,,,5.666666666666667,6.518518518518518,23
dev,original_balanced4_r0,13,25,Jeryos,14,14,14,0,0,0.956592,1.4658976428571429,3.56339,3.82821,,,4.857142857142857,5.714285714285714,12
dev,original_balanced4_r0,13,26,nilochan,33,33,33,0,0,0.9656215,1.9424859696969696,4.27664,5.49433,,,5.575757575757576,6.545454545454546,32
dev,original_balanced4_r0,13,27,nofreewill42,15,15,15,0,0,0.9591575,1.5971626666666667,3.58319,4.38905,,,5.266666666666667,6.133333333333334,13
dev,original_balanced4_r0,13,28,lucaskna,11,11,11,0,0,1.1385299999999998,2.160923409090909,4.32913,4.84512,,,6.181818181818182,7.090909090909091,10
dev,original_balanced4_r0,13,29,Emile Andrieu,31,31,31,0,0,0.964353,1.6661865806451612,3.78065,5.91921,,,5.193548387096774,6.032258064516129,26
dev,original_balanced4_r0,13,30,Zhongyi Dai,7,7,7,0,0,0.9556405,1.4442988571428572,3.5319499999999997,3.5558400000000003,,,4.857142857142857,5.714285714285714,6
dev,original_full8_r0,13,0,ALL,913,913,911,83,83,0.7242679999999999,32.35981130284775,178.549,1690.66,49.9166,139.94381626506024,6.609220636663007,7.294182217343579,624
dev,original_full8_r0,13,1,Majkel1337,85,85,85,25,25,4.791205,105.34265761176471,471.369,1055.0,126.9875,168.7599068,9.282352941176471,9.470588235294118,16
dev,original_full8_r0,13,2,ymg_aq,49,49,49,2,2,0.5318620000000001,1.5425997142857144,3.50471,20.4444,11.50815,11.5117975,5.326530612244898,6.020408163265306,34
dev,original_full8_r0,13,3,SpaTaro,49,49,49,13,13,2.5109649999999997,50.67420487755102,320.088,1053.17,2.853905,117.21606730769231,7.857142857142857,8.938775510204081,53
dev,original_full8_r0,13,4,Mengfei Li,22,22,22,3,3,0.557336,0.9466883181818182,2.21469,3.43016,2.2182950000000003,2.3520866666666667,5.681818181818182,6.2727272727272725,13
dev,original_full8_r0,13,5,Orbital Terraformer,50,50,50,13,13,5.450340000000001,85.39566124,507.526,811.424,73.23575,153.5701896153846,9.04,9.26,11
dev,original_full8_r0,13,6,Otter Vibe,40,40,40,0,0,0.4547325,18.6356284375,3.08498,705.803,,,5.45,5.1,-14
dev,original_full8_r0,13,7,redblackbst,16,16,16,0,0,0.587908,1.15622834375,2.44265,3.19888,,,5.625,6.0625,7
dev,original_full8_r0,13,8,feel the agi,9,9,9,0,0,0.602174,1.495543388888889,4.14243,4.15965,,,6.333333333333333,6.555555555555555,2
dev,original_full8_r0,13,9,Catalyst,37,37,37,0,0,0.5683805,1.2267320810810811,3.19262,3.35176,,,5.54054054054054,6.162162162162162,23
dev,original_full8_r0,13,10,Thomas Tschinkel,14,14,14,0,0,0.5732754999999999,1.0806146785714286,2.86444,2.89145,,,5.142857142857143,5.714285714285714,8
dev,original_full8_r0,13,11,HowardLeeTW,64,64,64,1,1,0.7105615,1.7159281015625,5.1655500000000005,7.3639399999999995,3.841975,3.841975,6.328125,8.703125,152
dev,original_full8_r0,13,12,Artem The Farmer 🍅,39,39,37,0,0,1.444565,117.33165597435898,1397.45,1690.66,,,7.027027027027027,7.8108108108108105,29
dev,original_full8_r0,13,13,アルモンド,26,26,26,4,4,0.572951,1.053125826923077,3.2240100000000003,3.24051,3.1125350000000003,2.99401625,5.269230769230769,5.846153846153846,15
dev,original_full8_r0,13,14,𝕯𝖊𝖔𝖉𝖎𝖒𝖘 & 𝕮𝖔,15,15,15,0,0,0.594102,1.1699177,2.5181,3.19418,,,5.533333333333333,6.133333333333334,9
dev,original_full8_r0,13,15,leave you,14,14,14,0,0,0.5731934999999999,1.103831892857143,3.07426,3.09479,,,5.285714285714286,5.714285714285714,6
dev,original_full8_r0,13,16,keiz,64,64,64,22,22,3.77189,103.0171548515625,441.921,721.081,95.13,174.10090204545455,9.109375,10.15625,67
dev,original_full8_r0,13,17,Cow Boy,38,38,38,0,0,0.5763965,1.2294735657894738,3.1959299999999997,3.83745,,,5.7894736842105265,5.973684210526316,7
dev,original_full8_r0,13,18,Zhenghongshuang,21,21,21,0,0,0.5742225000000001,1.0558687142857144,2.65021,2.65996,,,5.142857142857143,5.714285714285714,12
dev,original_full8_r0,13,19,THIRD FARM CLUB,18,18,18,0,0,0.5865655,65.70113605555555,287.398,774.194,,,6.166666666666667,7.055555555555555,16
dev,original_full8_r0,13,20,AI是我的豆包,25,25,25,0,0,0.600212,1.37987266,3.14257,4.479220000000001,,,5.88,6.32,11
dev,original_full8_r0,13,21,Kaggriculture Agent,40,40,40,0,0,0.5885005,1.073011275,3.0340100000000003,3.1178600000000003,,,5.225,5.875,26
dev,original_full8_r0,13,22,Knight of Favonius,25,25,25,0,0,0.6024309999999999,1.332906,3.1380100000000004,3.76427,,,5.92,6.48,14
dev,original_full8_r0,13,23,THUNDER THUNDER,15,15,15,0,0,1.16962,1.8334010333333333,4.04247,4.07892,,,6.466666666666667,8,23
dev,original_full8_r0,13,24,Phoenix750,27,27,27,0,0,0.6031950000000001,1.3355565925925925,3.59986,3.7666999999999997,,,5.888888888888889,6.518518518518518,17
dev,original_full8_r0,13,25,Jeryos,14,14,14,0,0,0.575018,1.0496616071428573,2.5093,2.79269,,,5.142857142857143,5.714285714285714,8
dev,original_full8_r0,13,26,nilochan,33,33,33,0,0,0.5991295,1.368583712121212,3.11465,3.9077800000000003,,,5.848484848484849,6.545454545454546,23
dev,original_full8_r0,13,27,nofreewill42,15,15,15,0,0,0.5905355000000001,1.1752578,2.53314,3.2054,,,5.533333333333333,6.133333333333334,9
dev,original_full8_r0,13,28,lucaskna,11,11,11,0,0,0.935739,1.5738437272727273,3.24475,3.81814,,,6.545454545454546,7.090909090909091,6
dev,original_full8_r0,13,29,Emile Andrieu,31,31,31,0,0,0.5839080000000001,1.1676164032258065,2.7529,3.1920100000000002,,,5.483870967741935,6.032258064516129,17
dev,original_full8_r0,13,30,Zhongyi Dai,7,7,7,0,0,0.573822,1.0285447142857143,2.51629,2.51657,,,5.142857142857143,5.714285714285714,4
dev,own_balanced4_r0,13,0,ALL,913,913,859,83,63,0.925339,9.308474387185104,62.563300000000005,307.034,13.93375,38.93318061445783,6.188591385331781,7.061699650756694,750
dev,own_balanced4_r0,13,1,Majkel1337,85,85,69,25,19,4.19573,32.14123631176471,151.93,307.034,52.92185,48.127454220000004,9.101449275362318,9.115942028985508,1
dev,own_balanced4_r0,13,2,ymg_aq,49,49,49,2,2,0.6489615,2.741086132653061,5.04272,62.6263,33.363634999999995,33.3685325,5.448979591836735,6.020408163265306,28
dev,own_balanced4_r0,13,3,SpaTaro,49,49,35,13,7,0.6481049999999999,9.08684,16.984099999999998,235.34,1.60297,11.141150923076923,6.685714285714286,8.314285714285715,57
dev,own_balanced4_r0,13,4,Mengfei Li,22,22,21,3,2,0.9295154999999999,1.3160812272727274,4.58883,4.80745,1.69444,2.0956505,5,6.0476190476190474,22
dev,own_balanced4_r0,13,5,Orbital Terraformer,50,50,44,13,11,3.7345050000000004,32.5615273,123.84,247.737,50.792,47.937229076923074,9.045454545454545,9.022727272727273,-1
dev,own_balanced4_r0,13,6,Otter Vibe,40,40,40,0,0,0.6530635,4.90836085,9.02784,119.356,,,5.35,5.1,-10
dev,own_balanced4_r0,13,7,redblackbst,16,16,16,0,0,0.8537764999999999,1.5604083125,3.44492,4.38227,,,5.375,6.0625,11
dev,own_balanced4_r0,13,8,feel the agi,9,9,9,0,0,1.13787,1.8810764444444446,4.61707,4.63575,,,5.888888888888889,6.555555555555555,6
dev,own_balanced4_r0,13,9,Catalyst,37,37,37,0,0,0.7582329999999999,1.5926861756756756,4.36435,4.85271,,,5.297297297297297,6.162162162162162,32
dev,own_balanced4_r0,13,10,Thomas Tschinkel,14,14,14,0,0,0.770797,1.2212740714285715,2.84949,2.86783,,,4.857142857142857,5.714285714285714,12
dev,own_balanced4_r0,13,11,HowardLeeTW,64,64,62,1,1,1.0563250000000002,2.2711969296875,7.44526,10.9529,7.45296,7.45296,5.629032258064516,8.596774193548388,184
dev,own_balanced4_r0,13,12,Artem The Farmer 🍅,39,39,37,0,0,2.001545,14.779739358974359,119.721,200.702,,,6.945945945945946,7.8108108108108105,32
dev,own_balanced4_r0,13,13,アルモンド,26,26,26,4,4,0.764494,1.4192402307692307,3.94583,4.9067799999999995,3.60695,3.60086125,4.8076923076923075,5.846153846153846,27
dev,own_balanced4_r0,13,14,𝕯𝖊𝖔𝖉𝖎𝖒𝖘 & 𝕮𝖔,15,15,15,0,0,0.7742425,1.5252175000000001,3.97368,4.07073,,,5.266666666666667,6.133333333333334,13
dev,own_balanced4_r0,13,15,leave you,14,14,14,0,0,0.94403,1.4786625714285715,3.3924499999999997,4.34546,,,5,5.714285714285714,10
dev,own_balanced4_r0,13,16,keiz,64,64,53,22,17,3.134245,24.2396571171875,109.396,160.011,62.2701,52.97128518181818,8.867924528301886,9.773584905660377,48
dev,own_balanced4_r0,13,17,Cow Boy,38,38,38,0,0,0.7765470000000001,1.692395,4.05678,6.25464,,,5.526315789473684,5.973684210526316,17
dev,own_balanced4_r0,13,18,Zhenghongshuang,21,21,21,0,0,0.946107,1.5324888571428572,3.3983600000000003,4.07312,,,5,5.714285714285714,15
dev,own_balanced4_r0,13,19,THIRD FARM CLUB,18,18,17,0,0,1.122755,20.00196625,49.2221,269.843,,,5.705882352941177,6.705882352941177,17
dev,own_balanced4_r0,13,20,AI是我的豆包,25,25,25,0,0,1.130875,1.76485772,4.3416999999999994,4.971430000000001,,,5.56,6.32,19
dev,own_balanced4_r0,13,21,Kaggriculture Agent,40,40,40,0,0,0.811976,1.39501075,3.96889,4.42881,,,5,5.875,35
dev,own_balanced4_r0,13,22,Knight of Favonius,25,25,25,0,0,0.851791,1.74151626,4.353680000000001,4.3889,,,5.56,6.48,23
dev,own_balanced4_r0,13,23,THUNDER THUNDER,15,15,14,0,0,1.175855,2.216002,5.41796,6.05456,,,5.857142857142857,7.857142857142857,28
dev,own_balanced4_r0,13,24,Phoenix750,27,27,27,0,0,0.8572115,1.796283,4.9165,5.63468,,,5.592592592592593,6.518518518518518,25
dev,own_balanced4_r0,13,25,Jeryos,14,14,14,0,0,0.770147,1.401244,4.07724,4.138739999999999,,,4.857142857142857,5.714285714285714,12
dev,own_balanced4_r0,13,26,nilochan,33,33,33,0,0,0.849251,1.775694409090909,4.123069999999999,5.09855,,,5.606060606060606,6.545454545454546,31
dev,own_balanced4_r0,13,27,nofreewill42,15,15,15,0,0,0.7741525,1.5288631333333333,3.94813,4.08175,,,5.266666666666667,6.133333333333334,13
dev,own_balanced4_r0,13,28,lucaskna,11,11,11,0,0,1.189445,1.925805090909091,3.45764,4.05049,,,6,7.090909090909091,12
dev,own_balanced4_r0,13,29,Emile Andrieu,31,31,31,0,0,0.773515,1.5459009193548388,4.06748,4.09015,,,5.225806451612903,6.032258064516129,25
dev,own_balanced4_r0,13,30,Zhongyi Dai,7,7,7,0,0,0.7618560000000001,1.4583079285714287,4.03178,4.03723,,,4.857142857142857,5.714285714285714,6
dev,own_balanced4_r1,13,0,ALL,913,913,911,83,83,1.048515,6.51958332913472,36.294,267.449,10.213999999999999,35.36308843373494,6.237102085620197,7.296377607025247,965
dev,own_balanced4_r1,13,1,Majkel1337,85,85,85,25,25,6.647875,21.201386582352942,86.144,235.611,35.944,50.8419506,9.023529411764706,9.470588235294118,38
dev,own_balanced4_r1,13,2,ymg_aq,49,49,49,2,2,0.6475299999999999,1.6173362040816326,5.48457,7.89492,6.097995,6.1596475,5.346938775510204,6.020408163265306,33
dev,own_balanced4_r1,13,3,SpaTaro,49,49,48,13,13,3.32552,8.718512979591837,13.679799999999998,267.449,3.65448,4.681445,7.5,8.895833333333334,67
dev,own_balanced4_r1,13,4,Mengfei Li,22,22,22,3,3,0.7837355,1.4235874772727273,4.91676,5.7336599999999995,4.991680000000001,4.117766666666666,5.136363636363637,6.2727272727272725,25
dev,own_balanced4_r1,13,5,Orbital Terraformer,50,50,50,13,13,5.40502,22.97092219,79.1165,107.764,64.73765,57.46839961538461,8.88,9.26,19
dev,own_balanced4_r1,13,6,Otter Vibe,40,40,39,0,0,0.6601334999999999,6.22776245,16.8752,167.888,,,5.0256410256410255,4.897435897435898,-5
dev,own_balanced4_r1,13,7,redblackbst,16,16,16,0,0,0.7112864999999999,1.44129434375,3.15971,3.9977600000000004,,,5.25,6.0625,13
dev,own_balanced4_r1,13,8,feel the agi,9,9,9,0,0,1.116755,2.212651777777778,5.97044,6.34312,,,5.666666666666667,6.555555555555555,8
dev,own_balanced4_r1,13,9,Catalyst,37,37,37,0,0,0.7156355,1.6581036351351353,4.440720000000001,4.99852,,,5.054054054054054,6.162162162162162,41
dev,own_balanced4_r1,13,10,Thomas Tschinkel,14,14,14,0,0,0.7114925000000001,1.460435857142857,4.25899,4.37698,,,4.857142857142857,5.714285714285714,12
dev,own_balanced4_r1,13,11,HowardLeeTW,64,64,64,1,1,0.987675,2.2443408125,6.73793,9.8568,5.299215,5.299215,5.546875,8.703125,202
dev,own_balanced4_r1,13,12,Artem The Farmer 🍅,39,39,39,0,0,1.978115,2.4268277564102565,5.526800000000001,6.0706999999999995,,,6.82051282051282,8.076923076923077,49
dev,own_balanced4_r1,13,13,アルモンド,26,26,26,4,4,0.7074784999999999,1.3467751538461539,4.03643,5.02625,3.338565,3.3803549999999998,4.730769230769231,5.846153846153846,29
dev,own_balanced4_r1,13,14,𝕯𝖊𝖔𝖉𝖎𝖒𝖘 & 𝕮𝖔,15,15,15,0,0,0.714997,1.6094117333333333,4.22233,4.993270000000001,,,5.066666666666666,6.133333333333334,16
dev,own_balanced4_r1,13,15,leave you,14,14,14,0,0,0.7147055,1.61501625,4.14546,7.05007,,,5,5.714285714285714,10
dev,own_balanced4_r1,13,16,keiz,64,64,64,22,22,4.285215000000001,17.4883528125,73.4886,127.639,13.4176,36.93847113636364,8.9375,10.15625,78
dev,own_balanced4_r1,13,17,Cow Boy,38,38,38,0,0,0.7142109999999999,1.7311981710526316,4.99101,6.2777899999999995,,,5.342105263157895,5.973684210526316,24
dev,own_balanced4_r1,13,18,Zhenghongshuang,21,21,21,0,0,0.7120314999999999,1.366606,3.9933,4.155930000000001,,,5,5.714285714285714,15
dev,own_balanced4_r1,13,19,THIRD FARM CLUB,18,18,18,0,0,0.6953405,8.614429027777778,21.3552,117.347,,,5.611111111111111,7.055555555555555,26
dev,own_balanced4_r1,13,20,AI是我的豆包,25,25,25,0,0,0.745477,1.70387306,5.10019,7.07371,,,5.44,6.32,22
dev,own_balanced4_r1,13,21,Kaggriculture Agent,40,40,40,0,0,0.7177005000000001,1.37963415,4.10722,4.47081,,,4.875,5.875,40
dev,own_balanced4_r1,13,22,Knight of Favonius,25,25,25,0,0,0.7198964999999999,1.54795218,4.27741,4.438,,,5.4,6.48,27
dev,own_balanced4_r1,13,23,THUNDER THUNDER,15,15,15,0,0,1.7178300000000002,2.3047438666666666,5.62224,9.32816,,,5.866666666666666,8,32
dev,own_balanced4_r1,13,24,Phoenix750,27,27,27,0,0,0.7237115000000001,1.6806717037037038,4.6709,5.7456700000000005,,,5.481481481481482,6.518518518518518,28
dev,own_balanced4_r1,13,25,Jeryos,14,14,14,0,0,0.7107490000000001,1.47292825,4.22565,4.724600000000001,,,4.714285714285714,5.714285714285714,14
dev,own_balanced4_r1,13,26,nilochan,33,33,33,0,0,0.7153529999999999,1.8282661212121212,4.6725200000000005,5.171399999999999,,,5.363636363636363,6.545454545454546,39
dev,own_balanced4_r1,13,27,nofreewill42,15,15,15,0,0,0.7101664999999999,1.787533,4.56184,7.16824,,,5.133333333333334,6.133333333333334,15
dev,own_balanced4_r1,13,28,lucaskna,11,11,11,0,0,1.13337,1.778456681818182,3.9394,4.08567,,,6,7.090909090909091,12
dev,own_balanced4_r1,13,29,Emile Andrieu,31,31,31,0,0,0.7139525,1.5487937741935485,4.07859,4.98393,,,5.064516129032258,6.032258064516129,30
dev,own_balanced4_r1,13,30,Zhongyi Dai,7,7,7,0,0,0.7088859999999999,1.348023,4.08249,4.2496599999999995,,,4.857142857142857,5.714285714285714,6
639,original_balanced4_r0,10,0,ALL,487,487,484,11,9,0.9549295,1.8403978911704313,4.91193,35.516400000000004,5.5098,11.743540454545455,5.043388429752066,6.0764462809917354,500
639,original_balanced4_r0,10,1,Majkel1337,21,21,20,1,1,0.826979,4.432701690476191,20.3714,32.7108,3.19461,3.19461,5.8,6.9,22
639,original_balanced4_r0,10,2,ymg_aq,23,23,23,1,1,0.638173,1.9441710217391304,4.8644799999999995,17.759900000000002,17.7562,17.7562,4.956521739130435,6,24
639,original_balanced4_r0,10,3,SpaTaro,26,26,24,6,4,2.0456250000000002,4.686272557692308,31.1295,35.516400000000004,7.712755,14.506686666666667,6.583333333333333,8,34
639,original_balanced4_r0,10,4,Mengfei Li,13,13,13,0,0,1.052965,1.1302593076923078,2.02407,2.72336,,,4.3076923076923075,5.538461538461538,16
639,original_balanced4_r0,10,5,Orbital Terraformer,22,22,22,2,2,1.1234125,2.4506822045454544,10.5353,12.2484,8.445595,8.4438,6,7.090909090909091,24
639,original_balanced4_r0,10,6,Otter Vibe,20,20,20,0,0,0.687011,1.42806295,3.76982,7.41516,,,5,4.7,-6
639,original_balanced4_r0,10,7,redblackbst,14,14,14,0,0,0.9586625,1.2837449642857142,3.5684099999999996,3.59016,,,5,5.5,7
639,original_balanced4_r0,10,8,feel the agi,19,19,19,1,1,1.17592,2.100459710526316,5.56039,6.21058,4.300415,4.300415,5.631578947368421,6.526315789473684,17
639,original_balanced4_r0,10,9,Catalyst,14,14,14,0,0,0.9645060000000001,1.4073552857142857,3.19564,3.8175100000000004,,,4.857142857142857,5.714285714285714,12
639,original_balanced4_r0,10,10,Thomas Tschinkel,14,14,14,0,0,0.9583969999999999,1.3728712142857142,3.2675799999999997,3.2766100000000002,,,4.857142857142857,5.714285714285714,12
639,original_balanced4_r0,10,11,HowardLeeTW,18,18,18,0,0,0.748513,1.4050014166666667,1.92998,11.444700000000001,,,4.277777777777778,7.222222222222222,53
639,original_balanced4_r0,10,12,Artem The Farmer 🍅,19,19,19,0,0,1.0648499999999999,2.2213407631578947,5.04123,9.26811,,,6.052631578947368,6.842105263157895,15
639,original_balanced4_r0,10,13,アルモンド,11,11,11,0,0,0.7683695,1.0496647272727273,1.08209,3.51436,,,3.909090909090909,4.818181818181818,10
639,original_balanced4_r0,10,14,𝕯𝖊𝖔𝖉𝖎𝖒𝖘 & 𝕮𝖔,16,16,16,0,0,0.7468080000000001,0.97381565625,2.39503,3.2865,,,4.125,5.5,22
639,original_balanced4_r0,10,15,leave you,15,15,15,0,0,0.9622269999999999,1.4978859666666666,3.3523899999999998,4.85341,,,4.866666666666666,5.866666666666666,15
639,original_balanced4_r0,10,16,keiz,12,12,12,0,0,0.84968,1.0336436666666666,2.42894,2.4470300000000003,,,4.333333333333333,5.5,14
639,original_balanced4_r0,10,17,Cow Boy,14,14,14,0,0,0.9609835,1.4534837142857142,3.2039400000000002,4.84021,,,5,5.5,7
639,original_balanced4_r0,10,18,Zhenghongshuang,14,14,14,0,0,0.9571375,1.4518705357142856,3.74497,3.75881,,,5,5.714285714285714,10
639,original_balanced4_r0,10,19,THIRD FARM CLUB,16,16,16,0,0,0.9235255,2.41798825,10.5429,10.6136,,,5.125,6.25,18
639,original_balanced4_r0,10,20,AI是我的豆包,14,14,14,0,0,0.961273,1.3140708214285715,2.45907,3.32827,,,4.857142857142857,5.714285714285714,12
639,original_balanced4_r0,10,21,Kaggriculture Agent,18,18,18,0,0,1.05152,1.6635780555555555,4.1545,5.298100000000001,,,5.333333333333333,6.277777777777778,17
639,original_balanced4_r0,10,22,Knight of Favonius,11,11,11,0,0,0.7547595,1.139786,1.0628199999999999,4.58539,,,3.8181818181818183,4.818181818181818,11
639,original_balanced4_r0,10,23,THUNDER THUNDER,21,21,21,0,0,0.8184989999999999,1.4519189523809524,5.48168,5.98488,,,4.809523809523809,6.714285714285714,40
639,original_balanced4_r0,10,24,Phoenix750,16,16,16,0,0,0.863082,1.37069259375,3.83855,4.83474,,,4.875,5.9375,17
639,original_balanced4_r0,10,25,Jeryos,14,14,14,0,0,0.949905,1.322074357142857,2.6082199999999998,3.26106,,,4.857142857142857,5.785714285714286,13
639,original_balanced4_r0,10,26,nilochan,14,14,14,0,0,0.95179,1.3679493214285714,3.25536,3.27434,,,4.857142857142857,5.714285714285714,12
639,original_balanced4_r0,10,27,nofreewill42,14,14,14,0,0,0.9636735,1.37129325,3.25174,3.26999,,,4.857142857142857,5.714285714285714,12
639,original_balanced4_r0,10,28,lucaskna,16,16,16,0,0,1.010377,1.3838912187499999,3.2072399999999996,3.53868,,,5,5.875,14
639,original_balanced4_r0,10,29,Emile Andrieu,13,13,13,0,0,0.9504825000000001,1.395076,3.2632600000000003,4.58463,,,4.538461538461538,5.461538461538462,12
639,original_balanced4_r0,10,30,Zhongyi Dai,15,15,15,0,0,0.9611035,1.557286,3.2610300000000003,4.91193,,,5.066666666666666,6,14
639,original_full8_r0,10,0,ALL,487,487,485,11,10,0.5725899999999999,2.3252069630390144,3.6903099999999998,211.021,6.972825,37.05506681818182,5.317525773195876,6.0845360824742265,372
639,original_full8_r0,10,1,Majkel1337,21,21,20,1,1,0.5666445,7.897049833333334,8.16065,130.211,2.5765599999999997,2.5765599999999997,5.85,6.9,21
639,original_full8_r0,10,2,ymg_aq,23,23,23,1,1,0.5243985,2.356444630434783,3.8017,34.1099,34.087450000000004,34.087450000000004,5.173913043478261,6,19
639,original_full8_r0,10,3,SpaTaro,26,26,25,6,5,1.42404,13.632044846153846,71.3064,211.021,20.406280000000002,54.39869916666667,6.72,8.08,34
639,original_full8_r0,10,4,Mengfei Li,13,13,13,0,0,0.553585,0.7332413076923077,1.94379,2.25434,,,4.846153846153846,5.538461538461538,9
639,original_full8_r0,10,5,Orbital Terraformer,22,22,22,2,2,0.86995,3.2353995454545457,7.01521,38.8996,21.005805000000002,21.0169575,6.045454545454546,7.090909090909091,23
639,original_full8_r0,10,6,Otter Vibe,20,20,20,0,0,0.451082,1.0514254,2.34865,5.99908,,,5.15,4.7,-9
639,original_full8_r0,10,7,redblackbst,14,14,14,0,0,0.573823,0.8685418928571429,2.46872,2.5911500000000003,,,5.285714285714286,5.5,3
639,original_full8_r0,10,8,feel the agi,19,19,19,1,1,0.6071325000000001,1.2761722631578947,2.73667,3.7042100000000002,2.515615,2.515615,6.157894736842105,6.526315789473684,7
639,original_full8_r0,10,9,Catalyst,14,14,14,0,0,0.571167,0.9875553571428571,2.1711799999999997,2.79689,,,5.142857142857143,5.714285714285714,8
639,original_full8_r0,10,10,Thomas Tschinkel,14,14,14,0,0,0.571796,0.9527479642857143,2.21987,2.25873,,,5.142857142857143,5.714285714285714,8
639,original_full8_r0,10,11,HowardLeeTW,18,18,18,0,0,0.514381,0.7408756666666667,1.51251,3.6804099999999997,,,4.611111111111111,7.222222222222222,47
639,original_full8_r0,10,12,Artem The Farmer 🍅,19,19,19,0,0,0.6055904999999999,2.5145783684210525,4.64558,23.0293,,,6.315789473684211,6.842105263157895,10
639,original_full8_r0,10,13,アルモンド,11,11,11,0,0,0.5111319999999999,0.6740313636363636,0.605317,2.43107,,,4.2727272727272725,4.818181818181818,6
639,original_full8_r0,10,14,𝕯𝖊𝖔𝖉𝖎𝖒𝖘 & 𝕮𝖔,16,16,16,0,0,0.4249005,0.70342896875,1.94811,2.23738,,,4.3125,5.5,19
639,original_full8_r0,10,15,leave you,15,15,15,0,0,0.5745215,0.9945581333333333,2.3806,2.52364,,,5.266666666666667,5.866666666666666,9
639,original_full8_r0,10,16,keiz,12,12,12,0,0,0.5944075,0.747627375,1.96373,1.96522,,,4.5,5.5,12
639,original_full8_r0,10,17,Cow Boy,14,14,14,0,0,0.598587,1.036135357142857,2.87797,3.30898,,,5.285714285714286,5.5,3
639,original_full8_r0,10,18,Zhenghongshuang,14,14,14,0,0,0.6030789999999999,1.0835802142857143,2.76877,3.04425,,,5.285714285714286,5.714285714285714,6
639,original_full8_r0,10,19,THIRD FARM CLUB,16,16,16,0,0,0.5633185,6.054664,42.2151,44.2265,,,5.375,6.25,14
639,original_full8_r0,10,20,AI是我的豆包,14,14,14,0,0,0.5716705,0.9400802857142857,2.04592,2.37956,,,5.142857142857143,5.714285714285714,8
639,original_full8_r0,10,21,Kaggriculture Agent,18,18,18,0,0,0.6010800000000001,1.1625153055555555,2.74775,3.80784,,,5.555555555555555,6.277777777777778,13
639,original_full8_r0,10,22,Knight of Favonius,11,11,11,0,0,0.5113829999999999,0.6850467727272728,0.602735,2.5458600000000002,,,4.2727272727272725,4.818181818181818,6
639,original_full8_r0,10,23,THUNDER THUNDER,21,21,21,0,0,0.5495365,1.0610386666666667,3.4373899999999997,4.41008,,,5.190476190476191,6.714285714285714,32
639,original_full8_r0,10,24,Phoenix750,16,16,16,0,0,0.5674549999999999,0.96022384375,2.74698,2.76356,,,5.0625,5.9375,14
639,original_full8_r0,10,25,Jeryos,14,14,14,0,0,0.5722560000000001,0.9462603928571428,2.1489499999999997,2.2223,,,5.142857142857143,5.785714285714286,9
639,original_full8_r0,10,26,nilochan,14,14,14,0,0,0.5730675000000001,0.9508832142857143,2.2152600000000002,2.2363899999999997,,,5.142857142857143,5.714285714285714,8
639,original_full8_r0,10,27,nofreewill42,14,14,14,0,0,0.575143,0.9498912142857142,2.21974,2.22305,,,5.142857142857143,5.714285714285714,8
639,original_full8_r0,10,28,lucaskna,16,16,16,0,0,0.5869935,0.98928853125,2.49465,2.68192,,,5.25,5.875,10
639,original_full8_r0,10,29,Emile Andrieu,13,13,13,0,0,0.5708075,0.8981013846153846,2.22604,2.5412199999999996,,,4.923076923076923,5.461538461538462,7
639,original_full8_r0,10,30,Zhongyi Dai,15,15,15,0,0,0.5744865,1.0495719666666667,2.4194,2.52252,,,5.466666666666667,6,8
639,own_balanced4_r0,10,0,ALL,487,486,479,11,7,0.790154,1.9418797119341564,4.832050000000001,46.4238,10.077649999999998,12.052125454545454,5.014613778705637,6.039665970772442,491
639,own_balanced4_r0,10,1,Majkel1337,21,21,19,1,0,0.688701,5.155312880952381,26.059,26.211299999999998,26.07975,26.07975,5.631578947368421,6.7368421052631575,21
639,own_balanced4_r0,10,2,ymg_aq,23,23,23,1,1,0.6443355,1.663183956521739,4.832050000000001,13.1914,13.19125,13.19125,5.173913043478261,6,19
639,own_balanced4_r0,10,3,SpaTaro,26,26,22,6,4,1.0101535000000001,3.2285217115384617,10.075899999999999,33.7185,5.188815,9.39006,6.090909090909091,7.818181818181818,38
639,own_balanced4_r0,10,4,Mengfei Li,13,13,13,0,0,0.9092335,1.0407458846153845,2.0712800000000002,2.4394299999999998,,,4.3076923076923075,5.538461538461538,16
639,own_balanced4_r0,10,5,Orbital Terraformer,22,22,21,2,1,0.683614,5.38886540909091,21.0761,46.4238,17.37725,17.377200000000002,5.9523809523809526,6.9523809523809526,21
639,own_balanced4_r0,10,6,Otter Vibe,20,20,20,0,0,0.582067,1.76254165,5.91085,10.1469,,,5,4.7,-6
639,own_balanced4_r0,10,7,redblackbst,14,14,14,0,0,0.767607,1.3341705357142857,3.75393,4.89367,,,4.785714285714286,5.5,10
639,own_balanced4_r0,10,8,feel the agi,19,19,19,1,1,1.140705,1.5976033684210527,3.6131100000000003,4.5165500000000005,2.20762,2.20762,5.631578947368421,6.526315789473684,17
639,own_balanced4_r0,10,9,Catalyst,14,14,14,0,0,0.7669604999999999,1.2073053214285714,2.2626999999999997,3.75987,,,4.857142857142857,5.714285714285714,12
639,own_balanced4_r0,10,10,Thomas Tschinkel,14,14,14,0,0,0.763098,1.1429635714285715,2.56487,2.57919,,,4.857142857142857,5.714285714285714,12
639,own_balanced4_r0,10,11,HowardLeeTW,18,17,17,0,0,0.744627,0.8527983823529411,1.62602,1.96042,,,4.117647058823529,7.176470588235294,52
639,own_balanced4_r0,10,12,Artem The Farmer 🍅,19,19,19,0,0,1.12984,2.4539045,7.89625,10.9741,,,6.105263157894737,6.842105263157895,14
639,own_balanced4_r0,10,13,アルモンド,11,11,11,0,0,0.7566090000000001,0.9318679090909091,0.8559880000000001,3.38191,,,3.909090909090909,4.818181818181818,10
639,own_balanced4_r0,10,14,𝕯𝖊𝖔𝖉𝖎𝖒𝖘 & 𝕮𝖔,16,16,16,0,0,0.7307570000000001,0.97989565625,1.9869,3.78715,,,4,5.5,24
639,own_balanced4_r0,10,15,leave you,15,15,15,0,0,0.9447650000000001,1.5293458666666666,3.1110100000000003,6.0067200000000005,,,5.066666666666666,5.866666666666666,12
639,own_balanced4_r0,10,16,keiz,12,12,12,0,0,0.8467640000000001,1.0727432083333333,2.4443099999999998,2.4497199999999997,,,4.333333333333333,5.5,14
639,own_balanced4_r0,10,17,Cow Boy,14,14,14,0,0,0.7761925,1.3499959642857142,2.88111,4.94097,,,4.928571428571429,5.5,8
639,own_balanced4_r0,10,18,Zhenghongshuang,14,14,14,0,0,0.9424745,1.4888102142857143,3.69095,3.69461,,,5,5.714285714285714,10
639,own_balanced4_r0,10,19,THIRD FARM CLUB,16,16,16,0,0,0.90737,2.1542801875,9.59843,9.63241,,,5.0625,6.25,19
639,own_balanced4_r0,10,20,AI是我的豆包,14,14,14,0,0,0.949314,1.466881857142857,3.1411,3.75018,,,5,5.714285714285714,10
639,own_balanced4_r0,10,21,Kaggriculture Agent,18,18,18,0,0,0.8528665,1.5631431388888888,3.80084,5.6208100000000005,,,5.333333333333333,6.277777777777778,17
639,own_balanced4_r0,10,22,Knight of Favonius,11,11,11,0,0,0.7550385,0.9940280454545455,0.856749,4.05624,,,3.909090909090909,4.818181818181818,10
639,own_balanced4_r0,10,23,THUNDER THUNDER,21,21,21,0,0,0.8132865,3.4220391904761907,4.7616499999999995,45.1424,,,4.904761904761905,6.714285714285714,38
639,own_balanced4_r0,10,24,Phoenix750,16,16,16,0,0,0.8489655,1.20736159375,2.8888499999999997,3.66022,,,4.875,5.9375,17
639,own_balanced4_r0,10,25,Jeryos,14,14,14,0,0,0.767076,1.317651392857143,3.78339,3.78988,,,4.857142857142857,5.785714285714286,13
639,own_balanced4_r0,10,26,nilochan,14,14,14,0,0,0.7689965000000001,1.3158583214285715,3.7718499999999997,3.78159,,,4.857142857142857,5.714285714285714,12
639,own_balanced4_r0,10,27,nofreewill42,14,14,14,0,0,0.767482,1.318667107142857,3.77899,3.81388,,,4.857142857142857,5.714285714285714,12
639,own_balanced4_r0,10,28,lucaskna,16,16,16,0,0,0.8099835000000001,1.3275825937499999,3.44802,4.43629,,,5,5.875,14
639,own_balanced4_r0,10,29,Emile Andrieu,13,13,13,0,0,0.7636695,1.2864408846153845,3.79089,4.0581,,,4.615384615384615,5.461538461538462,11
639,own_balanced4_r0,10,30,Zhongyi Dai,15,15,15,0,0,0.7707355,1.5244073333333334,3.8278600000000003,4.45427,,,5.066666666666666,6,14
639,own_balanced4_r1,10,0,ALL,487,486,484,11,9,0.71702,1.5123422263374486,4.48376,34.4243,4.477494999999999,8.74155,4.9070247933884295,6.078512396694215,567
639,own_balanced4_r1,10,1,Majkel1337,21,21,21,1,1,0.993203,1.5603480714285713,5.123069999999999,5.46317,3.1804300000000003,3.1804300000000003,5.380952380952381,7,34
639,own_balanced4_r1,10,2,ymg_aq,23,23,23,1,1,0.6450784999999999,1.4542712173913044,7.21771,7.8654399999999995,7.857329999999999,7.857329999999999,5.130434782608695,6,20
639,own_balanced4_r1,10,3,SpaTaro,26,26,24,6,4,1.6509099999999999,4.494720115384616,26.9546,34.4243,5.18262,12.922219166666666,6.416666666666667,8,38
639,own_balanced4_r1,10,4,Mengfei Li,13,13,13,0,0,0.7780564999999999,0.9317833846153847,1.9288800000000001,2.16843,,,4.3076923076923075,5.538461538461538,16
639,own_balanced4_r1,10,5,Orbital Terraformer,22,22,22,2,2,1.004865,1.3829771363636363,2.9874099999999997,5.27425,2.762155,2.7660050000000003,5.590909090909091,7.090909090909091,33
639,own_balanced4_r1,10,6,Otter Vibe,20,20,20,0,0,0.6427695,1.3887135,4.16302,6.47433,,,4.85,4.7,-3
639,own_balanced4_r1,10,7,redblackbst,14,14,14,0,0,0.7092485,1.3558529642857142,4.6291199999999995,4.99059,,,4.785714285714286,5.5,10
639,own_balanced4_r1,10,8,feel the agi,19,19,19,1,1,1.118285,1.5214636842105262,3.5528299999999997,4.3584499999999995,2.053965,2.053965,5.526315789473684,6.526315789473684,19
639,own_balanced4_r1,10,9,Catalyst,14,14,14,0,0,0.708213,1.2826412142857142,3.68426,3.6937800000000003,,,4.785714285714286,5.714285714285714,13
639,own_balanced4_r1,10,10,Thomas Tschinkel,14,14,14,0,0,0.7123445,1.3643948928571428,3.9366,3.9518899999999997,,,4.857142857142857,5.714285714285714,12
639,own_balanced4_r1,10,11,HowardLeeTW,18,17,17,0,0,0.6676505,1.9767753529411765,1.77186,21.2368,,,3.8823529411764706,7.176470588235294,56
639,own_balanced4_r1,10,12,Artem The Farmer 🍅,19,19,19,0,0,1.12121,1.9854697105263157,4.88975,6.24173,,,6,6.842105263157895,16
639,own_balanced4_r1,10,13,アルモンド,11,11,11,0,0,0.694664,0.9016732727272727,0.7327899999999999,3.69613,,,3.909090909090909,4.818181818181818,10
639,own_balanced4_r1,10,14,𝕯𝖊𝖔𝖉𝖎𝖒𝖘 & 𝕮𝖔,16,16,16,0,0,0.5944529999999999,0.9608838749999999,2.48689,3.80237,,,3.9375,5.5,25
639,own_balanced4_r1,10,15,leave you,15,15,15,0,0,0.7147539999999999,1.2953124333333332,3.70354,4.77608,,,4.933333333333334,5.866666666666666,14
639,own_balanced4_r1,10,16,keiz,12,12,12,0,0,0.70809,0.9354398333333334,2.14368,2.92194,,,4.25,5.5,15
639,own_balanced4_r1,10,17,Cow Boy,14,14,14,0,0,0.7117519999999999,1.18071325,2.89024,3.6214899999999997,,,4.785714285714286,5.5,10
639,own_balanced4_r1,10,18,Zhenghongshuang,14,14,14,0,0,0.710626,1.5114538214285715,4.8326,4.85256,,,4.857142857142857,5.714285714285714,12
639,own_balanced4_r1,10,19,THIRD FARM CLUB,16,16,16,0,0,0.6645289999999999,0.90514303125,1.91754,2.86394,,,4.625,6.25,26
639,own_balanced4_r1,10,20,AI是我的豆包,14,14,14,0,0,0.713617,1.3338062499999999,3.7054699999999996,4.65933,,,4.928571428571429,5.714285714285714,11
639,own_balanced4_r1,10,21,Kaggriculture Agent,18,18,18,0,0,0.7221835,1.4127046111111112,3.67132,3.7175700000000003,,,5.111111111111111,6.277777777777778,21
639,own_balanced4_r1,10,22,Knight of Favonius,11,11,11,0,0,0.686247,0.9932865454545454,0.744024,4.6856599999999995,,,3.8181818181818183,4.818181818181818,11
639,own_balanced4_r1,10,23,THUNDER THUNDER,21,21,21,0,0,0.631286,1.2515330952380952,4.4734799999999995,5.37358,,,4.809523809523809,6.714285714285714,40
639,own_balanced4_r1,10,24,Phoenix750,16,16,16,0,0,0.800443,1.23865971875,3.65313,3.6588000000000003,,,4.6875,5.9375,20
639,own_balanced4_r1,10,25,Jeryos,14,14,14,0,0,0.7086805,1.2847693571428571,3.64039,3.77348,,,4.785714285714286,5.785714285714286,14
639,own_balanced4_r1,10,26,nilochan,14,14,14,0,0,0.709017,1.3400357142857142,3.7605999999999997,3.771,,,4.714285714285714,5.714285714285714,14
639,own_balanced4_r1,10,27,nofreewill42,14,14,14,0,0,0.706001,1.3386403214285714,3.7643,3.78348,,,4.714285714285714,5.714285714285714,14
639,own_balanced4_r1,10,28,lucaskna,16,16,16,0,0,0.715005,1.32016828125,3.67784,3.70909,,,4.8125,5.875,17
639,own_balanced4_r1,10,29,Emile Andrieu,13,13,13,0,0,0.7040150000000001,1.3195264615384616,3.77084,4.67229,,,4.461538461538462,5.461538461538462,13
639,own_balanced4_r1,10,30,Zhongyi Dai,15,15,15,0,0,0.710796,1.4877302000000001,3.77873,4.6820200000000005,,,4.933333333333334,6,16
639,original_balanced4_r0,11,0,ALL,590,590,569,44,36,1.0589499999999998,4.739123317796611,24.3922,93.8039,8.632494999999999,18.868458863636363,5.9033391915641475,6.804920913884007,513
639,original_balanced4_r0,11,1,Majkel1337,54,54,43,15,10,7.378674999999999,17.875683666666667,56.3489,71.9639,17.9615,25.942679666666667,8.604651162790697,9.046511627906977,19
639,original_balanced4_r0,11,2,ymg_aq,24,24,24,1,1,0.7936485,1.6577903958333333,5.15164,8.063939999999999,3.996965,3.996965,5.166666666666667,6.208333333333333,25
639,original_balanced4_r0,11,3,SpaTaro,35,35,33,8,8,2.80523,6.804001842857143,21.7284,55.3733,2.899005,7.2057825,7.878787878787879,8.757575757575758,29
639,original_balanced4_r0,11,4,Mengfei Li,13,13,13,0,0,1.0562749999999999,1.1313933846153845,2.01515,2.73442,,,4.3076923076923075,5.538461538461538,16
639,original_balanced4_r0,11,5,Orbital Terraformer,52,52,44,15,12,4.709845,15.848608461538461,48.9883,93.8039,22.38495,23.737931666666668,8.545454545454545,9.045454545454545,22
639,original_balanced4_r0,11,6,Otter Vibe,21,21,21,0,0,0.712696,1.5574258095238096,4.497739999999999,6.6128800000000005,,,5.333333333333333,5,-7
639,original_balanced4_r0,11,7,redblackbst,17,17,17,1,1,1.054385,1.767487,3.9888000000000003,4.05804,3.294015,3.294015,6,6.470588235294118,8
639,original_balanced4_r0,11,8,feel the agi,19,19,19,1,1,1.1782650000000001,2.1548218684210525,5.84157,6.52867,4.297975,4.297975,5.631578947368421,6.526315789473684,17
639,original_balanced4_r0,11,9,Catalyst,14,14,14,0,0,0.9559755000000001,1.479931142857143,3.48342,4.10804,,,4.857142857142857,5.714285714285714,12
639,original_balanced4_r0,11,10,Thomas Tschinkel,14,14,14,0,0,1.0142935,1.5377040357142857,3.90409,3.92613,,,4.857142857142857,5.714285714285714,12
639,original_balanced4_r0,11,11,HowardLeeTW,18,18,18,0,0,0.7462610000000001,1.4066895277777778,1.92831,11.4471,,,4.277777777777778,7.222222222222222,53
639,original_balanced4_r0,11,12,Artem The Farmer 🍅,23,23,23,0,0,1.1424349999999999,2.3628105217391306,5.33624,6.581270000000001,,,6.6521739130434785,7.565217391304348,21
639,original_balanced4_r0,11,13,アルモンド,13,13,13,1,1,0.954703,1.5139494615384617,3.7275500000000004,4.26894,3.727015,3.727015,4.846153846153846,5.769230769230769,12
639,original_balanced4_r0,11,14,𝕯𝖊𝖔𝖉𝖎𝖒𝖘 & 𝕮𝖔,17,17,17,1,1,0.7593825000000001,1.1289798235294117,3.19498,3.5517,3.191905,3.191905,4.411764705882353,5.823529411764706,24
639,original_balanced4_r0,11,15,leave you,17,17,17,0,0,1.05277,1.951742617647059,4.85767,5.839180000000001,,,5.588235294117647,6.470588235294118,15
639,original_balanced4_r0,11,16,keiz,13,13,13,1,1,0.914841,1.6338971538461537,2.47981,8.92864,8.848885,8.848885,4.769230769230769,5.923076923076923,15
639,original_balanced4_r0,11,17,Cow Boy,15,15,15,0,0,0.9654115,1.6360449333333333,3.55713,4.83931,,,5.333333333333333,5.866666666666666,8
639,original_balanced4_r0,11,18,Zhenghongshuang,14,14,14,0,0,0.9580310000000001,1.53309925,4.02126,4.03099,,,5,5.714285714285714,10
639,original_balanced4_r0,11,19,THIRD FARM CLUB,17,17,17,0,0,1.10508,2.6939329705882353,10.5449,10.578700000000001,,,5.470588235294118,6.529411764705882,18
639,original_balanced4_r0,11,20,AI是我的豆包,14,14,14,0,0,0.9589115,1.3925855714285713,2.73718,3.61849,,,4.857142857142857,5.714285714285714,12
639,original_balanced4_r0,11,21,Kaggriculture Agent,19,19,19,0,0,1.05471,1.7988295789473685,4.17206,4.40913,,,5.631578947368421,6.526315789473684,17
639,original_balanced4_r0,11,22,Knight of Favonius,15,15,15,0,0,0.9648745000000001,1.9251945,4.2984,4.58219,,,5.6,6.466666666666667,13
639,original_balanced4_r0,11,23,THUNDER THUNDER,24,24,24,0,0,0.965519,1.8747012708333333,5.95814,8.60073,,,5.291666666666667,7.25,47
639,original_balanced4_r0,11,24,Phoenix750,18,18,18,0,0,0.9587395,1.7839125833333334,4.83159,5.36788,,,5.555555555555555,6.5,17
639,original_balanced4_r0,11,25,Jeryos,15,15,15,0,0,0.9608245,1.6061784000000001,3.55453,4.407520000000001,,,5.266666666666667,6.133333333333334,13
639,original_balanced4_r0,11,26,nilochan,14,14,14,0,0,0.9606275,1.449503,3.55048,3.5671399999999998,,,4.857142857142857,5.714285714285714,12
639,original_balanced4_r0,11,27,nofreewill42,14,14,14,0,0,0.9638770000000001,1.4517076785714287,3.54188,3.55805,,,4.857142857142857,5.714285714285714,12
639,original_balanced4_r0,11,28,lucaskna,16,16,16,0,0,1.0119215000000001,1.451757625,3.5074099999999997,3.862,,,5,5.875,14
639,original_balanced4_r0,11,29,Emile Andrieu,15,15,15,0,0,0.9499655,1.8068573666666667,4.27522,4.59117,,,5.333333333333333,6.2,13
639,original_balanced4_r0,11,30,Zhongyi Dai,16,16,16,0,0,1.005016,1.7897071875,4.30288,4.8713999999999995,,,5.4375,6.3125,14
639,original_full8_r0,11,0,ALL,590,590,579,44,40,0.6053875,16.424903157627117,94.2577,633.835,27.4157,69.21481165909091,6.226252158894646,6.877374784110535,377
639,original_full8_r0,11,1,Majkel1337,54,54,50,15,14,6.352869999999999,78.04261466666667,371.544,480.744,49.4392,90.190215,8.98,9.32,17
639,original_full8_r0,11,2,ymg_aq,24,24,24,1,1,0.6384505,1.1634690833333332,4.090409999999999,4.44178,2.56015,2.56015,5.416666666666667,6.208333333333333,19
639,original_full8_r0,11,3,SpaTaro,35,35,34,8,8,2.02612,28.109222042857144,104.238,345.591,2.09678,19.062349125,8.029411764705882,8.823529411764707,27
639,original_full8_r0,11,4,Mengfei Li,13,13,13,0,0,0.5543750000000001,0.7338023846153846,1.9376099999999998,2.2603299999999997,,,4.846153846153846,5.538461538461538,9
639,original_full8_r0,11,5,Orbital Terraformer,52,52,46,15,12,3.2895199999999996,74.37353940384615,312.976,633.835,59.61685,100.22372299999999,8.673913043478262,9.130434782608695,21
639,original_full8_r0,11,6,Otter Vibe,21,21,21,0,0,0.45408400000000004,1.1260517857142858,3.15839,4.893050000000001,,,5.476190476190476,5,-10
639,original_full8_r0,11,7,redblackbst,17,17,17,1,1,0.6014865,1.2219195,2.84875,2.98376,1.98164,1.98164,6.235294117647059,6.470588235294118,4
639,original_full8_r0,11,8,feel the agi,19,19,19,1,1,0.6055875,1.3361657631578947,3.0357399999999997,3.98072,2.5233,2.5233,6.157894736842105,6.526315789473684,7
639,original_full8_r0,11,9,Catalyst,14,14,14,0,0,0.584946,1.1582688571428572,3.08575,3.73024,,,5.142857142857143,5.714285714285714,8
639,original_full8_r0,11,10,Thomas Tschinkel,14,14,14,0,0,0.570974,1.0778530357142857,2.8606,2.86978,,,5.142857142857143,5.714285714285714,8
639,original_full8_r0,11,11,HowardLeeTW,18,18,18,0,0,0.5103169999999999,0.7419874166666667,1.51867,3.69936,,,4.611111111111111,7.222222222222222,47
639,original_full8_r0,11,12,Artem The Farmer 🍅,23,23,23,0,0,0.955978,1.7428181304347827,4.416399999999999,4.43733,,,6.869565217391305,7.565217391304348,16
639,original_full8_r0,11,13,アルモンド,13,13,13,1,1,0.5699160000000001,1.0593598846153847,3.0003200000000003,3.0859099999999997,2.99277,2.99277,5.230769230769231,5.769230769230769,7
639,original_full8_r0,11,14,𝕯𝖊𝖔𝖉𝖎𝖒𝖘 & 𝕮𝖔,17,17,17,1,1,0.44129949999999996,0.8286742352941177,2.32403,2.51495,2.32314,2.32314,4.705882352941177,5.823529411764706,19
639,original_full8_r0,11,15,leave you,17,17,17,0,0,0.6023965,1.3594699411764706,3.15175,4.50516,,,5.9411764705882355,6.470588235294118,9
639,original_full8_r0,11,16,keiz,13,13,13,1,1,0.614312,2.5625388076923077,1.97245,24.3712,24.36285,24.36285,4.923076923076923,5.923076923076923,13
639,original_full8_r0,11,17,Cow Boy,15,15,15,0,0,0.576635,1.1388057666666667,2.55593,3.31535,,,5.6,5.866666666666666,4
639,original_full8_r0,11,18,Zhenghongshuang,14,14,14,0,0,0.5804469999999999,1.1190326785714286,3.0604899999999997,3.07063,,,5.285714285714286,5.714285714285714,6
639,original_full8_r0,11,19,THIRD FARM CLUB,17,17,17,0,0,0.581878,5.95540055882353,41.9991,42.2587,,,5.705882352941177,6.529411764705882,14
639,original_full8_r0,11,20,AI是我的豆包,14,14,14,0,0,0.5741395,1.0207064285714287,2.3281,2.65727,,,5.142857142857143,5.714285714285714,8
639,original_full8_r0,11,21,Kaggriculture Agent,19,19,19,0,0,0.606095,1.3258559210526315,3.1829899999999998,3.7945900000000004,,,5.842105263157895,6.526315789473684,13
639,original_full8_r0,11,22,Knight of Favonius,15,15,15,0,0,0.5755155,1.2585151,2.97619,3.1166,,,5.933333333333334,6.466666666666667,8
639,original_full8_r0,11,23,THUNDER THUNDER,24,24,24,0,0,0.653188,1.3335645625,4.4416400000000005,4.61435,,,5.666666666666667,7.25,38
639,original_full8_r0,11,24,Phoenix750,18,18,18,0,0,0.583691,1.2661926388888889,3.1568400000000003,3.7858899999999998,,,5.722222222222222,6.5,14
639,original_full8_r0,11,25,Jeryos,15,15,15,0,0,0.576454,1.1696000333333334,2.50881,3.18667,,,5.533333333333333,6.133333333333334,9
639,original_full8_r0,11,26,nilochan,14,14,14,0,0,0.5750500000000001,1.0298201428571427,2.5136999999999996,2.51816,,,5.142857142857143,5.714285714285714,8
639,original_full8_r0,11,27,nofreewill42,14,14,14,0,0,0.5732165,1.0303854285714285,2.51267,2.52872,,,5.142857142857143,5.714285714285714,8
639,original_full8_r0,11,28,lucaskna,16,16,16,0,0,0.5895305,1.062302375,2.79001,2.93937,,,5.25,5.875,10
639,original_full8_r0,11,29,Emile Andrieu,15,15,15,0,0,0.5733685,1.2231601333333333,2.9768499999999998,3.12027,,,5.666666666666667,6.2,8
639,original_full8_r0,11,30,Zhongyi Dai,16,16,16,0,0,0.5883415000000001,1.248030875,2.6998,3.10734,,,5.8125,6.3125,8
639,own_balanced4_r0,11,0,ALL,590,587,539,44,20,0.857224,4.267171504258944,20.3823,99.389,4.83489,17.335652023255815,5.645640074211503,6.582560296846011,505
639,own_balanced4_r0,11,1,Majkel1337,54,54,35,15,5,3.8882849999999998,15.125644268518519,53.6411,88.3207,4.83489,19.321530266666667,8.114285714285714,8.6,17
639,own_balanced4_r0,11,2,ymg_aq,24,24,24,1,1,0.803992,1.5305549999999999,5.1348400000000005,5.568,5.544124999999999,5.544124999999999,5.416666666666667,6.208333333333333,19
639,own_balanced4_r0,11,3,SpaTaro,35,35,27,8,6,0.5121675,2.7246067285714286,6.36111,36.6593,1.8164250000000002,1.7962085,7.111111111111111,8.37037037037037,34
639,own_balanced4_r0,11,4,Mengfei Li,13,13,13,0,0,0.908766,1.0450046153846153,2.08521,2.44691,,,4.3076923076923075,5.538461538461538,16
639,own_balanced4_r0,11,5,Orbital Terraformer,52,51,33,15,5,2.61381,14.751473558823529,53.0919,99.389,23.125115,26.202528214285714,7.848484848484849,8.393939393939394,18
639,own_balanced4_r0,11,6,Otter Vibe,21,21,21,0,0,0.5978205000000001,1.9736995476190475,6.183859999999999,10.2994,,,5.238095238095238,5,-5
639,own_balanced4_r0,11,7,redblackbst,17,17,16,1,0,0.8544894999999999,4.057392264705882,4.9002,42.8521,42.57655,42.57655,5.4375,6.1875,12
639,own_balanced4_r0,11,8,feel the agi,19,19,19,1,1,1.153245,1.6569816052631579,3.89528,4.79874,2.21849,2.21849,5.631578947368421,6.526315789473684,17
639,own_balanced4_r0,11,9,Catalyst,14,14,14,0,0,0.7710775000000001,1.289613857142857,2.58099,4.07069,,,4.857142857142857,5.714285714285714,12
639,own_balanced4_r0,11,10,Thomas Tschinkel,14,14,14,0,0,0.766899,1.2251273571428571,2.86158,2.8660300000000003,,,4.857142857142857,5.714285714285714,12
639,own_balanced4_r0,11,11,HowardLeeTW,18,17,17,0,0,0.7426824999999999,0.8531996176470589,1.61385,1.9616300000000002,,,4.117647058823529,7.176470588235294,52
639,own_balanced4_r0,11,12,Artem The Farmer 🍅,23,23,23,0,0,1.135525,2.0979705652173912,4.06876,6.723649999999999,,,6.6521739130434785,7.565217391304348,21
639,own_balanced4_r0,11,13,アルモンド,13,12,12,1,1,0.7632755,1.2281647083333334,3.65659,4.225350000000001,4.22222,4.22222,4.416666666666667,5.333333333333333,11
639,own_balanced4_r0,11,14,𝕯𝖊𝖔𝖉𝖎𝖒𝖘 & 𝕮𝖔,17,17,17,1,1,0.7576965,2.1239892352941174,4.08025,19.9626,19.839349999999996,19.839349999999996,4.352941176470588,5.823529411764706,25
639,own_balanced4_r0,11,15,leave you,17,17,17,0,0,1.12933,1.8700953529411766,4.16138,6.03067,,,5.764705882352941,6.470588235294118,12
639,own_balanced4_r0,11,16,keiz,13,13,12,1,0,0.7648305,0.9957456538461539,2.44941,2.47937,0.004285000000000001,0.004285000000000001,4.333333333333333,5.5,14
639,own_balanced4_r0,11,17,Cow Boy,15,15,14,0,0,0.7672190000000001,1.3000992666666666,3.1783200000000003,4.95822,,,4.928571428571429,5.5,8
639,own_balanced4_r0,11,18,Zhenghongshuang,14,14,14,0,0,0.9476979999999999,1.5764144642857143,3.9859,3.9988699999999997,,,5,5.714285714285714,10
639,own_balanced4_r0,11,19,THIRD FARM CLUB,17,17,17,0,0,1.1137,4.889845352941177,9.625729999999999,48.8694,,,5.411764705882353,6.529411764705882,19
639,own_balanced4_r0,11,20,AI是我的豆包,14,14,14,0,0,0.9487515,1.5455675,3.41181,4.02559,,,5,5.714285714285714,10
639,own_balanced4_r0,11,21,Kaggriculture Agent,19,19,19,0,0,0.858313,1.753993447368421,4.12266,5.60747,,,5.631578947368421,6.526315789473684,17
639,own_balanced4_r0,11,22,Knight of Favonius,15,15,15,0,0,0.7741365,1.7030485666666666,4.18912,4.255310000000001,,,5.6,6.466666666666667,13
639,own_balanced4_r0,11,23,THUNDER THUNDER,24,24,24,0,0,0.878277,3.6105194166666665,6.1926000000000005,45.7332,,,5.375,7.25,45
639,own_balanced4_r0,11,24,Phoenix750,18,18,18,0,0,0.951218,1.5463962222222223,3.9612600000000002,4.12976,,,5.555555555555555,6.5,17
639,own_balanced4_r0,11,25,Jeryos,15,15,15,0,0,0.7768865,1.5747054666666667,4.0670399999999995,4.08583,,,5.266666666666667,6.133333333333334,13
639,own_balanced4_r0,11,26,nilochan,14,14,14,0,0,0.768501,1.399909,4.08697,4.097,,,4.857142857142857,5.714285714285714,12
639,own_balanced4_r0,11,27,nofreewill42,14,14,14,0,0,0.767369,1.402971714285714,4.078469999999999,4.08074,,,4.857142857142857,5.714285714285714,12
639,own_balanced4_r0,11,28,lucaskna,16,16,16,0,0,0.8086215,1.3960835624999999,3.72736,4.74963,,,5,5.875,14
639,own_balanced4_r0,11,29,Emile Andrieu,15,15,15,0,0,0.7698535,1.5626753666666666,4.06999,4.0723400000000005,,,5.333333333333333,6.2,13
639,own_balanced4_r0,11,30,Zhongyi Dai,16,16,16,0,0,0.8083405,1.64085721875,4.09771,4.76037,,,5.375,6.3125,15
639,own_balanced4_r1,11,0,ALL,590,587,566,44,31,0.7881385000000001,4.273419127768314,23.5917,85.9422,5.6099049999999995,20.73607569767442,5.715547703180212,6.787985865724382,607
639,own_balanced4_r1,11,1,Majkel1337,54,54,43,15,10,5.35948,17.098137453703703,54.0982,85.9422,31.1373,28.316804333333334,8.186046511627907,9.046511627906977,37
639,own_balanced4_r1,11,2,ymg_aq,24,24,24,1,1,0.803462,1.5121047916666666,5.40257,7.51525,5.420355000000001,5.420355000000001,5.333333333333333,6.208333333333333,21
639,own_balanced4_r1,11,3,SpaTaro,35,35,35,8,8,3.43518,4.3459826,13.5293,27.7163,2.74266,4.02293125,7.942857142857143,8.885714285714286,33
639,own_balanced4_r1,11,4,Mengfei Li,13,13,13,0,0,0.7793215,0.9308403461538461,1.95157,2.17514,,,4.3076923076923075,5.538461538461538,16
639,own_balanced4_r1,11,5,Orbital Terraformer,52,51,41,15,7,4.982535,14.353405264705883,50.026199999999996,71.4213,27.836000000000002,29.20503607142857,8.024390243902438,8.902439024390244,36
639,own_balanced4_r1,11,6,Otter Vibe,21,21,21,0,0,0.6556435,1.6074431904761906,5.15016,6.7649,,,5.095238095238095,5,-2
639,own_balanced4_r1,11,7,redblackbst,17,17,17,1,1,0.7226855,2.1174564411764707,6.00251,6.604229999999999,5.085789999999999,5.085789999999999,5.764705882352941,6.470588235294118,12
639,own_balanced4_r1,11,8,feel the agi,19,19,19,1,1,1.1217000000000001,1.5773309473684212,3.81227,4.65566,2.071225,2.071225,5.526315789473684,6.526315789473684,19
639,own_balanced4_r1,11,9,Catalyst,14,14,14,0,0,0.712866,1.3629396428571428,3.97377,4.01297,,,4.785714285714286,5.714285714285714,13
639,own_balanced4_r1,11,10,Thomas Tschinkel,14,14,14,0,0,0.7188915,1.4451219285714285,4.22195,4.247979999999999,,,4.857142857142857,5.714285714285714,12
639,own_balanced4_r1,11,11,HowardLeeTW,18,17,17,0,0,0.657918,1.9733549705882354,1.78167,21.198400000000003,,,3.8823529411764706,7.176470588235294,56
639,own_balanced4_r1,11,12,Artem The Farmer 🍅,23,23,23,0,0,1.1924350000000001,2.120779804347826,3.98291,6.59221,,,6.521739130434782,7.565217391304348,24
639,own_balanced4_r1,11,13,アルモンド,13,12,12,1,1,0.7035750000000001,1.3167520416666667,3.9915100000000003,5.62918,5.6099049999999995,5.6099049999999995,4.333333333333333,5.333333333333333,12
639,own_balanced4_r1,11,14,𝕯𝖊𝖔𝖉𝖎𝖒𝖘 & 𝕮𝖔,17,17,17,1,1,0.662026,1.2425792647058824,4.07984,5.18947,5.1799800000000005,5.1799800000000005,4.235294117647059,5.823529411764706,27
639,own_balanced4_r1,11,15,leave you,17,17,17,0,0,0.7424285,1.5496126176470588,4.1838299999999995,4.77304,,,5.529411764705882,6.470588235294118,16
639,own_balanced4_r1,11,16,keiz,13,13,13,1,1,0.7299065,1.053476153846154,2.4925300000000004,2.89783,2.47798,2.47798,4.6923076923076925,5.923076923076923,16
639,own_balanced4_r1,11,17,Cow Boy,15,15,15,0,0,0.7199765,1.3996183333333334,3.78005,4.0621,,,5.133333333333334,5.866666666666666,11
639,own_balanced4_r1,11,18,Zhenghongshuang,14,14,14,0,0,0.714912,1.597740142857143,5.1135600000000005,5.15824,,,4.857142857142857,5.714285714285714,12
639,own_balanced4_r1,11,19,THIRD FARM CLUB,17,17,17,0,0,0.6957964999999999,1.6091759117647058,2.87147,12.856,,,5,6.529411764705882,26
639,own_balanced4_r1,11,20,AI是我的豆包,14,14,14,0,0,0.7115145,1.4115685,3.9884299999999997,4.91707,,,4.928571428571429,5.714285714285714,11
639,own_balanced4_r1,11,21,Kaggriculture Agent,19,19,19,0,0,0.7229574999999999,1.6504952631578946,4.00781,4.82712,,,5.368421052631579,6.526315789473684,22
639,own_balanced4_r1,11,22,Knight of Favonius,15,15,15,0,0,0.7101550000000001,1.9426639333333333,4.679729999999999,6.69557,,,5.4,6.466666666666667,16
639,own_balanced4_r1,11,23,THUNDER THUNDER,24,24,24,0,0,0.81791,1.5456867916666668,5.277270000000001,5.44558,,,5.291666666666667,7.25,47
639,own_balanced4_r1,11,24,Phoenix750,18,18,18,0,0,0.9038345,1.5552241944444445,3.94285,3.94888,,,5.333333333333333,6.5,21
639,own_balanced4_r1,11,25,Jeryos,15,15,15,0,0,0.713076,1.5910361,4.0667,4.85097,,,5.133333333333334,6.133333333333334,15
639,own_balanced4_r1,11,26,nilochan,14,14,14,0,0,0.7107384999999999,1.4189502142857142,4.06294,4.0777,,,4.714285714285714,5.714285714285714,14
639,own_balanced4_r1,11,27,nofreewill42,14,14,14,0,0,0.709485,1.419376857142857,4.0649,4.07446,,,4.714285714285714,5.714285714285714,14
639,own_balanced4_r1,11,28,lucaskna,16,16,16,0,0,0.71681,1.3837158437500001,3.97639,3.9883,,,4.8125,5.875,17
639,own_balanced4_r1,11,29,Emile Andrieu,15,15,15,0,0,0.7133505,1.665319,4.2063999999999995,4.66299,,,5.133333333333334,6.2,16
639,own_balanced4_r1,11,30,Zhongyi Dai,16,16,16,0,0,0.7147935,1.72235065625,4.19386,4.7073599999999995,,,5.25,6.3125,17
639,original_balanced4_r0,13,0,ALL,637,637,635,58,58,1.1652900000000002,7.141044838304553,43.778800000000004,264.518,9.373035,25.92442827586207,6.422047244094488,7.316535433070866,568
639,original_balanced4_r0,13,1,Majkel1337,54,54,54,15,15,7.385925,20.64754113888889,67.165,77.0265,17.96875,30.888551,9.296296296296296,9.444444444444445,8
639,original_balanced4_r0,13,2,ymg_aq,27,27,27,4,4,1.2146249999999998,12.516932092592592,28.9776,264.518,17.63327,75.54385624999999,5.851851851851852,6.888888888888889,28
639,original_balanced4_r0,13,3,SpaTaro,35,35,35,8,8,2.79623,7.579680885714286,21.687099999999997,64.6324,2.88399,7.2011956249999995,8.114285714285714,8.885714285714286,27
639,original_balanced4_r0,13,4,Mengfei Li,13,13,13,0,0,1.05436,1.1325222307692309,2.01165,2.7462600000000004,,,4.3076923076923075,5.538461538461538,16
639,original_balanced4_r0,13,5,Orbital Terraformer,52,52,52,15,15,4.7004649999999994,21.287442846153848,72.028,165.401,22.41715,30.437971666666666,9.096153846153847,9.346153846153847,13
639,original_balanced4_r0,13,6,Otter Vibe,22,22,22,0,0,0.714384,3.8056613181818184,6.583189999999999,51.012,,,5.636363636363637,5.318181818181818,-7
639,original_balanced4_r0,13,7,redblackbst,18,18,18,2,2,1.0577299999999998,1.8169095555555554,3.97924,4.02337,2.99288,2.9882725,6.166666666666667,6.777777777777778,11
639,original_balanced4_r0,13,8,feel the agi,19,19,19,1,1,1.173365,2.153939105263158,5.87299,6.49461,4.284205,4.284205,5.631578947368421,6.526315789473684,17
639,original_balanced4_r0,13,9,Catalyst,14,14,14,0,0,0.9500445,1.4803116785714285,3.4784699999999997,4.10416,,,4.857142857142857,5.714285714285714,12
639,original_balanced4_r0,13,10,Thomas Tschinkel,14,14,14,0,0,0.9594695,1.5001999642857142,3.90772,3.92708,,,4.857142857142857,5.714285714285714,12
639,original_balanced4_r0,13,11,HowardLeeTW,25,25,25,0,0,0.984019,3.29482866,11.4414,21.3768,,,5.84,8.56,68
639,original_balanced4_r0,13,12,Artem The Farmer 🍅,26,26,24,0,0,2.454655,18.301191096153847,197.918,219.603,,,6.791666666666667,7.75,23
639,original_balanced4_r0,13,13,アルモンド,14,14,14,2,2,0.9539835,1.667873,3.74805,4.26119,3.705855,3.70501,5.285714285714286,6.214285714285714,13
639,original_balanced4_r0,13,14,𝕯𝖊𝖔𝖉𝖎𝖒𝖘 & 𝕮𝖔,17,17,17,1,1,0.7533734999999999,1.1299016470588235,3.19808,3.54912,3.193815,3.193815,4.411764705882353,5.823529411764706,24
639,original_balanced4_r0,13,15,leave you,18,18,18,0,0,1.053755,2.1357109166666666,5.27586,5.783270000000001,,,5.888888888888889,6.777777777777778,16
639,original_balanced4_r0,13,16,keiz,33,33,33,8,8,3.579625,10.508655287878788,40.1809,73.7909,10.491724999999999,15.127815625,8.212121212121213,9.606060606060606,46
639,original_balanced4_r0,13,17,Cow Boy,18,18,18,2,2,1.057515,6.242864888888889,35.625699999999995,46.5433,41.0665,41.02345,6.277777777777778,7,13
639,original_balanced4_r0,13,18,Zhenghongshuang,14,14,14,0,0,0.9467,1.5326522142857142,4.0329,4.04438,,,5,5.714285714285714,10
639,original_balanced4_r0,13,19,THIRD FARM CLUB,17,17,17,0,0,1.1035400000000002,2.6952706470588237,10.545,10.5845,,,5.470588235294118,6.529411764705882,18
639,original_balanced4_r0,13,20,AI是我的豆包,14,14,14,0,0,0.9566555,1.3933409285714287,2.73614,3.62514,,,4.857142857142857,5.714285714285714,12
639,original_balanced4_r0,13,21,Kaggriculture Agent,19,19,19,0,0,1.0506199999999999,1.7976179210526315,4.18182,4.4266499999999995,,,5.631578947368421,6.526315789473684,17
639,original_balanced4_r0,13,22,Knight of Favonius,16,16,16,0,0,1.006306,2.14601575,4.60018,5.4816,,,5.9375,6.8125,14
639,original_balanced4_r0,13,23,THUNDER THUNDER,28,28,28,0,0,1.4431500000000002,2.4388069464285715,8.56629,9.502790000000001,,,5.785714285714286,7.928571428571429,60
639,original_balanced4_r0,13,24,Phoenix750,19,19,19,0,0,0.956611,1.969673105263158,5.28387,5.355899999999999,,,5.842105263157895,6.7894736842105265,18
639,original_balanced4_r0,13,25,Jeryos,15,15,15,0,0,0.9533484999999999,1.6003494,3.55044,4.418399999999999,,,5.266666666666667,6.133333333333334,13
639,original_balanced4_r0,13,26,nilochan,14,14,14,0,0,0.9517424999999999,1.448115892857143,3.54792,3.57287,,,4.857142857142857,5.714285714285714,12
639,original_balanced4_r0,13,27,nofreewill42,14,14,14,0,0,0.9580815,1.4492611785714287,3.54658,3.55719,,,4.857142857142857,5.714285714285714,12
639,original_balanced4_r0,13,28,lucaskna,16,16,16,0,0,1.0166945,1.53635321875,3.5049,6.11215,,,5,5.875,14
639,original_balanced4_r0,13,29,Emile Andrieu,16,16,16,0,0,1.0052824999999999,2.03528921875,4.575609999999999,5.514939999999999,,,5.6875,6.5625,14
639,original_balanced4_r0,13,30,Zhongyi Dai,16,16,16,0,0,1.0153225,1.8013559375,4.3301300000000005,4.90382,,,5.4375,6.3125,14
639,original_full8_r0,13,0,ALL,637,637,635,58,58,0.7640445,29.519309187598115,146.824,2117.91,31.274,117.56200775,6.625196850393701,7.316535433070866,439
639,original_full8_r0,13,1,Majkel1337,54,54,54,15,15,6.3551,84.61506498148148,480.272,559.775,49.37805,94.58292,9.203703703703704,9.444444444444445,13
639,original_full8_r0,13,2,ymg_aq,27,27,27,4,4,0.7640445,84.90046303703704,144.537,2117.91,74.506805,566.74725625,6.037037037037037,6.888888888888889,23
639,original_full8_r0,13,3,SpaTaro,35,35,35,8,8,2.043145,31.487898757142858,104.258,461.858,2.1110550000000003,19.0527586875,8.142857142857142,8.885714285714286,26
639,original_full8_r0,13,4,Mengfei Li,13,13,13,0,0,0.5532509999999999,0.7350821538461538,1.93661,2.2562699999999998,,,4.846153846153846,5.538461538461538,9
639,original_full8_r0,13,5,Orbital Terraformer,52,52,52,15,15,3.288995,87.30490161538462,458.497,636.674,59.468900000000005,121.107476,9.057692307692308,9.346153846153847,15
639,original_full8_r0,13,6,Otter Vibe,22,22,22,0,0,0.489163,14.870134613636363,4.91195,303.928,,,5.7727272727272725,5.318181818181818,-10
639,original_full8_r0,13,7,redblackbst,18,18,18,2,2,0.6112705,1.275677,2.85067,2.99097,2.0606,2.0643325,6.388888888888889,6.777777777777778,7
639,original_full8_r0,13,8,feel the agi,19,19,19,1,1,0.606396,1.3363511052631578,3.04731,3.98495,2.521485,2.521485,6.157894736842105,6.526315789473684,7
639,original_full8_r0,13,9,Catalyst,14,14,14,0,0,0.575561,1.0678123214285715,2.46948,3.0877600000000003,,,5.142857142857143,5.714285714285714,8
639,original_full8_r0,13,10,Thomas Tschinkel,14,14,14,0,0,0.5739255,1.0790939285714285,2.85625,2.88185,,,5.142857142857143,5.714285714285714,8
639,original_full8_r0,13,11,HowardLeeTW,25,25,25,0,0,0.67265,1.93651216,5.0202,9.305290000000001,,,6.2,8.56,59
639,original_full8_r0,13,12,Artem The Farmer 🍅,26,26,24,0,0,1.9792,125.64408659615384,1553.41,1673.24,,,7,7.75,18
639,original_full8_r0,13,13,アルモンド,14,14,14,2,2,0.5714595,1.1769368214285714,2.99044,3.08934,2.85559,2.85336,5.642857142857143,6.214285714285714,8
639,original_full8_r0,13,14,𝕯𝖊𝖔𝖉𝖎𝖒𝖘 & 𝕮𝖔,17,17,17,1,1,0.43487,0.8314727941176471,2.33477,2.51956,2.332185,2.332185,4.705882352941177,5.823529411764706,19
639,original_full8_r0,13,15,leave you,18,18,18,0,0,0.6014475,1.4699529444444444,3.35388,4.50765,,,6.222222222222222,6.777777777777778,10
639,original_full8_r0,13,16,keiz,33,33,33,8,8,2.80696,50.27476409090909,238.538,581.448,40.5683,84.0006075,8.242424242424242,9.606060606060606,45
639,original_full8_r0,13,17,Cow Boy,18,18,18,2,2,0.6037235000000001,27.612263805555553,218.302,259.145,238.5935,238.56775,6.555555555555555,7,8
639,original_full8_r0,13,18,Zhenghongshuang,14,14,14,0,0,0.57262,1.1166661785714287,3.05342,3.06775,,,5.285714285714286,5.714285714285714,6
639,original_full8_r0,13,19,THIRD FARM CLUB,17,17,17,0,0,0.571777,5.966525147058824,42.1753,42.4056,,,5.705882352941177,6.529411764705882,14
639,original_full8_r0,13,20,AI是我的豆包,14,14,14,0,0,0.5749359999999999,1.0215506428571428,2.32959,2.66665,,,5.142857142857143,5.714285714285714,8
639,original_full8_r0,13,21,Kaggriculture Agent,19,19,19,0,0,0.6042449999999999,1.3280737368421052,3.19607,3.82158,,,5.842105263157895,6.526315789473684,13
639,original_full8_r0,13,22,Knight of Favonius,16,16,16,0,0,0.5891534999999999,1.40885575,3.1158200000000003,3.61183,,,6.25,6.8125,9
639,original_full8_r0,13,23,THUNDER THUNDER,28,28,28,0,0,0.922411,1.6593155535714286,4.5731,4.98909,,,6.178571428571429,7.928571428571429,49
639,original_full8_r0,13,24,Phoenix750,19,19,19,0,0,0.6058295,1.3737948157894737,3.37286,3.76026,,,6,6.7894736842105265,15
639,original_full8_r0,13,25,Jeryos,15,15,15,0,0,0.5771919999999999,1.1683756,2.52334,3.18276,,,5.533333333333333,6.133333333333334,9
639,original_full8_r0,13,26,nilochan,14,14,14,0,0,0.5744045,1.02930425,2.51225,2.51816,,,5.142857142857143,5.714285714285714,8
639,original_full8_r0,13,27,nofreewill42,14,14,14,0,0,0.574335,1.03160725,2.52084,2.5289200000000003,,,5.142857142857143,5.714285714285714,8
639,original_full8_r0,13,28,lucaskna,16,16,16,0,0,0.58685,1.05735321875,2.7925999999999997,2.9412800000000003,,,5.25,5.875,10
639,original_full8_r0,13,29,Emile Andrieu,16,16,16,0,0,0.5887654999999999,1.3723041249999999,3.1263,3.6175300000000004,,,6,6.5625,9
639,original_full8_r0,13,30,Zhongyi Dai,16,16,16,0,0,0.5878905,1.2474247812500001,2.7035,3.1190700000000002,,,5.8125,6.3125,8
639,own_balanced4_r0,13,0,ALL,637,633,595,58,44,0.9419615,8.592997150868879,48.6869,311.416,7.185745,29.3893346875,6.141176470588236,7.06890756302521,552
639,own_balanced4_r0,13,1,Majkel1337,54,54,42,15,11,3.8853349999999995,26.897749083333334,77.9886,305.047,4.81776,23.660793533333333,8.761904761904763,9,10
639,own_balanced4_r0,13,2,ymg_aq,27,27,27,4,4,1.01464,10.37331362962963,73.4797,165.712,39.523365,62.228061249999996,6.111111111111111,6.888888888888889,21
639,own_balanced4_r0,13,3,SpaTaro,35,35,27,8,6,0.5079959999999999,2.7192978285714284,6.3051,36.594199999999994,1.817555,1.7921883125,7.111111111111111,8.37037037037037,34
639,own_balanced4_r0,13,4,Mengfei Li,13,13,13,0,0,0.906096,1.042425076923077,2.06893,2.4459899999999997,,,4.3076923076923075,5.538461538461538,16
639,own_balanced4_r0,13,5,Orbital Terraformer,52,51,42,15,11,2.59413,22.766102019607843,69.1973,311.416,29.50573,31.832207928571428,8.761904761904763,8.952380952380953,8
639,own_balanced4_r0,13,6,Otter Vibe,22,22,22,0,0,0.8825875000000001,2.1800375,6.56838,10.247399999999999,,,5.5,5.318181818181818,-4
639,own_balanced4_r0,13,7,redblackbst,18,18,18,2,2,0.8546549999999999,4.04641675,4.89065,43.7213,23.188355,23.262475,6,6.777777777777778,14
639,own_balanced4_r0,13,8,feel the agi,19,19,19,1,1,1.140115,1.6556639473684212,3.90358,4.81203,2.194915,2.194915,5.631578947368421,6.526315789473684,17
639,own_balanced4_r0,13,9,Catalyst,14,14,14,0,0,0.7658469999999999,1.2884893214285715,2.56584,4.07625,,,4.857142857142857,5.714285714285714,12
639,own_balanced4_r0,13,10,Thomas Tschinkel,14,14,14,0,0,0.770774,1.2219633928571427,2.85369,2.86941,,,4.857142857142857,5.714285714285714,12
639,own_balanced4_r0,13,11,HowardLeeTW,25,24,23,0,0,0.9732854999999999,1.841569375,5.474,6.966819999999999,,,5.478260869565218,8.434782608695652,68
639,own_balanced4_r0,13,12,Artem The Farmer 🍅,26,26,24,0,0,2.33743,17.104693519230768,173.208,219.781,,,6.791666666666667,7.75,23
639,own_balanced4_r0,13,13,アルモンド,14,12,12,2,1,0.7570079999999999,1.2282937916666667,3.67766,4.24727,4.21989,4.21989,4.416666666666667,5.333333333333333,11
639,own_balanced4_r0,13,14,𝕯𝖊𝖔𝖉𝖎𝖒𝖘 & 𝕮𝖔,17,17,17,1,1,0.7502074999999999,2.1196783529411762,4.07599,19.8601,19.761049999999997,19.761049999999997,4.352941176470588,5.823529411764706,25
639,own_balanced4_r0,13,15,leave you,18,18,18,0,0,1.1301649999999999,1.9750503333333334,4.15903,6.011939999999999,,,6.055555555555555,6.777777777777778,13
639,own_balanced4_r0,13,16,keiz,33,33,28,8,5,2.917465,31.17283027272727,198.944,247.426,8.462064999999999,44.3102215,7.892857142857143,9.214285714285714,37
639,own_balanced4_r0,13,17,Cow Boy,18,18,17,2,2,0.8213575,9.922613777777778,50.656099999999995,104.865,77.13155,77.40379999999999,6.176470588235294,6.764705882352941,10
639,own_balanced4_r0,13,18,Zhenghongshuang,14,14,14,0,0,0.945484,1.5752416428571427,3.97347,4.03356,,,5,5.714285714285714,10
639,own_balanced4_r0,13,19,THIRD FARM CLUB,17,17,17,0,0,1.1148900000000002,4.887824029411765,9.645520000000001,48.6869,,,5.411764705882353,6.529411764705882,19
639,own_balanced4_r0,13,20,AI是我的豆包,14,14,14,0,0,0.9474465,1.5461622857142856,3.40075,4.03222,,,5,5.714285714285714,10
639,own_balanced4_r0,13,21,Kaggriculture Agent,19,19,19,0,0,0.8563675,1.7536533421052631,4.11014,5.62554,,,5.631578947368421,6.526315789473684,17
639,own_balanced4_r0,13,22,Knight of Favonius,16,16,16,0,0,0.8235395,1.817519875,4.19597,4.24122,,,5.9375,6.8125,14
639,own_balanced4_r0,13,23,THUNDER THUNDER,28,28,28,0,0,1.499955,3.8134408214285713,6.230180000000001,45.2334,,,5.892857142857143,7.928571428571429,57
639,own_balanced4_r0,13,24,Phoenix750,19,19,19,0,0,0.968665,1.7273056578947368,4.1288100000000005,4.962359999999999,,,5.842105263157895,6.7894736842105265,18
639,own_balanced4_r0,13,25,Jeryos,15,15,15,0,0,0.780529,1.5721354666666667,4.0635900000000005,4.0908,,,5.266666666666667,6.133333333333334,13
639,own_balanced4_r0,13,26,nilochan,14,14,14,0,0,0.7673455,1.3960209642857142,4.07713,4.084239999999999,,,4.857142857142857,5.714285714285714,12
639,own_balanced4_r0,13,27,nofreewill42,14,14,14,0,0,0.7689365,1.3996204642857144,4.08611,4.13056,,,4.857142857142857,5.714285714285714,12
639,own_balanced4_r0,13,28,lucaskna,16,16,16,0,0,0.8184469999999999,1.3964136875,3.71162,4.74757,,,5,5.875,14
639,own_balanced4_r0,13,29,Emile Andrieu,16,16,16,0,0,0.809027,1.6861979375,4.05215,4.08712,,,5.6875,6.5625,14
639,own_balanced4_r0,13,30,Zhongyi Dai,16,16,16,0,0,0.8095565,1.6390871875,4.0905700000000005,4.75763,,,5.375,6.3125,15
639,own_balanced4_r1,13,0,ALL,637,633,633,58,56,1.08799,5.218613506319115,24.8158,116.214,7.56574,24.090690089285715,6.241706161137441,7.314375987361769,679
639,own_balanced4_r1,13,1,Majkel1337,54,54,54,15,15,5.347545,18.17651084259259,59.4022,91.8074,31.099899999999998,29.85091866666667,8.962962962962964,9.444444444444445,26
639,own_balanced4_r1,13,2,ymg_aq,27,27,27,4,4,1.011795,6.446413388888889,34.1218,95.772,21.388635,35.78985375,6,6.888888888888889,24
639,own_balanced4_r1,13,3,SpaTaro,35,35,35,8,8,3.4292499999999997,4.338128228571429,13.5052,27.6066,2.74246,4.009274375,7.942857142857143,8.885714285714286,33
639,own_balanced4_r1,13,4,Mengfei Li,13,13,13,0,0,0.7804359999999999,0.9278968461538462,1.92416,2.16757,,,4.3076923076923075,5.538461538461538,16
639,own_balanced4_r1,13,5,Orbital Terraformer,52,51,51,15,14,4.95158,18.046596490196077,59.6104,116.214,30.2718,35.67070785714286,8.823529411764707,9.313725490196079,25
639,own_balanced4_r1,13,6,Otter Vibe,22,22,22,0,0,0.6583870000000001,1.9381480227272727,6.7218599999999995,8.85224,,,5.363636363636363,5.318181818181818,-1
639,own_balanced4_r1,13,7,redblackbst,18,18,18,2,2,0.7248920000000001,2.162680472222222,6.00141,6.60021,4.02133,4.0225825,5.944444444444445,6.777777777777778,15
639,own_balanced4_r1,13,8,feel the agi,19,19,19,1,1,1.117745,1.5764054736842106,3.80201,4.63965,2.079615,2.079615,5.526315789473684,6.526315789473684,19
639,own_balanced4_r1,13,9,Catalyst,14,14,14,0,0,0.7071215,1.3614475714285714,3.95434,3.9917,,,4.785714285714286,5.714285714285714,13
639,own_balanced4_r1,13,10,Thomas Tschinkel,14,14,14,0,0,0.7106189999999999,1.4396837857142857,4.225020000000001,4.23446,,,4.857142857142857,5.714285714285714,12
639,own_balanced4_r1,13,11,HowardLeeTW,25,24,24,0,0,1.05607,3.3818368541666666,10.4891,21.137700000000002,,,5.375,8.583333333333334,77
639,own_balanced4_r1,13,12,Artem The Farmer 🍅,26,26,26,0,0,2.33048,2.451883423076923,5.72469,6.5988500000000005,,,7,8.153846153846153,30
639,own_balanced4_r1,13,13,アルモンド,14,12,12,2,1,0.7018015,1.3171805833333334,3.9805900000000003,5.6052100000000005,5.5967400000000005,5.5967400000000005,4.333333333333333,5.333333333333333,12
639,own_balanced4_r1,13,14,𝕯𝖊𝖔𝖉𝖎𝖒𝖘 & 𝕮𝖔,17,17,17,1,1,0.6676995,1.2435059705882354,4.06552,5.18916,5.1818550000000005,5.1818550000000005,4.235294117647059,5.823529411764706,27
639,own_balanced4_r1,13,15,leave you,18,18,18,0,0,0.743483,1.6946856666666668,4.18457,4.77205,,,5.833333333333333,6.777777777777778,17
639,own_balanced4_r1,13,16,keiz,33,33,33,8,8,2.9263700000000004,5.270763606060606,13.933,24.8158,6.7203599999999994,9.13764625,8,9.606060606060606,53
639,own_balanced4_r1,13,17,Cow Boy,18,18,18,2,2,0.7282375,8.849812777777778,65.1708,67.6035,66.33680000000001,66.3434,6.166666666666667,7,15
639,own_balanced4_r1,13,18,Zhenghongshuang,14,14,14,0,0,0.7131105,1.5871763214285712,5.093109999999999,5.10621,,,4.857142857142857,5.714285714285714,12
639,own_balanced4_r1,13,19,THIRD FARM CLUB,17,17,17,0,0,0.6935175,1.6075046470588237,2.9098200000000003,12.8176,,,5,6.529411764705882,26
639,own_balanced4_r1,13,20,AI是我的豆包,14,14,14,0,0,0.711048,1.4131200714285714,3.9975300000000002,4.95152,,,4.928571428571429,5.714285714285714,11
639,own_balanced4_r1,13,21,Kaggriculture Agent,19,19,19,0,0,0.7258310000000001,1.6484370789473684,4.01635,4.81386,,,5.368421052631579,6.526315789473684,22
639,own_balanced4_r1,13,22,Knight of Favonius,16,16,16,0,0,0.7162335,2.12871896875,4.97489,6.68053,,,5.6875,6.8125,18
639,own_balanced4_r1,13,23,THUNDER THUNDER,28,28,28,0,0,0.9301765,2.04457675,5.71774,7.2926899999999995,,,5.785714285714286,7.928571428571429,60
639,own_balanced4_r1,13,24,Phoenix750,19,19,19,0,0,0.9277825,1.686214552631579,3.94436,4.06877,,,5.631578947368421,6.7894736842105265,22
639,own_balanced4_r1,13,25,Jeryos,15,15,15,0,0,0.716533,1.5919572666666666,4.08325,4.82374,,,5.133333333333334,6.133333333333334,15
639,own_balanced4_r1,13,26,nilochan,14,14,14,0,0,0.7092185,1.417290142857143,4.06726,4.08227,,,4.714285714285714,5.714285714285714,14
639,own_balanced4_r1,13,27,nofreewill42,14,14,14,0,0,0.71306,1.4173198571428571,4.06186,4.0679,,,4.714285714285714,5.714285714285714,14
639,own_balanced4_r1,13,28,lucaskna,16,16,16,0,0,0.714629,1.38383828125,3.9709899999999996,3.98096,,,4.8125,5.875,17
639,own_balanced4_r1,13,29,Emile Andrieu,16,16,16,0,0,0.720178,1.8712871875000001,4.64497,4.99352,,,5.4375,6.5625,18
639,own_balanced4_r1,13,30,Zhongyi Dai,16,16,16,0,0,0.7168030000000001,1.7218953125,4.21291,4.69226,,,5.25,6.3125,17
645,original_balanced4_r0,10,0,ALL,488,488,487,8,7,0.9562120000000001,1.6387149764344262,3.9696,27.6917,3.5907,7.980375,5.06776180698152,6.1067761806981515,506
645,original_balanced4_r0,10,1,Majkel1337,22,22,21,2,1,1.1028915000000001,3.727508318181818,15.861,27.6917,17.28025,17.0226825,6,6.9523809523809526,20
645,original_balanced4_r0,10,2,ymg_aq,23,23,23,0,0,0.6393850000000001,1.2326751304347827,2.71989,5.147819999999999,,,4.826086956521739,5.739130434782608,21
645,original_balanced4_r0,10,3,SpaTaro,21,21,21,3,3,1.0041325,1.6093648333333332,3.69069,3.79087,3.2426250000000003,3.2630766666666666,5.523809523809524,7.761904761904762,47
645,original_balanced4_r0,10,4,Mengfei Li,15,15,15,0,0,1.05545,1.3064373333333332,2.74837,3.0840300000000003,,,4.733333333333333,5.933333333333334,18
645,original_balanced4_r0,10,5,Orbital Terraformer,23,23,23,2,2,1.15554,2.5204276086956523,11.2827,13.2322,9.4597,8.92873,6.173913043478261,7.391304347826087,28
645,original_balanced4_r0,10,6,Otter Vibe,20,20,20,0,0,0.7018059999999999,1.229679775,2.7440900000000004,4.46733,,,4.85,4.5,-7
645,original_balanced4_r0,10,7,redblackbst,13,13,13,0,0,0.95647,1.4666958846153846,3.58888,3.96111,,,4.846153846153846,5.6923076923076925,11
645,original_balanced4_r0,10,8,feel the agi,16,16,16,1,1,1.010859,1.69151715625,3.44767,5.74033,2.150945,2.150945,5.1875,6.0625,14
645,original_balanced4_r0,10,9,Catalyst,14,14,14,0,0,0.956658,1.4477510357142858,3.80441,3.82686,,,4.857142857142857,5.714285714285714,12
645,original_balanced4_r0,10,10,Thomas Tschinkel,17,17,17,0,0,1.052105,1.6851600588235294,3.9901799999999996,4.85738,,,5.352941176470588,6.294117647058823,16
645,original_balanced4_r0,10,11,HowardLeeTW,17,17,17,0,0,0.742883,0.8251988823529411,1.3965699999999999,1.74042,,,3.9411764705882355,7.0588235294117645,53
645,original_balanced4_r0,10,12,Artem The Farmer 🍅,22,22,22,0,0,1.10712,2.5182043863636365,5.355090000000001,14.0905,,,6.454545454545454,7.2727272727272725,18
645,original_balanced4_r0,10,13,アルモンド,10,10,10,0,0,0.7571030000000001,0.7972078,1.0576400000000001,1.05878,,,3.4,4.4,10
645,original_balanced4_r0,10,14,𝕯𝖊𝖔𝖉𝖎𝖒𝖘 & 𝕮𝖔,13,13,13,0,0,0.949668,1.1820432307692308,2.86868,3.52292,,,4.384615384615385,5.3076923076923075,12
645,original_balanced4_r0,10,15,leave you,17,17,17,0,0,1.0533450000000002,1.8048298235294118,4.97166,5.02534,,,5.411764705882353,6.294117647058823,15
645,original_balanced4_r0,10,16,keiz,12,12,12,0,0,0.911409,1.0502054583333333,2.4378,2.5765,,,4.333333333333333,5.5,14
645,original_balanced4_r0,10,17,Cow Boy,14,14,14,0,0,0.9564755,1.2839825357142858,2.82032,3.1972300000000002,,,4.928571428571429,5.428571428571429,7
645,original_balanced4_r0,10,18,Zhenghongshuang,14,14,14,0,0,0.956163,1.4478549642857144,3.73738,3.73989,,,5,5.714285714285714,10
645,original_balanced4_r0,10,19,THIRD FARM CLUB,15,15,15,0,0,0.7387859999999999,2.3377498666666665,10.5674,10.6125,,,4.933333333333334,6.066666666666666,17
645,original_balanced4_r0,10,20,AI是我的豆包,14,14,14,0,0,0.953837,1.465554107142857,3.53236,3.76021,,,5,5.714285714285714,10
645,original_balanced4_r0,10,21,Kaggriculture Agent,16,16,16,0,0,1.0074295,1.41697159375,3.77397,3.79236,,,5,5.875,14
645,original_balanced4_r0,10,22,Knight of Favonius,14,14,14,0,0,0.959104,1.4506385357142857,3.80924,3.82522,,,4.857142857142857,5.714285714285714,12
645,original_balanced4_r0,10,23,THUNDER THUNDER,21,21,21,0,0,1.0694949999999999,1.4162865,3.58609,5.477060000000001,,,4.809523809523809,6.666666666666667,39
645,original_balanced4_r0,10,24,Phoenix750,16,16,16,0,0,0.9619660000000001,1.462731125,3.8806100000000003,4.84399,,,4.875,5.9375,17
645,original_balanced4_r0,10,25,Jeryos,14,14,14,0,0,0.9586755,1.3799127142857144,3.26053,3.29866,,,4.857142857142857,5.714285714285714,12
645,original_balanced4_r0,10,26,nilochan,16,16,16,0,0,0.961747,1.613833125,3.92409,4.85853,,,5.25,6.0625,13
645,original_balanced4_r0,10,27,nofreewill42,15,15,15,0,0,0.9554015,1.5541966,3.26654,4.88405,,,5.066666666666666,6,14
645,original_balanced4_r0,10,28,lucaskna,14,14,14,0,0,0.959049,1.3712891071428572,3.2533000000000003,3.25814,,,4.857142857142857,5.714285714285714,12
645,original_balanced4_r0,10,29,Emile Andrieu,15,15,15,0,0,0.958175,1.5534085,3.51164,4.586399999999999,,,5.066666666666666,6,14
645,original_balanced4_r0,10,30,Zhongyi Dai,15,15,15,0,0,0.960675,1.4247824666666666,3.2759,3.87278,,,4.933333333333334,5.8,13
645,original_full8_r0,10,0,ALL,488,488,487,8,7,0.5750710000000001,1.9563760163934427,3.10936,178.565,3.906755,30.439129375,5.322381930184805,6.1067761806981515,382
645,original_full8_r0,10,1,Majkel1337,22,22,21,2,1,0.9329945,12.884380045454545,53.0166,178.565,90.903385,91.1847575,6.095238095238095,6.9523809523809526,18
645,original_full8_r0,10,2,ymg_aq,23,23,23,0,0,0.5315529999999999,1.0078540217391305,1.92714,4.0721,,,4.869565217391305,5.739130434782608,20
645,original_full8_r0,10,3,SpaTaro,21,21,21,3,3,0.8603165,1.505786976190476,4.07545,4.61769,3.4875999999999996,3.4749166666666667,5.619047619047619,7.761904761904762,45
645,original_full8_r0,10,4,Mengfei Li,15,15,15,0,0,0.587627,0.9650633000000001,2.46068,3.4544200000000003,,,5.2,5.933333333333334,11
645,original_full8_r0,10,5,Orbital Terraformer,23,23,23,2,2,0.6715985,3.3917498913043476,7.22984,46.6945,24.474994999999996,24.492234999999997,6.173913043478261,7.391304347826087,28
645,original_full8_r0,10,6,Otter Vibe,20,20,20,0,0,0.46501400000000004,0.975779175,2.4452,4.11439,,,5.2,4.5,-14
645,original_full8_r0,10,7,redblackbst,13,13,13,0,0,0.571761,1.0251241923076924,2.9199499999999996,2.9982800000000003,,,5.153846153846154,5.6923076923076925,7
645,original_full8_r0,10,8,feel the agi,16,16,16,1,1,0.5588555,1.1838058125,3.1284699999999996,3.70418,1.7343,1.7343,5.5625,6.0625,8
645,original_full8_r0,10,9,Catalyst,14,14,14,0,0,0.5724045,1.0350436785714285,2.7915,2.81204,,,5.142857142857143,5.714285714285714,8
645,original_full8_r0,10,10,Thomas Tschinkel,17,17,17,0,0,0.6007085000000001,1.1895161176470588,2.50159,3.5443000000000002,,,5.705882352941177,6.294117647058823,10
645,original_full8_r0,10,11,HowardLeeTW,17,17,17,0,0,0.501636,0.5293416470588235,0.782702,0.962209,,,4.294117647058823,7.0588235294117645,47
645,original_full8_r0,10,12,Artem The Farmer 🍅,22,22,22,0,0,0.9231975000000001,3.7836015681818185,3.69414,54.353,,,6.636363636363637,7.2727272727272725,14
645,original_full8_r0,10,13,アルモンド,10,10,10,0,0,0.5102665,0.4987743,0.603053,0.605485,,,3.8,4.4,6
645,original_full8_r0,10,14,𝕯𝖊𝖔𝖉𝖎𝖒𝖘 & 𝕮𝖔,13,13,13,0,0,0.5712094999999999,0.7682139615384616,1.9462000000000002,2.22661,,,4.6923076923076925,5.3076923076923075,8
645,original_full8_r0,10,15,leave you,17,17,17,0,0,0.6002894999999999,1.2741302647058823,2.8129899999999997,4.183979999999999,,,5.764705882352941,6.294117647058823,9
645,original_full8_r0,10,16,keiz,12,12,12,0,0,0.5950085,0.7514198333333333,1.96223,2.12821,,,4.5,5.5,12
645,original_full8_r0,10,17,Cow Boy,14,14,14,0,0,0.5737099999999999,0.9513573571428572,2.19525,2.9627,,,5.214285714285714,5.428571428571429,3
645,original_full8_r0,10,18,Zhenghongshuang,14,14,14,0,0,0.574651,1.035053357142857,2.76809,2.77066,,,5.285714285714286,5.714285714285714,6
645,original_full8_r0,10,19,THIRD FARM CLUB,15,15,15,0,0,0.564612,6.423713366666666,42.115,45.914699999999996,,,5.133333333333334,6.066666666666666,14
645,original_full8_r0,10,20,AI是我的豆包,14,14,14,0,0,0.5721745,1.0507801428571428,2.61654,2.76988,,,5.285714285714286,5.714285714285714,6
645,original_full8_r0,10,21,Kaggriculture Agent,16,16,16,0,0,0.5878950000000001,0.9977013437500001,2.72271,2.9408600000000003,,,5.25,5.875,10
645,original_full8_r0,10,22,Knight of Favonius,14,14,14,0,0,0.57178,1.0338800714285714,2.79094,2.81171,,,5.142857142857143,5.714285714285714,8
645,original_full8_r0,10,23,THUNDER THUNDER,21,21,21,0,0,0.7225425000000001,1.0034191428571428,3.2009600000000002,3.79707,,,5.0476190476190474,6.666666666666667,34
645,original_full8_r0,10,24,Phoenix750,16,16,16,0,0,0.5971015,0.9985772187499999,2.7937,3.48157,,,5.1875,5.9375,12
645,original_full8_r0,10,25,Jeryos,14,14,14,0,0,0.5912094999999999,1.0058981428571427,2.41453,2.7418899999999997,,,5.142857142857143,5.714285714285714,8
645,original_full8_r0,10,26,nilochan,16,16,16,0,0,0.599745,1.1607181875,2.66807,3.3143000000000002,,,5.4375,6.0625,10
645,original_full8_r0,10,27,nofreewill42,15,15,15,0,0,0.5742625,1.0509768333333334,2.42352,2.53591,,,5.466666666666667,6,8
645,original_full8_r0,10,28,lucaskna,14,14,14,0,0,0.5729925,0.9511911428571429,2.22678,2.23014,,,5.142857142857143,5.714285714285714,8
645,original_full8_r0,10,29,Emile Andrieu,15,15,15,0,0,0.576705,1.0656148333333333,2.48802,2.54317,,,5.4,6,9
645,original_full8_r0,10,30,Zhongyi Dai,15,15,15,0,0,0.574725,1.0332603,2.68859,2.82265,,,5.2,5.8,9
645,own_balanced4_r0,10,0,ALL,488,488,483,8,3,0.791672,1.6807911045081967,4.48441,32.5791,2.78683,7.0774475625,5.05175983436853,6.076604554865424,495
645,own_balanced4_r0,10,1,Majkel1337,22,22,20,2,0,0.646919,5.532222636363636,28.7394,32.5791,14.3720775,14.45794075,5.85,6.8,19
645,own_balanced4_r0,10,2,ymg_aq,23,23,23,0,0,0.6495394999999999,1.322182043478261,4.82063,5.18768,,,5,5.739130434782608,17
645,own_balanced4_r0,10,3,SpaTaro,21,21,19,3,1,0.6089055,1.340101738095238,3.53395,3.62295,0.0034955000000000003,1.1706096666666668,5.2631578947368425,7.578947368421052,44
645,own_balanced4_r0,10,4,Mengfei Li,15,15,15,0,0,0.939263,1.3466734333333332,2.452,5.2066099999999995,,,4.8,5.933333333333334,17
645,own_balanced4_r0,10,5,Orbital Terraformer,23,23,22,2,1,0.7152465,2.415790586956522,5.78279,18.717299999999998,10.901060000000001,10.948545,6.045454545454546,7.2727272727272725,27
645,own_balanced4_r0,10,6,Otter Vibe,20,20,20,0,0,0.7769155000000001,1.400162275,4.29096,4.47488,,,4.8,4.5,-6
645,own_balanced4_r0,10,7,redblackbst,13,13,13,0,0,0.7654885,1.750763,5.9473199999999995,6.2824,,,4.846153846153846,5.6923076923076925,11
645,own_balanced4_r0,10,8,feel the agi,16,16,16,1,1,0.937361,1.71584221875,4.18881,7.24151,2.2947800000000003,2.2947800000000003,5.1875,6.0625,14
645,own_balanced4_r0,10,9,Catalyst,14,14,14,0,0,0.7645175,1.3592517499999999,4.0712399999999995,4.08024,,,4.857142857142857,5.714285714285714,12
645,own_balanced4_r0,10,10,Thomas Tschinkel,17,17,17,0,0,0.846886,1.4504012352941176,3.1666399999999997,3.3926100000000003,,,5.235294117647059,6.294117647058823,18
645,own_balanced4_r0,10,11,HowardLeeTW,17,17,17,0,0,0.6996140000000001,0.7895871176470588,1.66869,1.74253,,,4,7.0588235294117645,52
645,own_balanced4_r0,10,12,Artem The Farmer 🍅,22,22,22,0,0,1.196685,2.655083977272727,6.61768,13.5818,,,6.409090909090909,7.2727272727272725,19
645,own_balanced4_r0,10,13,アルモンド,10,10,10,0,0,0.7558,0.6885519,0.856752,0.859956,,,3.4,4.4,10
645,own_balanced4_r0,10,14,𝕯𝖊𝖔𝖉𝖎𝖒𝖘 & 𝕮𝖔,13,13,13,0,0,0.7672155,1.0703476153846154,1.99902,3.7863800000000003,,,4.384615384615385,5.3076923076923075,12
645,own_balanced4_r0,10,15,leave you,17,17,17,0,0,1.13188,1.6607445294117646,3.70256,4.99053,,,5.470588235294118,6.294117647058823,14
645,own_balanced4_r0,10,16,keiz,12,12,12,0,0,0.8498015,1.0744420833333332,2.45203,2.45756,,,4.333333333333333,5.5,14
645,own_balanced4_r0,10,17,Cow Boy,14,14,14,0,0,0.7779045,1.2882108571428572,3.47671,3.83515,,,5,5.428571428571429,6
645,own_balanced4_r0,10,18,Zhenghongshuang,14,14,14,0,0,0.9411045,1.4939090357142857,3.6976999999999998,3.70845,,,5,5.714285714285714,10
645,own_balanced4_r0,10,19,THIRD FARM CLUB,15,15,15,0,0,0.7083875,2.184005866666667,9.60875,9.62418,,,5.133333333333334,6.066666666666666,14
645,own_balanced4_r0,10,20,AI是我的豆包,14,14,14,0,0,0.945981,1.3675172857142857,2.7793200000000002,3.7280300000000004,,,4.928571428571429,5.714285714285714,11
645,own_balanced4_r0,10,21,Kaggriculture Agent,16,16,16,0,0,0.8116615,1.302391,3.65234,3.66145,,,5,5.875,14
645,own_balanced4_r0,10,22,Knight of Favonius,14,14,14,0,0,0.7658240000000001,1.3787376071428572,4.08753,4.21094,,,4.857142857142857,5.714285714285714,12
645,own_balanced4_r0,10,23,THUNDER THUNDER,21,21,21,0,0,0.8131975,1.4933167142857142,5.19714,5.43762,,,4.857142857142857,6.666666666666667,38
645,own_balanced4_r0,10,24,Phoenix750,16,16,16,0,0,0.8118545,1.22581078125,3.0132800000000004,3.77535,,,4.875,5.9375,17
645,own_balanced4_r0,10,25,Jeryos,14,14,14,0,0,0.764443,1.3188737142857143,3.79429,3.80923,,,4.857142857142857,5.714285714285714,12
645,own_balanced4_r0,10,26,nilochan,16,16,16,0,0,0.8156645,1.56775840625,4.41142,4.96333,,,5.1875,6.0625,14
645,own_balanced4_r0,10,27,nofreewill42,15,15,15,0,0,0.774825,1.5313847,3.8584899999999998,4.51392,,,5.066666666666666,6,14
645,own_balanced4_r0,10,28,lucaskna,14,14,14,0,0,0.7697855,1.317368392857143,3.7879099999999997,3.79112,,,4.857142857142857,5.714285714285714,12
645,own_balanced4_r0,10,29,Emile Andrieu,15,15,15,0,0,0.766864,1.5418644666666665,4.06609,4.48441,,,5.066666666666666,6,14
645,own_balanced4_r0,10,30,Zhongyi Dai,15,15,15,0,0,0.770392,1.2319508333333333,2.2504899999999997,4.12577,,,4.933333333333334,5.8,13
645,own_balanced4_r1,10,0,ALL,488,488,488,8,8,0.7200545,1.3682344293032787,4.02466,11.4467,2.82761,3.0375268749999997,4.942622950819672,6.114754098360656,572
645,own_balanced4_r1,10,1,Majkel1337,22,22,22,2,2,1.00181,1.911360590909091,5.15988,8.0939,2.82761,2.8242325,5.818181818181818,7.090909090909091,28
645,own_balanced4_r1,10,2,ymg_aq,23,23,23,0,0,0.639015,1.3143165217391304,4.45954,6.8135200000000005,,,4.913043478260869,5.739130434782608,19
645,own_balanced4_r1,10,3,SpaTaro,21,21,21,3,3,0.9039165,1.399110880952381,3.4021500000000002,3.56713,2.979665,2.9063966666666667,5.476190476190476,7.761904761904762,48
645,own_balanced4_r1,10,4,Mengfei Li,15,15,15,0,0,0.7810025,1.1310908666666668,2.18365,3.5514,,,4.733333333333333,5.933333333333334,18
645,own_balanced4_r1,10,5,Orbital Terraformer,23,23,23,2,2,0.967041,1.7885995217391304,6.05913,6.66533,3.91235,3.91205,5.739130434782608,7.391304347826087,38
645,own_balanced4_r1,10,6,Otter Vibe,20,20,20,0,0,0.6976765,1.290808875,4.1440600000000005,4.15908,,,4.7,4.5,-4
645,own_balanced4_r1,10,7,redblackbst,13,13,13,0,0,0.7087545,1.4186778076923077,4.02998,5.398350000000001,,,4.846153846153846,5.6923076923076925,11
645,own_balanced4_r1,10,8,feel the agi,16,16,16,1,1,0.7630395000000001,1.5790754375,3.23217,6.14019,2.10846,2.10846,5.0625,6.0625,16
645,own_balanced4_r1,10,9,Catalyst,14,14,14,0,0,0.7084215,1.38275125,4.01141,4.165970000000001,,,4.714285714285714,5.714285714285714,14
645,own_balanced4_r1,10,10,Thomas Tschinkel,17,17,17,0,0,0.7222949999999999,1.4389199411764706,3.65095,3.94643,,,5.235294117647059,6.294117647058823,18
645,own_balanced4_r1,10,11,HowardLeeTW,17,17,17,0,0,0.6044065,0.7420218235294118,1.26342,1.4566700000000001,,,3.8823529411764706,7.0588235294117645,54
645,own_balanced4_r1,10,12,Artem The Farmer 🍅,22,22,22,0,0,1.20505,2.2536518863636363,4.29355,11.4467,,,6.318181818181818,7.2727272727272725,21
645,own_balanced4_r1,10,13,アルモンド,10,10,10,0,0,0.684169,0.62421275,0.726623,0.739097,,,3.4,4.4,10
645,own_balanced4_r1,10,14,𝕯𝖊𝖔𝖉𝖎𝖒𝖘 & 𝕮𝖔,13,13,13,0,0,0.7075184999999999,1.0808778461538462,2.49294,3.78239,,,4.230769230769231,5.3076923076923075,14
645,own_balanced4_r1,10,15,leave you,17,17,17,0,0,0.7483960000000001,1.4051290588235295,3.1547899999999998,4.84233,,,5.294117647058823,6.294117647058823,17
645,own_balanced4_r1,10,16,keiz,12,12,12,0,0,0.7084575,1.0007835833333334,2.88886,2.93671,,,4.166666666666667,5.5,16
645,own_balanced4_r1,10,17,Cow Boy,14,14,14,0,0,0.7081585,1.2675733571428571,3.6755500000000003,4.80715,,,4.785714285714286,5.428571428571429,9
645,own_balanced4_r1,10,18,Zhenghongshuang,14,14,14,0,0,0.7132,1.5103626428571428,4.82065,4.84101,,,4.857142857142857,5.714285714285714,12
645,own_balanced4_r1,10,19,THIRD FARM CLUB,15,15,15,0,0,0.6330065,0.9811303,2.14608,3.99272,,,4.4,6.066666666666666,25
645,own_balanced4_r1,10,20,AI是我的豆包,14,14,14,0,0,0.7147545,1.2985787857142856,2.68613,4.823180000000001,,,4.857142857142857,5.714285714285714,12
645,own_balanced4_r1,10,21,Kaggriculture Agent,16,16,16,0,0,0.7160295,1.27615565625,3.64327,3.6705300000000003,,,4.875,5.875,16
645,own_balanced4_r1,10,22,Knight of Favonius,14,14,14,0,0,0.7118504999999999,1.3720699642857144,3.98858,4.00166,,,4.714285714285714,5.714285714285714,14
645,own_balanced4_r1,10,23,THUNDER THUNDER,21,21,21,0,0,0.727523,1.0660823333333334,1.99231,5.084359999999999,,,5,6.666666666666667,35
645,own_balanced4_r1,10,24,Phoenix750,16,16,16,0,0,0.8357304999999999,1.2395376875,3.2861599999999997,3.6154499999999996,,,4.5625,5.9375,22
645,own_balanced4_r1,10,25,Jeryos,14,14,14,0,0,0.7079535,1.340065892857143,3.77586,3.78577,,,4.714285714285714,5.714285714285714,14
645,own_balanced4_r1,10,26,nilochan,16,16,16,0,0,0.70764,1.31122315625,3.6718200000000003,3.68973,,,5.0625,6.0625,16
645,own_balanced4_r1,10,27,nofreewill42,15,15,15,0,0,0.7127425000000001,1.4883239,3.77719,4.70722,,,4.933333333333334,6,16
645,own_balanced4_r1,10,28,lucaskna,14,14,14,0,0,0.7092045,1.34465725,3.77544,3.8224299999999998,,,4.714285714285714,5.714285714285714,14
645,own_balanced4_r1,10,29,Emile Andrieu,15,15,15,0,0,0.710511,1.4744434333333334,3.59686,4.6947600000000005,,,5,6,15
645,own_balanced4_r1,10,30,Zhongyi Dai,15,15,15,0,0,0.7089625,1.3040892333333334,3.99002,4.02965,,,4.866666666666666,5.8,14
645,original_balanced4_r0,11,0,ALL,593,593,576,44,37,1.0563850000000001,4.934826097807758,24.6925,92.8353,13.7786,22.352964886363637,5.925347222222222,6.861111111111111,539
645,original_balanced4_r0,11,1,Majkel1337,57,57,45,18,12,12.093250000000001,22.002252552631578,64.729,92.8353,34.57875,36.830281666666664,8.733333333333333,9.088888888888889,16
645,original_balanced4_r0,11,2,ymg_aq,27,27,27,1,1,1.1025399999999999,1.863142388888889,7.12593,7.2154,7.20195,7.20195,5.518518518518518,6.518518518518518,27
645,original_balanced4_r0,11,3,SpaTaro,30,30,28,3,3,2.85426,8.725703216666666,49.796800000000005,52.619800000000005,5.83089,5.39349,6.892857142857143,8.571428571428571,47
645,original_balanced4_r0,11,4,Mengfei Li,15,15,15,0,0,1.054695,1.3256768333333333,2.73469,3.39864,,,4.733333333333333,5.933333333333334,18
645,original_balanced4_r0,11,5,Orbital Terraformer,56,56,53,16,15,5.5158,11.323773241071429,42.4675,58.8664,10.676995,15.718244375000001,8.773584905660377,9.433962264150944,35
645,original_balanced4_r0,11,6,Otter Vibe,20,20,20,0,0,0.7044105,1.252811475,2.73911,4.44267,,,4.85,4.5,-7
645,original_balanced4_r0,11,7,redblackbst,14,14,14,0,0,0.9529764999999999,1.7012428214285713,3.97925,4.289689999999999,,,5.214285714285714,6.071428571428571,12
645,original_balanced4_r0,11,8,feel the agi,17,17,17,1,1,1.053085,1.926907088235294,5.2682,6.06513,2.1449949999999998,2.1449949999999998,5.529411764705882,6.352941176470588,14
645,original_balanced4_r0,11,9,Catalyst,14,14,14,0,0,0.9570085,1.5284886785714287,4.09675,4.10424,,,4.857142857142857,5.714285714285714,12
645,original_balanced4_r0,11,10,Thomas Tschinkel,18,18,18,0,0,1.053965,1.9129616111111112,4.34614,4.8617,,,5.666666666666667,6.555555555555555,16
645,original_balanced4_r0,11,11,HowardLeeTW,17,17,17,0,0,0.7414825,0.8253420294117647,1.38899,1.74476,,,3.9411764705882355,7.0588235294117645,53
645,original_balanced4_r0,11,12,Artem The Farmer 🍅,24,24,24,0,0,1.60743,2.2156009791666667,4.42995,5.65478,,,6.708333333333333,7.583333333333333,21
645,original_balanced4_r0,11,13,アルモンド,12,12,12,2,2,0.8513930000000001,1.5516534583333332,5.21597,5.47338,5.338625,5.3366425,4.416666666666667,5.5,13
645,original_balanced4_r0,11,14,𝕯𝖊𝖔𝖉𝖎𝖒𝖘 & 𝕮𝖔,15,15,15,0,0,0.9654294999999999,1.5829637666666667,3.93537,4.3957,,,5.2,6.066666666666666,13
645,original_balanced4_r0,11,15,leave you,18,18,18,0,0,1.05449,1.9887020555555555,4.8987,5.333729999999999,,,5.722222222222222,6.555555555555555,15
645,original_balanced4_r0,11,16,keiz,15,15,15,3,3,0.91636,3.018057033333333,10.9118,18.8974,10.90635,10.964258333333333,5.666666666666667,6.6,14
645,original_balanced4_r0,11,17,Cow Boy,14,14,14,0,0,0.9513579999999999,1.3595851428571428,3.12302,3.4820100000000003,,,4.928571428571429,5.428571428571429,7
645,original_balanced4_r0,11,18,Zhenghongshuang,14,14,14,0,0,0.955557,1.5265476428571427,4.01202,4.02561,,,5,5.714285714285714,10
645,original_balanced4_r0,11,19,THIRD FARM CLUB,17,17,17,0,0,1.10385,2.4608604705882353,10.530899999999999,10.5607,,,5.294117647058823,6.647058823529412,23
645,original_balanced4_r0,11,20,AI是我的豆包,14,14,14,0,0,0.9528810000000001,1.5446498214285713,3.79966,4.02884,,,5,5.714285714285714,10
645,original_balanced4_r0,11,21,Kaggriculture Agent,16,16,16,0,0,1.0018795,1.48637090625,4.06864,4.07621,,,5,5.875,14
645,original_balanced4_r0,11,22,Knight of Favonius,14,14,14,0,0,0.953309,1.5244813214285715,4.09081,4.10097,,,4.857142857142857,5.714285714285714,12
645,original_balanced4_r0,11,23,THUNDER THUNDER,25,25,25,0,0,1.1170499999999999,1.73522304,5.172149999999999,5.44616,,,5.44,7.36,48
645,original_balanced4_r0,11,24,Phoenix750,18,18,18,0,0,0.9634045,1.86156525,4.88034,5.36646,,,5.555555555555555,6.5,17
645,original_balanced4_r0,11,25,Jeryos,14,14,14,0,0,0.9522395,1.4482234285714286,3.54004,3.56463,,,4.857142857142857,5.714285714285714,12
645,original_balanced4_r0,11,26,nilochan,17,17,17,0,0,0.9571715000000001,1.8818186176470588,4.8476099999999995,5.60872,,,5.529411764705882,6.352941176470588,14
645,original_balanced4_r0,11,27,nofreewill42,16,16,16,0,0,1.0004115,1.79139553125,4.28154,4.8760699999999995,,,5.4375,6.3125,14
645,original_balanced4_r0,11,28,lucaskna,14,14,14,0,0,0.9468755,1.4457112857142858,3.5346599999999997,3.5413,,,4.857142857142857,5.714285714285714,12
645,original_balanced4_r0,11,29,Emile Andrieu,16,16,16,0,0,1.0009970000000001,1.7866965,4.27767,4.59061,,,5.4375,6.3125,14
645,original_balanced4_r0,11,30,Zhongyi Dai,15,15,15,0,0,0.9599415,1.4930916,3.5606799999999996,4.14211,,,4.933333333333334,5.8,13
645,original_full8_r0,11,0,ALL,593,593,583,44,40,0.6069450000000001,16.024846094435077,80.0685,650.9,26.71815,76.43302431818182,6.210977701543739,6.910806174957118,408
645,original_full8_r0,11,1,Majkel1337,57,57,51,18,15,9.06743,88.54580514035088,367.226,650.9,92.5417,138.31757888888887,9.03921568627451,9.313725490196079,14
645,original_full8_r0,11,2,ymg_aq,27,27,27,1,1,0.915184,1.5421686296296295,4.35059,8.45825,8.45459,8.45459,5.592592592592593,6.518518518518518,25
645,original_full8_r0,11,3,SpaTaro,30,30,28,3,3,2.187185,41.14675673333333,334.292,514.05,3.1068500000000006,3.547266666666667,7,8.571428571428571,44
645,original_full8_r0,11,4,Mengfei Li,15,15,15,0,0,0.55965,0.9472044333333334,2.24952,3.44919,,,5.2,5.933333333333334,11
645,original_full8_r0,11,5,Orbital Terraformer,56,56,54,16,15,4.477964999999999,45.13199783928572,288.567,498.015,16.24501,47.597031875,8.851851851851851,9.462962962962964,33
645,original_full8_r0,11,6,Otter Vibe,20,20,20,0,0,0.47027300000000005,1.001761375,2.4368499999999997,4.11403,,,5.2,4.5,-14
645,original_full8_r0,11,7,redblackbst,14,14,14,0,0,0.5747605,1.24981725,3.25538,3.53993,,,5.5,6.071428571428571,8
645,original_full8_r0,11,8,feel the agi,17,17,17,1,1,0.5650075,1.3736718529411764,3.71538,4.08944,1.7460900000000001,1.7460900000000001,5.882352941176471,6.352941176470588,8
645,original_full8_r0,11,9,Catalyst,14,14,14,0,0,0.572012,1.1112150714285713,3.0766199999999997,3.09197,,,5.142857142857143,5.714285714285714,8
645,original_full8_r0,11,10,Thomas Tschinkel,18,18,18,0,0,0.6038095,1.3799961944444443,3.14107,3.8259499999999997,,,6,6.555555555555555,10
645,original_full8_r0,11,11,HowardLeeTW,17,17,17,0,0,0.5037834999999999,0.5304029705882353,0.784233,0.964376,,,4.294117647058823,7.0588235294117645,47
645,original_full8_r0,11,12,Artem The Farmer 🍅,24,24,24,0,0,1.218389,1.6391401666666667,3.9880500000000003,4.05018,,,6.875,7.583333333333333,17
645,original_full8_r0,11,13,アルモンド,12,12,12,2,2,0.5606515,0.8450740833333333,2.48571,2.66557,2.57381,2.5717125,4.916666666666667,5.5,7
645,original_full8_r0,11,14,𝕯𝖊𝖔𝖉𝖎𝖒𝖘 & 𝕮𝖔,15,15,15,0,0,0.576133,1.1074346,2.88832,3.18971,,,5.466666666666667,6.066666666666666,9
645,original_full8_r0,11,15,leave you,18,18,18,0,0,0.6035085,1.4354121666666666,3.14839,4.46915,,,6.055555555555555,6.555555555555555,9
645,original_full8_r0,11,16,keiz,15,15,15,3,3,0.6257394999999999,6.317873433333334,7.229850000000001,76.5318,7.221445000000001,28.59941166666667,5.8,6.6,12
645,original_full8_r0,11,17,Cow Boy,14,14,14,0,0,0.5763875,1.0284360357142857,2.46638,3.22731,,,5.214285714285714,5.428571428571429,3
645,original_full8_r0,11,18,Zhenghongshuang,14,14,14,0,0,0.5755295,1.11799025,3.0594099999999997,3.0659899999999998,,,5.285714285714286,5.714285714285714,6
645,original_full8_r0,11,19,THIRD FARM CLUB,17,17,17,0,0,0.56755,5.8735996764705884,42.1974,42.366,,,5.470588235294118,6.647058823529412,20
645,original_full8_r0,11,20,AI是我的豆包,14,14,14,0,0,0.5730055000000001,1.1316972857142857,2.8932800000000003,3.06294,,,5.285714285714286,5.714285714285714,6
645,original_full8_r0,11,21,Kaggriculture Agent,16,16,16,0,0,0.5866455,1.06126378125,3.01013,3.02517,,,5.25,5.875,10
645,original_full8_r0,11,22,Knight of Favonius,14,14,14,0,0,0.571666,1.1085423214285715,3.07803,3.08638,,,5.142857142857143,5.714285714285714,8
645,original_full8_r0,11,23,THUNDER THUNDER,25,25,25,0,0,0.7968550000000001,1.26421966,3.7846100000000003,3.95308,,,5.64,7.36,43
645,original_full8_r0,11,24,Phoenix750,18,18,18,0,0,0.6016775,1.2791178333333333,3.27196,3.79447,,,5.833333333333333,6.5,12
645,original_full8_r0,11,25,Jeryos,14,14,14,0,0,0.579233,1.04176975,2.5104499999999996,2.5715700000000004,,,5.142857142857143,5.714285714285714,8
645,original_full8_r0,11,26,nilochan,17,17,17,0,0,0.6005995,1.317243294117647,3.32561,3.83945,,,5.764705882352941,6.352941176470588,10
645,original_full8_r0,11,27,nofreewill42,16,16,16,0,0,0.5888165,1.2466949999999999,2.71184,3.12726,,,5.8125,6.3125,8
645,original_full8_r0,11,28,lucaskna,14,14,14,0,0,0.574554,1.0296833214285714,2.50856,2.5204899999999997,,,5.142857142857143,5.714285714285714,8
645,original_full8_r0,11,29,Emile Andrieu,16,16,16,0,0,0.5865819999999999,1.2615891562500001,2.74619,3.12758,,,5.75,6.3125,9
645,original_full8_r0,11,30,Zhongyi Dai,15,15,15,0,0,0.575833,1.1056726,2.9351700000000003,3.1074699999999997,,,5.2,5.8,9
645,own_balanced4_r0,11,0,ALL,593,593,545,44,21,0.8566749999999999,4.738628887858347,25.4288,98.6107,9.553819999999998,21.408075772727273,5.662385321100918,6.63302752293578,529
645,own_balanced4_r0,11,1,Majkel1337,57,57,37,18,7,10.193249999999999,21.90211996491228,76.3237,98.6107,23.439999999999998,30.05323852777778,8.27027027027027,8.702702702702704,16
645,own_balanced4_r0,11,2,ymg_aq,27,27,27,1,1,0.9633225000000001,1.900184388888889,5.53886,9.577309999999999,9.53158,9.53158,5.703703703703703,6.518518518518518,22
645,own_balanced4_r0,11,3,SpaTaro,30,30,20,3,1,0.39146749999999997,1.0685106166666667,3.81498,3.88852,0.003495,1.270063,5.55,7.75,44
645,own_balanced4_r0,11,4,Mengfei Li,15,15,15,0,0,0.934286,1.3697679666666667,2.46034,5.54873,,,4.8,5.933333333333334,17
645,own_balanced4_r0,11,5,Orbital Terraformer,56,56,40,16,8,3.8990600000000004,14.422643294642857,57.2692,87.8484,11.0991,23.40453721875,8.225,8.925,28
645,own_balanced4_r0,11,6,Otter Vibe,20,20,20,0,0,0.7656905,1.4228346250000001,4.28041,4.44756,,,4.8,4.5,-6
645,own_balanced4_r0,11,7,redblackbst,14,14,14,0,0,0.770259,1.5623631785714287,3.9462800000000002,4.10473,,,5.214285714285714,6.071428571428571,12
645,own_balanced4_r0,11,8,feel the agi,17,17,17,1,1,0.9671460000000001,2.0662588235294117,7.421930000000001,7.43275,2.286735,2.286735,5.470588235294118,6.352941176470588,15
645,own_balanced4_r0,11,9,Catalyst,14,14,14,0,0,0.7698244999999999,1.4390966785714285,4.37901,4.40505,,,4.857142857142857,5.714285714285714,12
645,own_balanced4_r0,11,10,Thomas Tschinkel,18,18,18,0,0,0.853727,1.655416861111111,3.46658,4.078110000000001,,,5.555555555555555,6.555555555555555,18
645,own_balanced4_r0,11,11,HowardLeeTW,17,17,17,0,0,0.7013375,0.7885627941176471,1.67565,1.74469,,,4,7.0588235294117645,52
645,own_balanced4_r0,11,12,Artem The Farmer 🍅,24,24,24,0,0,1.51139,2.3782135208333335,5.51184,6.56942,,,6.625,7.583333333333333,23
645,own_balanced4_r0,11,13,アルモンド,12,12,12,2,2,0.7614925,1.1963321666666666,3.61875,3.85361,3.7312000000000003,3.7308875,4.416666666666667,5.5,13
645,own_balanced4_r0,11,14,𝕯𝖊𝖔𝖉𝖎𝖒𝖘 & 𝕮𝖔,15,15,15,0,0,0.7714825000000001,1.4982624666666666,4.0338899999999995,4.08943,,,5.2,6.066666666666666,13
645,own_balanced4_r0,11,15,leave you,18,18,18,0,0,1.13676,1.85766625,4.04749,4.98168,,,5.777777777777778,6.555555555555555,14
645,own_balanced4_r0,11,16,keiz,15,15,13,3,1,0.7662599999999999,1.0881568666666666,2.45831,3.42937,0.0043155,1.144722,4.846153846153846,5.923076923076923,14
645,own_balanced4_r0,11,17,Cow Boy,14,14,14,0,0,0.7848390000000001,1.3646105714285715,3.75705,4.14419,,,5,5.428571428571429,6
645,own_balanced4_r0,11,18,Zhenghongshuang,14,14,14,0,0,0.9443595,1.56994125,3.9704,3.98413,,,5,5.714285714285714,10
645,own_balanced4_r0,11,19,THIRD FARM CLUB,17,17,17,0,0,1.112755,2.1927284705882353,9.609459999999999,9.64238,,,5.470588235294118,6.647058823529412,20
645,own_balanced4_r0,11,20,AI是我的豆包,14,14,14,0,0,0.9531259999999999,1.44775825,3.05857,3.9891799999999997,,,4.928571428571429,5.714285714285714,11
645,own_balanced4_r0,11,21,Kaggriculture Agent,16,16,16,0,0,0.8104214999999999,1.37197584375,3.95865,3.968,,,5,5.875,14
645,own_balanced4_r0,11,22,Knight of Favonius,14,14,14,0,0,0.7667900000000001,1.4377887857142857,4.37356,4.3819,,,4.857142857142857,5.714285714285714,12
645,own_balanced4_r0,11,23,THUNDER THUNDER,25,25,25,0,0,0.818348,1.9239686,5.429069999999999,8.44572,,,5.4,7.36,49
645,own_balanced4_r0,11,24,Phoenix750,18,18,18,0,0,0.9087034999999999,1.5427411666666666,4.07756,4.248939999999999,,,5.5,6.5,18
645,own_balanced4_r0,11,25,Jeryos,14,14,14,0,0,0.7690665000000001,1.3983926785714285,4.0851999999999995,4.09818,,,4.857142857142857,5.714285714285714,12
645,own_balanced4_r0,11,26,nilochan,17,17,17,0,0,0.8552244999999999,1.729000294117647,4.73472,4.93454,,,5.470588235294118,6.352941176470588,15
645,own_balanced4_r0,11,27,nofreewill42,16,16,16,0,0,0.8129664999999999,1.64152265625,4.07743,4.77114,,,5.375,6.3125,15
645,own_balanced4_r0,11,28,lucaskna,14,14,14,0,0,0.769684,1.3967855,4.085780000000001,4.0866,,,4.857142857142857,5.714285714285714,12
645,own_balanced4_r0,11,29,Emile Andrieu,16,16,16,0,0,0.8073435,1.6593128125,4.09086,4.78348,,,5.375,6.3125,15
645,own_balanced4_r0,11,30,Zhongyi Dai,15,15,15,0,0,0.7838814999999999,1.3080301666666667,2.52935,4.43681,,,4.933333333333334,5.8,13
645,own_balanced4_r1,11,0,ALL,593,593,574,44,31,0.7901305000000001,4.524356403878583,19.1772,103.848,12.64405,26.16615068181818,5.7560975609756095,6.846689895470384,626
645,own_balanced4_r1,11,1,Majkel1337,57,57,46,18,11,4.692450000000001,18.105405833333332,70.6292,103.848,32.786249999999995,35.8070975,8.5,9.130434782608695,29
645,own_balanced4_r1,11,2,ymg_aq,27,27,27,1,1,0.9697739999999999,1.7963473333333333,6.00263,7.1346099999999995,3.2570050000000004,3.2570050000000004,5.592592592592593,6.518518518518518,25
645,own_balanced4_r1,11,3,SpaTaro,30,30,30,3,3,2.176485,4.50509255,24.1787,41.3341,3.256895,3.1717383333333333,7.1,8.733333333333333,49
645,own_balanced4_r1,11,4,Mengfei Li,15,15,15,0,0,0.7867455,1.1482396666666668,2.18229,3.8540900000000002,,,4.733333333333333,5.933333333333334,18
645,own_balanced4_r1,11,5,Orbital Terraformer,56,56,48,16,10,5.4052050000000005,14.631278607142857,58.1984,74.6186,15.67905,28.458879375,8.291666666666666,9.270833333333334,47
645,own_balanced4_r1,11,6,Otter Vibe,20,20,20,0,0,0.6893845000000001,1.31013235,4.1532,4.38029,,,4.7,4.5,-4
645,own_balanced4_r1,11,7,redblackbst,14,14,14,0,0,0.7078705,1.8963706785714285,5.99451,6.953609999999999,,,5.142857142857143,6.071428571428571,13
645,own_balanced4_r1,11,8,feel the agi,17,17,17,1,1,0.7877505,1.8164780588235294,5.303640000000001,6.42576,2.1364,2.1364,5.352941176470588,6.352941176470588,17
645,own_balanced4_r1,11,9,Catalyst,14,14,14,0,0,0.7117195000000001,1.448615107142857,4.2767100000000005,4.28065,,,4.714285714285714,5.714285714285714,14
645,own_balanced4_r1,11,10,Thomas Tschinkel,18,18,18,0,0,0.724807,1.6321918055555555,3.94178,4.240069999999999,,,5.555555555555555,6.555555555555555,18
645,own_balanced4_r1,11,11,HowardLeeTW,17,17,17,0,0,0.603532,0.7428459411764706,1.2729000000000001,1.45135,,,3.8823529411764706,7.0588235294117645,54
645,own_balanced4_r1,11,12,Artem The Farmer 🍅,24,24,24,0,0,1.5078749999999999,2.1185140208333335,4.31894,4.58959,,,6.541666666666667,7.583333333333333,25
645,own_balanced4_r1,11,13,アルモンド,12,12,12,2,2,0.6945779999999999,1.016074625,2.97822,3.00004,2.986395,2.9801875,4.333333333333333,5.5,14
645,own_balanced4_r1,11,14,𝕯𝖊𝖔𝖉𝖎𝖒𝖘 & 𝕮𝖔,15,15,15,0,0,0.7165520000000001,1.6997265333333333,4.8414399999999995,6.05327,,,4.933333333333334,6.066666666666666,17
645,own_balanced4_r1,11,15,leave you,18,18,18,0,0,0.7476775,1.6086338055555556,4.01376,5.12012,,,5.611111111111111,6.555555555555555,17
645,own_balanced4_r1,11,16,keiz,15,15,15,3,3,0.7324425000000001,2.8390548333333334,6.97216,20.6182,6.963905,10.190603333333334,5.533333333333333,6.6,16
645,own_balanced4_r1,11,17,Cow Boy,14,14,14,0,0,0.7066485,1.3427578571428571,3.9614000000000003,5.07149,,,4.785714285714286,5.428571428571429,9
645,own_balanced4_r1,11,18,Zhenghongshuang,14,14,14,0,0,0.710394,1.5887199642857144,5.1082,5.11322,,,4.857142857142857,5.714285714285714,12
645,own_balanced4_r1,11,19,THIRD FARM CLUB,17,17,17,0,0,0.6926295,1.0595649705882353,2.13997,3.9349000000000003,,,4.823529411764706,6.647058823529412,31
645,own_balanced4_r1,11,20,AI是我的豆包,14,14,14,0,0,0.7136285,1.3728217142857142,2.94836,5.10572,,,4.857142857142857,5.714285714285714,12
645,own_balanced4_r1,11,21,Kaggriculture Agent,16,16,16,0,0,0.7167735,1.339698375,3.92402,3.93326,,,4.875,5.875,16
645,own_balanced4_r1,11,22,Knight of Favonius,14,14,14,0,0,0.708659,1.4461949642857144,4.2721800000000005,4.27826,,,4.714285714285714,5.714285714285714,14
645,own_balanced4_r1,11,23,THUNDER THUNDER,25,25,25,0,0,0.833831,1.45679044,5.05738,7.47764,,,5.48,7.36,47
645,own_balanced4_r1,11,24,Phoenix750,18,18,18,0,0,0.9758595,1.5286316111111111,3.8941999999999997,3.91461,,,5.222222222222222,6.5,23
645,own_balanced4_r1,11,25,Jeryos,14,14,14,0,0,0.7117819999999999,1.417814857142857,4.06963,4.08608,,,4.714285714285714,5.714285714285714,14
645,own_balanced4_r1,11,26,nilochan,17,17,17,0,0,0.7167950000000001,1.5086399705882354,3.95386,3.9735500000000004,,,5.294117647058823,6.352941176470588,18
645,own_balanced4_r1,11,27,nofreewill42,16,16,16,0,0,0.7148874999999999,1.7223739375,4.2121,4.69059,,,5.25,6.3125,17
645,own_balanced4_r1,11,28,lucaskna,14,14,14,0,0,0.707229,1.4178102857142858,4.07108,4.08275,,,4.714285714285714,5.714285714285714,14
645,own_balanced4_r1,11,29,Emile Andrieu,16,16,16,0,0,0.719484,1.70741090625,4.19715,4.66685,,,5.3125,6.3125,16
645,own_balanced4_r1,11,30,Zhongyi Dai,15,15,15,0,0,0.711441,1.3732715666666666,4.281359999999999,4.31785,,,4.866666666666666,5.8,14
645,original_balanced4_r0,13,0,ALL,642,642,640,57,57,1.1471399999999998,7.679339495327103,51.980599999999995,207.911,13.677,25.437617719298245,6.421875,7.3578125,599
645,original_balanced4_r0,13,1,Majkel1337,57,57,57,18,18,12.099599999999999,27.619567570175438,83.5512,166.798,38.075450000000004,42.42267611111111,9.456140350877194,9.491228070175438,2
645,original_balanced4_r0,13,2,ymg_aq,31,31,31,4,4,1.6617,7.694486306451613,36.8767,73.7118,22.05758,30.41663625,6.290322580645161,7.258064516129032,30
645,original_balanced4_r0,13,3,SpaTaro,34,34,34,3,3,3.7213950000000002,18.558499955882354,71.4053,111.747,5.8248500000000005,5.39168,7.852941176470588,9.117647058823529,43
645,original_balanced4_r0,13,4,Mengfei Li,15,15,15,0,0,1.05137,1.3296879666666666,2.7483899999999997,3.4099899999999996,,,4.733333333333333,5.933333333333334,18
645,original_balanced4_r0,13,5,Orbital Terraformer,56,56,56,16,16,5.513025,12.198831964285715,49.3123,81.4358,10.688045,16.895971875,8.946428571428571,9.517857142857142,32
645,original_balanced4_r0,13,6,Otter Vibe,21,21,21,0,0,0.707707,5.881832357142858,4.40184,98.43,,,5.238095238095238,4.904761904761905,-7
645,original_balanced4_r0,13,7,redblackbst,15,15,15,1,1,0.9695575000000001,1.8176112333333334,3.96045,4.24993,3.44773,3.44773,5.466666666666667,6.466666666666667,15
645,original_balanced4_r0,13,8,feel the agi,17,17,17,1,1,1.05924,1.9236581470588234,5.2917,6.065180000000001,2.1555799999999996,2.1555799999999996,5.529411764705882,6.352941176470588,14
645,original_balanced4_r0,13,9,Catalyst,14,14,14,0,0,0.9533195,1.5258364285714285,4.09491,4.10774,,,4.857142857142857,5.714285714285714,12
645,original_balanced4_r0,13,10,Thomas Tschinkel,18,18,18,0,0,1.054185,1.9134226666666667,4.34894,4.86899,,,5.666666666666667,6.555555555555555,16
645,original_balanced4_r0,13,11,HowardLeeTW,24,24,24,0,0,1.0117445,2.1483659166666667,7.07588,10.0765,,,5.25,8.5,78
645,original_balanced4_r0,13,12,Artem The Farmer 🍅,26,26,24,0,0,2.176565,17.845915807692307,203.065,207.911,,,6.708333333333333,7.583333333333333,21
645,original_balanced4_r0,13,13,アルモンド,12,12,12,2,2,0.85354,1.5542910416666667,5.2128000000000005,5.47147,5.33634,5.337945,4.416666666666667,5.5,13
645,original_balanced4_r0,13,14,𝕯𝖊𝖔𝖉𝖎𝖒𝖘 & 𝕮𝖔,16,16,16,0,0,1.005658,1.81415525,4.41872,5.26951,,,5.5625,6.4375,14
645,original_balanced4_r0,13,15,leave you,18,18,18,0,0,1.0516649999999998,1.9855574444444444,4.85894,5.28122,,,5.722222222222222,6.555555555555555,15
645,original_balanced4_r0,13,16,keiz,34,34,34,9,9,3.2102700000000004,11.094922073529412,69.2239,75.042,10.88265,23.228852777777778,8.352941176470589,9.617647058823529,43
645,original_balanced4_r0,13,17,Cow Boy,14,14,14,0,0,0.9559015,1.358240142857143,3.1190300000000004,3.47838,,,4.928571428571429,5.428571428571429,7
645,original_balanced4_r0,13,18,Zhenghongshuang,14,14,14,0,0,0.961487,1.5342981071428572,4.02859,4.08214,,,5,5.714285714285714,10
645,original_balanced4_r0,13,19,THIRD FARM CLUB,19,19,19,0,0,1.113065,8.148584921052631,10.5676,111.79,,,5.894736842105263,7.2631578947368425,26
645,original_balanced4_r0,13,20,AI是我的豆包,14,14,14,0,0,0.9536635,1.5461598214285714,3.80804,4.02495,,,5,5.714285714285714,10
645,original_balanced4_r0,13,21,Kaggriculture Agent,16,16,16,0,0,1.00331,1.4857438125,4.0697,4.10598,,,5,5.875,14
645,original_balanced4_r0,13,22,Knight of Favonius,14,14,14,0,0,0.9573925,1.5282991785714286,4.1022,4.15317,,,4.857142857142857,5.714285714285714,12
645,original_balanced4_r0,13,23,THUNDER THUNDER,28,28,28,0,0,1.1564299999999998,2.0782855714285713,5.4560200000000005,6.88178,,,5.857142857142857,7.857142857142857,56
645,original_balanced4_r0,13,24,Phoenix750,19,19,19,0,0,0.972396,2.0018957105263158,4.851439999999999,5.37017,,,5.842105263157895,6.7894736842105265,18
645,original_balanced4_r0,13,25,Jeryos,14,14,14,0,0,0.957889,1.4486237142857143,3.5508,3.56308,,,4.857142857142857,5.714285714285714,12
645,original_balanced4_r0,13,26,nilochan,21,21,21,3,3,1.3375650000000001,4.2447085,21.0092,22.9793,21.025100000000002,17.606676666666665,6.523809523809524,7.571428571428571,22
645,original_balanced4_r0,13,27,nofreewill42,16,16,16,0,0,1.0085555,1.79089715625,4.2678,4.88513,,,5.4375,6.3125,14
645,original_balanced4_r0,13,28,lucaskna,14,14,14,0,0,0.9558895000000001,1.4486871428571428,3.5331799999999998,3.5716300000000003,,,4.857142857142857,5.714285714285714,12
645,original_balanced4_r0,13,29,Emile Andrieu,16,16,16,0,0,1.0140715,1.78678625,4.27827,4.60349,,,5.4375,6.3125,14
645,original_balanced4_r0,13,30,Zhongyi Dai,15,15,15,0,0,0.962723,1.4952904666666667,3.57026,4.16862,,,4.933333333333334,5.8,13
645,original_full8_r0,13,0,ALL,642,642,640,57,57,0.799067,30.350734675233646,134.002,1750.15,27.480050000000002,86.34467631578947,6.6203125,7.3578125,472
645,original_full8_r0,13,1,Majkel1337,57,57,57,18,18,9.000435,107.31514031578948,506.537,896.378,92.79795,156.3439972222222,9.368421052631579,9.491228070175438,7
645,original_full8_r0,13,2,ymg_aq,31,31,31,4,4,1.482325,22.448506209677422,8.459370000000002,521.379,8.45482,35.4086025,6.32258064516129,7.258064516129032,29
645,original_full8_r0,13,3,SpaTaro,34,34,34,3,3,2.813655,103.90352864705882,526.874,881.373,3.0957999999999997,3.5463549999999997,7.882352941176471,9.117647058823529,42
645,original_full8_r0,13,4,Mengfei Li,15,15,15,0,0,0.558413,0.9482945666666667,2.25989,3.44538,,,5.2,5.933333333333334,11
645,original_full8_r0,13,5,Orbital Terraformer,56,56,56,16,16,4.498405,49.719501258928574,286.093,642.758,16.3169,54.763977187500004,8.964285714285714,9.517857142857142,31
645,original_full8_r0,13,6,Otter Vibe,21,21,21,0,0,0.479317,26.48025907142857,4.10148,536.251,,,5.523809523809524,4.904761904761905,-13
645,original_full8_r0,13,7,redblackbst,15,15,15,1,1,0.5754060000000001,1.3044667333333333,3.2485500000000003,3.5283200000000003,2.08566,2.08566,5.866666666666666,6.466666666666667,9
645,original_full8_r0,13,8,feel the agi,17,17,17,1,1,0.5622875,1.3750160588235294,3.70538,4.0686100000000005,1.752035,1.752035,5.882352941176471,6.352941176470588,8
645,original_full8_r0,13,9,Catalyst,14,14,14,0,0,0.5720065,1.1124827142857143,3.07645,3.10518,,,5.142857142857143,5.714285714285714,8
645,original_full8_r0,13,10,Thomas Tschinkel,18,18,18,0,0,0.605248,1.3791365833333333,3.1440300000000003,3.82296,,,6,6.555555555555555,10
645,original_full8_r0,13,11,HowardLeeTW,24,24,24,0,0,0.6485425,1.5125013125,5.54497,8.29157,,,5.75,8.5,66
645,original_full8_r0,13,12,Artem The Farmer 🍅,26,26,24,0,0,1.682925,133.53706311538463,1682.87,1750.15,,,6.875,7.583333333333333,17
645,original_full8_r0,13,13,アルモンド,12,12,12,2,2,0.5537495,0.8440485833333333,2.48418,2.65693,2.56935,2.5677375,4.916666666666667,5.5,7
645,original_full8_r0,13,14,𝕯𝖊𝖔𝖉𝖎𝖒𝖘 & 𝕮𝖔,16,16,16,0,0,0.5878479999999999,1.24651996875,3.18738,3.35394,,,5.8125,6.4375,10
645,original_full8_r0,13,15,leave you,18,18,18,0,0,0.6038025,1.43461,3.15425,4.46915,,,6.055555555555555,6.555555555555555,9
645,original_full8_r0,13,16,keiz,34,34,34,9,9,2.3560100000000004,33.96489561764706,210.499,400.794,7.21921,91.59186888888888,8.382352941176471,9.617647058823529,42
645,original_full8_r0,13,17,Cow Boy,14,14,14,0,0,0.57309,1.0270216428571428,2.46363,3.24374,,,5.214285714285714,5.428571428571429,3
645,original_full8_r0,13,18,Zhenghongshuang,14,14,14,0,0,0.575826,1.1215914285714286,3.05124,3.11117,,,5.285714285714286,5.714285714285714,6
645,original_full8_r0,13,19,THIRD FARM CLUB,19,19,19,0,0,0.5860875000000001,25.1816495,42.3641,376.977,,,6,7.2631578947368425,24
645,original_full8_r0,13,20,AI是我的豆包,14,14,14,0,0,0.5751875,1.131492857142857,2.88658,3.05484,,,5.285714285714286,5.714285714285714,6
645,original_full8_r0,13,21,Kaggriculture Agent,16,16,16,0,0,0.5876064999999999,1.061815,3.0103899999999997,3.05851,,,5.25,5.875,10
645,original_full8_r0,13,22,Knight of Favonius,14,14,14,0,0,0.574532,1.1107885,3.08327,3.1136,,,5.142857142857143,5.714285714285714,8
645,original_full8_r0,13,23,THUNDER THUNDER,28,28,28,0,0,0.8056675,1.5243528214285713,4.28463,4.6357,,,6.071428571428571,7.857142857142857,50
645,original_full8_r0,13,24,Phoenix750,19,19,19,0,0,0.6056444999999999,1.3482393157894736,3.14375,3.7589,,,6.105263157894737,6.7894736842105265,13
645,original_full8_r0,13,25,Jeryos,14,14,14,0,0,0.575909,1.0293537857142856,2.5091300000000003,2.5137899999999997,,,5.142857142857143,5.714285714285714,8
645,original_full8_r0,13,26,nilochan,21,21,21,3,3,0.8339679999999999,12.941689238095238,84.00110000000001,134.153,84.09995,81.88583333333334,6.761904761904762,7.571428571428571,17
645,original_full8_r0,13,27,nofreewill42,16,16,16,0,0,0.5880105,1.25408540625,2.7440300000000004,3.1495100000000003,,,5.8125,6.3125,8
645,original_full8_r0,13,28,lucaskna,14,14,14,0,0,0.5725515000000001,1.0323820357142857,2.5184699999999998,2.5255300000000003,,,5.142857142857143,5.714285714285714,8
645,original_full8_r0,13,29,Emile Andrieu,16,16,16,0,0,0.58989,1.2615545,2.7495100000000003,3.1215100000000002,,,5.75,6.3125,9
645,original_full8_r0,13,30,Zhongyi Dai,15,15,15,0,0,0.5754455,1.1049485666666667,2.93852,3.1188800000000003,,,5.2,5.8,9
645,own_balanced4_r0,13,0,ALL,642,642,603,57,44,0.9367565,8.64358110669782,56.1211,324.44,11.6223,28.497206684210525,6.172470978441128,7.126036484245439,575
645,own_balanced4_r0,13,1,Majkel1337,57,57,49,18,13,10.1701,33.55051228070175,97.6039,324.44,23.467350000000003,39.30292605555555,9.204081632653061,9.26530612244898,3
645,own_balanced4_r0,13,2,ymg_aq,31,31,31,4,4,1.582635,12.089371403225806,56.8221,130.511,34.7879,52.37222625,6.483870967741935,7.258064516129032,24
645,own_balanced4_r0,13,3,SpaTaro,34,34,20,3,1,0.3530805,5.410402676470588,3.83007,161.627,0.003471,1.2643321666666667,5.55,7.75,44
645,own_balanced4_r0,13,4,Mengfei Li,15,15,15,0,0,0.940344,1.3671894,2.43164,5.539680000000001,,,4.8,5.933333333333334,17
645,own_balanced4_r0,13,5,Orbital Terraformer,56,56,48,16,13,3.8868650000000002,18.850493169642856,71.88189999999999,260.171,11.09448,26.0695975,8.854166666666666,9.270833333333334,20
645,own_balanced4_r0,13,6,Otter Vibe,21,21,21,0,0,0.873609,6.610910023809524,4.41559,110.365,,,5.190476190476191,4.904761904761905,-6
645,own_balanced4_r0,13,7,redblackbst,15,15,15,1,1,0.7709605,1.6702253666666667,3.93778,4.137770000000001,3.1284,3.1284,5.533333333333333,6.466666666666667,14
645,own_balanced4_r0,13,8,feel the agi,17,17,17,1,1,0.9615009999999999,2.0691192058823527,7.40852,7.45391,2.28598,2.28598,5.470588235294118,6.352941176470588,15
645,own_balanced4_r0,13,9,Catalyst,14,14,14,0,0,0.7661370000000001,1.4381626785714285,4.36637,4.37676,,,4.857142857142857,5.714285714285714,12
645,own_balanced4_r0,13,10,Thomas Tschinkel,18,18,18,0,0,0.8567075,1.6524836388888888,3.46238,4.06652,,,5.555555555555555,6.555555555555555,18
645,own_balanced4_r0,13,11,HowardLeeTW,24,24,23,0,0,0.7722175,1.6113099166666667,6.331510000000001,7.00536,,,5.217391304347826,8.347826086956522,72
645,own_balanced4_r0,13,12,Artem The Farmer 🍅,26,26,24,0,0,1.8895849999999998,17.999384653846153,198.44,212.76,,,6.625,7.583333333333333,23
645,own_balanced4_r0,13,13,アルモンド,12,12,12,2,2,0.7601260000000001,1.194676,3.6159899999999996,3.82686,3.71821,3.7191625,4.416666666666667,5.5,13
645,own_balanced4_r0,13,14,𝕯𝖊𝖔𝖉𝖎𝖒𝖘 & 𝕮𝖔,16,16,16,0,0,0.8113429999999999,1.78584571875,4.0854099999999995,6.2039,,,5.5625,6.4375,14
645,own_balanced4_r0,13,15,leave you,18,18,18,0,0,1.134905,1.8528256388888888,4.03269,4.9891499999999995,,,5.777777777777778,6.555555555555555,14
645,own_balanced4_r0,13,16,keiz,34,34,28,9,6,2.455725,16.172052147058825,80.36330000000001,195.123,4.100490000000001,16.8391495,7.857142857142857,9.178571428571429,37
645,own_balanced4_r0,13,17,Cow Boy,14,14,14,0,0,0.7716955,1.3712518928571429,3.81007,4.1564,,,5,5.428571428571429,6
645,own_balanced4_r0,13,18,Zhenghongshuang,14,14,14,0,0,0.9526890000000001,1.5778871428571428,3.99656,4.00194,,,5,5.714285714285714,10
645,own_balanced4_r0,13,19,THIRD FARM CLUB,19,19,19,0,0,1.11914,8.013173026315789,9.66999,111.501,,,6.052631578947368,7.2631578947368425,23
645,own_balanced4_r0,13,20,AI是我的豆包,14,14,14,0,0,0.9414345,1.4444300714285714,3.05026,3.98705,,,4.928571428571429,5.714285714285714,11
645,own_balanced4_r0,13,21,Kaggriculture Agent,16,16,16,0,0,0.818084,1.3708940625,3.94793,3.9660100000000003,,,5,5.875,14
645,own_balanced4_r0,13,22,Knight of Favonius,14,14,14,0,0,0.769593,1.441324,4.3818,4.40468,,,4.857142857142857,5.714285714285714,12
645,own_balanced4_r0,13,23,THUNDER THUNDER,28,28,28,0,0,1.1779000000000002,2.312720732142857,7.462770000000001,8.4016,,,5.785714285714286,7.857142857142857,58
645,own_balanced4_r0,13,24,Phoenix750,19,19,19,0,0,0.9741685,1.614062,4.05886,4.24312,,,5.7894736842105265,6.7894736842105265,19
645,own_balanced4_r0,13,25,Jeryos,14,14,14,0,0,0.767852,1.3960618928571429,4.0734699999999995,4.09723,,,4.857142857142857,5.714285714285714,12
645,own_balanced4_r0,13,26,nilochan,21,21,21,3,3,1.2583,7.503460523809524,46.9656,57.558699999999995,47.03895,40.69586666666667,6.571428571428571,7.571428571428571,21
645,own_balanced4_r0,13,27,nofreewill42,16,16,16,0,0,0.8080149999999999,1.6393565625,4.08902,4.7613199999999996,,,5.375,6.3125,15
645,own_balanced4_r0,13,28,lucaskna,14,14,14,0,0,0.772967,1.396996142857143,4.07107,4.08534,,,4.857142857142857,5.714285714285714,12
645,own_balanced4_r0,13,29,Emile Andrieu,16,16,16,0,0,0.8127030000000001,1.6516974375,4.07726,4.75904,,,5.375,6.3125,15
645,own_balanced4_r0,13,30,Zhongyi Dai,15,15,15,0,0,0.770671,1.3072792,2.5293099999999997,4.42037,,,4.933333333333334,5.8,13
645,own_balanced4_r1,13,0,ALL,642,642,641,57,57,1.1126649999999998,6.031302950155763,38.854800000000004,160.97,12.9895,28.252522719298245,6.27613104524181,7.366614664586583,699
645,own_balanced4_r1,13,1,Majkel1337,57,57,57,18,18,4.6913350000000005,20.167166236842107,76.1987,109.298,32.8477,40.98630027777778,9.192982456140351,9.491228070175438,17
645,own_balanced4_r1,13,2,ymg_aq,31,31,31,4,4,1.50286,5.082623838709678,20.613599999999998,53.4747,13.829979999999999,21.09816125,6.32258064516129,7.258064516129032,29
645,own_balanced4_r1,13,3,SpaTaro,34,34,34,3,3,2.490915,9.923047073529412,41.2977,67.5723,3.27011,3.1795116666666665,7.617647058823529,9.117647058823529,51
645,own_balanced4_r1,13,4,Mengfei Li,15,15,15,0,0,0.7813945,1.1477489333333333,2.1687,3.8622199999999998,,,4.733333333333333,5.933333333333334,18
645,own_balanced4_r1,13,5,Orbital Terraformer,56,56,56,16,16,5.41845,15.147045357142858,58.661199999999994,80.7686,15.692699999999999,29.831805625,8.821428571428571,9.517857142857142,39
645,own_balanced4_r1,13,6,Otter Vibe,21,21,20,0,0,0.724343,8.914790261904763,4.377140000000001,160.97,,,4.7,4.5,-4
645,own_balanced4_r1,13,7,redblackbst,15,15,15,1,1,0.7095285,1.9736469,5.992,6.91434,3.0913,3.0913,5.466666666666667,6.466666666666667,15
645,own_balanced4_r1,13,8,feel the agi,17,17,17,1,1,0.7823485,1.818442205882353,5.314310000000001,6.433350000000001,2.121105,2.121105,5.352941176470588,6.352941176470588,17
645,own_balanced4_r1,13,9,Catalyst,14,14,14,0,0,0.7093685,1.4512197857142857,4.2748,4.29535,,,4.714285714285714,5.714285714285714,14
645,own_balanced4_r1,13,10,Thomas Tschinkel,18,18,18,0,0,0.7233864999999999,1.6314673333333334,3.93493,4.246239999999999,,,5.555555555555555,6.555555555555555,18
645,own_balanced4_r1,13,11,HowardLeeTW,24,24,24,0,0,0.8612870000000001,1.7371099791666667,5.013520000000001,8.59085,,,5.25,8.5,78
645,own_balanced4_r1,13,12,Artem The Farmer 🍅,26,26,26,0,0,1.895815,2.3527471346153845,4.55417,6.44587,,,6.884615384615385,8,29
645,own_balanced4_r1,13,13,アルモンド,12,12,12,2,2,0.6970895,1.016704125,2.96927,3.0090500000000002,2.984835,2.9868425,4.333333333333333,5.5,14
645,own_balanced4_r1,13,14,𝕯𝖊𝖔𝖉𝖎𝖒𝖘 & 𝕮𝖔,16,16,16,0,0,0.7161015,1.9505531249999999,5.75808,6.06142,,,5.3125,6.4375,18
645,own_balanced4_r1,13,15,leave you,18,18,18,0,0,0.7455605000000001,1.6092936111111111,4.0124699999999995,5.12719,,,5.611111111111111,6.555555555555555,17
645,own_balanced4_r1,13,16,keiz,34,34,34,9,9,3.51136,10.79632844117647,40.6847,74.2091,12.18225,22.199745555555555,8.147058823529411,9.617647058823529,50
645,own_balanced4_r1,13,17,Cow Boy,14,14,14,0,0,0.7095445,1.3423482142857144,3.9584099999999998,5.07919,,,4.785714285714286,5.428571428571429,9
645,own_balanced4_r1,13,18,Zhenghongshuang,14,14,14,0,0,0.7111885,1.589386607142857,5.12007,5.138520000000001,,,4.857142857142857,5.714285714285714,12
645,own_balanced4_r1,13,19,THIRD FARM CLUB,19,19,19,0,0,0.70082,4.939000631578947,3.9357399999999996,72.54639999999999,,,5.368421052631579,7.2631578947368425,36
645,own_balanced4_r1,13,20,AI是我的豆包,14,14,14,0,0,0.710251,1.37567,2.95236,5.111689999999999,,,4.857142857142857,5.714285714285714,12
645,own_balanced4_r1,13,21,Kaggriculture Agent,16,16,16,0,0,0.7187185,1.34161640625,3.9171199999999997,3.93308,,,4.875,5.875,16
645,own_balanced4_r1,13,22,Knight of Favonius,14,14,14,0,0,0.7100580000000001,1.4473566071428572,4.2743,4.285699999999999,,,4.714285714285714,5.714285714285714,14
645,own_balanced4_r1,13,23,THUNDER THUNDER,28,28,28,0,0,0.8837635,2.1335968928571427,8.48183,9.87632,,,5.821428571428571,7.857142857142857,57
645,own_balanced4_r1,13,24,Phoenix750,19,19,19,0,0,1.0095800000000001,1.6607126315789473,3.9013,4.06286,,,5.526315789473684,6.7894736842105265,24
645,own_balanced4_r1,13,25,Jeryos,14,14,14,0,0,0.7089125000000001,1.4176190357142857,4.06449,4.07866,,,4.714285714285714,5.714285714285714,14
645,own_balanced4_r1,13,26,nilochan,21,21,21,3,3,1.5375999999999999,5.720776333333333,28.616799999999998,54.74,28.62545,30.138840000000002,6.428571428571429,7.571428571428571,24
645,own_balanced4_r1,13,27,nofreewill42,16,16,16,0,0,0.7146049999999999,1.7215561875,4.20991,4.70629,,,5.25,6.3125,17
645,own_balanced4_r1,13,28,lucaskna,14,14,14,0,0,0.7106904999999999,1.4180671071428572,4.05694,4.07817,,,4.714285714285714,5.714285714285714,14
645,own_balanced4_r1,13,29,Emile Andrieu,16,16,16,0,0,0.7141245,1.70346878125,4.19705,4.66832,,,5.3125,6.3125,16
645,own_balanced4_r1,13,30,Zhongyi Dai,15,15,15,0,0,0.7108835,1.3761391333333333,4.28187,4.33671,,,4.866666666666666,5.8,14
comparison,original_balanced4_r0,10,0,ALL,975,975,971,19,16,0.955848,1.7394530066666667,4.6696800000000005,35.516400000000004,5.07578,10.159049736842105,5.055612770339856,6.091658084449022,1006
comparison,original_balanced4_r0,10,1,Majkel1337,43,43,41,3,2,0.8411225,4.071905081395349,20.3714,32.7108,6.383215,12.413325,5.902439024390244,6.926829268292683,42
comparison,original_balanced4_r0,10,2,ymg_aq,46,46,46,1,1,0.638337,1.5884230760869564,4.8644799999999995,17.759900000000002,17.7562,17.7562,4.891304347826087,5.869565217391305,45
comparison,original_balanced4_r0,10,3,SpaTaro,47,47,45,9,7,1.892445,3.311484,9.90628,35.516400000000004,3.5907,10.758816666666666,6.088888888888889,7.888888888888889,81
comparison,original_balanced4_r0,10,4,Mengfei Li,28,28,28,0,0,1.052965,1.2246403928571428,2.7469699999999997,3.0840300000000003,,,4.535714285714286,5.75,34
comparison,original_balanced4_r0,10,5,Orbital Terraformer,45,45,45,4,4,1.15554,2.4863298555555557,11.2827,13.2322,8.9755,8.686265,6.088888888888889,7.2444444444444445,52
comparison,original_balanced4_r0,10,6,Otter Vibe,40,40,40,0,0,0.699982,1.3288713625,3.76982,7.41516,,,4.925,4.6,-13
comparison,original_balanced4_r0,10,7,redblackbst,27,27,27,0,0,0.9581795,1.3718324444444445,3.58888,3.96111,,,4.925925925925926,5.592592592592593,18
comparison,original_balanced4_r0,10,8,feel the agi,35,35,35,2,2,1.17317,1.913514542857143,5.56039,6.21058,3.229165,3.22568,5.428571428571429,6.314285714285714,31
comparison,original_balanced4_r0,10,9,Catalyst,28,28,28,0,0,0.9579585,1.4275531607142857,3.80441,3.82686,,,4.857142857142857,5.714285714285714,24
comparison,original_balanced4_r0,10,10,Thomas Tschinkel,31,31,31,0,0,0.959122,1.544126387096774,3.2766100000000002,4.85738,,,5.129032258064516,6.032258064516129,28
comparison,original_balanced4_r0,10,11,HowardLeeTW,35,35,35,0,0,0.7470615,1.123383042857143,1.74042,11.444700000000001,,,4.114285714285714,7.142857142857143,106
comparison,original_balanced4_r0,10,12,Artem The Farmer 🍅,41,41,41,0,0,1.099535,2.38063343902439,5.355090000000001,14.0905,,,6.2682926829268295,7.073170731707317,33
comparison,original_balanced4_r0,10,13,アルモンド,21,21,21,0,0,0.759437,0.9294471428571428,1.07589,3.51436,,,3.6666666666666665,4.619047619047619,20
comparison,original_balanced4_r0,10,14,𝕯𝖊𝖔𝖉𝖎𝖒𝖘 & 𝕮𝖔,29,29,29,0,0,0.8062374999999999,1.067159051724138,3.2503800000000003,3.52292,,,4.241379310344827,5.413793103448276,34
comparison,original_balanced4_r0,10,15,leave you,32,32,32,0,0,1.0258500000000002,1.660949890625,4.84529,5.02534,,,5.15625,6.09375,30
comparison,original_balanced4_r0,10,16,keiz,24,24,24,0,0,0.9106434999999999,1.0419245625,2.44451,2.5765,,,4.333333333333333,5.5,28
comparison,original_balanced4_r0,10,17,Cow Boy,28,28,28,0,0,0.9572,1.368733125,3.1972300000000002,4.84021,,,4.964285714285714,5.464285714285714,14
comparison,original_balanced4_r0,10,18,Zhenghongshuang,28,28,28,0,0,0.956163,1.4498627499999999,3.74374,3.75881,,,5,5.714285714285714,20
comparison,original_balanced4_r0,10,19,THIRD FARM CLUB,31,31,31,0,0,0.742225,2.3791632258064515,10.548399999999999,10.6136,,,5.032258064516129,6.161290322580645,35
comparison,original_balanced4_r0,10,20,AI是我的豆包,28,28,28,0,0,0.9575745,1.3898124642857144,3.52264,3.76021,,,4.928571428571429,5.714285714285714,22
comparison,original_balanced4_r0,10,21,Kaggriculture Agent,34,34,34,0,0,1.0514799999999997,1.547527955882353,3.7982,5.298100000000001,,,5.176470588235294,6.088235294117647,31
comparison,original_balanced4_r0,10,22,Knight of Favonius,25,25,25,0,0,0.949913,1.31386342,3.81439,4.58539,,,4.4,5.32,23
comparison,original_balanced4_r0,10,23,THUNDER THUNDER,42,42,42,0,0,0.820017,1.4341027261904762,5.4342,5.98488,,,4.809523809523809,6.690476190476191,79
comparison,original_balanced4_r0,10,24,Phoenix750,32,32,32,0,0,0.955955,1.416711859375,3.8806100000000003,4.84399,,,4.875,5.9375,34
comparison,original_balanced4_r0,10,25,Jeryos,28,28,28,0,0,0.953153,1.3509935357142857,3.26053,3.29866,,,4.857142857142857,5.75,25
comparison,original_balanced4_r0,10,26,nilochan,30,30,30,0,0,0.9559405000000001,1.49908735,3.92246,4.85853,,,5.066666666666666,5.9,25
comparison,original_balanced4_r0,10,27,nofreewill42,29,29,29,0,0,0.957292,1.4658984310344827,3.26654,4.88405,,,4.9655172413793105,5.862068965517241,26
comparison,original_balanced4_r0,10,28,lucaskna,30,30,30,0,0,0.964375,1.3780102333333333,3.25476,3.53868,,,4.933333333333334,5.8,26
comparison,original_balanced4_r0,10,29,Emile Andrieu,28,28,28,0,0,0.9573294999999999,1.4798969821428571,4.5557799999999995,4.586399999999999,,,4.821428571428571,5.75,26
comparison,original_balanced4_r0,10,30,Zhongyi Dai,30,30,30,0,0,0.9611035,1.4910342333333333,3.84837,4.91193,,,5,5.9,27
comparison,original_full8_r0,10,0,ALL,975,975,972,19,17,0.5734585,2.1406023456410255,3.2371399999999997,211.021,4.221355,34.26940894736842,5.3199588477366255,6.095679012345679,754
comparison,original_full8_r0,10,1,Majkel1337,43,43,41,3,2,0.9215565,10.448707151162791,53.0166,178.565,4.379515,61.648691666666664,5.975609756097561,6.926829268292683,39
comparison,original_full8_r0,10,2,ymg_aq,46,46,46,1,1,0.5261484999999999,1.6821493260869564,3.8017,34.1099,34.087450000000004,34.087450000000004,5.021739130434782,5.869565217391305,39
comparison,original_full8_r0,10,3,SpaTaro,47,47,46,9,8,1.244105,8.213929627659574,33.822900000000004,211.021,4.330920000000001,37.424105,6.217391304347826,7.934782608695652,79
comparison,original_full8_r0,10,4,Mengfei Li,28,28,28,0,0,0.5582830000000001,0.8574316607142858,2.42078,3.4544200000000003,,,5.035714285714286,5.75,20
comparison,original_full8_r0,10,5,Orbital Terraformer,45,45,45,4,4,0.866525,3.3153119444444443,7.25626,46.6945,21.005805000000002,22.75459625,6.111111111111111,7.2444444444444445,51
comparison,original_full8_r0,10,6,Otter Vibe,40,40,40,0,0,0.45369400000000004,1.0136022875,2.4452,5.99908,,,5.175,4.6,-23
comparison,original_full8_r0,10,7,redblackbst,27,27,27,0,0,0.572892,0.9439333703703704,2.91298,2.9982800000000003,,,5.222222222222222,5.592592592592593,10
comparison,original_full8_r0,10,8,feel the agi,35,35,35,2,2,0.598095,1.2339476,3.1284699999999996,3.7042100000000002,2.125215,2.1249575,5.885714285714286,6.314285714285714,15
comparison,original_full8_r0,10,9,Catalyst,28,28,28,0,0,0.571589,1.011299517857143,2.7915,2.81204,,,5.142857142857143,5.714285714285714,16
comparison,original_full8_r0,10,10,Thomas Tschinkel,31,31,31,0,0,0.5776025,1.082588564516129,2.25873,3.5443000000000002,,,5.451612903225806,6.032258064516129,18
comparison,original_full8_r0,10,11,HowardLeeTW,35,35,35,0,0,0.5105915000000001,0.6381305714285714,0.962209,3.6804099999999997,,,4.457142857142857,7.142857142857143,94
comparison,original_full8_r0,10,12,Artem The Farmer 🍅,41,41,41,0,0,0.9193435000000001,3.1955176463414636,4.12331,54.353,,,6.487804878048781,7.073170731707317,24
comparison,original_full8_r0,10,13,アルモンド,21,21,21,0,0,0.5103195,0.590575619047619,0.605317,2.43107,,,4.0476190476190474,4.619047619047619,12
comparison,original_full8_r0,10,14,𝕯𝖊𝖔𝖉𝖎𝖒𝖘 & 𝕮𝖔,29,29,29,0,0,0.5115165,0.7324705172413793,2.21457,2.23738,,,4.482758620689655,5.413793103448276,27
comparison,original_full8_r0,10,15,leave you,32,32,32,0,0,0.5902350000000001,1.143080828125,2.53902,4.183979999999999,,,5.53125,6.09375,18
comparison,original_full8_r0,10,16,keiz,24,24,24,0,0,0.5950085,0.7495236041666666,1.96501,2.12821,,,4.5,5.5,24
comparison,original_full8_r0,10,17,Cow Boy,28,28,28,0,0,0.5759505,0.9937463571428572,2.93695,3.30898,,,5.25,5.464285714285714,6
comparison,original_full8_r0,10,18,Zhenghongshuang,28,28,28,0,0,0.5769245000000001,1.0593167857142858,2.76966,3.04425,,,5.285714285714286,5.714285714285714,12
comparison,original_full8_r0,10,19,THIRD FARM CLUB,31,31,31,0,0,0.5633185,6.2332362741935485,42.176300000000005,45.914699999999996,,,5.258064516129032,6.161290322580645,28
comparison,original_full8_r0,10,20,AI是我的豆包,28,28,28,0,0,0.5716705,0.9954302142857143,2.6065,2.76988,,,5.214285714285714,5.714285714285714,14
comparison,original_full8_r0,10,21,Kaggriculture Agent,34,34,34,0,0,0.6001230000000001,1.084955794117647,2.7335700000000003,3.80784,,,5.411764705882353,6.088235294117647,23
comparison,original_full8_r0,10,22,Knight of Favonius,25,25,25,0,0,0.569259,0.88039342,2.7897,2.81171,,,4.76,5.32,14
comparison,original_full8_r0,10,23,THUNDER THUNDER,42,42,42,0,0,0.5970724999999999,1.0322289047619047,3.4373899999999997,4.41008,,,5.119047619047619,6.690476190476191,66
comparison,original_full8_r0,10,24,Phoenix750,32,32,32,0,0,0.585556,0.97940053125,2.75313,3.48157,,,5.125,5.9375,26
comparison,original_full8_r0,10,25,Jeryos,28,28,28,0,0,0.5753515,0.9760792678571428,2.2277199999999997,2.7418899999999997,,,5.142857142857143,5.75,17
comparison,original_full8_r0,10,26,nilochan,30,30,30,0,0,0.5758985000000001,1.0627952,2.65709,3.3143000000000002,,,5.3,5.9,18
comparison,original_full8_r0,10,27,nofreewill42,29,29,29,0,0,0.5742625,1.0021768793103447,2.4107,2.53591,,,5.310344827586207,5.862068965517241,16
comparison,original_full8_r0,10,28,lucaskna,30,30,30,0,0,0.573204,0.9715097500000001,2.49247,2.68192,,,5.2,5.8,18
comparison,original_full8_r0,10,29,Emile Andrieu,28,28,28,0,0,0.571691,0.9878407321428572,2.53933,2.54317,,,5.178571428571429,5.75,16
comparison,original_full8_r0,10,30,Zhongyi Dai,30,30,30,0,0,0.574725,1.0414161333333334,2.6820500000000003,2.82265,,,5.333333333333333,5.9,17
comparison,own_balanced4_r0,10,0,ALL,975,974,962,19,10,0.791672,1.8110673501026695,4.701779999999999,46.4238,4.849285,9.957524236842104,5.033264033264033,6.058212058212058,986
comparison,own_balanced4_r0,10,1,Majkel1337,43,43,39,3,0,0.6582925000000001,5.348150430232558,26.17,32.5791,26.07975,18.33187716666667,5.743589743589744,6.769230769230769,40
comparison,own_balanced4_r0,10,2,ymg_aq,46,46,46,1,1,0.6443355,1.492683,4.832050000000001,13.1914,13.19125,13.19125,5.086956521739131,5.869565217391305,36
comparison,own_balanced4_r0,10,3,SpaTaro,47,47,41,9,5,0.6089055,2.384759595744681,5.51455,33.7185,3.505485,6.6502432222222225,5.7073170731707314,7.7073170731707314,82
comparison,own_balanced4_r0,10,4,Mengfei Li,28,28,28,0,0,0.9272695,1.2046356428571428,2.44985,5.2066099999999995,,,4.571428571428571,5.75,33
comparison,own_balanced4_r0,10,5,Orbital Terraformer,45,45,43,4,2,0.705787,3.8692938333333333,18.51,46.4238,16.0942,14.1628725,6,7.116279069767442,48
comparison,own_balanced4_r0,10,6,Otter Vibe,40,40,40,0,0,0.6123315,1.5813519625,4.47488,10.1469,,,4.9,4.6,-12
comparison,own_balanced4_r0,10,7,redblackbst,27,27,27,0,0,0.767607,1.5347520925925926,5.91708,6.2824,,,4.814814814814815,5.592592592592593,21
comparison,own_balanced4_r0,10,8,feel the agi,35,35,35,2,2,1.126525,1.6516554142857143,4.18881,7.24151,2.25635,2.2512,5.428571428571429,6.314285714285714,31
comparison,own_balanced4_r0,10,9,Catalyst,28,28,28,0,0,0.7651695000000001,1.2832785357142857,4.06448,4.08024,,,4.857142857142857,5.714285714285714,24
comparison,own_balanced4_r0,10,10,Thomas Tschinkel,31,31,31,0,0,0.7896129999999999,1.3115584193548386,2.84465,3.3926100000000003,,,5.064516129032258,6.032258064516129,30
comparison,own_balanced4_r0,10,11,HowardLeeTW,35,34,34,0,0,0.709662,0.82119275,1.66869,1.96042,,,4.0588235294117645,7.117647058823529,104
comparison,own_balanced4_r0,10,12,Artem The Farmer 🍅,41,41,41,0,0,1.1356899999999999,2.561854463414634,7.87484,13.5818,,,6.2682926829268295,7.073170731707317,33
comparison,own_balanced4_r0,10,13,アルモンド,21,21,21,0,0,0.7566090000000001,0.8160031428571428,0.856752,3.38191,,,3.6666666666666665,4.619047619047619,20
comparison,own_balanced4_r0,10,14,𝕯𝖊𝖔𝖉𝖎𝖒𝖘 & 𝕮𝖔,29,29,29,0,0,0.757069,1.0204430862068965,3.77565,3.78715,,,4.172413793103448,5.413793103448276,36
comparison,own_balanced4_r0,10,15,leave you,32,32,32,0,0,1.0391029999999999,1.59915140625,3.70256,6.0067200000000005,,,5.28125,6.09375,26
comparison,own_balanced4_r0,10,16,keiz,24,24,24,0,0,0.8467640000000001,1.0735926458333334,2.4497199999999997,2.45756,,,4.333333333333333,5.5,28
comparison,own_balanced4_r0,10,17,Cow Boy,28,28,28,0,0,0.7779045,1.3191034107142858,3.8289299999999997,4.94097,,,4.964285714285714,5.464285714285714,14
comparison,own_balanced4_r0,10,18,Zhenghongshuang,28,28,28,0,0,0.9411045,1.491359625,3.69461,3.70845,,,5,5.714285714285714,20
comparison,own_balanced4_r0,10,19,THIRD FARM CLUB,31,31,31,0,0,0.7083875,2.1686635806451613,9.60875,9.63241,,,5.096774193548387,6.161290322580645,33
comparison,own_balanced4_r0,10,20,AI是我的豆包,28,28,28,0,0,0.948518,1.4171995714285714,3.69645,3.75018,,,4.964285714285714,5.714285714285714,21
comparison,own_balanced4_r0,10,21,Kaggriculture Agent,34,34,34,0,0,0.8507715,1.44043625,3.67192,5.6208100000000005,,,5.176470588235294,6.088235294117647,31
comparison,own_balanced4_r0,10,22,Knight of Favonius,25,25,25,0,0,0.7642675,1.2094654,4.08105,4.21094,,,4.44,5.32,22
comparison,own_balanced4_r0,10,23,THUNDER THUNDER,42,42,42,0,0,0.8131975,2.457677952380952,5.19714,45.1424,,,4.880952380952381,6.690476190476191,76
comparison,own_balanced4_r0,10,24,Phoenix750,32,32,32,0,0,0.8118545,1.2165861875,3.0132800000000004,3.77535,,,4.875,5.9375,34
comparison,own_balanced4_r0,10,25,Jeryos,28,28,28,0,0,0.764443,1.3182625535714285,3.7921199999999997,3.80923,,,4.857142857142857,5.75,25
comparison,own_balanced4_r0,10,26,nilochan,30,30,30,0,0,0.770524,1.4502050333333334,4.41052,4.96333,,,5.033333333333333,5.9,26
comparison,own_balanced4_r0,10,27,nofreewill42,29,29,29,0,0,0.7695955000000001,1.428693448275862,3.83004,4.51392,,,4.9655172413793105,5.862068965517241,26
comparison,own_balanced4_r0,10,28,lucaskna,30,30,30,0,0,0.7708465000000001,1.3228159666666666,3.78924,4.43629,,,4.933333333333334,5.8,26
comparison,own_balanced4_r0,10,29,Emile Andrieu,28,28,28,0,0,0.7653885,1.4232749464285714,4.0581,4.48441,,,4.857142857142857,5.75,25
comparison,own_balanced4_r0,10,30,Zhongyi Dai,30,30,30,0,0,0.7706615,1.3781790833333334,4.10732,4.45427,,,5,5.9,27
comparison,own_balanced4_r1,10,0,ALL,975,974,972,19,17,0.7183805,1.4401403732032854,4.15908,34.4243,2.979665,6.339856052631579,4.924897119341564,6.096707818930041,1139
comparison,own_balanced4_r1,10,1,Majkel1337,43,43,43,3,3,0.997074,1.7399358720930234,5.15988,8.0939,2.82959,2.942965,5.604651162790698,7.046511627906977,62
comparison,own_balanced4_r1,10,2,ymg_aq,46,46,46,1,1,0.6428885,1.3842938695652174,6.78879,7.8654399999999995,7.857329999999999,7.857329999999999,5.021739130434782,5.869565217391305,39
comparison,own_balanced4_r1,10,3,SpaTaro,47,47,45,9,7,1.535615,3.111575563829787,8.39466,34.4243,4.477494999999999,9.583611666666666,5.977777777777778,7.888888888888889,86
comparison,own_balanced4_r1,10,4,Mengfei Li,28,28,28,0,0,0.7797879999999999,1.03855525,2.1767600000000003,3.5514,,,4.535714285714286,5.75,34
comparison,own_balanced4_r1,10,5,Orbital Terraformer,45,45,45,4,4,0.973066,1.5902952444444445,5.222689999999999,6.66533,2.762155,3.3390275,5.666666666666667,7.2444444444444445,71
comparison,own_balanced4_r1,10,6,Otter Vibe,40,40,40,0,0,0.656478,1.3397611875,4.15569,6.47433,,,4.775,4.6,-7
comparison,own_balanced4_r1,10,7,redblackbst,27,27,27,0,0,0.7087545,1.386101962962963,4.95955,5.398350000000001,,,4.814814814814815,5.592592592592593,21
comparison,own_balanced4_r1,10,8,feel the agi,35,35,35,2,2,1.108105,1.5478004857142857,3.5528299999999997,6.14019,2.08374,2.0812125,5.314285714285714,6.314285714285714,35
comparison,own_balanced4_r1,10,9,Catalyst,28,28,28,0,0,0.708213,1.3326962321428573,3.98568,4.165970000000001,,,4.75,5.714285714285714,27
comparison,own_balanced4_r1,10,10,Thomas Tschinkel,31,31,31,0,0,0.7174745,1.4052634677419356,3.9366,3.9518899999999997,,,5.064516129032258,6.032258064516129,30
comparison,own_balanced4_r1,10,11,HowardLeeTW,35,34,34,0,0,0.6425369999999999,1.3593985882352941,1.4566700000000001,21.2368,,,3.8823529411764706,7.117647058823529,110
comparison,own_balanced4_r1,10,12,Artem The Farmer 🍅,41,41,41,0,0,1.185425,2.1293723414634145,4.86521,11.4467,,,6.170731707317073,7.073170731707317,37
comparison,own_balanced4_r1,10,13,アルモンド,21,21,21,0,0,0.6896875,0.7695492142857143,0.7327899999999999,3.69613,,,3.6666666666666665,4.619047619047619,20
comparison,own_balanced4_r1,10,14,𝕯𝖊𝖔𝖉𝖎𝖒𝖘 & 𝕮𝖔,29,29,29,0,0,0.687076,1.014674275862069,3.75902,3.80237,,,4.068965517241379,5.413793103448276,39
comparison,own_balanced4_r1,10,15,leave you,32,32,32,0,0,0.7289399999999999,1.3536525156249999,3.70354,4.84233,,,5.125,6.09375,31
comparison,own_balanced4_r1,10,16,keiz,24,24,24,0,0,0.70809,0.9681117083333334,2.8938200000000003,2.93671,,,4.208333333333333,5.5,31
comparison,own_balanced4_r1,10,17,Cow Boy,28,28,28,0,0,0.709265,1.2241433035714286,3.67206,4.80715,,,4.785714285714286,5.464285714285714,19
comparison,own_balanced4_r1,10,18,Zhenghongshuang,28,28,28,0,0,0.7124995000000001,1.510908232142857,4.8326,4.85256,,,4.857142857142857,5.714285714285714,24
comparison,own_balanced4_r1,10,19,THIRD FARM CLUB,31,31,31,0,0,0.6384915,0.941911064516129,2.14608,3.99272,,,4.516129032258065,6.161290322580645,51
comparison,own_balanced4_r1,10,20,AI是我的豆包,28,28,28,0,0,0.7142534999999999,1.3161925178571428,4.63221,4.823180000000001,,,4.892857142857143,5.714285714285714,23
comparison,own_balanced4_r1,10,21,Kaggriculture Agent,34,34,34,0,0,0.7193935,1.3484462794117646,3.6499800000000002,3.7175700000000003,,,5,6.088235294117647,37
comparison,own_balanced4_r1,10,22,Knight of Favonius,25,25,25,0,0,0.707273,1.20540526,3.9889699999999997,4.6856599999999995,,,4.32,5.32,25
comparison,own_balanced4_r1,10,23,THUNDER THUNDER,42,42,42,0,0,0.6787515000000001,1.1588077142857143,4.4734799999999995,5.37358,,,4.904761904761905,6.690476190476191,75
comparison,own_balanced4_r1,10,24,Phoenix750,32,32,32,0,0,0.8017,1.239098703125,3.6154499999999996,3.6588000000000003,,,4.625,5.9375,42
comparison,own_balanced4_r1,10,25,Jeryos,28,28,28,0,0,0.708345,1.312417625,3.77348,3.78577,,,4.75,5.75,28
comparison,own_balanced4_r1,10,26,nilochan,30,30,30,0,0,0.708449,1.3246690166666666,3.75705,3.771,,,4.9,5.9,30
comparison,own_balanced4_r1,10,27,nofreewill42,29,29,29,0,0,0.708959,1.4160628620689655,3.77719,4.70722,,,4.827586206896552,5.862068965517241,30
comparison,own_balanced4_r1,10,28,lucaskna,30,30,30,0,0,0.711295,1.3315964666666666,3.76826,3.8224299999999998,,,4.766666666666667,5.8,31
comparison,own_balanced4_r1,10,29,Emile Andrieu,28,28,28,0,0,0.7080485000000001,1.4025176964285715,4.67157,4.6947600000000005,,,4.75,5.75,28
comparison,own_balanced4_r1,10,30,Zhongyi Dai,30,30,30,0,0,0.7103905,1.3959097166666667,4.02394,4.6820200000000005,,,4.9,5.9,30
comparison,original_balanced4_r0,11,0,ALL,1183,1183,1145,88,73,1.057795,4.8372228516483515,24.618,93.8039,11.7865,20.610711875,5.914410480349345,6.833187772925764,1052
comparison,original_balanced4_r0,11,1,Majkel1337,111,111,88,33,22,9.361339999999998,19.994732554054053,63.060300000000005,92.8353,29.6143,31.881371666666666,8.670454545454545,9.068181818181818,35
comparison,original_balanced4_r0,11,2,ymg_aq,51,51,51,2,2,0.9534745,1.7665061568627451,5.50746,8.063939999999999,5.5960350000000005,5.5994575,5.352941176470588,6.372549019607843,52
comparison,original_balanced4_r0,11,3,SpaTaro,65,65,61,11,11,2.80523,7.690940938461539,46.7346,55.3733,3.8440399999999997,6.711520909090909,7.426229508196721,8.672131147540984,76
comparison,original_balanced4_r0,11,4,Mengfei Li,28,28,28,0,0,1.054695,1.2354738035714286,2.73442,3.39864,,,4.535714285714286,5.75,34
comparison,original_balanced4_r0,11,5,Orbital Terraformer,108,108,97,31,27,5.16115,13.502397606481482,49.357800000000005,93.8039,13.284650000000001,19.598738225806454,8.670103092783505,9.257731958762887,57
comparison,original_balanced4_r0,11,6,Otter Vibe,41,41,41,0,0,0.712696,1.4088334512195122,4.407229999999999,6.6128800000000005,,,5.097560975609756,4.7560975609756095,-14
comparison,original_balanced4_r0,11,7,redblackbst,31,31,31,1,1,0.96027,1.7375702741935484,3.9888000000000003,4.289689999999999,3.294015,3.294015,5.645161290322581,6.290322580645161,20
comparison,original_balanced4_r0,11,8,feel the agi,36,36,36,2,2,1.17334,2.0471954444444442,5.84157,6.52867,3.21971,3.221485,5.583333333333333,6.444444444444445,31
comparison,original_balanced4_r0,11,9,Catalyst,28,28,28,0,0,0.9570085,1.5042099107142857,4.09675,4.10804,,,4.857142857142857,5.714285714285714,24
comparison,original_balanced4_r0,11,10,Thomas Tschinkel,32,32,32,0,0,1.053965,1.748786421875,4.3055200000000005,4.8617,,,5.3125,6.1875,28
comparison,original_balanced4_r0,11,11,HowardLeeTW,35,35,35,0,0,0.744256,1.124320742857143,1.74476,11.4471,,,4.114285714285714,7.142857142857143,106
comparison,original_balanced4_r0,11,12,Artem The Farmer 🍅,47,47,47,0,0,1.1424349999999999,2.2876396914893617,5.33624,6.581270000000001,,,6.680851063829787,7.574468085106383,42
comparison,original_balanced4_r0,11,13,アルモンド,25,25,25,3,3,0.9500955,1.53204738,5.195939999999999,5.47338,5.205954999999999,4.8001,4.64,5.64,25
comparison,original_balanced4_r0,11,14,𝕯𝖊𝖔𝖉𝖎𝖒𝖘 & 𝕮𝖔,32,32,32,1,1,0.9044314999999999,1.341784796875,3.55301,4.3957,3.191905,3.191905,4.78125,5.9375,37
comparison,original_balanced4_r0,11,15,leave you,35,35,35,0,0,1.053095,1.9707503285714285,4.8987,5.839180000000001,,,5.6571428571428575,6.514285714285714,30
comparison,original_balanced4_r0,11,16,keiz,28,28,28,4,4,0.91636,2.375411375,10.9009,18.8974,9.91477,10.435415,5.25,6.285714285714286,29
comparison,original_balanced4_r0,11,17,Cow Boy,29,29,29,0,0,0.9566245,1.5025815862068965,3.52869,4.83931,,,5.137931034482759,5.655172413793103,15
comparison,original_balanced4_r0,11,18,Zhenghongshuang,28,28,28,0,0,0.955557,1.5298234464285714,4.02495,4.03099,,,5,5.714285714285714,20
comparison,original_balanced4_r0,11,19,THIRD FARM CLUB,34,34,34,0,0,1.104565,2.5773967205882355,10.5449,10.578700000000001,,,5.382352941176471,6.588235294117647,41
comparison,original_balanced4_r0,11,20,AI是我的豆包,28,28,28,0,0,0.955397,1.4686176964285713,3.79638,4.02884,,,4.928571428571429,5.714285714285714,22
comparison,original_balanced4_r0,11,21,Kaggriculture Agent,35,35,35,0,0,1.04959,1.6559913285714285,4.09791,4.40913,,,5.3428571428571425,6.228571428571429,31
comparison,original_balanced4_r0,11,22,Knight of Favonius,29,29,29,0,0,0.9595515000000001,1.7317467586206896,4.27254,4.58219,,,5.241379310344827,6.103448275862069,25
comparison,original_balanced4_r0,11,23,THUNDER THUNDER,49,49,49,0,0,1.1108449999999999,1.8035389081632653,5.49712,8.60073,,,5.36734693877551,7.3061224489795915,95
comparison,original_balanced4_r0,11,24,Phoenix750,36,36,36,0,0,0.958966,1.8227389166666668,4.88034,5.36788,,,5.555555555555555,6.5,34
comparison,original_balanced4_r0,11,25,Jeryos,29,29,29,0,0,0.955485,1.529924275862069,3.5561,4.407520000000001,,,5.068965517241379,5.931034482758621,25
comparison,original_balanced4_r0,11,26,nilochan,31,31,31,0,0,0.9571715000000001,1.6865793064516128,4.05754,5.60872,,,5.225806451612903,6.064516129032258,26
comparison,original_balanced4_r0,11,27,nofreewill42,30,30,30,0,0,0.9638770000000001,1.6328745333333334,4.26529,4.8760699999999995,,,5.166666666666667,6.033333333333333,26
comparison,original_balanced4_r0,11,28,lucaskna,30,30,30,0,0,0.9628475,1.448936,3.54094,3.862,,,4.933333333333334,5.8,26
comparison,original_balanced4_r0,11,29,Emile Andrieu,31,31,31,0,0,0.9513745,1.796451758064516,4.27767,4.59117,,,5.387096774193548,6.258064516129032,27
comparison,original_balanced4_r0,11,30,Zhongyi Dai,31,31,31,0,0,0.9599415,1.6461835161290324,4.14211,4.8713999999999995,,,5.193548387096774,6.064516129032258,27
comparison,original_full8_r0,11,0,ALL,1183,1183,1162,88,80,0.6061570000000001,16.22436736855452,85.96539999999999,650.9,27.201700000000002,72.82391798863637,6.218588640275387,6.894148020654045,785
comparison,original_full8_r0,11,1,Majkel1337,111,111,101,33,29,7.22713,83.43614490990991,371.544,650.9,77.61564999999999,116.4415043939394,9.009900990099009,9.316831683168317,31
comparison,original_full8_r0,11,2,ymg_aq,51,51,51,2,2,0.7557464999999999,1.3639570784313726,4.15386,8.45825,5.511535,5.50737,5.509803921568627,6.372549019607843,44
comparison,original_full8_r0,11,3,SpaTaro,65,65,62,11,11,2.02612,34.126545746153845,334.292,514.05,2.8704099999999997,14.830963,7.564516129032258,8.709677419354838,71
comparison,original_full8_r0,11,4,Mengfei Li,28,28,28,0,0,0.5571385,0.8481249107142858,2.2521799999999996,3.44919,,,5.035714285714286,5.75,20
comparison,original_full8_r0,11,5,Orbital Terraformer,108,108,100,31,27,4.07529,59.21125859259259,323.92,633.835,45.62545,73.06155983870967,8.77,9.31,54
comparison,original_full8_r0,11,6,Otter Vibe,41,41,41,0,0,0.460102,1.0654223170731707,3.15839,4.893050000000001,,,5.341463414634147,4.7560975609756095,-24
comparison,original_full8_r0,11,7,redblackbst,31,31,31,1,1,0.577588,1.2345184838709677,2.98376,3.53993,1.98164,1.98164,5.903225806451613,6.290322580645161,12
comparison,original_full8_r0,11,8,feel the agi,36,36,36,2,2,0.6016195,1.3538769722222221,3.71538,4.08944,2.135765,2.1346950000000002,6.027777777777778,6.444444444444445,15
comparison,original_full8_r0,11,9,Catalyst,28,28,28,0,0,0.5726395,1.1347419642857142,3.08575,3.73024,,,5.142857142857143,5.714285714285714,16
comparison,original_full8_r0,11,10,Thomas Tschinkel,32,32,32,0,0,0.586543,1.2478085625,2.8976599999999997,3.8259499999999997,,,5.625,6.1875,18
comparison,original_full8_r0,11,11,HowardLeeTW,35,35,35,0,0,0.507396,0.6392178285714286,0.964376,3.69936,,,4.457142857142857,7.142857142857143,94
comparison,original_full8_r0,11,12,Artem The Farmer 🍅,47,47,47,0,0,0.955978,1.6898761914893616,4.0399,4.43733,,,6.872340425531915,7.574468085106383,33
comparison,original_full8_r0,11,13,アルモンド,25,25,25,3,3,0.5681039999999999,0.9565027,2.98522,3.0859099999999997,2.6637399999999998,2.712065,5.08,5.64,14
comparison,original_full8_r0,11,14,𝕯𝖊𝖔𝖉𝖎𝖒𝖘 & 𝕮𝖔,32,32,32,1,1,0.5559784999999999,0.95934315625,2.5237800000000004,3.18971,2.32314,2.32314,5.0625,5.9375,28
comparison,original_full8_r0,11,15,leave you,35,35,35,0,0,0.6023965,1.3985259428571428,3.15175,4.50516,,,6,6.514285714285714,18
comparison,original_full8_r0,11,16,keiz,28,28,28,4,4,0.615911,4.5743252142857145,24.3545,76.5318,15.792175,27.540271250000004,5.392857142857143,6.285714285714286,25
comparison,original_full8_r0,11,17,Cow Boy,29,29,29,0,0,0.5763875,1.085523827586207,3.22667,3.31535,,,5.413793103448276,5.655172413793103,7
comparison,original_full8_r0,11,18,Zhenghongshuang,28,28,28,0,0,0.5780495,1.1185114642857144,3.06073,3.07063,,,5.285714285714286,5.714285714285714,12
comparison,original_full8_r0,11,19,THIRD FARM CLUB,34,34,34,0,0,0.5741890000000001,5.914500117647059,42.1968,42.366,,,5.588235294117647,6.588235294117647,34
comparison,original_full8_r0,11,20,AI是我的豆包,28,28,28,0,0,0.5741395,1.076201857142857,2.8818699999999997,3.06294,,,5.214285714285714,5.714285714285714,14
comparison,original_full8_r0,11,21,Kaggriculture Agent,35,35,35,0,0,0.601589,1.2048995142857144,3.03308,3.7945900000000004,,,5.571428571428571,6.228571428571429,23
comparison,original_full8_r0,11,22,Knight of Favonius,29,29,29,0,0,0.5733615,1.186114448275862,3.0845100000000003,3.1166,,,5.551724137931035,6.103448275862069,16
comparison,original_full8_r0,11,23,THUNDER THUNDER,49,49,49,0,0,0.728854,1.2981845102040817,3.93879,4.61435,,,5.653061224489796,7.3061224489795915,81
comparison,original_full8_r0,11,24,Phoenix750,36,36,36,0,0,0.601502,1.2726552361111112,3.27196,3.79447,,,5.777777777777778,6.5,26
comparison,original_full8_r0,11,25,Jeryos,29,29,29,0,0,0.5765495,1.1078888620689655,2.56353,3.18667,,,5.344827586206897,5.931034482758621,17
comparison,original_full8_r0,11,26,nilochan,31,31,31,0,0,0.577123,1.1874392903225806,2.9205900000000002,3.83945,,,5.483870967741935,6.064516129032258,18
comparison,original_full8_r0,11,27,nofreewill42,30,30,30,0,0,0.5749629999999999,1.1457505333333333,2.69991,3.12726,,,5.5,6.033333333333333,16
comparison,original_full8_r0,11,28,lucaskna,30,30,30,0,0,0.5756615,1.04708015,2.78641,2.93937,,,5.2,5.8,18
comparison,original_full8_r0,11,29,Emile Andrieu,31,31,31,0,0,0.5736604999999999,1.2429944677419356,2.9768499999999998,3.12758,,,5.709677419354839,6.258064516129032,17
comparison,original_full8_r0,11,30,Zhongyi Dai,31,31,31,0,0,0.575833,1.1791478387096774,2.9351700000000003,3.1074699999999997,,,5.516129032258065,6.064516129032258,17
comparison,own_balanced4_r0,11,0,ALL,1183,1180,1084,88,41,0.856857,4.504098816525424,25.4288,99.389,8.31242,19.395268632183907,5.654059040590406,6.607933579335794,1034
comparison,own_balanced4_r0,11,1,Majkel1337,111,111,72,33,12,6.24302,18.605456112612615,76.3237,98.6107,19.2559,25.17518931818182,8.194444444444445,8.652777777777779,33
comparison,own_balanced4_r0,11,2,ymg_aq,51,51,51,2,2,0.962488,1.7262411470588235,5.18303,9.577309999999999,7.526925,7.5378525,5.568627450980392,6.372549019607843,41
comparison,own_balanced4_r0,11,3,SpaTaro,65,65,47,11,7,0.476731,1.960254676923077,4.55148,36.6593,1.583715,1.6527142727272728,6.446808510638298,8.106382978723405,78
comparison,own_balanced4_r0,11,4,Mengfei Li,28,28,28,0,0,0.9267665,1.218984982142857,2.44691,5.54873,,,4.571428571428571,5.75,33
comparison,own_balanced4_r0,11,5,Orbital Terraformer,108,107,73,31,13,3.8912500000000003,14.579375476635514,60.8031,99.389,11.115965,24.71026635,8.054794520547945,8.684931506849315,46
comparison,own_balanced4_r0,11,6,Otter Vibe,41,41,41,0,0,0.650065,1.704984951219512,5.18714,10.2994,,,5.024390243902439,4.7560975609756095,-11
comparison,own_balanced4_r0,11,7,redblackbst,31,31,30,1,0,0.774759,2.930604935483871,4.19121,42.8521,42.57655,42.57655,5.333333333333333,6.133333333333334,24
comparison,own_balanced4_r0,11,8,feel the agi,36,36,36,2,2,1.1325699999999999,1.8502514027777779,4.79874,7.43275,2.24739,2.2526125,5.555555555555555,6.444444444444445,32
comparison,own_balanced4_r0,11,9,Catalyst,28,28,28,0,0,0.7698244999999999,1.364355267857143,4.37126,4.40505,,,4.857142857142857,5.714285714285714,24
comparison,own_balanced4_r0,11,10,Thomas Tschinkel,32,32,32,0,0,0.813959,1.467165203125,3.3833699999999998,4.078110000000001,,,5.25,6.1875,30
comparison,own_balanced4_r0,11,11,HowardLeeTW,35,34,34,0,0,0.710675,0.8208812058823529,1.67565,1.9616300000000002,,,4.0588235294117645,7.117647058823529,104
comparison,own_balanced4_r0,11,12,Artem The Farmer 🍅,47,47,47,0,0,1.236275,2.2410733510638297,5.51184,6.723649999999999,,,6.638297872340425,7.574468085106383,44
comparison,own_balanced4_r0,11,13,アルモンド,25,24,24,3,3,0.7625975,1.2122484375,3.8436500000000002,4.225350000000001,3.84863,3.8946650000000003,4.416666666666667,5.416666666666667,24
comparison,own_balanced4_r0,11,14,𝕯𝖊𝖔𝖉𝖎𝖒𝖘 & 𝕮𝖔,32,32,32,1,1,0.7676229999999999,1.8306798125,4.08025,19.9626,19.839349999999996,19.839349999999996,4.75,5.9375,38
comparison,own_balanced4_r0,11,15,leave you,35,35,35,0,0,1.1311849999999999,1.863703242857143,4.16138,6.03067,,,5.771428571428571,6.514285714285714,26
comparison,own_balanced4_r0,11,16,keiz,28,28,25,4,1,0.765722,1.0452516607142857,2.46481,3.42937,0.0043155,0.85961275,4.6,5.72,28
comparison,own_balanced4_r0,11,17,Cow Boy,29,29,28,0,0,0.7680285,1.3312426551724137,4.13166,4.95822,,,4.964285714285714,5.464285714285714,14
comparison,own_balanced4_r0,11,18,Zhenghongshuang,28,28,28,0,0,0.9463685,1.5731778571428572,3.98413,3.9988699999999997,,,5,5.714285714285714,20
comparison,own_balanced4_r0,11,19,THIRD FARM CLUB,34,34,34,0,0,1.11321,3.541286911764706,9.625729999999999,48.8694,,,5.4411764705882355,6.588235294117647,39
comparison,own_balanced4_r0,11,20,AI是我的豆包,28,28,28,0,0,0.9487515,1.496662875,3.98401,4.02559,,,4.964285714285714,5.714285714285714,21
comparison,own_balanced4_r0,11,21,Kaggriculture Agent,35,35,35,0,0,0.8549785000000001,1.5793568285714286,4.01093,5.60747,,,5.3428571428571425,6.228571428571429,31
comparison,own_balanced4_r0,11,22,Knight of Favonius,29,29,29,0,0,0.772305,1.574992120689655,4.3613,4.3819,,,5.241379310344827,6.103448275862069,25
comparison,own_balanced4_r0,11,23,THUNDER THUNDER,49,49,49,0,0,0.8720775000000001,2.750034306122449,6.1926000000000005,45.7332,,,5.387755102040816,7.3061224489795915,94
comparison,own_balanced4_r0,11,24,Phoenix750,36,36,36,0,0,0.951218,1.5445686944444446,4.07756,4.248939999999999,,,5.527777777777778,6.5,35
comparison,own_balanced4_r0,11,25,Jeryos,29,29,29,0,0,0.7713155,1.489588948275862,4.0851999999999995,4.09818,,,5.068965517241379,5.931034482758621,25
comparison,own_balanced4_r0,11,26,nilochan,31,31,31,0,0,0.7743225,1.5803784193548387,4.097,4.93454,,,5.193548387096774,6.064516129032258,27
comparison,own_balanced4_r0,11,27,nofreewill42,30,30,30,0,0,0.770138,1.5301988833333333,4.08062,4.77114,,,5.133333333333334,6.033333333333333,27
comparison,own_balanced4_r0,11,28,lucaskna,30,30,30,0,0,0.7712545,1.3964111333333333,4.08579,4.74963,,,4.933333333333334,5.8,26
comparison,own_balanced4_r0,11,29,Emile Andrieu,31,31,31,0,0,0.7715420000000001,1.612552758064516,4.0767,4.78348,,,5.354838709677419,6.258064516129032,28
comparison,own_balanced4_r0,11,30,Zhongyi Dai,31,31,31,0,0,0.7838814999999999,1.479811870967742,4.09771,4.76037,,,5.161290322580645,6.064516129032258,28
comparison,own_balanced4_r1,11,0,ALL,1183,1180,1140,88,62,0.7891485,4.3995257419491525,21.198400000000003,103.848,7.636705,23.48232051724138,5.735964912280702,6.817543859649123,1233
comparison,own_balanced4_r1,11,1,Majkel1337,111,111,89,33,21,5.098225,17.61538337837838,62.2618,103.848,32.77875,32.40241878787879,8.348314606741573,9.089887640449438,66
comparison,own_balanced4_r1,11,2,ymg_aq,51,51,51,2,2,0.9631354999999999,1.662586137254902,5.438140000000001,7.51525,4.330165,4.33868,5.470588235294118,6.372549019607843,46
comparison,own_balanced4_r1,11,3,SpaTaro,65,65,65,11,11,2.186375,4.4194179615384614,23.5917,41.3341,3.256895,3.7907877272727273,7.553846153846154,8.815384615384616,82
comparison,own_balanced4_r1,11,4,Mengfei Li,28,28,28,0,0,0.78451,1.047304267857143,2.17514,3.8540900000000002,,,4.535714285714286,5.75,34
comparison,own_balanced4_r1,11,5,Orbital Terraformer,108,107,89,31,17,5.28482,14.498834303738318,55.826699999999995,74.6186,15.67905,28.807085833333332,8.168539325842696,9.101123595505618,83
comparison,own_balanced4_r1,11,6,Otter Vibe,41,41,41,0,0,0.656504,1.4624135121951218,4.376729999999999,6.7649,,,4.902439024390244,4.7560975609756095,-6
comparison,own_balanced4_r1,11,7,redblackbst,31,31,31,1,1,0.714133,2.017611258064516,6.00251,6.953609999999999,5.085789999999999,5.085789999999999,5.483870967741935,6.290322580645161,25
comparison,own_balanced4_r1,11,8,feel the agi,36,36,36,2,2,1.11132,1.6902615277777777,4.65566,6.42576,2.0995299999999997,2.1038125,5.444444444444445,6.444444444444445,36
comparison,own_balanced4_r1,11,9,Catalyst,28,28,28,0,0,0.712339,1.405777375,4.27468,4.28065,,,4.75,5.714285714285714,27
comparison,own_balanced4_r1,11,10,Thomas Tschinkel,32,32,32,0,0,0.7204115,1.550348734375,4.22195,4.247979999999999,,,5.25,6.1875,30
comparison,own_balanced4_r1,11,11,HowardLeeTW,35,34,34,0,0,0.6304025,1.358100455882353,1.45135,21.198400000000003,,,3.8823529411764706,7.117647058823529,110
comparison,own_balanced4_r1,11,12,Artem The Farmer 🍅,47,47,47,0,0,1.235515,2.119622808510638,4.31894,6.59221,,,6.531914893617022,7.574468085106383,49
comparison,own_balanced4_r1,11,13,アルモンド,25,24,24,3,3,0.7028655,1.1664133333333333,3.97254,5.62918,2.997305,3.85676,4.333333333333333,5.416666666666667,26
comparison,own_balanced4_r1,11,14,𝕯𝖊𝖔𝖉𝖎𝖒𝖘 & 𝕮𝖔,32,32,32,1,1,0.6974305000000001,1.456867046875,4.8414399999999995,6.05327,5.1799800000000005,5.1799800000000005,4.5625,5.9375,44
comparison,own_balanced4_r1,11,15,leave you,35,35,35,0,0,0.744579,1.5799663714285714,4.1838299999999995,5.12012,,,5.571428571428571,6.514285714285714,33
comparison,own_balanced4_r1,11,16,keiz,28,28,28,4,4,0.730357,2.010036160714286,6.9556499999999994,20.6182,4.980779999999999,8.2624475,5.142857142857143,6.285714285714286,32
comparison,own_balanced4_r1,11,17,Cow Boy,29,29,29,0,0,0.713526,1.372168448275862,3.9614000000000003,5.07149,,,4.9655172413793105,5.655172413793103,20
comparison,own_balanced4_r1,11,18,Zhenghongshuang,28,28,28,0,0,0.7134925,1.5932300535714286,5.11322,5.15824,,,4.857142857142857,5.714285714285714,24
comparison,own_balanced4_r1,11,19,THIRD FARM CLUB,34,34,34,0,0,0.6943115,1.3343704411764705,2.87147,12.856,,,4.911764705882353,6.588235294117647,57
comparison,own_balanced4_r1,11,20,AI是我的豆包,28,28,28,0,0,0.7129325,1.392195107142857,4.91704,5.10572,,,4.892857142857143,5.714285714285714,23
comparison,own_balanced4_r1,11,21,Kaggriculture Agent,35,35,35,0,0,0.7222074999999999,1.5084166857142858,3.9515599999999997,4.82712,,,5.142857142857143,6.228571428571429,38
comparison,own_balanced4_r1,11,22,Knight of Favonius,29,29,29,0,0,0.7100255,1.7029892586206896,4.67254,6.69557,,,5.068965517241379,6.103448275862069,30
comparison,own_balanced4_r1,11,23,THUNDER THUNDER,49,49,49,0,0,0.8281985000000001,1.5003315102040817,5.277270000000001,7.47764,,,5.387755102040816,7.3061224489795915,94
comparison,own_balanced4_r1,11,24,Phoenix750,36,36,36,0,0,0.9359865,1.5419279027777777,3.91461,3.94888,,,5.277777777777778,6.5,44
comparison,own_balanced4_r1,11,25,Jeryos,29,29,29,0,0,0.7119454999999999,1.5074120517241378,4.07424,4.85097,,,4.931034482758621,5.931034482758621,29
comparison,own_balanced4_r1,11,26,nilochan,31,31,31,0,0,0.7120920000000001,1.4681349193548388,3.9735500000000004,4.0777,,,5.032258064516129,6.064516129032258,32
comparison,own_balanced4_r1,11,27,nofreewill42,30,30,30,0,0,0.7109135,1.5809753,4.2076899999999995,4.69059,,,5,6.033333333333333,31
comparison,own_balanced4_r1,11,28,lucaskna,30,30,30,0,0,0.7091635000000001,1.3996265833333335,4.06541,4.08275,,,4.766666666666667,5.8,31
comparison,own_balanced4_r1,11,29,Emile Andrieu,31,31,31,0,0,0.7170460000000001,1.6870438548387097,4.2063999999999995,4.66685,,,5.225806451612903,6.258064516129032,32
comparison,own_balanced4_r1,11,30,Zhongyi Dai,31,31,31,0,0,0.7116515,1.5534414193548387,4.281359999999999,4.7073599999999995,,,5.064516129032258,6.064516129032258,31
comparison,original_balanced4_r0,13,0,ALL,1279,1279,1275,115,115,1.1571449999999999,7.411244345582486,46.5433,264.518,12.099599999999999,25.68313956521739,6.421960784313725,7.337254901960784,1167
comparison,original_balanced4_r0,13,1,Majkel1337,111,111,111,33,33,9.348665,24.227770927927928,75.173,166.798,29.49735,37.17989196969697,9.378378378378379,9.468468468468469,10
comparison,original_balanced4_r0,13,2,ymg_aq,58,58,58,8,8,1.31793,9.939417965517242,36.8767,264.518,18.11273,52.98024625,6.086206896551724,7.086206896551724,58
comparison,original_balanced4_r0,13,3,SpaTaro,69,69,69,11,11,3.07064,12.989533760869564,65.86410000000001,111.747,3.85832,6.707691363636363,7.9855072463768115,9,70
comparison,original_balanced4_r0,13,4,Mengfei Li,28,28,28,0,0,1.05137,1.2381467321428572,2.7462600000000004,3.4099899999999996,,,4.535714285714286,5.75,34
comparison,original_balanced4_r0,13,5,Orbital Terraformer,108,108,108,31,31,5.159895000000001,16.574829796296296,70.29860000000001,165.401,13.22925,23.44855241935484,9.018518518518519,9.435185185185185,45
comparison,original_balanced4_r0,13,6,Otter Vibe,43,43,43,0,0,0.7127945,4.819605313953488,6.583189999999999,98.43,,,5.441860465116279,5.116279069767442,-14
comparison,original_balanced4_r0,13,7,redblackbst,33,33,33,3,3,1.05139,1.8172285,3.97924,4.24993,3.293995,3.141425,5.848484848484849,6.636363636363637,26
comparison,original_balanced4_r0,13,8,feel the agi,36,36,36,2,2,1.16765,2.0451953194444443,5.87299,6.49461,3.2241799999999996,3.2198925,5.583333333333333,6.444444444444445,31
comparison,original_balanced4_r0,13,9,Catalyst,28,28,28,0,0,0.9500445,1.5030740535714286,4.09581,4.10774,,,4.857142857142857,5.714285714285714,24
comparison,original_balanced4_r0,13,10,Thomas Tschinkel,32,32,32,0,0,1.0086125000000001,1.732637734375,4.25937,4.86899,,,5.3125,6.1875,28
comparison,original_balanced4_r0,13,11,HowardLeeTW,49,49,49,0,0,0.984019,2.733295887755102,10.031600000000001,21.3768,,,5.551020408163265,8.53061224489796,146
comparison,original_balanced4_r0,13,12,Artem The Farmer 🍅,52,52,48,0,0,2.176565,18.07355345192308,198.111,219.603,,,6.75,7.666666666666667,44
comparison,original_balanced4_r0,13,13,アルモンド,26,26,26,4,4,0.947727,1.6154505576923077,5.20763,5.47147,4.4778400000000005,4.5214775000000005,4.884615384615385,5.884615384615385,26
comparison,original_balanced4_r0,13,14,𝕯𝖊𝖔𝖉𝖎𝖒𝖘 & 𝕮𝖔,33,33,33,1,1,0.9482925,1.4616609696969698,3.93854,5.26951,3.193815,3.193815,4.96969696969697,6.121212121212121,38
comparison,original_balanced4_r0,13,15,leave you,36,36,36,0,0,1.05294,2.0606341805555557,5.27384,5.783270000000001,,,5.805555555555555,6.666666666666667,31
comparison,original_balanced4_r0,13,16,keiz,67,67,67,17,17,3.2483750000000002,10.806163805970149,71.1614,75.042,10.88265,19.4166,8.283582089552239,9.611940298507463,89
comparison,original_balanced4_r0,13,17,Cow Boy,32,32,32,2,2,1.00494,4.1058415625,5.97617,46.5433,41.0665,41.02345,5.6875,6.3125,20
comparison,original_balanced4_r0,13,18,Zhenghongshuang,28,28,28,0,0,0.95453,1.5334751607142858,4.04069,4.08214,,,5,5.714285714285714,20
comparison,original_balanced4_r0,13,19,THIRD FARM CLUB,36,36,36,0,0,1.10696,5.573408736111111,10.562299999999999,111.79,,,5.694444444444445,6.916666666666667,44
comparison,original_balanced4_r0,13,20,AI是我的豆包,28,28,28,0,0,0.955613,1.469750375,3.79419,4.02495,,,4.928571428571429,5.714285714285714,22
comparison,original_balanced4_r0,13,21,Kaggriculture Agent,35,35,35,0,0,1.049935,1.6550469,4.10598,4.4266499999999995,,,5.3428571428571425,6.228571428571429,31
comparison,original_balanced4_r0,13,22,Knight of Favonius,30,30,30,0,0,0.9586760000000001,1.8577480166666667,4.5926800000000005,5.4816,,,5.433333333333334,6.3,26
comparison,original_balanced4_r0,13,23,THUNDER THUNDER,56,56,56,0,0,1.2946499999999999,2.2585462589285714,5.96752,9.502790000000001,,,5.821428571428571,7.892857142857143,116
comparison,original_balanced4_r0,13,24,Phoenix750,38,38,38,0,0,0.9598255,1.9857844078947369,5.28387,5.37017,,,5.842105263157895,6.7894736842105265,36
comparison,original_balanced4_r0,13,25,Jeryos,29,29,29,0,0,0.956311,1.5271025172413792,3.5611599999999997,4.418399999999999,,,5.068965517241379,5.931034482758621,25
comparison,original_balanced4_r0,13,26,nilochan,35,35,35,3,3,1.05076,3.126071457142857,8.83725,22.9793,21.025100000000002,17.606676666666665,5.857142857142857,6.828571428571428,34
comparison,original_balanced4_r0,13,27,nofreewill42,30,30,30,0,0,0.961689,1.6314670333333334,4.26024,4.88513,,,5.166666666666667,6.033333333333333,26
comparison,original_balanced4_r0,13,28,lucaskna,30,30,30,0,0,0.9629315,1.4954423833333332,3.5492199999999996,6.11215,,,4.933333333333334,5.8,26
comparison,original_balanced4_r0,13,29,Emile Andrieu,32,32,32,0,0,1.0123215,1.911037734375,4.575609999999999,5.514939999999999,,,5.5625,6.4375,28
comparison,original_balanced4_r0,13,30,Zhongyi Dai,31,31,31,0,0,0.9761595000000001,1.653259741935484,4.16862,4.90382,,,5.193548387096774,6.064516129032258,27
comparison,original_full8_r0,13,0,ALL,1279,1279,1275,115,115,0.782403,29.936647078967944,146.824,2117.91,30.06435,102.08906956086956,6.622745098039216,7.337254901960784,911
comparison,original_full8_r0,13,1,Majkel1337,111,111,111,33,33,7.2307749999999995,96.27186042342342,487.116,896.378,77.41665,128.2707803030303,9.288288288288289,9.468468468468469,20
comparison,original_full8_r0,13,2,ymg_aq,58,58,58,8,8,1.0064745,51.52096887068966,118.995,2117.91,8.45482,301.077929375,6.189655172413793,7.086206896551724,52
comparison,original_full8_r0,13,3,SpaTaro,69,69,69,11,11,2.464095,67.17096276086957,469.953,881.373,2.873805,14.8237395,8.014492753623188,9,68
comparison,original_full8_r0,13,4,Mengfei Li,28,28,28,0,0,0.5563245,0.8493030892857143,2.2562699999999998,3.44538,,,5.035714285714286,5.75,20
comparison,original_full8_r0,13,5,Orbital Terraformer,108,108,108,31,31,4.082224999999999,67.81617550462963,444.719,642.758,45.6597,86.86567016129032,9.00925925925926,9.435185185185185,46
comparison,original_full8_r0,13,6,Otter Vibe,43,43,43,0,0,0.479317,20.540195395348835,4.91195,536.251,,,5.651162790697675,5.116279069767442,-23
comparison,original_full8_r0,13,7,redblackbst,33,33,33,3,3,0.6038925,1.2887632424242423,2.99097,3.5283200000000003,2.08566,2.071441666666667,6.151515151515151,6.636363636363637,16
comparison,original_full8_r0,13,8,feel the agi,36,36,36,2,2,0.6029435,1.3546095555555555,3.70538,4.0686100000000005,2.13022,2.1367599999999998,6.027777777777778,6.444444444444445,15
comparison,original_full8_r0,13,9,Catalyst,28,28,28,0,0,0.5738685000000001,1.090147517857143,3.0799600000000003,3.10518,,,5.142857142857143,5.714285714285714,16
comparison,original_full8_r0,13,10,Thomas Tschinkel,32,32,32,0,0,0.5890445,1.247867921875,2.88185,3.82296,,,5.625,6.1875,18
comparison,original_full8_r0,13,11,HowardLeeTW,49,49,49,0,0,0.6681695000000001,1.7288333775510203,5.54497,9.305290000000001,,,5.979591836734694,8.53061224489796,125
comparison,original_full8_r0,13,12,Artem The Farmer 🍅,52,52,48,0,0,1.73968,129.59057485576923,1574.36,1750.15,,,6.9375,7.666666666666667,35
comparison,original_full8_r0,13,13,アルモンド,26,26,26,4,4,0.5712835,1.0232960961538462,2.98971,3.08934,2.684375,2.71054875,5.3076923076923075,5.884615384615385,15
comparison,original_full8_r0,13,14,𝕯𝖊𝖔𝖉𝖎𝖒𝖘 & 𝕮𝖔,33,33,33,1,1,0.5711459999999999,1.0327077878787878,2.89545,3.35394,2.332185,2.332185,5.242424242424242,6.121212121212121,29
comparison,original_full8_r0,13,15,leave you,36,36,36,0,0,0.6025885,1.4522814722222221,3.35388,4.50765,,,6.138888888888889,6.666666666666667,19
comparison,original_full8_r0,13,16,keiz,67,67,67,17,17,2.4189100000000003,41.99811441791044,283.84,581.448,24.31985,88.01951058823529,8.313432835820896,9.611940298507463,87
comparison,original_full8_r0,13,17,Cow Boy,32,32,32,2,2,0.5878619999999999,15.981220359375,3.31642,259.145,238.5935,238.56775,5.96875,6.3125,11
comparison,original_full8_r0,13,18,Zhenghongshuang,28,28,28,0,0,0.5737045000000001,1.1191288035714286,3.05755,3.11117,,,5.285714285714286,5.714285714285714,12
comparison,original_full8_r0,13,19,THIRD FARM CLUB,36,36,36,0,0,0.578581,16.107840777777778,42.2425,376.977,,,5.861111111111111,6.916666666666667,38
comparison,original_full8_r0,13,20,AI是我的豆包,28,28,28,0,0,0.5749359999999999,1.07652175,2.87833,3.05484,,,5.214285714285714,5.714285714285714,14
comparison,original_full8_r0,13,21,Kaggriculture Agent,35,35,35,0,0,0.602274,1.2063554571428572,3.05851,3.82158,,,5.571428571428571,6.228571428571429,23
comparison,original_full8_r0,13,22,Knight of Favonius,30,30,30,0,0,0.5760125,1.2697577,3.11571,3.61183,,,5.733333333333333,6.3,17
comparison,original_full8_r0,13,23,THUNDER THUNDER,56,56,56,0,0,0.8056675,1.5918341875,4.474729999999999,4.98909,,,6.125,7.892857142857143,99
comparison,original_full8_r0,13,24,Phoenix750,38,38,38,0,0,0.6056444999999999,1.3610170657894738,3.37286,3.76026,,,6.052631578947368,6.7894736842105265,28
comparison,original_full8_r0,13,25,Jeryos,29,29,29,0,0,0.575909,1.1012616206896553,2.51459,3.18276,,,5.344827586206897,5.931034482758621,17
comparison,original_full8_r0,13,26,nilochan,35,35,35,3,3,0.602033,8.176735242857143,27.503700000000002,134.153,84.09995,81.88583333333334,6.114285714285714,6.828571428571428,25
comparison,original_full8_r0,13,27,nofreewill42,30,30,30,0,0,0.5744905,1.1502622666666666,2.69612,3.1495100000000003,,,5.5,6.033333333333333,16
comparison,original_full8_r0,13,28,lucaskna,30,30,30,0,0,0.5742425,1.0457,2.7917199999999998,2.9412800000000003,,,5.2,5.8,18
comparison,original_full8_r0,13,29,Emile Andrieu,32,32,32,0,0,0.589143,1.3169293125,3.11957,3.6175300000000004,,,5.875,6.4375,18
comparison,original_full8_r0,13,30,Zhongyi Dai,31,31,31,0,0,0.5758435,1.178484677419355,2.93852,3.1190700000000002,,,5.516129032258065,6.064516129032258,17
comparison,own_balanced4_r0,13,0,ALL,1279,1275,1198,115,88,0.939215,8.618467660392156,51.907199999999996,324.44,9.222355,28.93932321681416,6.156928213689483,7.097662771285476,1127
comparison,own_balanced4_r0,13,1,Majkel1337,111,111,91,33,24,6.225215,30.314032887387388,97.6039,324.44,19.1299,32.192865818181815,9,9.142857142857142,13
comparison,own_balanced4_r0,13,2,ymg_aq,58,58,58,8,8,1.298165,11.290516922413794,74.1568,165.712,34.7879,57.30014375,6.310344827586207,7.086206896551724,45
comparison,own_balanced4_r0,13,3,SpaTaro,69,69,47,11,7,0.4608325,4.0453494927536235,6.24994,161.627,1.5880899999999998,1.6482275454545454,6.446808510638298,8.106382978723405,78
comparison,own_balanced4_r0,13,4,Mengfei Li,28,28,28,0,0,0.927659,1.2164059642857143,2.43164,5.539680000000001,,,4.571428571428571,5.75,33
comparison,own_balanced4_r0,13,5,Orbital Terraformer,108,107,90,31,24,3.883555,20.716811406542057,72.4279,311.416,11.09448,28.7588157,8.811111111111112,9.122222222222222,28
comparison,own_balanced4_r0,13,6,Otter Vibe,43,43,43,0,0,0.873609,4.343951988372093,6.56838,110.365,,,5.348837209302325,5.116279069767442,-10
comparison,own_balanced4_r0,13,7,redblackbst,33,33,33,3,3,0.8529135,2.9663297575757577,4.137770000000001,43.7213,3.1284,16.551116666666665,5.787878787878788,6.636363636363637,28
comparison,own_balanced4_r0,13,8,feel the agi,36,36,36,2,2,1.12752,1.8509067083333333,4.81203,7.45391,2.239375,2.2404475,5.555555555555555,6.444444444444445,32
comparison,own_balanced4_r0,13,9,Catalyst,28,28,28,0,0,0.7661370000000001,1.363326,4.36513,4.37676,,,4.857142857142857,5.714285714285714,24
comparison,own_balanced4_r0,13,10,Thomas Tschinkel,32,32,32,0,0,0.8104615,1.46413103125,3.37136,4.06652,,,5.25,6.1875,30
comparison,own_balanced4_r0,13,11,HowardLeeTW,49,48,46,0,0,0.86246,1.7264396458333333,6.331510000000001,7.00536,,,5.3478260869565215,8.391304347826088,140
comparison,own_balanced4_r0,13,12,Artem The Farmer 🍅,52,52,48,0,0,2.1395999999999997,17.55203908653846,178.257,219.781,,,6.708333333333333,7.666666666666667,46
comparison,own_balanced4_r0,13,13,アルモンド,26,24,24,4,3,0.759822,1.2114848958333333,3.82043,4.24727,3.823645,3.8860716666666666,4.416666666666667,5.416666666666667,24
comparison,own_balanced4_r0,13,14,𝕯𝖊𝖔𝖉𝖎𝖒𝖘 & 𝕮𝖔,33,33,33,1,1,0.768475,1.957820106060606,4.0854099999999995,19.8601,19.761049999999997,19.761049999999997,4.9393939393939394,6.121212121212121,39
comparison,own_balanced4_r0,13,15,leave you,36,36,36,0,0,1.13249,1.9139379861111112,4.15903,6.011939999999999,,,5.916666666666667,6.666666666666667,27
comparison,own_balanced4_r0,13,16,keiz,67,67,56,17,11,2.471645,23.560495104477614,194.495,247.426,7.20602,29.766712794117648,7.875,9.196428571428571,74
comparison,own_balanced4_r0,13,17,Cow Boy,32,32,31,2,2,0.7881739999999999,6.181392953125,4.93682,104.865,77.13155,77.40379999999999,5.645161290322581,6.161290322580645,16
comparison,own_balanced4_r0,13,18,Zhenghongshuang,28,28,28,0,0,0.9461615,1.576564392857143,3.99656,4.03356,,,5,5.714285714285714,20
comparison,own_balanced4_r0,13,19,THIRD FARM CLUB,36,36,36,0,0,1.11558,6.5373137777777774,9.66999,111.501,,,5.75,6.916666666666667,42
comparison,own_balanced4_r0,13,20,AI是我的豆包,28,28,28,0,0,0.946249,1.4952961785714285,3.98685,4.03222,,,4.964285714285714,5.714285714285714,21
comparison,own_balanced4_r0,13,21,Kaggriculture Agent,35,35,35,0,0,0.853917,1.5786776714285715,4.00211,5.62554,,,5.3428571428571425,6.228571428571429,31
comparison,own_balanced4_r0,13,22,Knight of Favonius,30,30,30,0,0,0.777047,1.6419618,4.37958,4.40468,,,5.433333333333334,6.3,26
comparison,own_balanced4_r0,13,23,THUNDER THUNDER,56,56,56,0,0,1.33648,3.063080776785714,6.77478,45.2334,,,5.839285714285714,7.892857142857143,115
comparison,own_balanced4_r0,13,24,Phoenix750,38,38,38,0,0,0.968665,1.6706838289473684,4.1288100000000005,4.962359999999999,,,5.815789473684211,6.7894736842105265,37
comparison,own_balanced4_r0,13,25,Jeryos,29,29,29,0,0,0.771305,1.4871344310344827,4.0734699999999995,4.09723,,,5.068965517241379,5.931034482758621,25
comparison,own_balanced4_r0,13,26,nilochan,35,35,35,3,3,0.8525309999999999,5.0604847,17.516599999999997,57.558699999999995,47.03895,40.69586666666667,5.885714285714286,6.828571428571428,33
comparison,own_balanced4_r0,13,27,nofreewill42,30,30,30,0,0,0.771512,1.5274797166666667,4.0914,4.7613199999999996,,,5.133333333333334,6.033333333333333,27
comparison,own_balanced4_r0,13,28,lucaskna,30,30,30,0,0,0.780967,1.3966855,4.07585,4.74757,,,4.933333333333334,5.8,26
comparison,own_balanced4_r0,13,29,Emile Andrieu,32,32,32,0,0,0.809027,1.6689476875,4.07488,4.75904,,,5.53125,6.4375,29
comparison,own_balanced4_r0,13,30,Zhongyi Dai,31,31,31,0,0,0.7717765,1.478534935483871,4.0905700000000005,4.75763,,,5.161290322580645,6.064516129032258,28
comparison,own_balanced4_r1,13,0,ALL,1279,1275,1274,115,113,1.1050849999999999,5.627826543921569,34.195800000000006,160.97,8.650984999999999,26.190021592920353,6.259026687598116,7.34065934065934,1378
comparison,own_balanced4_r1,13,1,Majkel1337,111,111,111,33,33,5.099259999999999,19.198739288288287,67.2351,109.298,32.81705,35.92476318181818,9.08108108108108,9.468468468468469,43
comparison,own_balanced4_r1,13,2,ymg_aq,58,58,58,8,8,1.21792,5.717491387931035,27.8718,95.772,14.623584999999999,28.4440075,6.172413793103448,7.086206896551724,53
comparison,own_balanced4_r1,13,3,SpaTaro,69,69,69,11,11,2.5905699999999996,7.090117224637681,40.063,67.5723,3.27011,3.7829754545454546,7.782608695652174,9,84
comparison,own_balanced4_r1,13,4,Mengfei Li,28,28,28,0,0,0.7808284999999999,1.04567475,2.16807,3.8622199999999998,,,4.535714285714286,5.75,34
comparison,own_balanced4_r1,13,5,Orbital Terraformer,108,107,107,31,30,5.300205,16.52907440186916,60.832800000000006,116.214,15.692699999999999,32.556626666666666,8.822429906542055,9.42056074766355,64
comparison,own_balanced4_r1,13,6,Otter Vibe,43,43,42,0,0,0.6619889999999999,5.345345395348837,6.7218599999999995,160.97,,,5.0476190476190474,4.928571428571429,-5
comparison,own_balanced4_r1,13,7,redblackbst,33,33,33,3,3,0.7221085,2.0767561212121213,6.00141,6.91434,3.0913,3.712155,5.7272727272727275,6.636363636363637,30
comparison,own_balanced4_r1,13,8,feel the agi,36,36,36,2,2,1.11545,1.6907005972222222,4.63965,6.433350000000001,2.09871,2.1003600000000002,5.444444444444445,6.444444444444445,36
comparison,own_balanced4_r1,13,9,Catalyst,28,28,28,0,0,0.707903,1.4063336785714287,4.26432,4.29535,,,4.75,5.714285714285714,27
comparison,own_balanced4_r1,13,10,Thomas Tschinkel,32,32,32,0,0,0.71836,1.54756203125,4.225020000000001,4.246239999999999,,,5.25,6.1875,30
comparison,own_balanced4_r1,13,11,HowardLeeTW,49,48,48,0,0,0.9851925,2.5594734166666666,9.11657,21.137700000000002,,,5.3125,8.541666666666666,155
comparison,own_balanced4_r1,13,12,Artem The Farmer 🍅,52,52,52,0,0,2.087615,2.402315278846154,5.3389,6.5988500000000005,,,6.9423076923076925,8.076923076923077,59
comparison,own_balanced4_r1,13,13,アルモンド,26,24,24,4,3,0.7003345000000001,1.1669423541666666,3.97814,5.6052100000000005,3.004725,3.8568083333333334,4.333333333333333,5.416666666666667,26
comparison,own_balanced4_r1,13,14,𝕯𝖊𝖔𝖉𝖎𝖒𝖘 & 𝕮𝖔,33,33,33,1,1,0.708025,1.586316712121212,5.18916,6.06142,5.1818550000000005,5.1818550000000005,4.757575757575758,6.121212121212121,45
comparison,own_balanced4_r1,13,15,leave you,36,36,36,0,0,0.7450725,1.6519896388888888,4.18457,5.12719,,,5.722222222222222,6.666666666666667,34
comparison,own_balanced4_r1,13,16,keiz,67,67,67,17,17,2.971675,8.074781582089553,37.780300000000004,74.2091,7.49369,16.052875294117648,8.074626865671641,9.611940298507463,103
comparison,own_balanced4_r1,13,17,Cow Boy,32,32,32,2,2,0.7182085,5.56529703125,5.769550000000001,67.6035,66.33680000000001,66.3434,5.5625,6.3125,24
comparison,own_balanced4_r1,13,18,Zhenghongshuang,28,28,28,0,0,0.7121099999999999,1.5882814642857142,5.10621,5.138520000000001,,,4.857142857142857,5.714285714285714,24
comparison,own_balanced4_r1,13,19,THIRD FARM CLUB,36,36,36,0,0,0.6965785,3.3657941944444443,3.9357399999999996,72.54639999999999,,,5.194444444444445,6.916666666666667,62
comparison,own_balanced4_r1,13,20,AI是我的豆包,28,28,28,0,0,0.7106465,1.3943950357142858,4.93629,5.111689999999999,,,4.892857142857143,5.714285714285714,23
comparison,own_balanced4_r1,13,21,Kaggriculture Agent,35,35,35,0,0,0.7242230000000001,1.5081762,3.9498200000000003,4.81386,,,5.142857142857143,6.228571428571429,38
comparison,own_balanced4_r1,13,22,Knight of Favonius,30,30,30,0,0,0.7139955,1.8107498666666666,4.94194,6.68053,,,5.233333333333333,6.3,32
comparison,own_balanced4_r1,13,23,THUNDER THUNDER,56,56,56,0,0,0.9291885,2.0890868214285714,7.2926899999999995,9.87632,,,5.803571428571429,7.892857142857143,117
comparison,own_balanced4_r1,13,24,Phoenix750,38,38,38,0,0,0.979162,1.6734635921052632,3.94436,4.06877,,,5.578947368421052,6.7894736842105265,46
comparison,own_balanced4_r1,13,25,Jeryos,29,29,29,0,0,0.710395,1.5077939827586206,4.07866,4.82374,,,4.931034482758621,5.931034482758621,29
comparison,own_balanced4_r1,13,26,nilochan,35,35,35,3,3,0.7210000000000001,3.999381857142857,7.06102,54.74,28.62545,30.138840000000002,5.742857142857143,6.828571428571428,38
comparison,own_balanced4_r1,13,27,nofreewill42,30,30,30,0,0,0.71306,1.5795792333333334,4.1891300000000005,4.70629,,,5,6.033333333333333,31
comparison,own_balanced4_r1,13,28,lucaskna,30,30,30,0,0,0.7110945,1.3998117333333333,4.05328,4.07817,,,4.766666666666667,5.8,31
comparison,own_balanced4_r1,13,29,Emile Andrieu,32,32,32,0,0,0.7171910000000001,1.787377984375,4.64497,4.99352,,,5.375,6.4375,34
comparison,own_balanced4_r1,13,30,Zhongyi Dai,31,31,31,0,0,0.712766,1.554593935483871,4.28187,4.69226,,,5.064516129032258,6.064516129032258,31
