set,file,seed,seat,own,rival,margin,uncompiled_days,fallback_days,invalid_intents,discarded,rival_discarded,compile_ms_max,land,rival_land,animals,rival_animals,escaped,rival_escaped
panel/cand1_gates,agent_sep23,700,0,95072,72088,22984,0,2,0,0,12,1068.74,3,3,14,12,,
panel/cand1_gates,agent_sep23,700,1,85270,64364,20906,0,2,0,0,41,1591.21,3,3,14,12,,
panel/cand1_gates,agent_sep23,701,0,111758,81314,30444,0,2,0,17,46,2047.2,3,3,15,14,,
panel/cand1_gates,agent_sep23,701,1,111532,81799,29733,0,2,0,17,54,1298.14,3,3,15,14,,
panel/cand1_gates,agent_sep23,702,0,96508,82277,14231,0,4,0,0,19,1446.12,3,3,11,10,,
panel/cand1_gates,agent_sep23,702,1,96999,83019,13980,0,4,0,0,5,1433.88,3,3,7,10,,
panel/cand1_gates,agent_sep23,703,0,166732,113290,53442,0,2,0,0,11,1094.11,3,3,15,10,,
panel/cand1_gates,agent_sep23,703,1,163229,118053,45176,0,2,0,0,75,1059.2,3,3,15,10,,
panel/cand1_gates,agent_sep23,704,0,130341,103311,27030,0,2,0,0,28,1469.52,3,3,10,13,,
panel/cand1_gates,agent_sep23,704,1,121595,98708,22887,0,2,0,9,50,2773.7,3,3,10,14,,
panel/cand1_gates,agent_sep23,705,0,127779,101628,26151,0,3,0,0,39,1193.13,3,3,12,11,,
panel/cand1_gates,agent_sep23,705,1,136334,94650,41684,0,2,0,0,99,773.748,3,3,14,10,,
panel/cand1_gates,agent_sep23,706,0,144396,111533,32863,0,5,0,6,53,1100.16,3,3,15,13,,
panel/cand1_gates,agent_sep23,706,1,144396,111533,32863,0,5,0,6,53,714.074,3,3,15,13,,
panel/cand1_gates,agent_sep23,707,0,149260,123371,25889,0,3,0,0,109,1380.49,3,3,12,8,,
panel/cand1_gates,agent_sep23,707,1,149260,123371,25889,0,3,0,0,109,1007.49,3,3,12,8,,
panel/cand1_gates,agent_sep23,708,0,120622,87965,32657,0,2,0,0,31,680.188,3,3,16,9,,
panel/cand1_gates,agent_sep23,708,1,120622,87965,32657,0,2,0,0,31,831.427,3,3,16,9,,
panel/cand1_gates,agent_sep23,709,0,160308,97662,62646,0,3,0,0,197,1063.1,3,3,14,11,,
panel/cand1_gates,agent_sep23,709,1,160308,97662,62646,0,3,0,0,197,949.971,3,3,14,11,,
panel/cand1_gates,agent_sep23,710,0,126898,103627,23271,0,2,0,12,111,2482.74,3,3,14,14,,
panel/cand1_gates,agent_sep23,710,1,126898,103627,23271,0,2,0,12,111,2618.73,3,3,14,14,,
panel/cand1_gates,agent_sep23,711,0,112804,106566,6238,0,2,0,0,42,1459.24,3,3,14,11,,
panel/cand1_gates,agent_sep23,711,1,112804,106566,6238,0,2,0,0,42,1539.3,3,3,14,11,,
panel/cand1_gates,agent_sep23,712,0,119549,158873,-39324,0,5,0,0,150,966.881,2,3,13,10,,
panel/cand1_gates,agent_sep23,712,1,87876,72526,15350,0,3,0,6,58,1058.49,3,3,10,11,,
panel/cand1_gates,agent_sep23,713,0,129233,108001,21232,0,3,0,0,5,1237.62,3,3,13,10,,
panel/cand1_gates,agent_sep23,713,1,129233,108001,21232,0,3,0,0,5,1207.41,3,3,13,10,,
panel/cand1_gates,agent_sep23,714,0,111035,95661,15374,0,2,0,0,53,730.486,3,3,15,14,,
panel/cand1_gates,agent_sep23,714,1,111035,95661,15374,0,2,0,0,53,1047.43,3,3,15,14,,
panel/cand1_gates,agent_sep23,715,0,169341,115464,53877,0,2,0,1,107,1300.89,3,3,15,15,,
panel/cand1_gates,agent_sep23,715,1,163247,114412,48835,0,2,0,0,55,874.273,3,3,15,16,,
panel/cand1_gates,ahmed_v25,700,0,141060,83890,57170,0,1,0,0,6,1318.97,3,3,11,17,,
panel/cand1_gates,ahmed_v25,700,1,141060,83890,57170,0,1,0,0,6,1455.38,3,3,11,17,,
panel/cand1_gates,ahmed_v25,701,0,148530,123277,25253,0,3,0,0,6,1844.92,3,3,14,17,,
panel/cand1_gates,ahmed_v25,701,1,148530,123277,25253,0,3,0,0,6,1521.19,3,3,14,17,,
panel/cand1_gates,ahmed_v25,702,0,97266,89560,7706,0,2,0,0,6,1167.07,3,3,11,17,,
panel/cand1_gates,ahmed_v25,702,1,97266,89560,7706,0,2,0,0,6,944.701,3,3,11,17,,
panel/cand1_gates,ahmed_v25,703,0,111528,82320,29208,0,3,0,1,6,1482.59,3,3,13,17,,
panel/cand1_gates,ahmed_v25,703,1,111528,82320,29208,0,3,0,1,6,2029.17,3,3,13,17,,
panel/cand1_gates,ahmed_v25,704,0,85045,59430,25615,0,2,0,0,6,736.72,3,3,10,17,,
panel/cand1_gates,ahmed_v25,704,1,85045,59430,25615,0,2,0,0,6,852.025,3,3,10,17,,
panel/cand1_gates,ahmed_v25,705,0,134182,113058,21124,0,3,0,0,6,1371.75,3,3,11,17,,
panel/cand1_gates,ahmed_v25,705,1,134182,113058,21124,0,3,0,0,6,1757.3,3,3,11,17,,
panel/cand1_gates,ahmed_v25,706,0,139928,103093,36835,0,3,0,0,0,1977.87,3,3,15,16,,
panel/cand1_gates,ahmed_v25,706,1,139928,103093,36835,0,3,0,0,0,1710.62,3,3,15,16,,
panel/cand1_gates,ahmed_v25,707,0,143648,114684,28964,0,2,0,0,6,1204.96,3,3,14,17,,
panel/cand1_gates,ahmed_v25,707,1,143648,114684,28964,0,2,0,0,6,968.086,3,3,14,17,,
panel/cand1_gates,ahmed_v25,708,0,81065,65696,15369,0,3,0,0,6,1257.25,3,3,14,17,,
panel/cand1_gates,ahmed_v25,708,1,81065,65696,15369,0,3,0,0,6,772.898,3,3,14,17,,
panel/cand1_gates,ahmed_v25,709,0,127434,110763,16671,0,2,0,0,6,745.608,3,3,12,17,,
panel/cand1_gates,ahmed_v25,709,1,127434,110763,16671,0,2,0,0,6,718.738,3,3,12,17,,
panel/cand1_gates,ahmed_v25,710,0,134490,78754,55736,0,4,0,0,6,783.663,3,3,14,17,,
panel/cand1_gates,ahmed_v25,710,1,134490,78754,55736,0,4,0,0,6,970.515,3,3,14,17,,
panel/cand1_gates,ahmed_v25,711,0,124333,115403,8930,0,1,0,0,6,705.907,3,3,11,17,,
panel/cand1_gates,ahmed_v25,711,1,124333,115403,8930,0,1,0,0,6,761.364,3,3,11,17,,
panel/cand1_gates,ahmed_v25,712,0,88188,70178,18010,0,2,0,0,6,1019.02,3,3,10,17,,
panel/cand1_gates,ahmed_v25,712,1,111989,104184,7805,0,4,0,0,6,499.759,3,3,12,17,,
panel/cand1_gates,ahmed_v25,713,0,173535,134014,39521,0,3,0,0,6,701.728,3,3,14,17,,
panel/cand1_gates,ahmed_v25,713,1,173535,134014,39521,0,3,0,0,6,760.314,3,3,14,17,,
panel/cand1_gates,ahmed_v25,714,0,131852,120798,11054,0,2,0,0,6,1076.17,3,3,11,17,,
panel/cand1_gates,ahmed_v25,714,1,131852,120798,11054,0,2,0,0,6,975.189,3,3,11,17,,
panel/cand1_gates,ahmed_v25,715,0,143398,119176,24222,0,3,0,0,6,913.72,3,3,15,17,,
panel/cand1_gates,ahmed_v25,715,1,143398,119176,24222,0,3,0,0,6,906.667,3,3,15,17,,
panel/cand1_gates,arlene_v4_m31,700,0,100049,81538,18511,0,1,0,0,0,1374.71,3,3,12,17,,
panel/cand1_gates,arlene_v4_m31,700,1,100050,81538,18512,0,1,0,0,0,1339.77,3,3,12,17,,
panel/cand1_gates,arlene_v4_m31,701,0,138091,116377,21714,0,3,0,0,0,880.41,3,3,14,17,,
panel/cand1_gates,arlene_v4_m31,701,1,133934,114358,19576,0,3,0,0,0,1279.75,3,3,14,17,,
panel/cand1_gates,arlene_v4_m31,702,0,106978,80258,26720,0,1,0,0,0,900.851,3,3,11,3,,
panel/cand1_gates,arlene_v4_m31,702,1,106978,80258,26720,0,1,0,0,0,1358.02,3,3,11,3,,
panel/cand1_gates,arlene_v4_m31,703,0,127229,97701,29528,0,2,0,10,0,940.535,3,3,14,17,,
panel/cand1_gates,arlene_v4_m31,703,1,127173,97702,29471,0,2,0,10,0,925.887,3,3,14,17,,
panel/cand1_gates,arlene_v4_m31,704,0,115668,100089,15579,0,1,0,10,0,1993.99,3,3,12,17,,
panel/cand1_gates,arlene_v4_m31,704,1,116608,100578,16030,0,1,0,8,0,2478.68,3,3,12,17,,
panel/cand1_gates,arlene_v4_m31,705,0,154123,132929,21194,0,3,0,0,0,1151.58,3,3,13,17,,
panel/cand1_gates,arlene_v4_m31,705,1,154123,132929,21194,0,3,0,0,0,823.588,3,3,13,17,,
panel/cand1_gates,arlene_v4_m31,706,0,136978,124466,12512,0,4,0,6,0,2293.5,3,3,17,17,,
panel/cand1_gates,arlene_v4_m31,706,1,136978,124466,12512,0,4,0,6,0,1186.79,3,3,17,17,,
panel/cand1_gates,arlene_v4_m31,707,0,166023,131306,34717,0,3,0,0,0,815.284,3,3,14,17,,
panel/cand1_gates,arlene_v4_m31,707,1,166023,131306,34717,0,3,0,0,0,824.738,3,3,14,17,,
panel/cand1_gates,arlene_v4_m31,708,0,101205,70987,30218,0,3,0,5,0,1434.57,3,3,19,17,,
panel/cand1_gates,arlene_v4_m31,708,1,101205,70987,30218,0,3,0,5,0,1328.38,3,3,19,17,,
panel/cand1_gates,arlene_v4_m31,709,0,82394,64344,18050,0,1,0,1,0,1160.07,3,3,12,17,,
panel/cand1_gates,arlene_v4_m31,709,1,82394,64344,18050,0,1,0,1,0,1149.95,3,3,12,17,,
panel/cand1_gates,arlene_v4_m31,710,0,95701,65402,30299,0,3,0,39,0,1126.96,3,3,15,17,,
panel/cand1_gates,arlene_v4_m31,710,1,95593,65415,30178,0,3,0,39,0,1010.32,3,3,15,17,,
panel/cand1_gates,arlene_v4_m31,711,0,111515,84105,27410,0,1,0,0,0,1214.36,3,3,11,3,,
panel/cand1_gates,arlene_v4_m31,711,1,111515,84105,27410,0,1,0,0,0,1051.58,3,3,11,3,,
panel/cand1_gates,arlene_v4_m31,712,0,103401,69085,34316,0,3,0,0,0,2187.44,3,3,11,3,,
panel/cand1_gates,arlene_v4_m31,712,1,90436,73744,16692,0,4,0,0,0,1033.62,3,3,12,16,,
panel/cand1_gates,arlene_v4_m31,713,0,151342,122721,28621,0,2,0,0,0,1717.77,3,3,14,17,,
panel/cand1_gates,arlene_v4_m31,713,1,150961,122813,28148,0,2,0,0,0,988.181,3,3,14,17,,
panel/cand1_gates,arlene_v4_m31,714,0,118439,104649,13790,0,2,0,0,0,1347.45,3,3,13,17,,
panel/cand1_gates,arlene_v4_m31,714,1,118439,104649,13790,0,2,0,0,0,1369.71,3,3,13,17,,
panel/cand1_gates,arlene_v4_m31,715,0,131719,111307,20412,0,3,0,0,0,1262.8,3,3,14,17,,
panel/cand1_gates,arlene_v4_m31,715,1,131719,111307,20412,0,3,0,0,0,890.954,3,3,14,17,,
panel/cand1_gates,king_rc4,700,0,105173,89757,15416,0,3,0,0,0,909.331,3,3,12,17,,
panel/cand1_gates,king_rc4,700,1,105173,89757,15416,0,3,0,0,0,1398.03,3,3,12,17,,
panel/cand1_gates,king_rc4,701,0,154625,129866,24759,0,3,0,0,5,1224.62,3,3,14,17,,
panel/cand1_gates,king_rc4,701,1,156061,130080,25981,0,3,0,0,5,637.064,3,3,14,17,,
panel/cand1_gates,king_rc4,702,0,95305,62423,32882,0,1,0,0,10,910.734,3,3,11,3,,
panel/cand1_gates,king_rc4,702,1,95305,62423,32882,0,1,0,0,10,1018.64,3,3,11,3,,
panel/cand1_gates,king_rc4,703,0,100087,84437,15650,0,2,0,0,5,1264.31,3,3,14,17,,
panel/cand1_gates,king_rc4,703,1,100087,84437,15650,0,2,0,0,5,956.903,3,3,14,17,,
panel/cand1_gates,king_rc4,704,0,86554,59038,27516,0,2,0,0,3,753.983,3,3,11,17,,
panel/cand1_gates,king_rc4,704,1,86554,59038,27516,0,2,0,0,3,1510.2,3,3,11,17,,
panel/cand1_gates,king_rc4,705,0,120367,99958,20409,0,2,0,0,31,893.024,3,3,11,16,,
panel/cand1_gates,king_rc4,705,1,120367,99958,20409,0,2,0,0,31,1302.62,3,3,11,16,,
panel/cand1_gates,king_rc4,706,0,133886,113181,20705,0,3,0,51,0,1769.89,3,3,15,17,,
panel/cand1_gates,king_rc4,706,1,133871,113198,20673,0,3,0,51,0,1174.36,3,3,15,17,,
panel/cand1_gates,king_rc4,707,0,165138,127933,37205,0,3,0,0,30,738.426,3,3,14,16,,
panel/cand1_gates,king_rc4,707,1,165138,127933,37205,0,3,0,0,30,846.75,3,3,14,16,,
panel/cand1_gates,king_rc4,708,0,85752,63653,22099,0,3,0,0,8,553.335,3,3,15,3,,
panel/cand1_gates,king_rc4,708,1,85752,63653,22099,0,3,0,0,8,979.452,3,3,15,3,,
panel/cand1_gates,king_rc4,709,0,102035,81020,21015,0,1,0,0,32,501.951,3,3,12,16,,
panel/cand1_gates,king_rc4,709,1,102035,81020,21015,0,1,0,0,32,563.361,3,3,12,16,,
panel/cand1_gates,king_rc4,710,0,99474,69310,30164,0,4,0,0,14,1166.31,3,3,14,8,,
panel/cand1_gates,king_rc4,710,1,99468,69279,30189,0,4,0,0,14,1375.64,3,3,14,8,,
panel/cand1_gates,king_rc4,711,0,117569,103379,14190,0,1,0,0,0,1069.86,3,3,12,17,,
panel/cand1_gates,king_rc4,711,1,117569,103379,14190,0,1,0,0,0,1320.79,3,3,12,17,,
panel/cand1_gates,king_rc4,712,0,90447,67569,22878,0,4,0,0,2,1066.81,3,3,10,3,,
panel/cand1_gates,king_rc4,712,1,89685,68434,21251,0,2,0,0,6,599.491,3,3,10,16,,
panel/cand1_gates,king_rc4,713,0,149810,118469,31341,0,2,0,0,31,1067.36,3,3,12,16,,
panel/cand1_gates,king_rc4,713,1,149810,118469,31341,0,2,0,0,31,1186.26,3,3,12,16,,
panel/cand1_gates,king_rc4,714,0,143852,105722,38130,0,2,0,0,15,1406.21,3,3,14,16,,
panel/cand1_gates,king_rc4,714,1,143852,105722,38130,0,2,0,0,15,1454.8,3,3,14,16,,
panel/cand1_gates,king_rc4,715,0,134102,109480,24622,0,3,0,0,5,959.196,3,3,15,17,,
panel/cand1_gates,king_rc4,715,1,134102,109480,24622,0,3,0,0,5,1025.01,3,3,15,17,,
panel/cand1_gates,teammate_shoprouter,700,0,98660,73102,25558,0,1,0,0,10,1075.83,3,3,12,16,,
panel/cand1_gates,teammate_shoprouter,700,1,99548,73413,26135,0,1,0,0,10,1082.64,3,3,8,16,,
panel/cand1_gates,teammate_shoprouter,701,0,159354,121144,38210,0,3,0,0,0,951.403,3,3,14,17,,
panel/cand1_gates,teammate_shoprouter,701,1,157721,119640,38081,0,3,0,0,0,899.277,3,3,14,17,,
panel/cand1_gates,teammate_shoprouter,702,0,108225,74246,33979,0,1,0,0,0,2309.45,3,3,11,17,,
panel/cand1_gates,teammate_shoprouter,702,1,108225,74246,33979,0,1,0,0,0,2329,3,3,11,17,,
panel/cand1_gates,teammate_shoprouter,703,0,118308,85063,33245,0,2,0,0,0,1489.49,3,3,14,17,,
panel/cand1_gates,teammate_shoprouter,703,1,99421,70984,28437,0,2,0,20,0,1597.39,3,3,13,17,,
panel/cand1_gates,teammate_shoprouter,704,0,118092,95043,23049,0,1,0,8,0,2126.84,3,3,12,17,,
panel/cand1_gates,teammate_shoprouter,704,1,118183,94581,23602,0,1,0,6,0,2012.97,3,3,12,17,,
panel/cand1_gates,teammate_shoprouter,705,0,136001,101527,34474,0,3,0,0,0,1685.65,3,3,13,17,,
panel/cand1_gates,teammate_shoprouter,705,1,136001,101527,34474,0,3,0,0,0,2424.61,3,3,13,17,,
panel/cand1_gates,teammate_shoprouter,706,0,138513,121767,16746,0,4,0,6,0,1182.9,3,3,17,17,,
panel/cand1_gates,teammate_shoprouter,706,1,138513,121767,16746,0,4,0,6,0,1181.93,3,3,17,17,,
panel/cand1_gates,teammate_shoprouter,707,0,153370,114565,38805,0,3,0,0,0,1158.62,3,3,15,17,,
panel/cand1_gates,teammate_shoprouter,707,1,153370,114565,38805,0,3,0,0,0,1233.32,3,3,15,17,,
panel/cand1_gates,teammate_shoprouter,708,0,87303,64848,22455,0,3,0,0,0,1152.07,3,3,14,17,,
panel/cand1_gates,teammate_shoprouter,708,1,87303,64848,22455,0,3,0,0,0,1197.86,3,3,14,17,,
panel/cand1_gates,teammate_shoprouter,709,0,79881,58183,21698,0,1,0,0,0,474.933,3,3,12,17,,
panel/cand1_gates,teammate_shoprouter,709,1,79881,58183,21698,0,1,0,0,0,470.044,3,3,12,17,,
panel/cand1_gates,teammate_shoprouter,710,0,89630,55803,33827,0,3,0,0,0,673.954,3,3,16,17,,
panel/cand1_gates,teammate_shoprouter,710,1,89630,55803,33827,0,3,0,0,0,974.357,3,3,16,17,,
panel/cand1_gates,teammate_shoprouter,711,0,110094,75818,34276,0,2,0,0,0,1305.14,3,3,11,17,,
panel/cand1_gates,teammate_shoprouter,711,1,110094,75818,34276,0,2,0,0,0,1024.26,3,3,11,17,,
panel/cand1_gates,teammate_shoprouter,712,0,97438,60630,36808,0,2,0,0,0,1161.1,3,3,11,16,,
panel/cand1_gates,teammate_shoprouter,712,1,80950,55699,25251,0,4,0,0,7,557.269,3,3,10,16,,
panel/cand1_gates,teammate_shoprouter,713,0,157521,115387,42134,0,2,0,0,16,1361.22,3,3,14,16,,
panel/cand1_gates,teammate_shoprouter,713,1,157741,115552,42189,0,2,0,0,16,1167.27,3,3,14,16,,
panel/cand1_gates,teammate_shoprouter,714,0,118940,104253,14687,0,2,0,0,0,1203.24,3,3,12,17,,
panel/cand1_gates,teammate_shoprouter,714,1,118940,104253,14687,0,2,0,0,0,1433.15,3,3,12,17,,
panel/cand1_gates,teammate_shoprouter,715,0,152066,116171,35895,0,3,0,0,0,1068.55,3,3,14,17,,
panel/cand1_gates,teammate_shoprouter,715,1,152066,116171,35895,0,3,0,0,0,799.536,3,3,14,17,,
panel/cand_fast,agent_sep23,700,0,152181,137263,14918,0,3,0,2,44,425.583,3,3,15,14,,
panel/cand_fast,agent_sep23,700,1,157646,135490,22156,0,3,0,0,68,684.422,3,3,15,14,,
panel/cand_fast,agent_sep23,701,0,142473,108228,34245,0,4,0,3,98,660.241,3,3,12,20,,
panel/cand_fast,agent_sep23,701,1,142473,108228,34245,0,4,0,3,98,482.133,3,3,12,20,,
panel/cand_fast,agent_sep23,702,0,143685,124420,19265,0,5,0,0,80,1041.16,3,3,13,11,,
panel/cand_fast,agent_sep23,702,1,125124,116487,8637,0,6,0,7,23,1102.58,3,3,13,10,,
panel/cand_fast,agent_sep23,703,0,157542,131032,26510,0,4,0,0,131,1125.82,3,3,17,6,,
panel/cand_fast,agent_sep23,703,1,147692,117505,30187,0,4,0,0,85,318.055,3,3,18,13,,
panel/cand_fast,agent_sep23,704,0,117281,94554,22727,0,6,0,8,93,651.245,3,3,12,9,,
panel/cand_fast,agent_sep23,704,1,116605,93350,23255,0,6,0,8,91,641.877,3,3,12,9,,
panel/cand_fast,agent_sep23,705,0,138309,126060,12249,0,5,0,0,60,993.825,3,3,15,12,,
panel/cand_fast,agent_sep23,705,1,114762,99683,15079,0,4,0,0,15,818.487,3,3,11,10,,
panel/cand_fast,agent_sep23,706,0,97415,84913,12502,0,3,0,0,29,538.191,3,3,13,14,,
panel/cand_fast,agent_sep23,706,1,97199,85173,12026,0,3,0,0,29,478.932,3,3,13,14,,
panel/cand_fast,agent_sep23,707,0,117992,94024,23968,0,3,0,0,3,485.326,3,3,14,11,,
panel/cand_fast,agent_sep23,707,1,117992,94024,23968,0,3,0,0,3,487.167,3,3,14,11,,
panel/cand_fast,agent_sep23,708,0,109124,87285,21839,0,3,0,8,21,536.216,3,3,15,10,,
panel/cand_fast,agent_sep23,708,1,109124,87285,21839,0,3,0,8,21,542.826,3,3,15,10,,
panel/cand_fast,agent_sep23,709,0,121719,97114,24605,0,4,0,0,19,795.637,3,3,16,12,,
panel/cand_fast,agent_sep23,709,1,124442,96001,28441,0,4,0,0,63,787.076,3,3,16,12,,
panel/cand_fast,agent_sep23,710,0,124566,111610,12956,0,4,0,0,29,620.031,3,3,13,12,,
panel/cand_fast,agent_sep23,710,1,124566,111610,12956,0,4,0,0,29,646.219,3,3,13,12,,
panel/cand_fast,agent_sep23,711,0,99723,88011,11712,0,3,0,0,50,337.626,3,3,10,12,,
panel/cand_fast,agent_sep23,711,1,99723,88011,11712,0,3,0,0,50,366.1,3,3,10,12,,
panel/cand_fast,agent_sep23,712,0,106393,89735,16658,0,5,0,0,10,202.279,3,3,12,12,,
panel/cand_fast,agent_sep23,712,1,109458,77880,31578,0,4,0,0,42,147.33,3,3,10,10,,
panel/cand_fast,agent_sep23,713,0,121530,99742,21788,0,5,0,0,73,388.798,3,3,15,12,,
panel/cand_fast,agent_sep23,713,1,126732,103456,23276,0,5,0,0,35,399.777,3,3,15,12,,
panel/cand_fast,agent_sep23,714,0,139525,111457,28068,0,4,0,0,31,148.011,3,3,16,10,,
panel/cand_fast,agent_sep23,714,1,139525,111457,28068,0,4,0,0,31,205.886,3,3,16,10,,
panel/cand_fast,agent_sep23,715,0,157307,121804,35503,0,4,0,3,58,814.624,3,3,15,12,,
panel/cand_fast,agent_sep23,715,1,157307,121804,35503,0,4,0,3,58,1182.52,3,3,15,12,,
panel/cand_fast,ahmed_v25,700,0,131518,117350,14168,0,3,0,1,6,623.067,3,3,12,17,,
panel/cand_fast,ahmed_v25,700,1,131518,117350,14168,0,3,0,1,6,603.847,3,3,12,17,,
panel/cand_fast,ahmed_v25,701,0,129409,123943,5466,0,4,0,0,6,169.924,3,3,9,17,,
panel/cand_fast,ahmed_v25,701,1,129409,123943,5466,0,4,0,0,6,171.137,3,3,9,17,,
panel/cand_fast,ahmed_v25,702,0,110791,101689,9102,0,3,0,0,6,244.393,3,3,10,17,,
panel/cand_fast,ahmed_v25,702,1,110791,101689,9102,0,3,0,0,6,246.491,3,3,10,17,,
panel/cand_fast,ahmed_v25,703,0,91619,80829,10790,0,3,0,0,0,332.22,3,3,8,16,,
panel/cand_fast,ahmed_v25,703,1,91619,80829,10790,0,3,0,0,0,298.369,3,3,8,16,,
panel/cand_fast,ahmed_v25,704,0,89100,60234,28866,0,3,0,0,6,214.738,3,3,9,17,,
panel/cand_fast,ahmed_v25,704,1,89100,60234,28866,0,3,0,0,6,215.167,3,3,9,17,,
panel/cand_fast,ahmed_v25,705,0,83321,81121,2200,0,3,0,3,6,519.621,3,3,11,17,,
panel/cand_fast,ahmed_v25,705,1,83321,81121,2200,0,3,0,3,6,511.806,3,3,11,17,,
panel/cand_fast,ahmed_v25,706,0,93616,69863,23753,0,3,0,0,6,581.454,3,3,13,17,,
panel/cand_fast,ahmed_v25,706,1,93616,69863,23753,0,3,0,0,6,567.886,3,3,13,17,,
panel/cand_fast,ahmed_v25,707,0,160406,137694,22712,0,5,0,0,6,881.471,3,3,16,17,,
panel/cand_fast,ahmed_v25,707,1,160406,137694,22712,0,5,0,0,6,840.646,3,3,16,17,,
panel/cand_fast,ahmed_v25,708,0,127061,116323,10738,0,3,0,0,2,526.817,3,3,16,16,,
panel/cand_fast,ahmed_v25,708,1,127061,116323,10738,0,3,0,0,2,482.627,3,3,16,16,,
panel/cand_fast,ahmed_v25,709,0,76893,60003,16890,0,2,0,0,6,483.107,3,3,13,17,,
panel/cand_fast,ahmed_v25,709,1,76893,60003,16890,0,2,0,0,6,488.085,3,3,13,17,,
panel/cand_fast,ahmed_v25,710,0,132711,120989,11722,0,3,0,0,6,509.186,3,3,17,17,,
panel/cand_fast,ahmed_v25,710,1,132711,120989,11722,0,3,0,0,6,507.478,3,3,17,17,,
panel/cand_fast,ahmed_v25,711,0,87801,69366,18435,0,2,0,0,6,451.076,3,3,10,17,,
panel/cand_fast,ahmed_v25,711,1,87801,69366,18435,0,2,0,0,6,411.054,3,3,10,17,,
panel/cand_fast,ahmed_v25,712,0,86709,75604,11105,0,4,0,0,6,172.401,3,3,7,17,,
panel/cand_fast,ahmed_v25,712,1,86709,75604,11105,0,4,0,0,6,211.67,3,3,7,17,,
panel/cand_fast,ahmed_v25,713,0,117890,114259,3631,0,4,0,0,6,201.268,3,3,10,17,,
panel/cand_fast,ahmed_v25,713,1,117890,114259,3631,0,4,0,0,6,203.214,3,3,10,17,,
panel/cand_fast,ahmed_v25,714,0,120592,120002,590,0,3,0,0,7,222.58,3,3,12,17,,
panel/cand_fast,ahmed_v25,714,1,128749,115542,13207,0,2,0,4,6,520.113,3,3,14,17,,
panel/cand_fast,ahmed_v25,715,0,134937,124336,10601,0,4,0,0,6,138.211,3,3,12,17,,
panel/cand_fast,ahmed_v25,715,1,134937,124336,10601,0,4,0,0,6,148.334,3,3,12,17,,
panel/cand_fast,arlene_v4_m31,700,0,125833,98233,27600,0,5,0,0,0,1051.06,3,3,13,17,,
panel/cand_fast,arlene_v4_m31,700,1,125833,98233,27600,0,5,0,0,0,1121.71,3,3,13,17,,
panel/cand_fast,arlene_v4_m31,701,0,119166,115483,3683,0,5,0,0,0,431.672,3,3,10,17,,
panel/cand_fast,arlene_v4_m31,701,1,119166,115483,3683,0,5,0,0,0,447.258,3,3,10,17,,
panel/cand_fast,arlene_v4_m31,702,0,116231,94200,22031,0,3,0,0,0,461.336,3,3,11,3,,
panel/cand_fast,arlene_v4_m31,702,1,116231,94200,22031,0,3,0,0,0,458.103,3,3,11,3,,
panel/cand_fast,arlene_v4_m31,703,0,93881,67797,26084,0,3,0,0,0,563.195,3,3,12,17,,
panel/cand_fast,arlene_v4_m31,703,1,93881,67797,26084,0,3,0,0,0,540.123,3,3,12,17,,
panel/cand_fast,arlene_v4_m31,704,0,81810,62778,19032,0,3,0,0,0,445.385,3,3,12,17,,
panel/cand_fast,arlene_v4_m31,704,1,81810,62778,19032,0,3,0,0,0,446.096,3,3,12,17,,
panel/cand_fast,arlene_v4_m31,705,0,102852,75780,27072,0,3,0,0,0,204.715,3,3,11,17,,
panel/cand_fast,arlene_v4_m31,705,1,102852,75780,27072,0,3,0,0,0,200.338,3,3,11,17,,
panel/cand_fast,arlene_v4_m31,706,0,125412,95782,29630,0,3,0,0,0,371.236,3,3,14,8,,
panel/cand_fast,arlene_v4_m31,706,1,125412,95782,29630,0,3,0,0,0,368.292,3,3,14,8,,
panel/cand_fast,arlene_v4_m31,707,0,136176,119543,16633,0,4,0,0,0,198.975,3,3,13,17,,
panel/cand_fast,arlene_v4_m31,707,1,136176,119543,16633,0,4,0,0,0,173.364,3,3,13,17,,
panel/cand_fast,arlene_v4_m31,708,0,131595,104064,27531,0,2,0,0,0,223.163,3,3,18,17,,
panel/cand_fast,arlene_v4_m31,708,1,131595,104064,27531,0,2,0,0,0,199.923,3,3,18,17,,
panel/cand_fast,arlene_v4_m31,709,0,79699,58927,20772,0,2,0,0,0,180.951,3,3,12,17,,
panel/cand_fast,arlene_v4_m31,709,1,79699,58927,20772,0,2,0,0,0,181.158,3,3,12,17,,
panel/cand_fast,arlene_v4_m31,710,0,125405,102355,23050,0,3,0,0,0,527.386,3,3,18,17,,
panel/cand_fast,arlene_v4_m31,710,1,125405,102355,23050,0,3,0,0,0,526.269,3,3,18,17,,
panel/cand_fast,arlene_v4_m31,711,0,87037,60264,26773,0,2,0,0,0,209.677,3,3,10,3,,
panel/cand_fast,arlene_v4_m31,711,1,87037,60264,26773,0,2,0,0,0,207.107,3,3,10,3,,
panel/cand_fast,arlene_v4_m31,712,0,95655,82868,12787,0,4,0,0,0,145.86,3,3,9,17,,
panel/cand_fast,arlene_v4_m31,712,1,95655,82868,12787,0,4,0,0,0,146.129,3,3,9,17,,
panel/cand_fast,arlene_v4_m31,713,0,114598,105436,9162,0,4,0,0,0,145.047,3,3,9,17,,
panel/cand_fast,arlene_v4_m31,713,1,114598,105436,9162,0,4,0,0,0,103.252,3,3,9,17,,
panel/cand_fast,arlene_v4_m31,714,0,85948,79515,6433,0,3,0,10,0,282.029,3,3,13,17,,
panel/cand_fast,arlene_v4_m31,714,1,113189,98550,14639,0,2,0,2,0,483.066,3,3,16,17,,
panel/cand_fast,arlene_v4_m31,715,0,121287,104084,17203,0,4,0,0,0,214.922,3,3,12,17,,
panel/cand_fast,arlene_v4_m31,715,1,121287,104084,17203,0,4,0,0,0,184.095,3,3,12,17,,
panel/cand_fast,investment_context_guarded_001_best,700,0,125906,114969,10937,0,3,0,0,5,598.052,3,3,14,17,,
panel/cand_fast,investment_context_guarded_001_best,700,1,125906,114969,10937,0,3,0,0,5,621.648,3,3,14,17,,
panel/cand_fast,investment_context_guarded_001_best,701,0,134513,125139,9374,0,4,0,0,5,172.58,3,3,10,17,,
panel/cand_fast,investment_context_guarded_001_best,701,1,134513,125139,9374,0,4,0,0,5,175.119,3,3,10,17,,
panel/cand_fast,investment_context_guarded_001_best,702,0,114601,98314,16287,0,4,0,6,5,627.875,3,3,9,17,,
panel/cand_fast,investment_context_guarded_001_best,702,1,114601,98314,16287,0,4,0,6,5,640.961,3,3,9,17,,
panel/cand_fast,investment_context_guarded_001_best,703,0,89746,79570,10176,0,3,0,0,4,346.493,3,3,11,17,,
panel/cand_fast,investment_context_guarded_001_best,703,1,89746,79570,10176,0,3,0,0,4,406.844,3,3,11,17,,
panel/cand_fast,investment_context_guarded_001_best,704,0,83823,65468,18355,0,3,0,0,5,386.112,3,3,12,17,,
panel/cand_fast,investment_context_guarded_001_best,704,1,83823,65468,18355,0,3,0,0,5,356.917,3,3,12,17,,
panel/cand_fast,investment_context_guarded_001_best,705,0,98001,73661,24340,0,3,0,1,5,565.663,3,3,11,17,,
panel/cand_fast,investment_context_guarded_001_best,705,1,98001,73661,24340,0,3,0,1,5,558.909,3,3,11,17,,
panel/cand_fast,investment_context_guarded_001_best,706,0,89369,68159,21210,0,3,0,0,6,603.353,3,3,13,17,,
panel/cand_fast,investment_context_guarded_001_best,706,1,89363,68158,21205,0,3,0,0,6,609.606,3,3,13,17,,
panel/cand_fast,investment_context_guarded_001_best,707,0,156349,129032,27317,0,4,0,2,5,1051.61,3,3,15,17,,
panel/cand_fast,investment_context_guarded_001_best,707,1,156349,129032,27317,0,4,0,2,5,922.145,3,3,15,17,,
panel/cand_fast,investment_context_guarded_001_best,708,0,153777,129874,23903,0,3,0,5,4,424.05,3,3,17,17,,
panel/cand_fast,investment_context_guarded_001_best,708,1,153777,129874,23903,0,3,0,5,4,423.411,3,3,17,17,,
panel/cand_fast,investment_context_guarded_001_best,709,0,75999,58782,17217,0,2,0,0,5,488.592,3,3,13,17,,
panel/cand_fast,investment_context_guarded_001_best,709,1,75999,58782,17217,0,2,0,0,5,524.404,3,3,13,17,,
panel/cand_fast,investment_context_guarded_001_best,710,0,100927,89437,11490,0,3,0,0,5,357.722,3,3,13,17,,
panel/cand_fast,investment_context_guarded_001_best,710,1,100927,89437,11490,0,3,0,0,5,363.585,3,3,13,17,,
panel/cand_fast,investment_context_guarded_001_best,711,0,87302,65378,21924,0,2,0,0,5,750.188,3,3,10,17,,
panel/cand_fast,investment_context_guarded_001_best,711,1,87302,65378,21924,0,2,0,0,5,725.941,3,3,10,17,,
panel/cand_fast,investment_context_guarded_001_best,712,0,95886,82996,12890,0,4,0,0,5,462.814,3,3,8,17,,
panel/cand_fast,investment_context_guarded_001_best,712,1,95886,82996,12890,0,4,0,0,5,278.388,3,3,8,17,,
panel/cand_fast,investment_context_guarded_001_best,713,0,117835,108372,9463,0,4,0,0,5,133.765,3,3,9,17,,
panel/cand_fast,investment_context_guarded_001_best,713,1,117835,108372,9463,0,4,0,0,5,132.465,3,3,9,17,,
panel/cand_fast,investment_context_guarded_001_best,714,0,103877,82781,21096,0,3,0,1,7,583.305,3,3,12,17,,
panel/cand_fast,investment_context_guarded_001_best,714,1,128215,113893,14322,0,2,0,4,5,789.907,3,3,14,17,,
panel/cand_fast,investment_context_guarded_001_best,715,0,124396,112924,11472,0,4,0,0,5,175.312,3,3,12,17,,
panel/cand_fast,investment_context_guarded_001_best,715,1,124396,112924,11472,0,4,0,0,5,175.509,3,3,12,17,,
panel/cand_fast,king_rc4,700,0,124065,95388,28677,0,3,0,0,1,417.765,3,3,9,17,,
panel/cand_fast,king_rc4,700,1,124065,95388,28677,0,3,0,0,1,469.944,3,3,9,17,,
panel/cand_fast,king_rc4,701,0,120646,116253,4393,0,5,0,0,1,607.038,3,3,10,17,,
panel/cand_fast,king_rc4,701,1,120619,116224,4395,0,5,0,0,1,597.441,3,3,10,17,,
panel/cand_fast,king_rc4,702,0,113002,87965,25037,0,3,0,7,2,838.756,3,3,11,3,,
panel/cand_fast,king_rc4,702,1,113002,87965,25037,0,3,0,7,2,973.197,3,3,11,3,,
panel/cand_fast,king_rc4,703,0,92948,75047,17901,0,3,0,0,0,378.94,3,3,12,17,,
panel/cand_fast,king_rc4,703,1,92948,75047,17901,0,3,0,0,0,467.927,3,3,12,17,,
panel/cand_fast,king_rc4,704,0,83435,63344,20091,0,3,0,0,0,486.56,3,3,12,17,,
panel/cand_fast,king_rc4,704,1,83435,63344,20091,0,3,0,0,0,497.451,3,3,12,17,,
panel/cand_fast,king_rc4,705,0,102158,71676,30482,0,4,0,2,5,2473.62,3,3,11,17,,
panel/cand_fast,king_rc4,705,1,102158,71676,30482,0,4,0,2,5,2453.07,3,3,11,17,,
panel/cand_fast,king_rc4,706,0,87721,60787,26934,0,3,0,0,14,599.93,3,3,12,8,,
panel/cand_fast,king_rc4,706,1,87721,60787,26934,0,3,0,0,14,684.569,3,3,12,8,,
panel/cand_fast,king_rc4,707,0,114883,104693,10190,0,4,0,0,5,377.56,3,3,11,17,,
panel/cand_fast,king_rc4,707,1,114883,104693,10190,0,4,0,0,5,378.864,3,3,11,17,,
panel/cand_fast,king_rc4,708,0,132660,110608,22052,0,3,0,0,0,485.467,3,3,18,17,,
panel/cand_fast,king_rc4,708,1,132660,110608,22052,0,3,0,0,0,500.573,3,3,18,17,,
panel/cand_fast,king_rc4,709,0,79390,57195,22195,0,2,0,0,0,355.334,3,3,12,17,,
panel/cand_fast,king_rc4,709,1,79390,57195,22195,0,2,0,0,0,400.768,3,3,12,17,,
panel/cand_fast,king_rc4,710,0,100245,87629,12616,0,3,0,0,5,178.657,3,3,13,17,,
panel/cand_fast,king_rc4,710,1,100250,87627,12623,0,3,0,0,5,178.657,3,3,13,17,,
panel/cand_fast,king_rc4,711,0,86347,59248,27099,0,2,0,0,2,333.734,3,3,10,3,,
panel/cand_fast,king_rc4,711,1,86347,59248,27099,0,2,0,0,2,334.261,3,3,10,3,,
panel/cand_fast,king_rc4,712,0,88880,71417,17463,0,4,0,0,0,170.626,3,3,7,17,,
panel/cand_fast,king_rc4,712,1,88880,71417,17463,0,4,0,0,0,170.626,3,3,7,17,,
panel/cand_fast,king_rc4,713,0,117878,105683,12195,0,4,0,0,1,168.286,3,3,9,17,,
panel/cand_fast,king_rc4,713,1,117878,105683,12195,0,4,0,0,1,113.702,3,3,9,17,,
panel/cand_fast,king_rc4,714,0,85764,79819,5945,0,3,0,12,4,315.8,3,3,13,17,,
panel/cand_fast,king_rc4,714,1,119688,100476,19212,0,2,0,18,5,507.6,3,3,15,17,,
panel/cand_fast,king_rc4,715,0,121580,104335,17245,0,4,0,0,1,548.832,3,3,12,17,,
panel/cand_fast,king_rc4,715,1,121580,104335,17245,0,4,0,0,1,536.614,3,3,12,17,,
panel/cand_fast,teammate_shoprouter,700,0,127933,100084,27849,0,4,0,0,0,1249.49,3,3,13,17,,
panel/cand_fast,teammate_shoprouter,700,1,127933,100084,27849,0,4,0,0,0,1200.46,3,3,13,17,,
panel/cand_fast,teammate_shoprouter,701,0,123009,109751,13258,0,4,0,0,0,605.826,3,3,10,17,,
panel/cand_fast,teammate_shoprouter,701,1,122909,109778,13131,0,4,0,0,0,172.344,3,3,10,17,,
panel/cand_fast,teammate_shoprouter,702,0,126204,87361,38843,0,3,0,0,0,575.887,3,3,9,17,,
panel/cand_fast,teammate_shoprouter,702,1,126204,87361,38843,0,3,0,0,0,577.716,3,3,9,17,,
panel/cand_fast,teammate_shoprouter,703,0,115474,77028,38446,0,3,0,0,0,538.294,3,3,13,17,,
panel/cand_fast,teammate_shoprouter,703,1,115474,77028,38446,0,3,0,0,0,547.864,3,3,13,17,,
panel/cand_fast,teammate_shoprouter,704,0,82603,53703,28900,0,3,0,0,0,450.467,3,3,12,17,,
panel/cand_fast,teammate_shoprouter,704,1,82603,53703,28900,0,3,0,0,0,417.914,3,3,12,17,,
panel/cand_fast,teammate_shoprouter,705,0,98736,66566,32170,0,3,0,0,0,577.87,3,3,11,17,,
panel/cand_fast,teammate_shoprouter,705,1,98736,66566,32170,0,3,0,0,0,580.202,3,3,11,17,,
panel/cand_fast,teammate_shoprouter,706,0,119536,90780,28756,0,3,0,0,0,355.679,3,3,14,17,,
panel/cand_fast,teammate_shoprouter,706,1,119536,90780,28756,0,3,0,0,0,367.794,3,3,14,17,,
panel/cand_fast,teammate_shoprouter,707,0,136077,111328,24749,0,4,0,0,0,498.088,3,3,13,17,,
panel/cand_fast,teammate_shoprouter,707,1,136077,111328,24749,0,4,0,0,0,383.246,3,3,13,17,,
panel/cand_fast,teammate_shoprouter,708,0,133001,101075,31926,0,2,0,0,0,321.249,3,3,18,17,,
panel/cand_fast,teammate_shoprouter,708,1,133001,101075,31926,0,2,0,0,0,315.95,3,3,18,17,,
panel/cand_fast,teammate_shoprouter,709,0,82626,55744,26882,0,3,0,0,0,1527.93,3,3,12,17,,
panel/cand_fast,teammate_shoprouter,709,1,82626,55744,26882,0,3,0,0,0,1482.43,3,3,12,17,,
panel/cand_fast,teammate_shoprouter,710,0,109967,89519,20448,0,3,0,0,0,522.38,3,3,18,17,,
panel/cand_fast,teammate_shoprouter,710,1,109967,89519,20448,0,3,0,0,0,528.753,3,3,18,17,,
panel/cand_fast,teammate_shoprouter,711,0,84778,52394,32384,0,2,0,0,0,243.896,3,3,10,17,,
panel/cand_fast,teammate_shoprouter,711,1,84778,52394,32384,0,2,0,0,0,244.501,3,3,10,17,,
panel/cand_fast,teammate_shoprouter,712,0,95359,76787,18572,0,4,0,0,0,405.475,3,3,9,17,,
panel/cand_fast,teammate_shoprouter,712,1,95359,76787,18572,0,4,0,0,0,403.691,3,3,9,17,,
panel/cand_fast,teammate_shoprouter,713,0,115056,98269,16787,0,4,0,0,0,356.152,3,3,9,17,,
panel/cand_fast,teammate_shoprouter,713,1,115056,98269,16787,0,4,0,0,0,251.344,3,3,9,17,,
panel/cand_fast,teammate_shoprouter,714,0,108504,98436,10068,0,3,0,1,0,225.961,3,3,14,17,,
panel/cand_fast,teammate_shoprouter,714,1,112345,100794,11551,0,2,0,0,0,312.309,3,3,14,17,,
panel/cand_fast,teammate_shoprouter,715,0,128636,101560,27076,0,4,0,0,0,229.414,3,3,12,17,,
panel/cand_fast,teammate_shoprouter,715,1,128636,101560,27076,0,4,0,0,0,217.469,3,3,12,17,,
panel/cand_fast,two_random_shop_league_v179,700,0,128838,85325,43513,0,3,0,2,0,454.033,3,4,14,23,,
panel/cand_fast,two_random_shop_league_v179,700,1,130924,79102,51822,0,3,0,0,0,182.033,3,4,16,23,,
panel/cand_fast,two_random_shop_league_v179,701,0,130140,71070,59070,0,4,0,10,0,559.215,3,4,10,23,,
panel/cand_fast,two_random_shop_league_v179,701,1,130145,71011,59134,0,4,0,10,0,557.54,3,4,11,23,,
panel/cand_fast,two_random_shop_league_v179,702,0,180926,125908,55018,0,4,0,5,0,385.406,3,4,13,23,,
panel/cand_fast,two_random_shop_league_v179,702,1,174656,117783,56873,0,4,0,0,0,274.848,3,4,14,23,,
panel/cand_fast,two_random_shop_league_v179,703,0,119655,72888,46767,0,4,0,0,0,258.91,3,3,13,22,,
panel/cand_fast,two_random_shop_league_v179,703,1,118490,72833,45657,0,4,0,0,0,509.192,3,3,14,22,,
panel/cand_fast,two_random_shop_league_v179,704,0,143681,86278,57403,0,4,0,1,0,1405.18,3,4,10,23,,
panel/cand_fast,two_random_shop_league_v179,704,1,142686,91923,50763,0,3,0,0,0,289.215,3,4,14,23,,
panel/cand_fast,two_random_shop_league_v179,705,0,149611,97621,51990,0,3,0,0,0,279.121,3,4,14,23,,
panel/cand_fast,two_random_shop_league_v179,705,1,146395,93153,53242,0,3,0,0,0,253.999,3,4,10,23,,
panel/cand_fast,two_random_shop_league_v179,706,0,200027,121718,78309,0,5,0,0,0,1056.52,3,4,16,23,,
panel/cand_fast,two_random_shop_league_v179,706,1,187632,115965,71667,0,5,0,0,0,1027.49,3,4,16,23,,
panel/cand_fast,two_random_shop_league_v179,707,0,215762,126033,89729,0,3,0,0,0,355.106,3,4,18,23,,
panel/cand_fast,two_random_shop_league_v179,707,1,216056,126030,90026,0,3,0,0,0,283.757,3,4,18,23,,
panel/cand_fast,two_random_shop_league_v179,708,0,198042,111748,86294,0,2,0,0,0,260.891,3,4,17,22,,
panel/cand_fast,two_random_shop_league_v179,708,1,198042,111748,86294,0,2,0,0,0,324.279,3,4,17,22,,
panel/cand_fast,two_random_shop_league_v179,709,0,132101,91094,41007,0,1,0,0,0,728.119,3,3,17,23,,
panel/cand_fast,two_random_shop_league_v179,709,1,131796,91234,40562,0,1,0,0,0,733.494,3,3,17,23,,
panel/cand_fast,two_random_shop_league_v179,710,0,171687,108623,63064,0,4,0,0,0,517.036,3,4,17,23,,
panel/cand_fast,two_random_shop_league_v179,710,1,172648,107015,65633,0,4,0,2,0,494.007,3,4,17,23,,
panel/cand_fast,two_random_shop_league_v179,711,0,152650,90633,62017,0,3,0,0,0,342.032,3,4,14,23,,
panel/cand_fast,two_random_shop_league_v179,711,1,152650,90633,62017,0,3,0,0,0,349.601,3,4,14,23,,
panel/cand_fast,two_random_shop_league_v179,712,0,168749,110506,58243,0,3,0,0,0,228.108,3,4,14,23,,
panel/cand_fast,two_random_shop_league_v179,712,1,168730,110510,58220,0,3,0,0,0,137.624,3,4,14,23,,
panel/cand_fast,two_random_shop_league_v179,713,0,176579,127365,49214,0,5,0,0,0,210.653,3,4,16,23,,
panel/cand_fast,two_random_shop_league_v179,713,1,176233,117972,58261,0,5,0,0,0,230.077,3,4,16,23,,
panel/cand_fast,two_random_shop_league_v179,714,0,180267,98573,81694,0,5,0,0,0,327.59,3,3,19,23,,
panel/cand_fast,two_random_shop_league_v179,714,1,180267,98573,81694,0,5,0,0,0,389.047,3,3,19,23,,
panel/cand_fast,two_random_shop_league_v179,715,0,143500,78000,65500,0,4,0,0,0,350.18,3,4,20,23,,
panel/cand_fast,two_random_shop_league_v179,715,1,142832,78013,64819,0,4,0,0,0,561.012,3,4,17,23,,
panel/cpp_fin_I,agent_sep23,700,0,134911,105607,29304,0,2,0,3,40,2790.75,3,3,20,15,,
panel/cpp_fin_I,agent_sep23,700,1,166975,122952,44023,0,2,0,0,12,2171.7,3,3,21,16,,
panel/cpp_fin_I,agent_sep23,701,0,130825,81286,49539,0,3,0,0,52,1504.99,3,3,13,5,,
panel/cpp_fin_I,agent_sep23,701,1,130825,81286,49539,0,3,0,0,52,2026.04,3,3,13,5,,
panel/cpp_fin_I,agent_sep23,702,0,147751,111904,35847,0,1,0,0,46,2106.13,3,3,13,10,,
panel/cpp_fin_I,agent_sep23,702,1,147751,111904,35847,0,1,0,0,46,2547.36,3,3,13,10,,
panel/cpp_fin_I,agent_sep23,703,0,140297,106232,34065,0,1,0,6,70,1536.93,3,3,20,11,,
panel/cpp_fin_I,agent_sep23,703,1,140297,106232,34065,0,1,0,6,70,2457.98,3,3,20,11,,
panel/cpp_fin_I,agent_sep23,704,0,121681,108167,13514,0,1,0,7,27,2294.1,3,3,15,10,,
panel/cpp_fin_I,agent_sep23,704,1,120450,103550,16900,0,1,0,0,87,1740.35,3,3,14,10,,
panel/cpp_fin_I,agent_sep23,705,0,135572,102003,33569,0,1,0,0,57,1354.63,3,3,14,14,,
panel/cpp_fin_I,agent_sep23,705,1,135572,102003,33569,0,1,0,0,57,1049.89,3,3,14,14,,
panel/cpp_fin_I,agent_sep23,706,0,123322,106999,16323,0,2,0,0,99,1634.57,3,3,17,16,,
panel/cpp_fin_I,agent_sep23,706,1,123322,106999,16323,0,2,0,0,99,1075.76,3,3,17,16,,
panel/cpp_fin_I,agent_sep23,707,0,125519,87520,37999,0,2,0,0,88,1525.94,3,3,16,12,,
panel/cpp_fin_I,agent_sep23,707,1,125519,87520,37999,0,2,0,0,88,1884.66,3,3,16,12,,
panel/cpp_fin_I,agent_sep23,708,0,97081,85064,12017,0,1,0,0,16,1811.97,3,3,17,12,,
panel/cpp_fin_I,agent_sep23,708,1,97081,85064,12017,0,1,0,0,16,3366.41,3,3,17,12,,
panel/cpp_fin_I,agent_sep23,709,0,131453,109101,22352,0,1,0,0,48,5039.83,3,3,14,14,,
panel/cpp_fin_I,agent_sep23,709,1,131453,109101,22352,0,1,0,0,48,3174.88,3,3,14,14,,
panel/cpp_fin_I,agent_sep23,710,0,97270,75339,21931,0,2,0,0,20,1904.37,3,3,15,9,,
panel/cpp_fin_I,agent_sep23,710,1,97270,75339,21931,0,2,0,0,20,1863.58,3,3,15,9,,
panel/cpp_fin_I,agent_sep23,711,0,104556,88882,15674,0,1,0,0,59,1921.49,3,3,17,10,,
panel/cpp_fin_I,agent_sep23,711,1,104556,88882,15674,0,1,0,0,59,950.178,3,3,17,10,,
panel/cpp_fin_I,agent_sep23,712,0,100072,67329,32743,0,2,0,0,56,859.362,3,3,13,8,,
panel/cpp_fin_I,agent_sep23,712,1,103732,73228,30504,0,2,0,0,10,1457.43,3,3,13,12,,
panel/cpp_fin_I,agent_sep23,713,0,121002,93204,27798,0,2,0,0,0,2324.41,3,3,17,13,,
panel/cpp_fin_I,agent_sep23,713,1,121002,93204,27798,0,2,0,0,0,1079.04,3,3,17,13,,
panel/cpp_fin_I,agent_sep23,714,0,159715,100937,58778,0,1,0,0,3,1634.2,3,3,16,8,,
panel/cpp_fin_I,agent_sep23,714,1,159715,100937,58778,0,1,0,0,3,3849.11,3,3,16,8,,
panel/cpp_fin_I,agent_sep23,715,0,158741,119956,38785,0,2,0,0,94,1652.2,3,3,15,11,,
panel/cpp_fin_I,agent_sep23,715,1,158741,119956,38785,0,2,0,0,94,1521.07,3,3,15,11,,
panel/cpp_fin_I,ahmed_v25,700,0,137378,93531,43847,0,2,0,0,6,1383.77,3,3,8,17,,
panel/cpp_fin_I,ahmed_v25,700,1,137378,93531,43847,0,2,0,0,6,1533.3,3,3,8,17,,
panel/cpp_fin_I,ahmed_v25,701,0,174058,129894,44164,0,4,0,0,6,825.372,3,3,17,17,,
panel/cpp_fin_I,ahmed_v25,701,1,174058,129894,44164,0,4,0,0,6,851.807,3,3,17,17,,
panel/cpp_fin_I,ahmed_v25,702,0,82855,66220,16635,0,4,0,9,6,1218.61,3,3,13,17,,
panel/cpp_fin_I,ahmed_v25,702,1,82855,66220,16635,0,4,0,9,6,1167.97,3,3,13,17,,
panel/cpp_fin_I,ahmed_v25,703,0,121820,80406,41414,0,2,0,30,6,1739.56,3,3,18,17,,
panel/cpp_fin_I,ahmed_v25,703,1,121820,80406,41414,0,2,0,30,6,2130.74,3,3,18,17,,
panel/cpp_fin_I,ahmed_v25,704,0,105991,87205,18786,0,2,0,27,6,837.063,3,3,14,17,,
panel/cpp_fin_I,ahmed_v25,704,1,105991,87205,18786,0,2,0,27,6,917.55,3,3,14,17,,
panel/cpp_fin_I,ahmed_v25,705,0,138015,110973,27042,0,3,0,11,6,1008.42,3,3,13,17,,
panel/cpp_fin_I,ahmed_v25,705,1,138015,110973,27042,0,3,0,11,6,1793.27,3,3,13,17,,
panel/cpp_fin_I,ahmed_v25,706,0,160912,92332,68580,0,3,0,0,0,2125.19,3,3,23,16,,
panel/cpp_fin_I,ahmed_v25,706,1,160912,92332,68580,0,3,0,0,0,2875.05,3,3,23,16,,
panel/cpp_fin_I,ahmed_v25,707,0,133246,118972,14274,0,3,0,0,6,2148.21,3,3,13,17,,
panel/cpp_fin_I,ahmed_v25,707,1,133246,118972,14274,0,3,0,0,6,1496.69,3,3,13,17,,
panel/cpp_fin_I,ahmed_v25,708,0,103053,77314,25739,0,2,0,24,6,3498.19,3,3,14,17,,
panel/cpp_fin_I,ahmed_v25,708,1,103053,77314,25739,0,2,0,24,6,3381.86,3,3,14,17,,
panel/cpp_fin_I,ahmed_v25,709,0,98337,84378,13959,0,4,0,3,6,1662.35,3,3,12,17,,
panel/cpp_fin_I,ahmed_v25,709,1,98337,84378,13959,0,4,0,3,6,1331.55,3,3,12,17,,
panel/cpp_fin_I,ahmed_v25,710,0,134291,80318,53973,0,3,0,30,6,1481.05,3,3,15,17,,
panel/cpp_fin_I,ahmed_v25,710,1,134291,80318,53973,0,3,0,30,6,1487.97,3,3,15,17,,
panel/cpp_fin_I,ahmed_v25,711,0,98396,79483,18913,0,3,0,3,6,2322.59,3,3,14,17,,
panel/cpp_fin_I,ahmed_v25,711,1,98396,79483,18913,0,3,0,3,6,2142.95,3,3,14,17,,
panel/cpp_fin_I,ahmed_v25,712,0,87364,75588,11776,0,4,0,0,6,1397.91,3,3,17,17,,
panel/cpp_fin_I,ahmed_v25,712,1,87364,75588,11776,0,4,0,0,6,1620.25,3,3,17,17,,
panel/cpp_fin_I,ahmed_v25,713,0,168650,136369,32281,0,3,0,0,6,919.705,3,3,14,17,,
panel/cpp_fin_I,ahmed_v25,713,1,168599,136368,32231,0,3,0,0,6,957.678,3,3,14,17,,
panel/cpp_fin_I,ahmed_v25,714,0,114046,104787,9259,0,3,0,0,6,1293.77,3,3,14,17,,
panel/cpp_fin_I,ahmed_v25,714,1,114046,104787,9259,0,3,0,0,6,1119.27,3,3,14,17,,
panel/cpp_fin_I,ahmed_v25,715,0,198039,106977,91062,0,4,0,10,6,1426.95,3,3,16,17,,
panel/cpp_fin_I,ahmed_v25,715,1,198039,106977,91062,0,4,0,10,6,1384.99,3,3,16,17,,
panel/cpp_fin_I,arlene_v4_m31,700,0,97867,70839,27028,0,2,0,0,0,3910.36,3,3,14,17,,
panel/cpp_fin_I,arlene_v4_m31,700,1,116815,83900,32915,0,2,0,1,0,4479.49,3,3,15,17,,
panel/cpp_fin_I,arlene_v4_m31,701,0,167077,127974,39103,0,4,0,9,0,2518.71,3,3,17,17,,
panel/cpp_fin_I,arlene_v4_m31,701,1,166903,128072,38831,0,4,0,9,0,2310.33,3,3,17,17,,
panel/cpp_fin_I,arlene_v4_m31,702,0,97727,66573,31154,0,4,0,0,0,682.896,3,3,12,3,,
panel/cpp_fin_I,arlene_v4_m31,702,1,97727,66573,31154,0,4,0,0,0,1427.87,3,3,12,3,,
panel/cpp_fin_I,arlene_v4_m31,703,0,121104,77273,43831,0,2,0,0,0,2976.68,3,3,19,17,,
panel/cpp_fin_I,arlene_v4_m31,703,1,121104,77273,43831,0,2,0,0,0,3637.08,3,3,19,17,,
panel/cpp_fin_I,arlene_v4_m31,704,0,108929,81727,27202,0,3,0,5,0,1876.43,3,3,16,17,,
panel/cpp_fin_I,arlene_v4_m31,704,1,108929,81727,27202,0,3,0,5,0,1800.38,3,3,16,17,,
panel/cpp_fin_I,arlene_v4_m31,705,0,122468,99585,22883,0,3,0,0,0,1277.32,3,3,13,17,,
panel/cpp_fin_I,arlene_v4_m31,705,1,122468,99585,22883,0,3,0,0,0,1703.04,3,3,13,17,,
panel/cpp_fin_I,arlene_v4_m31,706,0,120754,68016,52738,0,4,0,0,0,1628.76,3,3,15,8,,
panel/cpp_fin_I,arlene_v4_m31,706,1,120754,68016,52738,0,4,0,0,0,1354.38,3,3,15,8,,
panel/cpp_fin_I,arlene_v4_m31,707,0,132432,116349,16083,0,3,0,0,0,1290.53,3,3,13,17,,
panel/cpp_fin_I,arlene_v4_m31,707,1,132432,116349,16083,0,3,0,0,0,1069.92,3,3,13,17,,
panel/cpp_fin_I,arlene_v4_m31,708,0,88450,65198,23252,0,2,0,4,0,987.957,3,3,16,17,,
panel/cpp_fin_I,arlene_v4_m31,708,1,88450,65198,23252,0,2,0,4,0,1485.06,3,3,16,17,,
panel/cpp_fin_I,arlene_v4_m31,709,0,98428,81284,17144,0,2,0,1,0,1490.92,3,3,15,17,,
panel/cpp_fin_I,arlene_v4_m31,709,1,98377,81262,17115,0,2,0,1,0,1739.29,3,3,15,17,,
panel/cpp_fin_I,arlene_v4_m31,710,0,102636,70116,32520,0,3,0,2,0,1192.85,3,3,17,8,,
panel/cpp_fin_I,arlene_v4_m31,710,1,102636,70116,32520,0,3,0,2,0,1744.02,3,3,17,8,,
panel/cpp_fin_I,arlene_v4_m31,711,0,103231,81845,21386,0,3,0,0,0,2894.02,3,3,15,17,,
panel/cpp_fin_I,arlene_v4_m31,711,1,103231,81845,21386,0,3,0,0,0,1251.49,3,3,15,17,,
panel/cpp_fin_I,arlene_v4_m31,712,0,96645,78361,18284,0,3,0,13,0,1320.46,3,3,17,17,,
panel/cpp_fin_I,arlene_v4_m31,712,1,96463,78319,18144,0,3,0,13,0,1576.9,3,3,18,17,,
panel/cpp_fin_I,arlene_v4_m31,713,0,149128,124332,24796,0,3,0,0,0,887.56,3,3,14,17,,
panel/cpp_fin_I,arlene_v4_m31,713,1,149128,124332,24796,0,3,0,0,0,1020.88,3,3,14,17,,
panel/cpp_fin_I,arlene_v4_m31,714,0,85043,62056,22987,0,3,0,2,0,942.842,3,3,19,8,,
panel/cpp_fin_I,arlene_v4_m31,714,1,85043,62056,22987,0,3,0,2,0,1325.55,3,3,19,8,,
panel/cpp_fin_I,arlene_v4_m31,715,0,140114,111710,28404,0,4,0,1,0,976.216,3,3,16,17,,
panel/cpp_fin_I,arlene_v4_m31,715,1,140114,111710,28404,0,4,0,1,0,861.727,3,3,16,17,,
panel/cpp_fin_I,investment_context_guarded_001_best,700,0,145235,88066,57169,0,1,0,26,6,1448.39,3,3,10,17,,
panel/cpp_fin_I,investment_context_guarded_001_best,700,1,145235,88066,57169,0,1,0,26,6,1911.46,3,3,10,17,,
panel/cpp_fin_I,investment_context_guarded_001_best,701,0,155842,125701,30141,0,3,0,0,4,1967.31,3,3,19,17,,
panel/cpp_fin_I,investment_context_guarded_001_best,701,1,155842,125701,30141,0,3,0,0,4,1259.76,3,3,19,17,,
panel/cpp_fin_I,investment_context_guarded_001_best,702,0,105302,73499,31803,0,2,0,18,4,1008.75,3,3,14,17,,
panel/cpp_fin_I,investment_context_guarded_001_best,702,1,105302,73499,31803,0,2,0,18,4,1237.47,3,3,14,17,,
panel/cpp_fin_I,investment_context_guarded_001_best,703,0,123942,105018,18924,0,3,0,21,4,1739.69,3,3,12,17,,
panel/cpp_fin_I,investment_context_guarded_001_best,703,1,123942,105018,18924,0,3,0,21,4,2252.91,3,3,12,17,,
panel/cpp_fin_I,investment_context_guarded_001_best,704,0,98503,84683,13820,0,1,0,0,5,995.789,3,3,14,17,,
panel/cpp_fin_I,investment_context_guarded_001_best,704,1,98503,84683,13820,0,1,0,0,5,1149.4,3,3,14,17,,
panel/cpp_fin_I,investment_context_guarded_001_best,705,0,108641,92321,16320,0,2,0,0,5,2057.41,3,3,12,17,,
panel/cpp_fin_I,investment_context_guarded_001_best,705,1,108641,92321,16320,0,2,0,0,5,1412.83,3,3,12,17,,
panel/cpp_fin_I,investment_context_guarded_001_best,706,0,120836,73488,47348,0,2,0,0,4,1844.13,3,3,13,17,,
panel/cpp_fin_I,investment_context_guarded_001_best,706,1,120891,73505,47386,0,2,0,0,4,1178.75,3,3,13,17,,
panel/cpp_fin_I,investment_context_guarded_001_best,707,0,133237,114028,19209,0,2,0,0,5,1087.72,3,3,12,17,,
panel/cpp_fin_I,investment_context_guarded_001_best,707,1,133237,114028,19209,0,2,0,0,5,1012.08,3,3,12,17,,
panel/cpp_fin_I,investment_context_guarded_001_best,708,0,81180,62273,18907,0,1,0,0,5,909.382,3,3,16,17,,
panel/cpp_fin_I,investment_context_guarded_001_best,708,1,81180,62273,18907,0,1,0,0,5,1252.43,3,3,16,17,,
panel/cpp_fin_I,investment_context_guarded_001_best,709,0,87525,65651,21874,0,2,0,0,5,1220.8,3,3,13,17,,
panel/cpp_fin_I,investment_context_guarded_001_best,709,1,87525,65651,21874,0,2,0,0,5,1283.96,3,3,13,17,,
panel/cpp_fin_I,investment_context_guarded_001_best,710,0,111244,95833,15411,0,3,0,0,6,1407.04,3,3,20,17,,
panel/cpp_fin_I,investment_context_guarded_001_best,710,1,111244,95833,15411,0,3,0,0,6,1379.94,3,3,20,17,,
panel/cpp_fin_I,investment_context_guarded_001_best,711,0,97553,75354,22199,0,2,0,0,5,2268.29,3,3,13,17,,
panel/cpp_fin_I,investment_context_guarded_001_best,711,1,97553,75354,22199,0,2,0,0,5,2719.11,3,3,13,17,,
panel/cpp_fin_I,investment_context_guarded_001_best,712,0,87775,74955,12820,0,2,0,0,5,717.526,3,3,15,17,,
panel/cpp_fin_I,investment_context_guarded_001_best,712,1,87775,74955,12820,0,2,0,0,5,720.688,3,3,15,17,,
panel/cpp_fin_I,investment_context_guarded_001_best,713,0,140770,103392,37378,0,1,0,0,5,2546.97,3,3,16,17,,
panel/cpp_fin_I,investment_context_guarded_001_best,713,1,140853,103319,37534,0,1,0,0,5,967.333,3,3,16,17,,
panel/cpp_fin_I,investment_context_guarded_001_best,714,0,120131,97660,22471,0,2,0,0,5,761.029,3,3,15,17,,
panel/cpp_fin_I,investment_context_guarded_001_best,714,1,120131,97660,22471,0,2,0,0,5,1062.24,3,3,15,17,,
panel/cpp_fin_I,investment_context_guarded_001_best,715,0,141392,113287,28105,0,1,0,0,5,1238.94,3,3,15,17,,
panel/cpp_fin_I,investment_context_guarded_001_best,715,1,141392,113287,28105,0,1,0,0,5,1465.51,3,3,15,17,,
panel/cpp_fin_I,king_rc4,700,0,115310,79848,35462,0,1,0,1,0,2864.52,3,3,14,17,,
panel/cpp_fin_I,king_rc4,700,1,115310,79848,35462,0,1,0,1,0,1946.66,3,3,14,17,,
panel/cpp_fin_I,king_rc4,701,0,115766,109713,6053,0,3,0,0,0,1317.94,3,3,15,17,,
panel/cpp_fin_I,king_rc4,701,1,115612,109807,5805,0,3,0,0,0,3006.25,3,3,15,17,,
panel/cpp_fin_I,king_rc4,702,0,110104,63364,46740,0,2,0,0,6,2049.16,3,3,14,8,,
panel/cpp_fin_I,king_rc4,702,1,110104,63364,46740,0,2,0,0,6,1254.42,3,3,14,8,,
panel/cpp_fin_I,king_rc4,703,0,118571,89431,29140,0,3,0,0,0,1164.86,3,3,14,17,,
panel/cpp_fin_I,king_rc4,703,1,118571,89431,29140,0,3,0,0,0,3045.63,3,3,14,17,,
panel/cpp_fin_I,king_rc4,704,0,99361,78759,20602,0,1,0,3,5,3895.26,3,3,17,17,,
panel/cpp_fin_I,king_rc4,704,1,99361,78759,20602,0,1,0,3,5,2862.6,3,3,17,17,,
panel/cpp_fin_I,king_rc4,705,0,114334,94328,20006,0,3,0,0,5,1328.67,3,3,14,17,,
panel/cpp_fin_I,king_rc4,705,1,114334,94328,20006,0,3,0,0,5,3394.84,3,3,14,17,,
panel/cpp_fin_I,king_rc4,706,0,134686,80542,54144,0,4,0,2,0,3205.49,3,3,14,17,,
panel/cpp_fin_I,king_rc4,706,1,134686,80542,54144,0,4,0,2,0,1447.32,3,3,14,17,,
panel/cpp_fin_I,king_rc4,707,0,146688,122387,24301,0,2,0,0,5,2923.26,3,3,12,17,,
panel/cpp_fin_I,king_rc4,707,1,146688,122387,24301,0,2,0,0,5,1119.12,3,3,12,17,,
panel/cpp_fin_I,king_rc4,708,0,80802,58147,22655,0,1,0,24,0,1716.25,3,3,15,17,,
panel/cpp_fin_I,king_rc4,708,1,80802,58147,22655,0,1,0,24,0,1754.45,3,3,15,17,,
panel/cpp_fin_I,king_rc4,709,0,78984,54151,24833,0,1,0,0,9,768.15,3,3,15,3,,
panel/cpp_fin_I,king_rc4,709,1,78984,54151,24833,0,1,0,0,9,998.697,3,3,15,3,,
panel/cpp_fin_I,king_rc4,710,0,142377,105198,37179,0,3,0,34,0,2540.5,3,3,18,17,,
panel/cpp_fin_I,king_rc4,710,1,142464,105188,37276,0,3,0,34,0,2899.35,3,3,17,17,,
panel/cpp_fin_I,king_rc4,711,0,113972,96817,17155,0,2,0,0,0,2569.91,3,3,13,17,,
panel/cpp_fin_I,king_rc4,711,1,113972,96817,17155,0,2,0,0,0,2999.17,3,3,13,17,,
panel/cpp_fin_I,king_rc4,712,0,87453,72148,15305,0,1,0,0,5,1682.97,3,3,15,17,,
panel/cpp_fin_I,king_rc4,712,1,87445,72151,15294,0,1,0,0,5,1898.63,3,3,15,17,,
panel/cpp_fin_I,king_rc4,713,0,149851,116508,33343,0,1,0,0,5,1246.59,3,3,17,17,,
panel/cpp_fin_I,king_rc4,713,1,149851,116508,33343,0,1,0,0,5,2705.65,3,3,17,17,,
panel/cpp_fin_I,king_rc4,714,0,106771,89576,17195,0,2,0,0,5,1689.75,3,3,15,17,,
panel/cpp_fin_I,king_rc4,714,1,106771,89576,17195,0,2,0,0,5,1285.56,3,3,15,17,,
panel/cpp_fin_I,king_rc4,715,0,135433,109489,25944,0,1,0,0,5,2892.97,3,3,16,17,,
panel/cpp_fin_I,king_rc4,715,1,135433,109489,25944,0,1,0,0,5,1268.9,3,3,16,17,,
panel/cpp_fin_I,teammate_shoprouter,700,0,98936,71886,27050,0,2,0,0,0,6084.52,3,3,14,17,,
panel/cpp_fin_I,teammate_shoprouter,700,1,116943,84396,32547,0,2,0,0,0,2395.89,3,3,14,17,,
panel/cpp_fin_I,teammate_shoprouter,701,0,165972,122262,43710,0,4,0,22,0,1823.27,3,3,17,17,,
panel/cpp_fin_I,teammate_shoprouter,701,1,165953,122258,43695,0,4,0,22,0,2738.51,3,3,17,17,,
panel/cpp_fin_I,teammate_shoprouter,702,0,92956,65972,26984,0,3,0,27,0,2702.65,3,3,13,17,,
panel/cpp_fin_I,teammate_shoprouter,702,1,92956,65972,26984,0,3,0,27,0,1892.4,3,3,13,17,,
panel/cpp_fin_I,teammate_shoprouter,703,0,110150,66939,43211,0,2,0,0,0,3821.88,3,3,19,17,,
panel/cpp_fin_I,teammate_shoprouter,703,1,110150,66939,43211,0,2,0,0,0,5854.03,3,3,19,17,,
panel/cpp_fin_I,teammate_shoprouter,704,0,105949,72790,33159,0,3,0,0,0,1289.69,3,3,13,17,,
panel/cpp_fin_I,teammate_shoprouter,704,1,105949,72790,33159,0,3,0,0,0,1343.07,3,3,13,17,,
panel/cpp_fin_I,teammate_shoprouter,705,0,121218,93615,27603,0,3,0,3,0,1703.48,3,3,13,17,,
panel/cpp_fin_I,teammate_shoprouter,705,1,121218,93615,27603,0,3,0,3,0,1902.33,3,3,13,17,,
panel/cpp_fin_I,teammate_shoprouter,706,0,120683,63219,57464,0,4,0,0,0,2804.26,3,3,13,17,,
panel/cpp_fin_I,teammate_shoprouter,706,1,120736,63219,57517,0,4,0,0,0,1904.25,3,3,13,17,,
panel/cpp_fin_I,teammate_shoprouter,707,0,134392,119263,15129,0,3,0,0,0,1231.33,3,3,13,17,,
panel/cpp_fin_I,teammate_shoprouter,707,1,134392,119263,15129,0,3,0,0,0,1179.4,3,3,13,17,,
panel/cpp_fin_I,teammate_shoprouter,708,0,96215,67607,28608,0,2,0,7,0,2325.57,3,3,10,17,,
panel/cpp_fin_I,teammate_shoprouter,708,1,96215,67607,28608,0,2,0,7,0,1135.65,3,3,10,17,,
panel/cpp_fin_I,teammate_shoprouter,709,0,81080,54925,26155,0,2,0,0,0,2691.34,3,3,13,17,,
panel/cpp_fin_I,teammate_shoprouter,709,1,81080,54925,26155,0,2,0,0,0,3560.54,3,3,13,17,,
panel/cpp_fin_I,teammate_shoprouter,710,0,96403,66559,29844,0,3,0,11,0,3043.08,3,3,17,17,,
panel/cpp_fin_I,teammate_shoprouter,710,1,96524,66569,29955,0,3,0,11,0,2037.14,3,3,17,17,,
panel/cpp_fin_I,teammate_shoprouter,711,0,107154,80584,26570,0,3,0,0,0,4051.21,3,3,15,17,,
panel/cpp_fin_I,teammate_shoprouter,711,1,107154,80584,26570,0,3,0,0,0,1606.6,3,3,15,17,,
panel/cpp_fin_I,teammate_shoprouter,712,0,92884,73050,19834,0,3,0,0,0,3118.69,3,3,18,17,,
panel/cpp_fin_I,teammate_shoprouter,712,1,92771,73012,19759,0,3,0,0,0,1847.87,3,3,18,17,,
panel/cpp_fin_I,teammate_shoprouter,713,0,165037,127781,37256,0,3,0,0,0,2119.43,3,3,14,17,,
panel/cpp_fin_I,teammate_shoprouter,713,1,165037,127781,37256,0,3,0,0,0,2154.38,3,3,14,17,,
panel/cpp_fin_I,teammate_shoprouter,714,0,82640,67743,14897,0,3,0,0,0,1929.71,3,3,18,17,,
panel/cpp_fin_I,teammate_shoprouter,714,1,82640,67743,14897,0,3,0,0,0,1491.22,3,3,18,17,,
panel/cpp_fin_I,teammate_shoprouter,715,0,142441,108133,34308,0,4,0,0,0,1856.08,3,3,16,17,,
panel/cpp_fin_I,teammate_shoprouter,715,1,142441,108133,34308,0,4,0,0,0,1260.64,3,3,16,17,,
panel/cpp_fin_I,two_random_shop_league_v179,700,0,131200,78735,52465,0,3,0,0,0,1361.73,3,4,11,23,,
panel/cpp_fin_I,two_random_shop_league_v179,700,1,131897,78115,53782,0,2,0,0,0,1795.79,3,4,11,23,,
panel/cpp_fin_I,two_random_shop_league_v179,701,0,154504,80635,73869,0,1,0,0,0,2197.87,3,4,12,23,,
panel/cpp_fin_I,two_random_shop_league_v179,701,1,154126,79580,74546,0,1,0,0,0,2341.67,3,4,12,23,,
panel/cpp_fin_I,two_random_shop_league_v179,702,0,168274,92686,75588,0,2,0,0,0,1876.61,3,4,14,23,,
panel/cpp_fin_I,two_random_shop_league_v179,702,1,168274,92686,75588,0,2,0,0,0,1382.71,3,4,14,23,,
panel/cpp_fin_I,two_random_shop_league_v179,703,0,154853,76240,78613,0,2,0,0,0,1363.44,3,3,15,22,,
panel/cpp_fin_I,two_random_shop_league_v179,703,1,154853,76240,78613,0,2,0,0,0,1070.46,3,3,15,22,,
panel/cpp_fin_I,two_random_shop_league_v179,704,0,148547,73800,74747,0,2,0,5,0,908.846,3,3,12,23,,
panel/cpp_fin_I,two_random_shop_league_v179,704,1,148434,73731,74703,0,2,0,0,0,1368.66,3,3,12,23,,
panel/cpp_fin_I,two_random_shop_league_v179,705,0,124450,70326,54124,0,3,0,12,0,1356.11,3,4,14,23,,
panel/cpp_fin_I,two_random_shop_league_v179,705,1,124450,70326,54124,0,3,0,12,0,1203.7,3,4,14,23,,
panel/cpp_fin_I,two_random_shop_league_v179,706,0,201788,101493,100295,0,1,0,3,0,2126.26,3,4,18,23,,
panel/cpp_fin_I,two_random_shop_league_v179,706,1,189436,112400,77036,0,2,0,9,0,4710.99,3,4,22,23,,
panel/cpp_fin_I,two_random_shop_league_v179,707,0,226331,121424,104907,0,2,0,0,0,1361.54,3,4,18,23,,
panel/cpp_fin_I,two_random_shop_league_v179,707,1,226331,121424,104907,0,2,0,0,0,1490.42,3,4,18,23,,
panel/cpp_fin_I,two_random_shop_league_v179,708,0,200137,71055,129082,0,4,0,0,0,1012.17,3,3,16,18,,
panel/cpp_fin_I,two_random_shop_league_v179,708,1,200137,71055,129082,0,4,0,0,0,952.238,3,3,16,18,,
panel/cpp_fin_I,two_random_shop_league_v179,709,0,112581,72447,40134,0,3,0,0,0,1060.49,3,3,15,22,,
panel/cpp_fin_I,two_random_shop_league_v179,709,1,112620,72470,40150,0,3,0,0,0,1612.72,3,3,15,22,,
panel/cpp_fin_I,two_random_shop_league_v179,710,0,208919,119601,89318,0,1,0,0,0,2139.56,3,4,19,23,,
panel/cpp_fin_I,two_random_shop_league_v179,710,1,208086,119081,89005,0,1,0,0,0,3130.22,3,4,19,23,,
panel/cpp_fin_I,two_random_shop_league_v179,711,0,132488,74162,58326,0,2,0,0,0,1040.42,3,4,15,23,,
panel/cpp_fin_I,two_random_shop_league_v179,711,1,132488,74162,58326,0,2,0,0,0,1136.65,3,4,15,23,,
panel/cpp_fin_I,two_random_shop_league_v179,712,0,155972,96845,59127,0,2,0,0,0,1655.09,3,4,17,23,,
panel/cpp_fin_I,two_random_shop_league_v179,712,1,155972,96845,59127,0,1,0,0,0,1639.43,3,4,17,23,,
panel/cpp_fin_I,two_random_shop_league_v179,713,0,158275,86971,71304,0,2,0,0,0,1064.21,3,4,15,23,,
panel/cpp_fin_I,two_random_shop_league_v179,713,1,156318,84845,71473,0,2,0,0,0,1013.12,3,4,15,23,,
panel/cpp_fin_I,two_random_shop_league_v179,714,0,141732,69417,72315,0,2,0,0,0,944.602,3,3,17,20,,
panel/cpp_fin_I,two_random_shop_league_v179,714,1,141732,69417,72315,0,2,0,0,0,942.097,3,3,17,20,,
panel/cpp_fin_I,two_random_shop_league_v179,715,0,140988,89705,51283,0,2,0,0,0,1535.49,3,4,21,23,,
panel/cpp_fin_I,two_random_shop_league_v179,715,1,140988,89705,51283,0,2,0,0,0,1514.64,3,4,21,23,,
panel/cpp_fin_S,agent_sep23,700,0,138037,105822,32215,0,2,0,10,104,1482.38,3,3,20,15,,
panel/cpp_fin_S,agent_sep23,700,1,172008,130577,41431,0,2,0,1,64,2525.56,3,3,21,16,,
panel/cpp_fin_S,agent_sep23,701,0,132610,80622,51988,0,3,0,0,52,1819.38,3,3,13,5,,
panel/cpp_fin_S,agent_sep23,701,1,132610,80622,51988,0,3,0,0,52,1567.6,3,3,13,5,,
panel/cpp_fin_S,agent_sep23,702,0,144884,112149,32735,0,1,0,0,29,1848.38,3,3,13,10,,
panel/cpp_fin_S,agent_sep23,702,1,144884,112149,32735,0,1,0,0,29,1445.52,3,3,13,10,,
panel/cpp_fin_S,agent_sep23,703,0,145848,104209,41639,0,1,0,16,45,2315.45,3,3,23,11,,
panel/cpp_fin_S,agent_sep23,703,1,145848,104209,41639,0,1,0,16,45,2639.18,3,3,23,11,,
panel/cpp_fin_S,agent_sep23,704,0,123388,106427,16961,0,1,0,0,51,2102.19,3,3,15,10,,
panel/cpp_fin_S,agent_sep23,704,1,121423,105649,15774,0,1,0,0,69,2040.42,3,3,15,11,,
panel/cpp_fin_S,agent_sep23,705,0,134473,97544,36929,0,1,0,0,125,752.425,3,3,14,14,,
panel/cpp_fin_S,agent_sep23,705,1,134473,97544,36929,0,1,0,0,125,1190.82,3,3,14,14,,
panel/cpp_fin_S,agent_sep23,706,0,130590,105877,24713,0,2,0,0,139,1133.92,3,3,17,16,,
panel/cpp_fin_S,agent_sep23,706,1,130590,105877,24713,0,2,0,0,139,1631.74,3,3,17,16,,
panel/cpp_fin_S,agent_sep23,707,0,128741,88687,40054,0,2,0,0,84,2014.67,3,3,16,12,,
panel/cpp_fin_S,agent_sep23,707,1,128741,88687,40054,0,2,0,0,84,1853.24,3,3,16,12,,
panel/cpp_fin_S,agent_sep23,708,0,100224,79470,20754,0,1,0,0,15,2665.58,3,3,17,12,,
panel/cpp_fin_S,agent_sep23,708,1,100224,79470,20754,0,1,0,0,15,2313.87,3,3,17,12,,
panel/cpp_fin_S,agent_sep23,709,0,137143,108076,29067,0,1,0,0,152,3287.16,3,3,14,14,,
panel/cpp_fin_S,agent_sep23,709,1,137143,108076,29067,0,1,0,0,152,3539.15,3,3,14,14,,
panel/cpp_fin_S,agent_sep23,710,0,116437,82122,34315,0,2,0,0,69,1912.76,3,3,16,9,,
panel/cpp_fin_S,agent_sep23,710,1,116437,82122,34315,0,2,0,0,69,5161.77,3,3,16,9,,
panel/cpp_fin_S,agent_sep23,711,0,104928,90955,13973,0,1,0,8,49,1628.75,3,3,17,10,,
panel/cpp_fin_S,agent_sep23,711,1,104928,90955,13973,0,1,0,8,49,2110.71,3,3,17,10,,
panel/cpp_fin_S,agent_sep23,712,0,99115,66890,32225,0,2,0,0,4,2254.04,3,3,13,11,,
panel/cpp_fin_S,agent_sep23,712,1,116556,77214,39342,0,2,0,0,44,2430.68,3,3,13,8,,
panel/cpp_fin_S,agent_sep23,713,0,127865,101576,26289,0,2,0,0,56,1211.53,3,3,17,14,,
panel/cpp_fin_S,agent_sep23,713,1,127865,101576,26289,0,2,0,0,56,3191.76,3,3,17,14,,
panel/cpp_fin_S,agent_sep23,714,0,152577,100565,52012,0,1,0,0,21,4787.85,3,3,16,2,,
panel/cpp_fin_S,agent_sep23,714,1,152577,100565,52012,0,1,0,0,21,3066.78,3,3,16,2,,
panel/cpp_fin_S,agent_sep23,715,0,163447,126755,36692,0,2,0,0,98,1513.43,3,3,13,11,,
panel/cpp_fin_S,agent_sep23,715,1,163447,126755,36692,0,2,0,0,98,3447.9,3,3,13,11,,
panel/cpp_fin_S,ahmed_v25,700,0,137247,86798,50449,0,2,0,50,6,3777.03,3,3,8,17,,
panel/cpp_fin_S,ahmed_v25,700,1,137247,86798,50449,0,2,0,50,6,3017.83,3,3,8,17,,
panel/cpp_fin_S,ahmed_v25,701,0,174263,130022,44241,0,4,0,0,6,909.98,3,3,17,17,,
panel/cpp_fin_S,ahmed_v25,701,1,174263,130022,44241,0,4,0,0,6,1006.12,3,3,17,17,,
panel/cpp_fin_S,ahmed_v25,702,0,83655,63274,20381,0,4,0,15,6,788.997,3,3,13,17,,
panel/cpp_fin_S,ahmed_v25,702,1,83655,63274,20381,0,4,0,15,6,614.795,3,3,13,17,,
panel/cpp_fin_S,ahmed_v25,703,0,121965,79716,42249,0,2,0,8,6,1959.86,3,3,18,17,,
panel/cpp_fin_S,ahmed_v25,703,1,121965,79716,42249,0,2,0,8,6,1837.63,3,3,18,17,,
panel/cpp_fin_S,ahmed_v25,704,0,108761,89436,19325,0,2,0,0,6,779.454,3,3,15,17,,
panel/cpp_fin_S,ahmed_v25,704,1,108761,89436,19325,0,2,0,0,6,697.784,3,3,15,17,,
panel/cpp_fin_S,ahmed_v25,705,0,138679,111526,27153,0,3,0,13,6,910.643,3,3,13,17,,
panel/cpp_fin_S,ahmed_v25,705,1,138679,111526,27153,0,3,0,13,6,900.162,3,3,13,17,,
panel/cpp_fin_S,ahmed_v25,706,0,127448,78173,49275,0,5,0,10,0,1481.75,3,3,19,16,,
panel/cpp_fin_S,ahmed_v25,706,1,127448,78173,49275,0,5,0,10,0,1517.47,3,3,19,16,,
panel/cpp_fin_S,ahmed_v25,707,0,135394,118658,16736,0,3,0,0,6,961.303,3,3,13,17,,
panel/cpp_fin_S,ahmed_v25,707,1,135394,118658,16736,0,3,0,0,6,994.505,3,3,13,17,,
panel/cpp_fin_S,ahmed_v25,708,0,105867,78572,27295,0,2,0,29,6,1408.07,3,3,13,17,,
panel/cpp_fin_S,ahmed_v25,708,1,105867,78572,27295,0,2,0,29,6,1601.18,3,3,13,17,,
panel/cpp_fin_S,ahmed_v25,709,0,99210,85379,13831,0,4,0,0,6,1435.74,3,3,12,17,,
panel/cpp_fin_S,ahmed_v25,709,1,99210,85379,13831,0,4,0,0,6,2014.6,3,3,12,17,,
panel/cpp_fin_S,ahmed_v25,710,0,135035,80387,54648,0,3,0,41,6,1681.29,3,3,14,17,,
panel/cpp_fin_S,ahmed_v25,710,1,135035,80387,54648,0,3,0,41,6,1373.45,3,3,14,17,,
panel/cpp_fin_S,ahmed_v25,711,0,98211,75792,22419,0,3,0,12,6,2814.67,3,3,14,17,,
panel/cpp_fin_S,ahmed_v25,711,1,98211,75792,22419,0,3,0,12,6,2632.92,3,3,14,17,,
panel/cpp_fin_S,ahmed_v25,712,0,92948,82998,9950,0,4,0,0,6,1885.84,3,3,18,17,,
panel/cpp_fin_S,ahmed_v25,712,1,92948,82998,9950,0,4,0,0,6,1604.48,3,3,18,17,,
panel/cpp_fin_S,ahmed_v25,713,0,170953,137300,33653,0,4,0,0,6,3134.8,3,3,14,17,,
panel/cpp_fin_S,ahmed_v25,713,1,170953,137300,33653,0,4,0,0,6,1775.85,3,3,14,17,,
panel/cpp_fin_S,ahmed_v25,714,0,114806,104792,10014,0,3,0,0,6,1899.99,3,3,14,17,,
panel/cpp_fin_S,ahmed_v25,714,1,114806,104792,10014,0,3,0,0,6,1337.77,3,3,14,17,,
panel/cpp_fin_S,ahmed_v25,715,0,195175,106322,88853,0,5,0,10,6,1600.73,3,3,16,17,,
panel/cpp_fin_S,ahmed_v25,715,1,195175,106322,88853,0,5,0,10,6,1207.84,3,3,16,17,,
panel/cpp_fin_S,arlene_v4_m31,700,0,95035,73392,21643,0,2,0,0,0,4099.43,3,3,13,17,,
panel/cpp_fin_S,arlene_v4_m31,700,1,119325,86908,32417,0,2,0,0,0,3495.89,3,3,14,17,,
panel/cpp_fin_S,arlene_v4_m31,701,0,163621,116055,47566,0,4,0,0,0,1158.97,3,3,17,17,,
panel/cpp_fin_S,arlene_v4_m31,701,1,161936,115987,45949,0,4,0,0,0,933.295,3,3,17,17,,
panel/cpp_fin_S,arlene_v4_m31,702,0,97304,65618,31686,0,4,0,0,0,1438.96,3,3,12,3,,
panel/cpp_fin_S,arlene_v4_m31,702,1,97304,65618,31686,0,4,0,0,0,768.013,3,3,12,3,,
panel/cpp_fin_S,arlene_v4_m31,703,0,105190,70167,35023,0,2,0,0,0,2766.08,3,3,19,17,,
panel/cpp_fin_S,arlene_v4_m31,703,1,105190,70167,35023,0,2,0,0,0,5072.44,3,3,19,17,,
panel/cpp_fin_S,arlene_v4_m31,704,0,127401,80455,46946,0,3,0,7,0,1188.69,3,3,9,17,,
panel/cpp_fin_S,arlene_v4_m31,704,1,127401,80455,46946,0,3,0,7,0,3438.77,3,3,9,17,,
panel/cpp_fin_S,arlene_v4_m31,705,0,128586,103862,24724,0,3,0,2,0,1257.89,3,3,13,17,,
panel/cpp_fin_S,arlene_v4_m31,705,1,128586,103862,24724,0,3,0,2,0,2317.17,3,3,13,17,,
panel/cpp_fin_S,arlene_v4_m31,706,0,125293,68785,56508,0,5,0,1,0,2854.44,3,3,18,8,,
panel/cpp_fin_S,arlene_v4_m31,706,1,125218,68774,56444,0,5,0,1,0,2204.68,3,3,18,8,,
panel/cpp_fin_S,arlene_v4_m31,707,0,131701,116967,14734,0,3,0,0,0,3026.57,3,3,13,17,,
panel/cpp_fin_S,arlene_v4_m31,707,1,131701,116967,14734,0,3,0,0,0,2173.37,3,3,13,17,,
panel/cpp_fin_S,arlene_v4_m31,708,0,82276,58016,24260,0,2,0,0,0,2459.07,3,3,15,17,,
panel/cpp_fin_S,arlene_v4_m31,708,1,82276,58016,24260,0,2,0,0,0,1919.86,3,3,15,17,,
panel/cpp_fin_S,arlene_v4_m31,709,0,99328,81551,17777,0,2,0,2,0,1504.9,3,3,15,17,,
panel/cpp_fin_S,arlene_v4_m31,709,1,99328,81551,17777,0,2,0,2,0,2625.66,3,3,15,17,,
panel/cpp_fin_S,arlene_v4_m31,710,0,115321,79697,35624,0,3,0,15,0,1808.23,3,3,17,8,,
panel/cpp_fin_S,arlene_v4_m31,710,1,115321,79697,35624,0,3,0,15,0,2551.09,3,3,17,8,,
panel/cpp_fin_S,arlene_v4_m31,711,0,102292,79893,22399,0,3,0,2,0,1623.51,3,3,15,17,,
panel/cpp_fin_S,arlene_v4_m31,711,1,102292,79893,22399,0,3,0,2,0,1560.3,3,3,15,17,,
panel/cpp_fin_S,arlene_v4_m31,712,0,95146,77403,17743,0,3,0,0,0,2116.4,3,3,18,17,,
panel/cpp_fin_S,arlene_v4_m31,712,1,95080,77432,17648,0,3,0,0,0,1721.99,3,3,18,17,,
panel/cpp_fin_S,arlene_v4_m31,713,0,149254,123954,25300,0,3,0,0,0,1096.72,3,3,14,17,,
panel/cpp_fin_S,arlene_v4_m31,713,1,149254,123954,25300,0,3,0,0,0,1812.43,3,3,14,17,,
panel/cpp_fin_S,arlene_v4_m31,714,0,85781,64476,21305,0,3,0,24,0,962.238,3,3,15,8,,
panel/cpp_fin_S,arlene_v4_m31,714,1,85781,64476,21305,0,3,0,24,0,1853.55,3,3,15,8,,
panel/cpp_fin_S,arlene_v4_m31,715,0,157560,96390,61170,0,4,0,0,0,1493.91,3,3,16,17,,
panel/cpp_fin_S,arlene_v4_m31,715,1,157560,96390,61170,0,4,0,0,0,829.949,3,3,16,17,,
panel/cpp_fin_S,investment_context_guarded_001_best,700,0,145698,89903,55795,0,1,0,67,6,1456.44,3,3,11,17,,
panel/cpp_fin_S,investment_context_guarded_001_best,700,1,145698,89903,55795,0,1,0,67,6,1448.2,3,3,11,17,,
panel/cpp_fin_S,investment_context_guarded_001_best,701,0,157982,126386,31596,0,3,0,0,4,1548.69,3,3,19,17,,
panel/cpp_fin_S,investment_context_guarded_001_best,701,1,157982,126386,31596,0,3,0,0,4,2180.16,3,3,19,17,,
panel/cpp_fin_S,investment_context_guarded_001_best,702,0,97950,63227,34723,0,2,0,0,4,1143.55,3,3,17,17,,
panel/cpp_fin_S,investment_context_guarded_001_best,702,1,97950,63227,34723,0,2,0,0,4,883.879,3,3,17,17,,
panel/cpp_fin_S,investment_context_guarded_001_best,703,0,124829,102812,22017,0,3,0,9,4,1583.42,3,3,18,17,,
panel/cpp_fin_S,investment_context_guarded_001_best,703,1,124829,102812,22017,0,3,0,9,4,1033.55,3,3,18,17,,
panel/cpp_fin_S,investment_context_guarded_001_best,704,0,96476,82318,14158,0,1,0,0,5,1132.2,3,3,16,17,,
panel/cpp_fin_S,investment_context_guarded_001_best,704,1,96476,82318,14158,0,1,0,0,5,1611.46,3,3,16,17,,
panel/cpp_fin_S,investment_context_guarded_001_best,705,0,107828,91699,16129,0,2,0,0,5,1629.11,3,3,12,17,,
panel/cpp_fin_S,investment_context_guarded_001_best,705,1,107828,91699,16129,0,2,0,0,5,1264.81,3,3,12,17,,
panel/cpp_fin_S,investment_context_guarded_001_best,706,0,147428,78482,68946,0,2,0,0,4,1308.14,3,3,14,17,,
panel/cpp_fin_S,investment_context_guarded_001_best,706,1,147428,78482,68946,0,2,0,0,4,1823.64,3,3,14,17,,
panel/cpp_fin_S,investment_context_guarded_001_best,707,0,145245,119452,25793,0,2,0,0,5,865.925,3,3,12,17,,
panel/cpp_fin_S,investment_context_guarded_001_best,707,1,145245,119452,25793,0,2,0,0,5,1483.08,3,3,12,17,,
panel/cpp_fin_S,investment_context_guarded_001_best,708,0,83198,64439,18759,0,2,0,18,5,861.089,3,3,16,17,,
panel/cpp_fin_S,investment_context_guarded_001_best,708,1,83198,64439,18759,0,2,0,18,5,981.373,3,3,16,17,,
panel/cpp_fin_S,investment_context_guarded_001_best,709,0,88586,65774,22812,0,2,0,0,5,910.9,3,3,13,17,,
panel/cpp_fin_S,investment_context_guarded_001_best,709,1,88586,65774,22812,0,2,0,0,5,584.053,3,3,13,17,,
panel/cpp_fin_S,investment_context_guarded_001_best,710,0,147076,111765,35311,0,3,0,49,6,1932.68,3,3,17,17,,
panel/cpp_fin_S,investment_context_guarded_001_best,710,1,147076,111765,35311,0,3,0,49,6,1821.54,3,3,17,17,,
panel/cpp_fin_S,investment_context_guarded_001_best,711,0,96821,75274,21547,0,2,0,0,5,1865.08,3,3,16,17,,
panel/cpp_fin_S,investment_context_guarded_001_best,711,1,96821,75274,21547,0,2,0,0,5,1865.09,3,3,16,17,,
panel/cpp_fin_S,investment_context_guarded_001_best,712,0,87042,74648,12394,0,2,0,1,5,783.161,3,3,15,17,,
panel/cpp_fin_S,investment_context_guarded_001_best,712,1,87042,74648,12394,0,2,0,1,5,606.341,3,3,15,17,,
panel/cpp_fin_S,investment_context_guarded_001_best,713,0,141967,103754,38213,0,1,0,0,5,1443.3,3,3,16,17,,
panel/cpp_fin_S,investment_context_guarded_001_best,713,1,141967,103754,38213,0,1,0,0,5,1037.97,3,3,16,17,,
panel/cpp_fin_S,investment_context_guarded_001_best,714,0,116591,100761,15830,0,2,0,0,5,1401.11,3,3,15,17,,
panel/cpp_fin_S,investment_context_guarded_001_best,714,1,116591,100761,15830,0,2,0,0,5,2449.77,3,3,15,17,,
panel/cpp_fin_S,investment_context_guarded_001_best,715,0,141562,112728,28834,0,1,0,0,5,823.6,3,3,15,17,,
panel/cpp_fin_S,investment_context_guarded_001_best,715,1,141562,112728,28834,0,1,0,0,5,1057.85,3,3,15,17,,
panel/cpp_fin_S,king_rc4,700,0,136947,90218,46729,0,1,0,2,0,1588.89,3,3,14,17,,
panel/cpp_fin_S,king_rc4,700,1,136947,90218,46729,0,1,0,2,0,2161.06,3,3,14,17,,
panel/cpp_fin_S,king_rc4,701,0,107692,102495,5197,0,3,0,0,0,1912.52,3,3,15,17,,
panel/cpp_fin_S,king_rc4,701,1,107692,102495,5197,0,3,0,0,0,1402.35,3,3,15,17,,
panel/cpp_fin_S,king_rc4,702,0,106586,62192,44394,0,2,0,19,6,1180.15,3,3,16,8,,
panel/cpp_fin_S,king_rc4,702,1,106619,62205,44414,0,2,0,19,6,1688.6,3,3,16,8,,
panel/cpp_fin_S,king_rc4,703,0,118515,91036,27479,0,3,0,0,0,1601.44,3,3,11,17,,
panel/cpp_fin_S,king_rc4,703,1,118515,91036,27479,0,3,0,0,0,2315.82,3,3,11,17,,
panel/cpp_fin_S,king_rc4,704,0,95071,74904,20167,0,1,0,0,5,1963.13,3,3,17,17,,
panel/cpp_fin_S,king_rc4,704,1,95071,74904,20167,0,1,0,0,5,1708.32,3,3,17,17,,
panel/cpp_fin_S,king_rc4,705,0,112209,96244,15965,0,2,0,0,5,1248.68,3,3,12,17,,
panel/cpp_fin_S,king_rc4,705,1,112209,96244,15965,0,2,0,0,5,4045.59,3,3,12,17,,
panel/cpp_fin_S,king_rc4,706,0,166062,93052,73010,0,2,0,0,0,2740.08,3,3,18,17,,
panel/cpp_fin_S,king_rc4,706,1,166062,93052,73010,0,2,0,0,0,3193.89,3,3,18,17,,
panel/cpp_fin_S,king_rc4,707,0,137138,121113,16025,0,2,0,0,5,4152.57,3,3,12,17,,
panel/cpp_fin_S,king_rc4,707,1,137138,121113,16025,0,2,0,0,5,2903.85,3,3,12,17,,
panel/cpp_fin_S,king_rc4,708,0,84749,61715,23034,0,1,0,0,0,921.804,3,3,15,17,,
panel/cpp_fin_S,king_rc4,708,1,84749,61715,23034,0,1,0,0,0,535.655,3,3,15,17,,
panel/cpp_fin_S,king_rc4,709,0,89218,70277,18941,0,1,0,0,9,2067.98,3,3,13,3,,
panel/cpp_fin_S,king_rc4,709,1,89250,70253,18997,0,1,0,0,9,1022.88,3,3,13,3,,
panel/cpp_fin_S,king_rc4,710,0,114834,96928,17906,0,2,0,0,0,3168.86,3,3,19,17,,
panel/cpp_fin_S,king_rc4,710,1,114834,96928,17906,0,2,0,0,0,1557.17,3,3,19,17,,
panel/cpp_fin_S,king_rc4,711,0,113356,96203,17153,0,2,0,0,0,1593.61,3,3,13,17,,
panel/cpp_fin_S,king_rc4,711,1,113356,96203,17153,0,2,0,0,0,1679,3,3,13,17,,
panel/cpp_fin_S,king_rc4,712,0,93401,75417,17984,0,1,0,0,5,1957.09,3,3,16,17,,
panel/cpp_fin_S,king_rc4,712,1,93401,75417,17984,0,1,0,0,5,1101.58,3,3,16,17,,
panel/cpp_fin_S,king_rc4,713,0,142312,117562,24750,0,1,0,0,5,2106.36,3,3,16,17,,
panel/cpp_fin_S,king_rc4,713,1,142312,117562,24750,0,1,0,0,5,2196.95,3,3,16,17,,
panel/cpp_fin_S,king_rc4,714,0,102662,88959,13703,0,2,0,0,5,1359.77,3,3,16,17,,
panel/cpp_fin_S,king_rc4,714,1,102662,88959,13703,0,2,0,0,5,2021.76,3,3,16,17,,
panel/cpp_fin_S,king_rc4,715,0,136510,110133,26377,0,1,0,0,5,2359.31,3,3,15,17,,
panel/cpp_fin_S,king_rc4,715,1,136510,110133,26377,0,1,0,0,5,2937.31,3,3,15,17,,
panel/cpp_fin_S,teammate_shoprouter,700,0,87525,64332,23193,0,2,0,5,0,3002.24,3,3,16,17,,
panel/cpp_fin_S,teammate_shoprouter,700,1,103900,77323,26577,0,2,0,0,0,2356.38,3,3,15,17,,
panel/cpp_fin_S,teammate_shoprouter,701,0,163571,113234,50337,0,4,0,11,0,1400.56,3,3,17,17,,
panel/cpp_fin_S,teammate_shoprouter,701,1,163720,113240,50480,0,4,0,12,0,1745.73,3,3,17,17,,
panel/cpp_fin_S,teammate_shoprouter,702,0,96289,67879,28410,0,3,0,6,0,2791.96,3,3,13,17,,
panel/cpp_fin_S,teammate_shoprouter,702,1,96289,67879,28410,0,3,0,6,0,2276.57,3,3,13,17,,
panel/cpp_fin_S,teammate_shoprouter,703,0,102747,62114,40633,0,2,0,0,0,5767.42,3,3,18,17,,
panel/cpp_fin_S,teammate_shoprouter,703,1,102747,62114,40633,0,2,0,0,0,5423.77,3,3,18,17,,
panel/cpp_fin_S,teammate_shoprouter,704,0,120430,73743,46687,0,3,0,1,0,1834.69,3,3,10,17,,
panel/cpp_fin_S,teammate_shoprouter,704,1,120430,73743,46687,0,3,0,1,0,1768.57,3,3,10,17,,
panel/cpp_fin_S,teammate_shoprouter,705,0,120804,94428,26376,0,3,0,3,0,1361.76,3,3,13,17,,
panel/cpp_fin_S,teammate_shoprouter,705,1,120804,94428,26376,0,3,0,3,0,2298.74,3,3,13,17,,
panel/cpp_fin_S,teammate_shoprouter,706,0,126341,70576,55765,0,5,0,0,0,1236.17,3,3,18,17,,
panel/cpp_fin_S,teammate_shoprouter,706,1,126362,70576,55786,0,5,0,0,0,2692.55,3,3,18,17,,
panel/cpp_fin_S,teammate_shoprouter,707,0,134941,119135,15806,0,3,0,0,0,1743.08,3,3,13,17,,
panel/cpp_fin_S,teammate_shoprouter,707,1,134941,119135,15806,0,3,0,0,0,1949.03,3,3,13,17,,
panel/cpp_fin_S,teammate_shoprouter,708,0,97360,68370,28990,0,2,0,8,0,1437.33,3,3,10,17,,
panel/cpp_fin_S,teammate_shoprouter,708,1,97360,68370,28990,0,2,0,8,0,1251.82,3,3,10,17,,
panel/cpp_fin_S,teammate_shoprouter,709,0,80713,55121,25592,0,2,0,0,0,1640.42,3,3,13,17,,
panel/cpp_fin_S,teammate_shoprouter,709,1,80713,55121,25592,0,2,0,0,0,1551.96,3,3,13,17,,
panel/cpp_fin_S,teammate_shoprouter,710,0,93439,64450,28989,0,3,0,13,0,1570.75,3,3,17,17,,
panel/cpp_fin_S,teammate_shoprouter,710,1,93341,64450,28891,0,3,0,13,0,4814.07,3,3,17,17,,
panel/cpp_fin_S,teammate_shoprouter,711,0,101652,77586,24066,0,3,0,0,0,2718.37,3,3,15,17,,
panel/cpp_fin_S,teammate_shoprouter,711,1,101652,77586,24066,0,3,0,0,0,1260.15,3,3,15,17,,
panel/cpp_fin_S,teammate_shoprouter,712,0,92599,74189,18410,0,3,0,2,0,2274.65,3,3,18,17,,
panel/cpp_fin_S,teammate_shoprouter,712,1,92599,74189,18410,0,3,0,2,0,1614.19,3,3,18,17,,
panel/cpp_fin_S,teammate_shoprouter,713,0,163387,126655,36732,0,3,0,0,0,2539.22,3,3,14,17,,
panel/cpp_fin_S,teammate_shoprouter,713,1,163387,126655,36732,0,3,0,0,0,2803.41,3,3,14,17,,
panel/cpp_fin_S,teammate_shoprouter,714,0,81799,61461,20338,0,3,0,18,0,1563.19,3,3,20,17,,
panel/cpp_fin_S,teammate_shoprouter,714,1,81799,61461,20338,0,3,0,18,0,1764.29,3,3,20,17,,
panel/cpp_fin_S,teammate_shoprouter,715,0,114703,82271,32432,0,4,0,0,0,2230.44,3,3,16,17,,
panel/cpp_fin_S,teammate_shoprouter,715,1,114703,82271,32432,0,4,0,0,0,1921.85,3,3,16,17,,
panel/cpp_fin_S,two_random_shop_league_v179,700,0,130551,78665,51886,0,2,0,0,0,1143.91,3,4,11,23,,
panel/cpp_fin_S,two_random_shop_league_v179,700,1,130953,77703,53250,0,2,0,0,0,1419.54,3,4,11,23,,
panel/cpp_fin_S,two_random_shop_league_v179,701,0,154569,80612,73957,0,1,0,0,0,2068.51,3,4,12,23,,
panel/cpp_fin_S,two_random_shop_league_v179,701,1,154179,79574,74605,0,1,0,0,0,1200.28,3,4,12,23,,
panel/cpp_fin_S,two_random_shop_league_v179,702,0,167836,88702,79134,0,2,0,0,0,1321.58,3,4,14,23,,
panel/cpp_fin_S,two_random_shop_league_v179,702,1,167925,88702,79223,0,2,0,0,0,1945.55,3,4,14,23,,
panel/cpp_fin_S,two_random_shop_league_v179,703,0,141017,70534,70483,0,2,0,0,0,1359.74,3,3,15,22,,
panel/cpp_fin_S,two_random_shop_league_v179,703,1,141017,70534,70483,0,2,0,0,0,838.31,3,3,15,22,,
panel/cpp_fin_S,two_random_shop_league_v179,704,0,147247,73087,74160,0,2,0,0,0,772.2,3,3,12,23,,
panel/cpp_fin_S,two_random_shop_league_v179,704,1,147247,73087,74160,0,2,0,0,0,821.278,3,3,12,23,,
panel/cpp_fin_S,two_random_shop_league_v179,705,0,123988,64510,59478,0,3,0,0,0,1765.09,3,4,14,23,,
panel/cpp_fin_S,two_random_shop_league_v179,705,1,125155,70837,54318,0,3,0,0,0,1149.54,3,4,14,23,,
panel/cpp_fin_S,two_random_shop_league_v179,706,0,209452,92142,117310,0,1,0,22,0,2390.53,3,4,24,23,,
panel/cpp_fin_S,two_random_shop_league_v179,706,1,209452,92142,117310,0,1,0,22,0,1713.97,3,4,24,23,,
panel/cpp_fin_S,two_random_shop_league_v179,707,0,226329,121419,104910,0,2,0,0,0,1318.72,3,4,18,23,,
panel/cpp_fin_S,two_random_shop_league_v179,707,1,226329,121419,104910,0,2,0,0,0,1330.28,3,4,18,23,,
panel/cpp_fin_S,two_random_shop_league_v179,708,0,199567,70829,128738,0,4,0,0,0,463.89,3,3,16,18,,
panel/cpp_fin_S,two_random_shop_league_v179,708,1,199567,70829,128738,0,4,0,0,0,595.538,3,3,16,18,,
panel/cpp_fin_S,two_random_shop_league_v179,709,0,109888,60908,48980,0,3,0,0,0,1062.52,3,3,15,22,,
panel/cpp_fin_S,two_random_shop_league_v179,709,1,108403,61778,46625,0,3,0,0,0,1072.83,3,3,15,22,,
panel/cpp_fin_S,two_random_shop_league_v179,710,0,182922,131113,51809,0,3,0,16,0,4928.91,3,4,19,23,,
panel/cpp_fin_S,two_random_shop_league_v179,710,1,185922,130663,55259,0,3,0,16,0,3401.19,3,4,21,23,,
panel/cpp_fin_S,two_random_shop_league_v179,711,0,131654,75496,56158,0,2,0,0,0,1246.63,3,4,15,23,,
panel/cpp_fin_S,two_random_shop_league_v179,711,1,131654,75496,56158,0,2,0,0,0,1261.38,3,4,15,23,,
panel/cpp_fin_S,two_random_shop_league_v179,712,0,156153,96236,59917,0,2,0,0,0,1842.01,3,4,17,23,,
panel/cpp_fin_S,two_random_shop_league_v179,712,1,156155,96235,59920,0,1,0,0,0,1457.17,3,4,17,23,,
panel/cpp_fin_S,two_random_shop_league_v179,713,0,167748,94130,73618,0,2,0,0,0,1101.5,3,4,15,23,,
panel/cpp_fin_S,two_random_shop_league_v179,713,1,163801,90817,72984,0,2,0,0,0,2407.1,3,4,15,23,,
panel/cpp_fin_S,two_random_shop_league_v179,714,0,142296,68937,73359,0,2,0,0,0,994.172,3,3,17,20,,
panel/cpp_fin_S,two_random_shop_league_v179,714,1,142296,68937,73359,0,2,0,0,0,1097.82,3,3,17,20,,
panel/cpp_fin_S,two_random_shop_league_v179,715,0,141234,89439,51795,0,2,0,0,0,2186.09,3,4,21,23,,
panel/cpp_fin_S,two_random_shop_league_v179,715,1,141234,89439,51795,0,2,0,0,0,1732.43,3,4,21,23,,
panel/cpp_fin_T,agent_sep23,700,0,137569,105211,32358,0,2,0,3,61,1391.23,3,3,20,13,,
panel/cpp_fin_T,agent_sep23,700,1,168458,129895,38563,0,2,0,1,64,1222.14,3,3,21,16,,
panel/cpp_fin_T,agent_sep23,701,0,132588,80622,51966,0,3,0,0,52,1548.65,3,3,13,5,,
panel/cpp_fin_T,agent_sep23,701,1,132588,80622,51966,0,3,0,0,52,1553.48,3,3,13,5,,
panel/cpp_fin_T,agent_sep23,702,0,144884,112149,32735,0,1,0,0,29,2197.1,3,3,13,10,,
panel/cpp_fin_T,agent_sep23,702,1,144884,112149,32735,0,1,0,0,29,1292.14,3,3,13,10,,
panel/cpp_fin_T,agent_sep23,703,0,146004,103763,42241,0,1,0,16,45,2147.31,3,3,20,11,,
panel/cpp_fin_T,agent_sep23,703,1,146004,103763,42241,0,1,0,16,45,2107.44,3,3,20,11,,
panel/cpp_fin_T,agent_sep23,704,0,123374,106416,16958,0,1,0,0,51,1437.42,3,3,15,10,,
panel/cpp_fin_T,agent_sep23,704,1,121263,104287,16976,0,1,0,0,73,2099.39,3,3,15,11,,
panel/cpp_fin_T,agent_sep23,705,0,134426,97541,36885,0,1,0,0,125,505.004,3,3,14,14,,
panel/cpp_fin_T,agent_sep23,705,1,134426,97541,36885,0,1,0,0,125,706.314,3,3,14,14,,
panel/cpp_fin_T,agent_sep23,706,0,131526,109082,22444,0,2,0,0,50,881.409,3,3,17,16,,
panel/cpp_fin_T,agent_sep23,706,1,131526,109082,22444,0,2,0,0,50,697.646,3,3,17,16,,
panel/cpp_fin_T,agent_sep23,707,0,126673,89189,37484,0,2,0,0,93,1739.67,3,3,16,12,,
panel/cpp_fin_T,agent_sep23,707,1,126673,89189,37484,0,2,0,0,93,1766.28,3,3,16,12,,
panel/cpp_fin_T,agent_sep23,708,0,98215,78736,19479,0,1,0,11,10,2856.23,3,3,17,12,,
panel/cpp_fin_T,agent_sep23,708,1,98215,78736,19479,0,1,0,11,10,943.146,3,3,17,12,,
panel/cpp_fin_T,agent_sep23,709,0,131235,109609,21626,0,1,0,0,153,2651.44,3,3,14,14,,
panel/cpp_fin_T,agent_sep23,709,1,131235,109609,21626,0,1,0,0,153,1523.76,3,3,14,14,,
panel/cpp_fin_T,agent_sep23,710,0,117258,82426,34832,0,2,0,0,125,1857.34,3,3,16,9,,
panel/cpp_fin_T,agent_sep23,710,1,117258,82426,34832,0,2,0,0,125,1932.62,3,3,16,9,,
panel/cpp_fin_T,agent_sep23,711,0,104977,90571,14406,0,1,0,8,49,1251.11,3,3,17,10,,
panel/cpp_fin_T,agent_sep23,711,1,104977,90571,14406,0,1,0,8,49,3822.02,3,3,17,10,,
panel/cpp_fin_T,agent_sep23,712,0,99216,67211,32005,0,2,0,0,4,1273.46,3,3,13,8,,
panel/cpp_fin_T,agent_sep23,712,1,116339,77214,39125,0,2,0,0,44,3565.91,3,3,13,8,,
panel/cpp_fin_T,agent_sep23,713,0,134811,101817,32994,0,2,0,0,28,3052.92,3,3,17,14,,
panel/cpp_fin_T,agent_sep23,713,1,134811,101817,32994,0,2,0,0,28,2186.74,3,3,17,14,,
panel/cpp_fin_T,agent_sep23,714,0,152576,100565,52011,0,1,0,0,21,2667.94,3,3,16,2,,
panel/cpp_fin_T,agent_sep23,714,1,152576,100565,52011,0,1,0,0,21,2240.81,3,3,16,2,,
panel/cpp_fin_T,agent_sep23,715,0,163402,126755,36647,0,2,0,0,98,1095.79,3,3,13,11,,
panel/cpp_fin_T,agent_sep23,715,1,163402,126755,36647,0,2,0,0,98,1754.53,3,3,13,11,,
panel/cpp_fin_T,ahmed_v25,700,0,136564,93525,43039,0,2,0,0,6,1511.58,3,3,8,17,,
panel/cpp_fin_T,ahmed_v25,700,1,136564,93525,43039,0,2,0,0,6,1522.76,3,3,8,17,,
panel/cpp_fin_T,ahmed_v25,701,0,174017,129901,44116,0,4,0,0,6,824.431,3,3,17,17,,
panel/cpp_fin_T,ahmed_v25,701,1,174017,129901,44116,0,4,0,0,6,919.321,3,3,17,17,,
panel/cpp_fin_T,ahmed_v25,702,0,81451,59681,21770,0,4,0,58,6,692.183,3,3,10,17,,
panel/cpp_fin_T,ahmed_v25,702,1,81451,59681,21770,0,4,0,58,6,566.989,3,3,10,17,,
panel/cpp_fin_T,ahmed_v25,703,0,121820,80406,41414,0,2,0,30,6,1902.2,3,3,18,17,,
panel/cpp_fin_T,ahmed_v25,703,1,121820,80406,41414,0,2,0,30,6,1845.89,3,3,18,17,,
panel/cpp_fin_T,ahmed_v25,704,0,104451,81860,22591,0,2,0,2,6,1191.44,3,3,15,17,,
panel/cpp_fin_T,ahmed_v25,704,1,104451,81860,22591,0,2,0,2,6,1020.87,3,3,15,17,,
panel/cpp_fin_T,ahmed_v25,705,0,138423,111512,26911,0,3,0,13,6,965.355,3,3,13,17,,
panel/cpp_fin_T,ahmed_v25,705,1,138423,111512,26911,0,3,0,13,6,800.832,3,3,13,17,,
panel/cpp_fin_T,ahmed_v25,706,0,161305,92285,69020,0,3,0,0,0,1456.01,3,3,23,16,,
panel/cpp_fin_T,ahmed_v25,706,1,161305,92285,69020,0,3,0,0,0,1656.88,3,3,23,16,,
panel/cpp_fin_T,ahmed_v25,707,0,134299,119269,15030,0,3,0,0,6,1078.17,3,3,13,17,,
panel/cpp_fin_T,ahmed_v25,707,1,134299,119269,15030,0,3,0,0,6,1041.67,3,3,13,17,,
panel/cpp_fin_T,ahmed_v25,708,0,105091,77571,27520,0,2,0,34,6,2114.66,3,3,12,17,,
panel/cpp_fin_T,ahmed_v25,708,1,105091,77571,27520,0,2,0,34,6,1283.68,3,3,12,17,,
panel/cpp_fin_T,ahmed_v25,709,0,98252,84398,13854,0,4,0,0,6,2460.56,3,3,12,17,,
panel/cpp_fin_T,ahmed_v25,709,1,98252,84398,13854,0,4,0,0,6,1817.97,3,3,12,17,,
panel/cpp_fin_T,ahmed_v25,710,0,133696,80267,53429,0,3,0,31,6,2117.96,3,3,11,17,,
panel/cpp_fin_T,ahmed_v25,710,1,133696,80267,53429,0,3,0,31,6,1592.69,3,3,11,17,,
panel/cpp_fin_T,ahmed_v25,711,0,98221,79468,18753,0,3,0,3,6,1810.78,3,3,14,17,,
panel/cpp_fin_T,ahmed_v25,711,1,98221,79468,18753,0,3,0,3,6,2144.07,3,3,14,17,,
panel/cpp_fin_T,ahmed_v25,712,0,89653,75221,14432,0,4,0,0,6,1521.23,3,3,17,17,,
panel/cpp_fin_T,ahmed_v25,712,1,89653,75221,14432,0,4,0,0,6,2396.68,3,3,17,17,,
panel/cpp_fin_T,ahmed_v25,713,0,168965,136418,32547,0,3,0,0,6,2341.96,3,3,14,17,,
panel/cpp_fin_T,ahmed_v25,713,1,168965,136418,32547,0,3,0,0,6,2078.16,3,3,14,17,,
panel/cpp_fin_T,ahmed_v25,714,0,115828,105049,10779,0,3,0,0,6,1198.38,3,3,14,17,,
panel/cpp_fin_T,ahmed_v25,714,1,115828,105049,10779,0,3,0,0,6,1369.39,3,3,14,17,,
panel/cpp_fin_T,ahmed_v25,715,0,196536,106550,89986,0,5,0,10,6,1927.38,3,3,16,17,,
panel/cpp_fin_T,ahmed_v25,715,1,196536,106550,89986,0,5,0,10,6,1228.02,3,3,16,17,,
panel/cpp_fin_T,arlene_v4_m31,700,0,99522,72949,26573,0,2,0,4,0,2543.48,3,3,14,17,,
panel/cpp_fin_T,arlene_v4_m31,700,1,116864,84705,32159,0,2,0,1,0,3533.49,3,3,15,17,,
panel/cpp_fin_T,arlene_v4_m31,701,0,166481,126875,39606,0,4,0,4,0,1935.22,3,3,17,17,,
panel/cpp_fin_T,arlene_v4_m31,701,1,166424,126896,39528,0,4,0,4,0,1509.67,3,3,17,17,,
panel/cpp_fin_T,arlene_v4_m31,702,0,97486,65625,31861,0,4,0,0,0,2228.62,3,3,12,3,,
panel/cpp_fin_T,arlene_v4_m31,702,1,97486,65625,31861,0,4,0,0,0,2643.34,3,3,12,3,,
panel/cpp_fin_T,arlene_v4_m31,703,0,118059,75803,42256,0,2,0,5,0,2588.12,3,3,19,17,,
panel/cpp_fin_T,arlene_v4_m31,703,1,118059,75803,42256,0,2,0,5,0,7409.1,3,3,19,17,,
panel/cpp_fin_T,arlene_v4_m31,704,0,109602,81678,27924,0,3,0,3,0,2424.27,3,3,16,17,,
panel/cpp_fin_T,arlene_v4_m31,704,1,109602,81678,27924,0,3,0,3,0,1987.91,3,3,16,17,,
panel/cpp_fin_T,arlene_v4_m31,705,0,122049,98870,23179,0,3,0,0,0,1753.44,3,3,13,17,,
panel/cpp_fin_T,arlene_v4_m31,705,1,122049,98870,23179,0,3,0,0,0,3428.51,3,3,13,17,,
panel/cpp_fin_T,arlene_v4_m31,706,0,120782,66784,53998,0,4,0,1,0,3877.09,3,3,15,8,,
panel/cpp_fin_T,arlene_v4_m31,706,1,120782,66784,53998,0,4,0,1,0,1910.72,3,3,15,8,,
panel/cpp_fin_T,arlene_v4_m31,707,0,132012,115196,16816,0,3,0,0,0,2089.85,3,3,13,17,,
panel/cpp_fin_T,arlene_v4_m31,707,1,132012,115196,16816,0,3,0,0,0,1485.22,3,3,13,17,,
panel/cpp_fin_T,arlene_v4_m31,708,0,88698,66530,22168,0,2,0,9,0,857.916,3,3,16,17,,
panel/cpp_fin_T,arlene_v4_m31,708,1,88698,66530,22168,0,2,0,9,0,763.819,3,3,16,17,,
panel/cpp_fin_T,arlene_v4_m31,709,0,96760,79313,17447,0,2,0,0,0,2817.91,3,3,15,17,,
panel/cpp_fin_T,arlene_v4_m31,709,1,96760,79313,17447,0,2,0,0,0,1502.36,3,3,15,17,,
panel/cpp_fin_T,arlene_v4_m31,710,0,97851,65830,32021,0,3,0,0,0,1554.6,3,3,17,8,,
panel/cpp_fin_T,arlene_v4_m31,710,1,97851,65830,32021,0,3,0,0,0,1711.45,3,3,17,8,,
panel/cpp_fin_T,arlene_v4_m31,711,0,104612,84461,20151,0,3,0,0,0,1404.93,3,3,15,17,,
panel/cpp_fin_T,arlene_v4_m31,711,1,104612,84461,20151,0,3,0,0,0,2158.27,3,3,15,17,,
panel/cpp_fin_T,arlene_v4_m31,712,0,94671,77328,17343,0,3,0,0,0,2410.75,3,3,18,17,,
panel/cpp_fin_T,arlene_v4_m31,712,1,94671,77328,17343,0,3,0,0,0,1438.31,3,3,18,17,,
panel/cpp_fin_T,arlene_v4_m31,713,0,149036,123955,25081,0,3,0,0,0,1706.82,3,3,14,17,,
panel/cpp_fin_T,arlene_v4_m31,713,1,149036,123955,25081,0,3,0,0,0,893.744,3,3,14,17,,
panel/cpp_fin_T,arlene_v4_m31,714,0,85136,62004,23132,0,3,0,0,0,1269.03,3,3,19,8,,
panel/cpp_fin_T,arlene_v4_m31,714,1,85136,62004,23132,0,3,0,0,0,2044.08,3,3,19,8,,
panel/cpp_fin_T,arlene_v4_m31,715,0,139320,111009,28311,0,4,0,0,0,874.103,3,3,16,17,,
panel/cpp_fin_T,arlene_v4_m31,715,1,139320,111009,28311,0,4,0,0,0,1279.14,3,3,16,17,,
panel/cpp_fin_T,investment_context_guarded_001_best,700,0,145240,88077,57163,0,1,0,26,6,1321.22,3,3,10,17,,
panel/cpp_fin_T,investment_context_guarded_001_best,700,1,145240,88077,57163,0,1,0,26,6,2096.12,3,3,10,17,,
panel/cpp_fin_T,investment_context_guarded_001_best,701,0,156123,125531,30592,0,3,0,0,4,1193.81,3,3,19,17,,
panel/cpp_fin_T,investment_context_guarded_001_best,701,1,156123,125531,30592,0,3,0,0,4,1100.36,3,3,19,17,,
panel/cpp_fin_T,investment_context_guarded_001_best,702,0,106516,74547,31969,0,2,0,19,4,2618.36,3,3,14,17,,
panel/cpp_fin_T,investment_context_guarded_001_best,702,1,106679,74570,32109,0,2,0,19,4,1082.27,3,3,14,17,,
panel/cpp_fin_T,investment_context_guarded_001_best,703,0,124596,102734,21862,0,3,0,9,4,972.43,3,3,18,17,,
panel/cpp_fin_T,investment_context_guarded_001_best,703,1,124596,102734,21862,0,3,0,9,4,1393.93,3,3,18,17,,
panel/cpp_fin_T,investment_context_guarded_001_best,704,0,98931,84344,14587,0,1,0,4,5,2342.59,3,3,16,17,,
panel/cpp_fin_T,investment_context_guarded_001_best,704,1,98931,84344,14587,0,1,0,4,5,2323.72,3,3,16,17,,
panel/cpp_fin_T,investment_context_guarded_001_best,705,0,108375,92434,15941,0,2,0,0,5,1117.49,3,3,12,17,,
panel/cpp_fin_T,investment_context_guarded_001_best,705,1,108375,92434,15941,0,2,0,0,5,1474.25,3,3,12,17,,
panel/cpp_fin_T,investment_context_guarded_001_best,706,0,121504,72381,49123,0,2,0,0,4,1196.77,3,3,16,17,,
panel/cpp_fin_T,investment_context_guarded_001_best,706,1,121504,72381,49123,0,2,0,0,4,1437.48,3,3,16,17,,
panel/cpp_fin_T,investment_context_guarded_001_best,707,0,133493,114215,19278,0,2,0,0,5,1251.14,3,3,12,17,,
panel/cpp_fin_T,investment_context_guarded_001_best,707,1,133493,114215,19278,0,2,0,0,5,2014.92,3,3,12,17,,
panel/cpp_fin_T,investment_context_guarded_001_best,708,0,81361,62056,19305,0,1,0,0,5,445.438,3,3,16,17,,
panel/cpp_fin_T,investment_context_guarded_001_best,708,1,81361,62056,19305,0,1,0,0,5,651.637,3,3,16,17,,
panel/cpp_fin_T,investment_context_guarded_001_best,709,0,86549,65869,20680,0,2,0,0,5,1294.02,3,3,13,17,,
panel/cpp_fin_T,investment_context_guarded_001_best,709,1,86549,65869,20680,0,2,0,0,5,1195.64,3,3,13,17,,
panel/cpp_fin_T,investment_context_guarded_001_best,710,0,110718,94947,15771,0,3,0,0,6,2631.71,3,3,20,17,,
panel/cpp_fin_T,investment_context_guarded_001_best,710,1,110718,94947,15771,0,3,0,0,6,1412.81,3,3,20,17,,
panel/cpp_fin_T,investment_context_guarded_001_best,711,0,97252,75455,21797,0,2,0,0,5,1578.51,3,3,13,17,,
panel/cpp_fin_T,investment_context_guarded_001_best,711,1,97252,75455,21797,0,2,0,0,5,1501.33,3,3,13,17,,
panel/cpp_fin_T,investment_context_guarded_001_best,712,0,87162,75027,12135,0,2,0,0,5,1074.53,3,3,15,17,,
panel/cpp_fin_T,investment_context_guarded_001_best,712,1,87162,75027,12135,0,2,0,0,5,620.039,3,3,15,17,,
panel/cpp_fin_T,investment_context_guarded_001_best,713,0,140904,103481,37423,0,1,0,0,5,1173.25,3,3,16,17,,
panel/cpp_fin_T,investment_context_guarded_001_best,713,1,140987,103408,37579,0,1,0,0,5,1695.76,3,3,16,17,,
panel/cpp_fin_T,investment_context_guarded_001_best,714,0,120131,97556,22575,0,2,0,0,5,690.973,3,3,15,17,,
panel/cpp_fin_T,investment_context_guarded_001_best,714,1,120131,97556,22575,0,2,0,0,5,663.649,3,3,15,17,,
panel/cpp_fin_T,investment_context_guarded_001_best,715,0,141375,111822,29553,0,1,0,0,5,1415.58,3,3,16,17,,
panel/cpp_fin_T,investment_context_guarded_001_best,715,1,141375,111822,29553,0,1,0,0,5,1413.82,3,3,16,17,,
panel/cpp_fin_T,king_rc4,700,0,114651,81137,33514,0,1,0,1,0,2495.88,3,3,14,17,,
panel/cpp_fin_T,king_rc4,700,1,114651,81137,33514,0,1,0,1,0,1833.93,3,3,14,17,,
panel/cpp_fin_T,king_rc4,701,0,117180,110061,7119,0,3,0,0,0,1343.98,3,3,15,17,,
panel/cpp_fin_T,king_rc4,701,1,117180,110061,7119,0,3,0,0,0,2487.87,3,3,15,17,,
panel/cpp_fin_T,king_rc4,702,0,110282,66720,43562,0,2,0,0,6,1847.73,3,3,14,8,,
panel/cpp_fin_T,king_rc4,702,1,110282,66720,43562,0,2,0,0,6,2751.41,3,3,14,8,,
panel/cpp_fin_T,king_rc4,703,0,118278,92269,26009,0,3,0,0,0,1888.48,3,3,11,17,,
panel/cpp_fin_T,king_rc4,703,1,118278,92269,26009,0,3,0,0,0,2783.99,3,3,11,17,,
panel/cpp_fin_T,king_rc4,704,0,99094,77595,21499,0,1,0,0,5,1497.67,3,3,12,17,,
panel/cpp_fin_T,king_rc4,704,1,99094,77595,21499,0,1,0,0,5,2116.04,3,3,12,17,,
panel/cpp_fin_T,king_rc4,705,0,114967,95758,19209,0,3,0,0,5,3030.86,3,3,14,17,,
panel/cpp_fin_T,king_rc4,705,1,114967,95758,19209,0,3,0,0,5,1991,3,3,14,17,,
panel/cpp_fin_T,king_rc4,706,0,134616,80505,54111,0,4,0,2,0,1119.15,3,3,14,17,,
panel/cpp_fin_T,king_rc4,706,1,134616,80505,54111,0,4,0,2,0,1887.47,3,3,14,17,,
panel/cpp_fin_T,king_rc4,707,0,145988,122117,23871,0,2,0,0,5,3531.58,3,3,12,17,,
panel/cpp_fin_T,king_rc4,707,1,145988,122117,23871,0,2,0,0,5,2123.89,3,3,12,17,,
panel/cpp_fin_T,king_rc4,708,0,80946,59480,21466,0,1,0,0,0,1753.69,3,3,15,17,,
panel/cpp_fin_T,king_rc4,708,1,80946,59480,21466,0,1,0,0,0,1998.51,3,3,15,17,,
panel/cpp_fin_T,king_rc4,709,0,78996,54153,24843,0,1,0,0,9,1837.66,3,3,15,3,,
panel/cpp_fin_T,king_rc4,709,1,78996,54153,24843,0,1,0,0,9,1027.34,3,3,15,3,,
panel/cpp_fin_T,king_rc4,710,0,141828,105320,36508,0,3,0,34,0,3198.83,3,3,18,17,,
panel/cpp_fin_T,king_rc4,710,1,141828,105320,36508,0,3,0,34,0,1940.69,3,3,18,17,,
panel/cpp_fin_T,king_rc4,711,0,113698,96685,17013,0,2,0,0,0,2136.61,3,3,13,17,,
panel/cpp_fin_T,king_rc4,711,1,113698,96685,17013,0,2,0,0,0,3023.1,3,3,13,17,,
panel/cpp_fin_T,king_rc4,712,0,88317,73875,14442,0,1,0,0,5,814.597,3,3,15,17,,
panel/cpp_fin_T,king_rc4,712,1,88305,73930,14375,0,1,0,0,5,1411.73,3,3,15,17,,
panel/cpp_fin_T,king_rc4,713,0,145817,115916,29901,0,1,0,0,5,4534.32,3,3,17,17,,
panel/cpp_fin_T,king_rc4,713,1,145817,115916,29901,0,1,0,0,5,2936.43,3,3,17,17,,
panel/cpp_fin_T,king_rc4,714,0,106878,89757,17121,0,2,0,0,5,1198.89,3,3,15,17,,
panel/cpp_fin_T,king_rc4,714,1,106878,89757,17121,0,2,0,0,5,748.306,3,3,15,17,,
panel/cpp_fin_T,king_rc4,715,0,135477,108922,26555,0,1,0,0,5,2994.57,3,3,16,17,,
panel/cpp_fin_T,king_rc4,715,1,135477,108922,26555,0,1,0,0,5,1516.78,3,3,16,17,,
panel/cpp_fin_T,teammate_shoprouter,700,0,99138,73100,26038,0,2,0,1,0,1109.88,3,3,13,17,,
panel/cpp_fin_T,teammate_shoprouter,700,1,117109,84630,32479,0,2,0,0,0,1689.48,3,3,14,17,,
panel/cpp_fin_T,teammate_shoprouter,701,0,165751,121599,44152,0,4,0,22,0,1555.87,3,3,17,17,,
panel/cpp_fin_T,teammate_shoprouter,701,1,165732,121595,44137,0,4,0,22,0,1344.52,3,3,17,17,,
panel/cpp_fin_T,teammate_shoprouter,702,0,94190,65613,28577,0,3,0,7,0,2527.47,3,3,13,17,,
panel/cpp_fin_T,teammate_shoprouter,702,1,94190,65613,28577,0,3,0,7,0,1148.53,3,3,13,17,,
panel/cpp_fin_T,teammate_shoprouter,703,0,110200,66939,43261,0,2,0,0,0,3599.66,3,3,19,17,,
panel/cpp_fin_T,teammate_shoprouter,703,1,110200,66939,43261,0,2,0,0,0,3991.17,3,3,19,17,,
panel/cpp_fin_T,teammate_shoprouter,704,0,104846,71987,32859,0,3,0,5,0,1546.7,3,3,13,17,,
panel/cpp_fin_T,teammate_shoprouter,704,1,104846,71987,32859,0,3,0,5,0,1753.48,3,3,13,17,,
panel/cpp_fin_T,teammate_shoprouter,705,0,120814,94324,26490,0,3,0,3,0,1661.32,3,3,13,17,,
panel/cpp_fin_T,teammate_shoprouter,705,1,120814,94324,26490,0,3,0,3,0,1312.66,3,3,13,17,,
panel/cpp_fin_T,teammate_shoprouter,706,0,120160,64585,55575,0,4,0,0,0,2063.43,3,3,15,17,,
panel/cpp_fin_T,teammate_shoprouter,706,1,120160,64585,55575,0,4,0,0,0,3587.53,3,3,15,17,,
panel/cpp_fin_T,teammate_shoprouter,707,0,135419,119537,15882,0,3,0,0,0,1506.42,3,3,13,17,,
panel/cpp_fin_T,teammate_shoprouter,707,1,135419,119537,15882,0,3,0,0,0,2020.58,3,3,13,17,,
panel/cpp_fin_T,teammate_shoprouter,708,0,97181,68042,29139,0,2,0,8,0,1335.65,3,3,10,17,,
panel/cpp_fin_T,teammate_shoprouter,708,1,97181,68042,29139,0,2,0,8,0,1026.7,3,3,10,17,,
panel/cpp_fin_T,teammate_shoprouter,709,0,81173,54633,26540,0,2,0,0,0,2362.91,3,3,13,17,,
panel/cpp_fin_T,teammate_shoprouter,709,1,81173,54633,26540,0,2,0,0,0,1491.26,3,3,13,17,,
panel/cpp_fin_T,teammate_shoprouter,710,0,95488,64897,30591,0,3,0,5,0,1942.39,3,3,17,17,,
panel/cpp_fin_T,teammate_shoprouter,710,1,95488,64897,30591,0,3,0,5,0,2152.98,3,3,17,17,,
panel/cpp_fin_T,teammate_shoprouter,711,0,106836,80071,26765,0,3,0,0,0,3103.82,3,3,15,17,,
panel/cpp_fin_T,teammate_shoprouter,711,1,106836,80071,26765,0,3,0,0,0,2825.92,3,3,15,17,,
panel/cpp_fin_T,teammate_shoprouter,712,0,92243,73930,18313,0,3,0,2,0,2133.16,3,3,18,17,,
panel/cpp_fin_T,teammate_shoprouter,712,1,92465,73942,18523,0,3,0,2,0,2011.68,3,3,18,17,,
panel/cpp_fin_T,teammate_shoprouter,713,0,163319,126662,36657,0,3,0,0,0,3454.96,3,3,14,17,,
panel/cpp_fin_T,teammate_shoprouter,713,1,163319,126662,36657,0,3,0,0,0,936.906,3,3,14,17,,
panel/cpp_fin_T,teammate_shoprouter,714,0,83600,66554,17046,0,3,0,0,0,2083.46,3,3,18,17,,
panel/cpp_fin_T,teammate_shoprouter,714,1,83600,66554,17046,0,3,0,0,0,1782.03,3,3,18,17,,
panel/cpp_fin_T,teammate_shoprouter,715,0,142264,107125,35139,0,4,0,0,0,1144.94,3,3,16,17,,
panel/cpp_fin_T,teammate_shoprouter,715,1,142264,107125,35139,0,4,0,0,0,813.396,3,3,16,17,,
panel/cpp_fin_T,two_random_shop_league_v179,700,0,131155,78910,52245,0,2,0,9,0,874.857,3,4,12,23,,
panel/cpp_fin_T,two_random_shop_league_v179,700,1,132046,77957,54089,0,2,0,0,0,901.194,3,4,11,23,,
panel/cpp_fin_T,two_random_shop_league_v179,701,0,154508,80614,73894,0,1,0,0,0,1253.37,3,4,12,23,,
panel/cpp_fin_T,two_random_shop_league_v179,701,1,154138,79574,74564,0,1,0,0,0,1957.15,3,4,12,23,,
panel/cpp_fin_T,two_random_shop_league_v179,702,0,167854,88702,79152,0,2,0,0,0,1207.35,3,4,14,23,,
panel/cpp_fin_T,two_random_shop_league_v179,702,1,167943,88702,79241,0,2,0,0,0,1215.37,3,4,14,23,,
panel/cpp_fin_T,two_random_shop_league_v179,703,0,155414,76219,79195,0,2,0,0,0,1070.55,3,3,15,22,,
panel/cpp_fin_T,two_random_shop_league_v179,703,1,155414,76219,79195,0,2,0,0,0,1847.26,3,3,15,22,,
panel/cpp_fin_T,two_random_shop_league_v179,704,0,147328,73086,74242,0,2,0,0,0,1216.39,3,3,12,23,,
panel/cpp_fin_T,two_random_shop_league_v179,704,1,147328,73086,74242,0,2,0,0,0,1109.67,3,3,12,23,,
panel/cpp_fin_T,two_random_shop_league_v179,705,0,123992,64505,59487,0,3,0,0,0,1076.22,3,4,14,23,,
panel/cpp_fin_T,two_random_shop_league_v179,705,1,125155,70837,54318,0,3,0,0,0,1143.51,3,4,14,23,,
panel/cpp_fin_T,two_random_shop_league_v179,706,0,208003,94689,113314,0,1,0,1,0,3116.92,3,4,22,23,,
panel/cpp_fin_T,two_random_shop_league_v179,706,1,208003,94689,113314,0,1,0,1,0,3453.35,3,4,22,23,,
panel/cpp_fin_T,two_random_shop_league_v179,707,0,226334,121425,104909,0,2,0,0,0,1386.38,3,4,18,23,,
panel/cpp_fin_T,two_random_shop_league_v179,707,1,226334,121425,104909,0,2,0,0,0,1813,3,4,18,23,,
panel/cpp_fin_T,two_random_shop_league_v179,708,0,200137,71055,129082,0,4,0,0,0,947.48,3,3,16,18,,
panel/cpp_fin_T,two_random_shop_league_v179,708,1,200137,71055,129082,0,4,0,0,0,599.71,3,3,16,18,,
panel/cpp_fin_T,two_random_shop_league_v179,709,0,112902,72054,40848,0,3,0,0,0,1145.9,3,3,15,22,,
panel/cpp_fin_T,two_random_shop_league_v179,709,1,111105,72012,39093,0,3,0,6,0,1655.48,3,3,15,22,,
panel/cpp_fin_T,two_random_shop_league_v179,710,0,209038,119680,89358,0,1,0,0,0,3464.24,3,4,19,23,,
panel/cpp_fin_T,two_random_shop_league_v179,710,1,208111,119907,88204,0,1,0,0,0,2242.02,3,4,20,23,,
panel/cpp_fin_T,two_random_shop_league_v179,711,0,131652,75504,56148,0,2,0,0,0,1824.4,3,4,15,23,,
panel/cpp_fin_T,two_random_shop_league_v179,711,1,131652,75504,56148,0,2,0,0,0,2030.18,3,4,15,23,,
panel/cpp_fin_T,two_random_shop_league_v179,712,0,155985,96848,59137,0,2,0,0,0,1449.46,3,4,17,23,,
panel/cpp_fin_T,two_random_shop_league_v179,712,1,155985,96848,59137,0,1,0,0,0,1660.12,3,4,17,23,,
panel/cpp_fin_T,two_random_shop_league_v179,713,0,158807,86741,72066,0,2,0,0,0,1661.44,3,4,15,23,,
panel/cpp_fin_T,two_random_shop_league_v179,713,1,163599,90722,72877,0,2,0,0,0,1912.88,3,4,15,23,,
panel/cpp_fin_T,two_random_shop_league_v179,714,0,142338,68997,73341,0,2,0,0,0,1832.11,3,3,17,20,,
panel/cpp_fin_T,two_random_shop_league_v179,714,1,142338,68997,73341,0,2,0,0,0,1015.25,3,3,17,20,,
panel/cpp_fin_T,two_random_shop_league_v179,715,0,141253,89421,51832,0,2,0,0,0,1701.21,3,4,21,23,,
panel/cpp_fin_T,two_random_shop_league_v179,715,1,141253,89421,51832,0,2,0,0,0,1699.9,3,4,21,23,,
panel/cpp_fin_U,agent_sep23,700,0,150206,118310,31896,0,2,0,4,58,1943.22,3,3,23,13,,
panel/cpp_fin_U,agent_sep23,700,1,143511,99163,44348,0,2,0,18,55,1698.98,3,3,21,14,,
panel/cpp_fin_U,agent_sep23,701,0,130434,81300,49134,0,3,0,0,52,1139.92,3,3,13,5,,
panel/cpp_fin_U,agent_sep23,701,1,130434,81300,49134,0,3,0,0,52,1182.13,3,3,13,5,,
panel/cpp_fin_U,agent_sep23,702,0,141866,107130,34736,0,0,0,0,86,1218.42,3,3,17,10,,
panel/cpp_fin_U,agent_sep23,702,1,141866,107130,34736,0,0,0,0,86,1857.6,3,3,17,10,,
panel/cpp_fin_U,agent_sep23,703,0,133511,102529,30982,0,0,0,3,33,1518.54,3,3,19,8,,
panel/cpp_fin_U,agent_sep23,703,1,133506,102529,30977,0,0,0,3,33,2656.09,3,3,19,8,,
panel/cpp_fin_U,agent_sep23,704,0,121952,108282,13670,0,1,0,7,27,2038.63,3,3,15,10,,
panel/cpp_fin_U,agent_sep23,704,1,120441,104333,16108,0,1,0,0,66,1249.6,3,3,14,11,,
panel/cpp_fin_U,agent_sep23,705,0,135569,102003,33566,0,1,0,0,57,618.406,3,3,14,14,,
panel/cpp_fin_U,agent_sep23,705,1,135569,102003,33566,0,1,0,0,57,633.092,3,3,14,14,,
panel/cpp_fin_U,agent_sep23,706,0,136389,119532,16857,0,1,0,0,82,977.112,3,3,17,14,,
panel/cpp_fin_U,agent_sep23,706,1,136389,119532,16857,0,1,0,0,82,1141.53,3,3,17,14,,
panel/cpp_fin_U,agent_sep23,707,0,125652,87451,38201,0,2,0,0,88,931.437,3,3,16,12,,
panel/cpp_fin_U,agent_sep23,707,1,125652,87451,38201,0,2,0,0,88,1373.14,3,3,16,12,,
panel/cpp_fin_U,agent_sep23,708,0,96749,85071,11678,0,1,0,0,16,1292.26,3,3,17,12,,
panel/cpp_fin_U,agent_sep23,708,1,96749,85071,11678,0,1,0,0,16,1278.77,3,3,17,12,,
panel/cpp_fin_U,agent_sep23,709,0,131249,109320,21929,0,1,0,0,48,2395.86,3,3,14,14,,
panel/cpp_fin_U,agent_sep23,709,1,131249,109320,21929,0,1,0,0,48,2546.23,3,3,14,14,,
panel/cpp_fin_U,agent_sep23,710,0,119979,101147,18832,0,1,0,52,83,1997.42,3,3,20,11,,
panel/cpp_fin_U,agent_sep23,710,1,119979,101147,18832,0,1,0,52,83,1756.74,3,3,20,11,,
panel/cpp_fin_U,agent_sep23,711,0,104508,88882,15626,0,1,0,0,59,911.314,3,3,17,10,,
panel/cpp_fin_U,agent_sep23,711,1,104508,88882,15626,0,1,0,0,59,1057.42,3,3,17,10,,
panel/cpp_fin_U,agent_sep23,712,0,134134,100283,33851,0,1,0,0,33,2471.84,3,3,16,12,,
panel/cpp_fin_U,agent_sep23,712,1,130300,91445,38855,0,1,0,0,53,2667.72,3,3,16,13,,
panel/cpp_fin_U,agent_sep23,713,0,125415,104476,20939,0,2,0,0,67,1411.14,3,3,17,14,,
panel/cpp_fin_U,agent_sep23,713,1,125415,104476,20939,0,2,0,0,67,1258.53,3,3,17,14,,
panel/cpp_fin_U,agent_sep23,714,0,159738,100934,58804,0,1,0,0,3,1900.49,3,3,16,8,,
panel/cpp_fin_U,agent_sep23,714,1,159738,100934,58804,0,1,0,0,3,3465.94,3,3,16,8,,
panel/cpp_fin_U,agent_sep23,715,0,172127,124315,47812,0,2,0,0,77,1636.29,3,3,16,12,,
panel/cpp_fin_U,agent_sep23,715,1,172127,124315,47812,0,2,0,0,77,1129.14,3,3,16,12,,
panel/cpp_fin_U,ahmed_v25,700,0,142355,86417,55938,0,2,0,4,6,1664.12,3,3,8,17,,
panel/cpp_fin_U,ahmed_v25,700,1,142355,86417,55938,0,2,0,4,6,1765.85,3,3,8,17,,
panel/cpp_fin_U,ahmed_v25,701,0,145966,110968,34998,0,3,0,2,6,4301.14,3,3,19,17,,
panel/cpp_fin_U,ahmed_v25,701,1,145966,110968,34998,0,3,0,2,6,4296.08,3,3,19,17,,
panel/cpp_fin_U,ahmed_v25,702,0,83616,66824,16792,0,5,0,14,6,790.654,3,3,13,17,,
panel/cpp_fin_U,ahmed_v25,702,1,83616,66824,16792,0,5,0,14,6,699.613,3,3,13,17,,
panel/cpp_fin_U,ahmed_v25,703,0,120236,81427,38809,0,2,0,0,6,1157.61,3,3,18,17,,
panel/cpp_fin_U,ahmed_v25,703,1,120236,81427,38809,0,2,0,0,6,1161.81,3,3,18,17,,
panel/cpp_fin_U,ahmed_v25,704,0,109083,89026,20057,0,2,0,0,6,504.206,3,3,15,17,,
panel/cpp_fin_U,ahmed_v25,704,1,109083,89026,20057,0,2,0,0,6,504.36,3,3,15,17,,
panel/cpp_fin_U,ahmed_v25,705,0,131941,106758,25183,0,3,0,0,6,709.663,3,3,13,17,,
panel/cpp_fin_U,ahmed_v25,705,1,131941,106758,25183,0,3,0,0,6,738.308,3,3,13,17,,
panel/cpp_fin_U,ahmed_v25,706,0,160955,92296,68659,0,3,0,0,0,1359.79,3,3,23,16,,
panel/cpp_fin_U,ahmed_v25,706,1,160955,92296,68659,0,3,0,0,0,1344.05,3,3,23,16,,
panel/cpp_fin_U,ahmed_v25,707,0,134977,118832,16145,0,3,0,0,6,522.963,3,3,13,17,,
panel/cpp_fin_U,ahmed_v25,707,1,134977,118832,16145,0,3,0,0,6,522.888,3,3,13,17,,
panel/cpp_fin_U,ahmed_v25,708,0,103013,77246,25767,0,2,0,24,6,1479.75,3,3,14,17,,
panel/cpp_fin_U,ahmed_v25,708,1,103013,77246,25767,0,2,0,24,6,1466.95,3,3,14,17,,
panel/cpp_fin_U,ahmed_v25,709,0,98234,85193,13041,0,4,0,0,6,1332.23,3,3,12,17,,
panel/cpp_fin_U,ahmed_v25,709,1,98234,85193,13041,0,4,0,0,6,1278.46,3,3,12,17,,
panel/cpp_fin_U,ahmed_v25,710,0,134526,79736,54790,0,3,0,43,6,594.893,3,3,15,17,,
panel/cpp_fin_U,ahmed_v25,710,1,134526,79736,54790,0,3,0,43,6,1187.48,3,3,15,17,,
panel/cpp_fin_U,ahmed_v25,711,0,97465,78734,18731,0,3,0,0,6,1748.81,3,3,14,17,,
panel/cpp_fin_U,ahmed_v25,711,1,97465,78734,18731,0,3,0,0,6,1731.33,3,3,14,17,,
panel/cpp_fin_U,ahmed_v25,712,0,91906,80862,11044,0,4,0,0,6,862.515,3,3,18,17,,
panel/cpp_fin_U,ahmed_v25,712,1,91906,80862,11044,0,4,0,0,6,1332.41,3,3,18,17,,
panel/cpp_fin_U,ahmed_v25,713,0,170934,137352,33582,0,4,0,0,6,795.735,3,3,14,17,,
panel/cpp_fin_U,ahmed_v25,713,1,170934,137352,33582,0,4,0,0,6,494.453,3,3,14,17,,
panel/cpp_fin_U,ahmed_v25,714,0,88710,71939,16771,0,3,0,0,6,935.951,3,3,13,17,,
panel/cpp_fin_U,ahmed_v25,714,1,88710,71939,16771,0,3,0,0,6,581.903,3,3,13,17,,
panel/cpp_fin_U,ahmed_v25,715,0,146647,99909,46738,0,3,0,0,6,687.674,3,3,14,17,,
panel/cpp_fin_U,ahmed_v25,715,1,146647,99909,46738,0,3,0,0,6,687.884,3,3,14,17,,
panel/cpp_fin_U,arlene_v4_m31,700,0,92669,71146,21523,0,2,0,0,0,2886.1,3,3,11,17,,
panel/cpp_fin_U,arlene_v4_m31,700,1,117321,84160,33161,0,2,0,0,0,1065.27,3,3,14,17,,
panel/cpp_fin_U,arlene_v4_m31,701,0,127500,103466,24034,0,3,0,14,0,3575.14,3,3,17,17,,
panel/cpp_fin_U,arlene_v4_m31,701,1,127500,103466,24034,0,3,0,14,0,3787.16,3,3,17,17,,
panel/cpp_fin_U,arlene_v4_m31,702,0,97173,67513,29660,0,4,0,0,0,538.229,3,3,12,3,,
panel/cpp_fin_U,arlene_v4_m31,702,1,97173,67513,29660,0,4,0,0,0,648.513,3,3,12,3,,
panel/cpp_fin_U,arlene_v4_m31,703,0,121310,77712,43598,0,2,0,0,0,2724.55,3,3,19,17,,
panel/cpp_fin_U,arlene_v4_m31,703,1,121310,77712,43598,0,2,0,0,0,2715.95,3,3,19,17,,
panel/cpp_fin_U,arlene_v4_m31,704,0,124743,77911,46832,0,3,0,0,0,831.046,3,3,9,17,,
panel/cpp_fin_U,arlene_v4_m31,704,1,124743,77911,46832,0,3,0,0,0,915.91,3,3,9,17,,
panel/cpp_fin_U,arlene_v4_m31,705,0,121954,99292,22662,0,3,0,0,0,752.833,3,3,13,17,,
panel/cpp_fin_U,arlene_v4_m31,705,1,121954,99292,22662,0,3,0,0,0,646.879,3,3,13,17,,
panel/cpp_fin_U,arlene_v4_m31,706,0,119537,68003,51534,0,4,0,0,0,1283.36,3,3,14,8,,
panel/cpp_fin_U,arlene_v4_m31,706,1,119537,68003,51534,0,4,0,0,0,791.477,3,3,14,8,,
panel/cpp_fin_U,arlene_v4_m31,707,0,112104,94677,17427,0,3,0,0,0,674.501,3,3,13,17,,
panel/cpp_fin_U,arlene_v4_m31,707,1,112104,94677,17427,0,3,0,0,0,670.148,3,3,13,17,,
panel/cpp_fin_U,arlene_v4_m31,708,0,88252,65408,22844,0,2,0,4,0,495.01,3,3,16,17,,
panel/cpp_fin_U,arlene_v4_m31,708,1,88252,65408,22844,0,2,0,4,0,474.2,3,3,16,17,,
panel/cpp_fin_U,arlene_v4_m31,709,0,87082,67384,19698,0,2,0,0,0,877.334,3,3,13,3,,
panel/cpp_fin_U,arlene_v4_m31,709,1,87082,67384,19698,0,2,0,0,0,1359.32,3,3,13,3,,
panel/cpp_fin_U,arlene_v4_m31,710,0,101999,68091,33908,0,3,0,2,0,778.738,3,3,17,8,,
panel/cpp_fin_U,arlene_v4_m31,710,1,101999,68091,33908,0,3,0,2,0,762.501,3,3,17,8,,
panel/cpp_fin_U,arlene_v4_m31,711,0,102138,81912,20226,0,3,0,0,0,1041.58,3,3,15,17,,
panel/cpp_fin_U,arlene_v4_m31,711,1,102138,81912,20226,0,3,0,0,0,1237.24,3,3,15,17,,
panel/cpp_fin_U,arlene_v4_m31,712,0,111742,87971,23771,0,3,0,6,0,870.571,3,3,18,17,,
panel/cpp_fin_U,arlene_v4_m31,712,1,111726,87989,23737,0,3,0,6,0,935.449,3,3,18,17,,
panel/cpp_fin_U,arlene_v4_m31,713,0,163616,133818,29798,0,3,0,0,0,993.734,3,3,14,17,,
panel/cpp_fin_U,arlene_v4_m31,713,1,163616,133818,29798,0,3,0,0,0,768.366,3,3,14,17,,
panel/cpp_fin_U,arlene_v4_m31,714,0,86973,62480,24493,0,3,0,0,0,1172.47,3,3,19,8,,
panel/cpp_fin_U,arlene_v4_m31,714,1,86973,62480,24493,0,3,0,0,0,718.573,3,3,19,8,,
panel/cpp_fin_U,arlene_v4_m31,715,0,126801,98199,28602,0,3,0,0,0,852.985,3,3,14,17,,
panel/cpp_fin_U,arlene_v4_m31,715,1,126801,98199,28602,0,3,0,0,0,591.762,3,3,14,17,,
panel/cpp_fin_U,investment_context_guarded_001_best,700,0,149890,88155,61735,0,1,0,1,6,722.069,3,3,10,17,,
panel/cpp_fin_U,investment_context_guarded_001_best,700,1,149890,88155,61735,0,1,0,1,6,1378.2,3,3,10,17,,
panel/cpp_fin_U,investment_context_guarded_001_best,701,0,162532,130786,31746,0,3,0,0,4,944.77,3,3,19,17,,
panel/cpp_fin_U,investment_context_guarded_001_best,701,1,162532,130786,31746,0,3,0,0,4,982.996,3,3,19,17,,
panel/cpp_fin_U,investment_context_guarded_001_best,702,0,93325,60709,32616,0,2,0,0,4,464.819,3,3,10,17,,
panel/cpp_fin_U,investment_context_guarded_001_best,702,1,93280,60710,32570,0,2,0,0,4,389.042,3,3,10,17,,
panel/cpp_fin_U,investment_context_guarded_001_best,703,0,125597,104317,21280,0,3,0,8,4,737.303,3,3,15,17,,
panel/cpp_fin_U,investment_context_guarded_001_best,703,1,125597,104317,21280,0,3,0,8,4,1173.08,3,3,15,17,,
panel/cpp_fin_U,investment_context_guarded_001_best,704,0,98100,80949,17151,0,1,0,0,5,735.65,3,3,16,17,,
panel/cpp_fin_U,investment_context_guarded_001_best,704,1,98100,80949,17151,0,1,0,0,5,1115.18,3,3,16,17,,
panel/cpp_fin_U,investment_context_guarded_001_best,705,0,106766,88681,18085,0,2,0,0,5,746.076,3,3,12,17,,
panel/cpp_fin_U,investment_context_guarded_001_best,705,1,106766,88681,18085,0,2,0,0,5,973.181,3,3,12,17,,
panel/cpp_fin_U,investment_context_guarded_001_best,706,0,121358,72326,49032,0,2,0,0,4,1180.3,3,3,13,17,,
panel/cpp_fin_U,investment_context_guarded_001_best,706,1,121358,72326,49032,0,2,0,0,4,714.405,3,3,13,17,,
panel/cpp_fin_U,investment_context_guarded_001_best,707,0,133024,114257,18767,0,2,0,0,5,597.563,3,3,12,17,,
panel/cpp_fin_U,investment_context_guarded_001_best,707,1,133024,114257,18767,0,2,0,0,5,893.811,3,3,12,17,,
panel/cpp_fin_U,investment_context_guarded_001_best,708,0,82215,63369,18846,0,1,0,0,5,261.894,3,3,15,17,,
panel/cpp_fin_U,investment_context_guarded_001_best,708,1,82215,63369,18846,0,1,0,0,5,263.834,3,3,15,17,,
panel/cpp_fin_U,investment_context_guarded_001_best,709,0,86517,66410,20107,0,2,0,0,5,699.684,3,3,13,17,,
panel/cpp_fin_U,investment_context_guarded_001_best,709,1,86517,66410,20107,0,2,0,0,5,699.622,3,3,13,17,,
panel/cpp_fin_U,investment_context_guarded_001_best,710,0,126911,109716,17195,0,2,0,0,6,925.986,3,3,19,17,,
panel/cpp_fin_U,investment_context_guarded_001_best,710,1,126920,109751,17169,0,2,0,0,6,687.306,3,3,19,17,,
panel/cpp_fin_U,investment_context_guarded_001_best,711,0,97203,74370,22833,0,2,0,0,5,1108.19,3,3,13,17,,
panel/cpp_fin_U,investment_context_guarded_001_best,711,1,97203,74370,22833,0,2,0,0,5,1223.69,3,3,13,17,,
panel/cpp_fin_U,investment_context_guarded_001_best,712,0,88144,73130,15014,0,2,0,0,5,415.375,3,3,14,17,,
panel/cpp_fin_U,investment_context_guarded_001_best,712,1,88144,73130,15014,0,2,0,0,5,487.121,3,3,14,17,,
panel/cpp_fin_U,investment_context_guarded_001_best,713,0,140854,103456,37398,0,1,0,0,5,803.08,3,3,16,17,,
panel/cpp_fin_U,investment_context_guarded_001_best,713,1,140874,103383,37491,0,1,0,0,5,585.729,3,3,16,17,,
panel/cpp_fin_U,investment_context_guarded_001_best,714,0,127446,103833,23613,0,2,0,1,5,498.463,3,3,15,17,,
panel/cpp_fin_U,investment_context_guarded_001_best,714,1,127446,103833,23613,0,2,0,1,5,821.25,3,3,15,17,,
panel/cpp_fin_U,investment_context_guarded_001_best,715,0,142119,111961,30158,0,1,0,0,5,852.037,3,3,15,17,,
panel/cpp_fin_U,investment_context_guarded_001_best,715,1,142119,111961,30158,0,1,0,0,5,869.954,3,3,15,17,,
panel/cpp_fin_U,king_rc4,700,0,118110,81647,36463,0,1,0,0,0,1944.38,3,3,10,17,,
panel/cpp_fin_U,king_rc4,700,1,118110,81647,36463,0,1,0,0,0,3792.85,3,3,10,17,,
panel/cpp_fin_U,king_rc4,701,0,118748,112118,6630,0,3,0,0,0,2754.1,3,3,15,17,,
panel/cpp_fin_U,king_rc4,701,1,118748,112118,6630,0,3,0,0,0,1883.06,3,3,15,17,,
panel/cpp_fin_U,king_rc4,702,0,111348,63521,47827,0,2,0,0,6,1011.1,3,3,17,8,,
panel/cpp_fin_U,king_rc4,702,1,111348,63521,47827,0,2,0,0,6,1764.55,3,3,17,8,,
panel/cpp_fin_U,king_rc4,703,0,119767,90131,29636,0,3,0,0,0,1760.24,3,3,12,17,,
panel/cpp_fin_U,king_rc4,703,1,119767,90131,29636,0,3,0,0,0,1089.43,3,3,12,17,,
panel/cpp_fin_U,king_rc4,704,0,99026,78951,20075,0,1,0,3,5,1656.68,3,3,17,17,,
panel/cpp_fin_U,king_rc4,704,1,99026,78951,20075,0,1,0,3,5,1628.6,3,3,17,17,,
panel/cpp_fin_U,king_rc4,705,0,113246,95296,17950,0,2,0,0,5,2644.87,3,3,12,17,,
panel/cpp_fin_U,king_rc4,705,1,113246,95296,17950,0,2,0,0,5,1803.26,3,3,12,17,,
panel/cpp_fin_U,king_rc4,706,0,104309,68677,35632,0,2,0,10,0,2645.8,3,3,24,17,,
panel/cpp_fin_U,king_rc4,706,1,104309,68677,35632,0,2,0,10,0,3136.69,3,3,24,17,,
panel/cpp_fin_U,king_rc4,707,0,144231,125490,18741,0,2,0,0,5,3749.68,3,3,12,17,,
panel/cpp_fin_U,king_rc4,707,1,144231,125490,18741,0,2,0,0,5,1435.04,3,3,12,17,,
panel/cpp_fin_U,king_rc4,708,0,80166,58345,21821,0,1,0,3,0,1130.31,3,3,15,17,,
panel/cpp_fin_U,king_rc4,708,1,80166,58345,21821,0,1,0,3,0,1507.02,3,3,15,17,,
panel/cpp_fin_U,king_rc4,709,0,90143,68423,21720,0,1,0,0,9,2263.1,3,3,13,3,,
panel/cpp_fin_U,king_rc4,709,1,90143,68423,21720,0,1,0,0,9,1304.97,3,3,13,3,,
panel/cpp_fin_U,king_rc4,710,0,111356,98576,12780,0,2,0,0,0,1463.93,3,3,17,17,,
panel/cpp_fin_U,king_rc4,710,1,111356,98576,12780,0,2,0,0,0,4476.2,3,3,17,17,,
panel/cpp_fin_U,king_rc4,711,0,114246,97555,16691,0,2,0,0,0,2926.43,3,3,13,17,,
panel/cpp_fin_U,king_rc4,711,1,114246,97555,16691,0,2,0,0,0,4315,3,3,13,17,,
panel/cpp_fin_U,king_rc4,712,0,107580,84100,23480,0,1,0,0,5,2279.37,3,3,16,17,,
panel/cpp_fin_U,king_rc4,712,1,107491,84111,23380,0,1,0,0,5,1462.24,3,3,15,17,,
panel/cpp_fin_U,king_rc4,713,0,142666,116950,25716,0,1,0,0,5,2755.52,3,3,16,17,,
panel/cpp_fin_U,king_rc4,713,1,142666,116950,25716,0,1,0,0,5,1090.72,3,3,16,17,,
panel/cpp_fin_U,king_rc4,714,0,104084,89836,14248,0,2,0,0,5,1557.68,3,3,16,17,,
panel/cpp_fin_U,king_rc4,714,1,104084,89836,14248,0,2,0,0,5,1741.9,3,3,16,17,,
panel/cpp_fin_U,king_rc4,715,0,135473,109645,25828,0,1,0,0,5,3581.71,3,3,16,17,,
panel/cpp_fin_U,king_rc4,715,1,135473,109645,25828,0,1,0,0,5,1556.26,3,3,16,17,,
panel/cpp_fin_U,teammate_shoprouter,700,0,119832,87018,32814,0,2,0,1,0,4827.77,3,3,15,17,,
panel/cpp_fin_U,teammate_shoprouter,700,1,86552,65591,20961,0,2,0,0,0,1160.49,3,3,15,17,,
panel/cpp_fin_U,teammate_shoprouter,701,0,129279,102700,26579,0,3,0,0,0,6262.04,3,3,17,17,,
panel/cpp_fin_U,teammate_shoprouter,701,1,127929,103108,24821,0,3,0,11,0,6254.02,3,3,17,17,,
panel/cpp_fin_U,teammate_shoprouter,702,0,92748,65963,26785,0,3,0,19,0,1862.6,3,3,13,17,,
panel/cpp_fin_U,teammate_shoprouter,702,1,92748,65963,26785,0,3,0,19,0,1941.52,3,3,13,17,,
panel/cpp_fin_U,teammate_shoprouter,703,0,110263,67348,42915,0,2,0,0,0,2908.67,3,3,19,17,,
panel/cpp_fin_U,teammate_shoprouter,703,1,110263,67348,42915,0,2,0,0,0,3160.86,3,3,19,17,,
panel/cpp_fin_U,teammate_shoprouter,704,0,122225,71245,50980,0,3,0,29,0,852.104,3,3,7,17,,
panel/cpp_fin_U,teammate_shoprouter,704,1,122225,71245,50980,0,3,0,29,0,2033.19,3,3,7,17,,
panel/cpp_fin_U,teammate_shoprouter,705,0,122860,95001,27859,0,3,0,0,0,1306.24,3,3,13,17,,
panel/cpp_fin_U,teammate_shoprouter,705,1,122860,95001,27859,0,3,0,0,0,972.088,3,3,13,17,,
panel/cpp_fin_U,teammate_shoprouter,706,0,120806,63572,57234,0,4,0,0,0,1431.58,3,3,16,17,,
panel/cpp_fin_U,teammate_shoprouter,706,1,120852,63572,57280,0,4,0,0,0,1229.62,3,3,16,17,,
panel/cpp_fin_U,teammate_shoprouter,707,0,108616,86006,22610,0,4,0,0,0,1517.82,3,3,13,17,,
panel/cpp_fin_U,teammate_shoprouter,707,1,108616,86006,22610,0,4,0,0,0,1589.66,3,3,13,17,,
panel/cpp_fin_U,teammate_shoprouter,708,0,96985,66931,30054,0,2,0,2,0,1061.49,3,3,5,17,,
panel/cpp_fin_U,teammate_shoprouter,708,1,96985,66931,30054,0,2,0,2,0,893.257,3,3,5,17,,
panel/cpp_fin_U,teammate_shoprouter,709,0,80621,55279,25342,0,2,0,0,0,1365.77,3,3,13,17,,
panel/cpp_fin_U,teammate_shoprouter,709,1,80621,55279,25342,0,2,0,0,0,1617.27,3,3,13,17,,
panel/cpp_fin_U,teammate_shoprouter,710,0,95023,63100,31923,0,3,0,5,0,1522.77,3,3,17,17,,
panel/cpp_fin_U,teammate_shoprouter,710,1,95023,63100,31923,0,3,0,5,0,937.4,3,3,17,17,,
panel/cpp_fin_U,teammate_shoprouter,711,0,110545,87112,23433,0,3,0,0,0,1772.87,3,3,15,17,,
panel/cpp_fin_U,teammate_shoprouter,711,1,110545,87112,23433,0,3,0,0,0,1425.39,3,3,15,17,,
panel/cpp_fin_U,teammate_shoprouter,712,0,92868,73571,19297,0,3,0,0,0,1564.97,3,3,18,17,,
panel/cpp_fin_U,teammate_shoprouter,712,1,92764,73553,19211,0,3,0,0,0,1364.93,3,3,18,17,,
panel/cpp_fin_U,teammate_shoprouter,713,0,164971,127804,37167,0,3,0,0,0,876.123,3,3,14,17,,
panel/cpp_fin_U,teammate_shoprouter,713,1,164971,127804,37167,0,3,0,0,0,878.397,3,3,14,17,,
panel/cpp_fin_U,teammate_shoprouter,714,0,79325,65362,13963,0,3,0,0,0,1206.33,3,3,18,17,,
panel/cpp_fin_U,teammate_shoprouter,714,1,79325,65362,13963,0,3,0,0,0,1203.13,3,3,18,17,,
panel/cpp_fin_U,teammate_shoprouter,715,0,123892,91140,32752,0,3,0,0,0,885.357,3,3,14,17,,
panel/cpp_fin_U,teammate_shoprouter,715,1,123892,91140,32752,0,3,0,0,0,976.661,3,3,14,17,,
panel/cpp_fin_U,two_random_shop_league_v179,700,0,131156,78940,52216,0,2,0,0,0,814.736,3,4,12,23,,
panel/cpp_fin_U,two_random_shop_league_v179,700,1,131848,78199,53649,0,2,0,0,0,616.85,3,4,11,23,,
panel/cpp_fin_U,two_random_shop_league_v179,701,0,154460,80643,73817,0,1,0,0,0,1514.98,3,4,12,23,,
panel/cpp_fin_U,two_random_shop_league_v179,701,1,154005,79618,74387,0,1,0,0,0,1428.68,3,4,12,23,,
panel/cpp_fin_U,two_random_shop_league_v179,702,0,164873,74360,90513,0,2,0,0,0,897.084,3,4,15,23,,
panel/cpp_fin_U,two_random_shop_league_v179,702,1,164973,74361,90612,0,2,0,0,0,1162.47,3,4,14,23,,
panel/cpp_fin_U,two_random_shop_league_v179,703,0,155823,76378,79445,0,2,0,0,0,863.682,3,3,15,22,,
panel/cpp_fin_U,two_random_shop_league_v179,703,1,155823,76378,79445,0,2,0,0,0,983.681,3,3,15,22,,
panel/cpp_fin_U,two_random_shop_league_v179,704,0,148544,73815,74729,0,2,0,5,0,578.171,3,3,12,23,,
panel/cpp_fin_U,two_random_shop_league_v179,704,1,148244,73762,74482,0,2,0,0,0,800.44,3,3,12,23,,
panel/cpp_fin_U,two_random_shop_league_v179,705,0,124477,70324,54153,0,3,0,12,0,687.787,3,4,14,23,,
panel/cpp_fin_U,two_random_shop_league_v179,705,1,124477,70324,54153,0,3,0,12,0,877.239,3,4,14,23,,
panel/cpp_fin_U,two_random_shop_league_v179,706,0,202172,101495,100677,0,1,0,3,0,2054.68,3,4,18,23,,
panel/cpp_fin_U,two_random_shop_league_v179,706,1,188840,112898,75942,0,2,0,9,0,2085.9,3,4,22,23,,
panel/cpp_fin_U,two_random_shop_league_v179,707,0,226283,121407,104876,0,2,0,0,0,766.378,3,4,18,23,,
panel/cpp_fin_U,two_random_shop_league_v179,707,1,226283,121407,104876,0,2,0,0,0,1214.53,3,4,18,23,,
panel/cpp_fin_U,two_random_shop_league_v179,708,0,200137,71051,129086,0,4,0,0,0,252.706,3,3,16,18,,
panel/cpp_fin_U,two_random_shop_league_v179,708,1,200137,71051,129086,0,4,0,0,0,404.638,3,3,16,18,,
panel/cpp_fin_U,two_random_shop_league_v179,709,0,112343,72443,39900,0,3,0,0,0,598.876,3,3,15,22,,
panel/cpp_fin_U,two_random_shop_league_v179,709,1,112616,72553,40063,0,3,0,0,0,609.089,3,3,15,22,,
panel/cpp_fin_U,two_random_shop_league_v179,710,0,207628,120011,87617,0,1,0,0,0,1404.34,3,4,23,23,,
panel/cpp_fin_U,two_random_shop_league_v179,710,1,207769,119204,88565,0,1,0,0,0,1293.77,3,4,19,23,,
panel/cpp_fin_U,two_random_shop_league_v179,711,0,131849,74051,57798,0,2,0,0,0,633.581,3,4,15,23,,
panel/cpp_fin_U,two_random_shop_league_v179,711,1,131849,74051,57798,0,2,0,0,0,750.021,3,4,15,23,,
panel/cpp_fin_U,two_random_shop_league_v179,712,0,155554,96492,59062,0,2,0,1,0,861.251,3,4,17,23,,
panel/cpp_fin_U,two_random_shop_league_v179,712,1,156791,96863,59928,0,1,0,0,0,851.363,3,4,17,23,,
panel/cpp_fin_U,two_random_shop_league_v179,713,0,158238,86955,71283,0,2,0,0,0,534.646,3,4,15,23,,
panel/cpp_fin_U,two_random_shop_league_v179,713,1,156267,84835,71432,0,2,0,0,0,614.148,3,4,15,23,,
panel/cpp_fin_U,two_random_shop_league_v179,714,0,141717,69413,72304,0,2,0,0,0,557.722,3,3,17,20,,
panel/cpp_fin_U,two_random_shop_league_v179,714,1,141717,69413,72304,0,2,0,0,0,558.514,3,3,17,20,,
panel/cpp_fin_U,two_random_shop_league_v179,715,0,147723,65441,82282,0,2,0,9,0,836.675,3,4,22,23,,
panel/cpp_fin_U,two_random_shop_league_v179,715,1,147723,65441,82282,0,2,0,9,0,998.844,3,4,22,23,,
panel/cpp_fin_V,agent_sep23,700,0,152516,114286,38230,0,2,0,3,108,2090.05,3,3,23,13,,
panel/cpp_fin_V,agent_sep23,700,1,145522,116055,29467,0,2,0,19,79,1449.12,3,3,21,13,,
panel/cpp_fin_V,agent_sep23,701,0,132154,80618,51536,0,3,0,0,52,1073.52,3,3,13,5,,
panel/cpp_fin_V,agent_sep23,701,1,132154,80618,51536,0,3,0,0,52,1398.76,3,3,13,5,,
panel/cpp_fin_V,agent_sep23,702,0,142385,111553,30832,0,0,0,0,91,1753.42,3,3,17,10,,
panel/cpp_fin_V,agent_sep23,702,1,142385,111553,30832,0,0,0,0,91,1534.19,3,3,17,10,,
panel/cpp_fin_V,agent_sep23,703,0,134075,102211,31864,0,0,0,3,33,1974.29,3,3,19,8,,
panel/cpp_fin_V,agent_sep23,703,1,134070,102211,31859,0,0,0,3,33,2918.56,3,3,19,8,,
panel/cpp_fin_V,agent_sep23,704,0,123553,106852,16701,0,1,0,0,14,2061.72,3,3,15,10,,
panel/cpp_fin_V,agent_sep23,704,1,121426,104237,17189,0,1,0,0,73,1322.32,3,3,15,11,,
panel/cpp_fin_V,agent_sep23,705,0,134578,97769,36809,0,1,0,0,125,894.762,3,3,14,14,,
panel/cpp_fin_V,agent_sep23,705,1,134578,97769,36809,0,1,0,0,125,560.134,3,3,14,14,,
panel/cpp_fin_V,agent_sep23,706,0,141222,117092,24130,0,1,0,0,65,842.126,3,3,17,14,,
panel/cpp_fin_V,agent_sep23,706,1,141222,117092,24130,0,1,0,0,65,1089,3,3,17,14,,
panel/cpp_fin_V,agent_sep23,707,0,131538,89275,42263,0,2,0,0,31,1459.85,3,3,16,12,,
panel/cpp_fin_V,agent_sep23,707,1,131538,89275,42263,0,2,0,0,31,2285.62,3,3,16,12,,
panel/cpp_fin_V,agent_sep23,708,0,98123,78732,19391,0,1,0,11,10,963.463,3,3,17,12,,
panel/cpp_fin_V,agent_sep23,708,1,98123,78732,19391,0,1,0,11,10,1256.15,3,3,17,12,,
panel/cpp_fin_V,agent_sep23,709,0,129797,107883,21914,0,1,0,0,77,2292.58,3,3,14,14,,
panel/cpp_fin_V,agent_sep23,709,1,129797,107883,21914,0,1,0,0,77,2174.24,3,3,14,14,,
panel/cpp_fin_V,agent_sep23,710,0,117628,104553,13075,0,1,0,54,4,1807.22,3,3,20,11,,
panel/cpp_fin_V,agent_sep23,710,1,117628,104553,13075,0,1,0,54,4,1580.26,3,3,20,11,,
panel/cpp_fin_V,agent_sep23,711,0,104884,90934,13950,0,1,0,8,49,1371.35,3,3,17,10,,
panel/cpp_fin_V,agent_sep23,711,1,104884,90934,13950,0,1,0,8,49,1010.63,3,3,17,10,,
panel/cpp_fin_V,agent_sep23,712,0,147247,109521,37726,0,1,0,0,123,997.786,3,3,16,12,,
panel/cpp_fin_V,agent_sep23,712,1,128833,95230,33603,0,1,0,0,27,1201.36,3,3,16,13,,
panel/cpp_fin_V,agent_sep23,713,0,127356,102793,24563,0,2,0,0,98,1126.83,3,3,17,14,,
panel/cpp_fin_V,agent_sep23,713,1,127356,102793,24563,0,2,0,0,98,985.169,3,3,17,14,,
panel/cpp_fin_V,agent_sep23,714,0,152250,100465,51785,0,1,0,0,21,1927.45,3,3,16,2,,
panel/cpp_fin_V,agent_sep23,714,1,152250,100465,51785,0,1,0,0,21,2414.88,3,3,16,2,,
panel/cpp_fin_V,agent_sep23,715,0,175421,118258,57163,0,2,0,0,62,1301.74,3,3,16,12,,
panel/cpp_fin_V,agent_sep23,715,1,175421,118258,57163,0,2,0,0,62,1257.05,3,3,16,12,,
panel/cpp_fin_V,ahmed_v25,700,0,142546,86497,56049,0,2,0,4,6,2863.37,3,3,8,17,,
panel/cpp_fin_V,ahmed_v25,700,1,142546,86497,56049,0,2,0,4,6,2969.14,3,3,8,17,,
panel/cpp_fin_V,ahmed_v25,701,0,146029,111000,35029,0,3,0,2,6,3053.51,3,3,19,17,,
panel/cpp_fin_V,ahmed_v25,701,1,146029,111000,35029,0,3,0,2,6,4296.18,3,3,19,17,,
panel/cpp_fin_V,ahmed_v25,702,0,84211,62516,21695,0,4,0,7,6,311.387,3,3,13,17,,
panel/cpp_fin_V,ahmed_v25,702,1,84211,62516,21695,0,4,0,7,6,468.621,3,3,13,17,,
panel/cpp_fin_V,ahmed_v25,703,0,119991,80595,39396,0,2,0,4,6,1933.31,3,3,18,17,,
panel/cpp_fin_V,ahmed_v25,703,1,119991,80595,39396,0,2,0,4,6,1435.44,3,3,18,17,,
panel/cpp_fin_V,ahmed_v25,704,0,109075,89102,19973,0,2,0,0,6,700.199,3,3,15,17,,
panel/cpp_fin_V,ahmed_v25,704,1,109075,89102,19973,0,2,0,0,6,698.186,3,3,15,17,,
panel/cpp_fin_V,ahmed_v25,705,0,133980,107566,26414,0,3,0,0,6,761.251,3,3,13,17,,
panel/cpp_fin_V,ahmed_v25,705,1,133980,107566,26414,0,3,0,0,6,993.508,3,3,13,17,,
panel/cpp_fin_V,ahmed_v25,706,0,161458,92285,69173,0,3,0,0,0,1260.59,3,3,23,16,,
panel/cpp_fin_V,ahmed_v25,706,1,161458,92285,69173,0,3,0,0,0,1366.69,3,3,23,16,,
panel/cpp_fin_V,ahmed_v25,707,0,135750,119016,16734,0,3,0,0,6,572.266,3,3,13,17,,
panel/cpp_fin_V,ahmed_v25,707,1,135750,119016,16734,0,3,0,0,6,907.3,3,3,13,17,,
panel/cpp_fin_V,ahmed_v25,708,0,105877,78516,27361,0,2,0,29,6,808.254,3,3,13,17,,
panel/cpp_fin_V,ahmed_v25,708,1,105877,78516,27361,0,2,0,29,6,995.803,3,3,13,17,,
panel/cpp_fin_V,ahmed_v25,709,0,97466,84532,12934,0,4,0,0,6,1341.48,3,3,12,17,,
panel/cpp_fin_V,ahmed_v25,709,1,97466,84532,12934,0,4,0,0,6,1050.28,3,3,12,17,,
panel/cpp_fin_V,ahmed_v25,710,0,130431,79819,50612,0,3,0,56,6,579.03,3,3,15,17,,
panel/cpp_fin_V,ahmed_v25,710,1,130431,79819,50612,0,3,0,56,6,931.944,3,3,15,17,,
panel/cpp_fin_V,ahmed_v25,711,0,97367,78727,18640,0,3,0,0,6,1139.44,3,3,14,17,,
panel/cpp_fin_V,ahmed_v25,711,1,97367,78727,18640,0,3,0,0,6,1723.25,3,3,14,17,,
panel/cpp_fin_V,ahmed_v25,712,0,92332,80746,11586,0,4,0,2,6,881.761,3,3,18,17,,
panel/cpp_fin_V,ahmed_v25,712,1,92332,80746,11586,0,4,0,2,6,844.75,3,3,18,17,,
panel/cpp_fin_V,ahmed_v25,713,0,171097,137405,33692,0,4,0,0,6,792.428,3,3,14,17,,
panel/cpp_fin_V,ahmed_v25,713,1,171097,137405,33692,0,4,0,0,6,827.59,3,3,14,17,,
panel/cpp_fin_V,ahmed_v25,714,0,90354,77121,13233,0,3,0,0,6,670.016,3,3,14,17,,
panel/cpp_fin_V,ahmed_v25,714,1,90354,77121,13233,0,3,0,0,6,649.065,3,3,14,17,,
panel/cpp_fin_V,ahmed_v25,715,0,146657,101083,45574,0,3,0,0,6,439.74,3,3,14,17,,
panel/cpp_fin_V,ahmed_v25,715,1,146657,101083,45574,0,3,0,0,6,610.328,3,3,14,17,,
panel/cpp_fin_V,arlene_v4_m31,700,0,93308,70725,22583,0,2,0,0,0,3011.24,3,3,12,17,,
panel/cpp_fin_V,arlene_v4_m31,700,1,117490,84813,32677,0,2,0,0,0,1050.11,3,3,14,17,,
panel/cpp_fin_V,arlene_v4_m31,701,0,129254,104229,25025,0,3,0,14,0,3900.34,3,3,17,17,,
panel/cpp_fin_V,arlene_v4_m31,701,1,129254,104229,25025,0,3,0,14,0,3712.5,3,3,17,17,,
panel/cpp_fin_V,arlene_v4_m31,702,0,96537,66796,29741,0,4,0,0,0,587.084,3,3,12,3,,
panel/cpp_fin_V,arlene_v4_m31,702,1,96537,66796,29741,0,4,0,0,0,689.264,3,3,12,3,,
panel/cpp_fin_V,arlene_v4_m31,703,0,117555,76427,41128,0,2,0,16,0,1828.7,3,3,19,17,,
panel/cpp_fin_V,arlene_v4_m31,703,1,117555,76427,41128,0,2,0,16,0,2214.68,3,3,19,17,,
panel/cpp_fin_V,arlene_v4_m31,704,0,125145,77458,47687,0,3,0,0,0,792.875,3,3,9,17,,
panel/cpp_fin_V,arlene_v4_m31,704,1,125145,77458,47687,0,3,0,0,0,711.864,3,3,9,17,,
panel/cpp_fin_V,arlene_v4_m31,705,0,121482,98732,22750,0,3,0,0,0,763.102,3,3,13,17,,
panel/cpp_fin_V,arlene_v4_m31,705,1,121482,98732,22750,0,3,0,0,0,903.737,3,3,13,17,,
panel/cpp_fin_V,arlene_v4_m31,706,0,122353,65983,56370,0,4,0,1,0,1325.72,3,3,15,8,,
panel/cpp_fin_V,arlene_v4_m31,706,1,122353,65983,56370,0,4,0,1,0,1248.61,3,3,15,8,,
panel/cpp_fin_V,arlene_v4_m31,707,0,111740,94081,17659,0,3,0,14,0,1459.24,3,3,13,17,,
panel/cpp_fin_V,arlene_v4_m31,707,1,111740,94081,17659,0,3,0,14,0,1366.74,3,3,13,17,,
panel/cpp_fin_V,arlene_v4_m31,708,0,88905,66333,22572,0,2,0,0,0,344.801,3,3,16,17,,
panel/cpp_fin_V,arlene_v4_m31,708,1,88905,66333,22572,0,2,0,0,0,549.486,3,3,16,17,,
panel/cpp_fin_V,arlene_v4_m31,709,0,86747,67263,19484,0,2,0,0,0,1232,3,3,13,3,,
panel/cpp_fin_V,arlene_v4_m31,709,1,86747,67263,19484,0,2,0,0,0,1030.84,3,3,13,3,,
panel/cpp_fin_V,arlene_v4_m31,710,0,99513,67958,31555,0,3,0,5,0,1491.13,3,3,17,8,,
panel/cpp_fin_V,arlene_v4_m31,710,1,99528,67959,31569,0,3,0,5,0,1597.22,3,3,17,8,,
panel/cpp_fin_V,arlene_v4_m31,711,0,101742,79704,22038,0,3,0,0,0,1393.33,3,3,15,17,,
panel/cpp_fin_V,arlene_v4_m31,711,1,101742,79704,22038,0,3,0,0,0,1403.53,3,3,15,17,,
panel/cpp_fin_V,arlene_v4_m31,712,0,111970,88366,23604,0,3,0,27,0,1242.46,3,3,18,17,,
panel/cpp_fin_V,arlene_v4_m31,712,1,111970,88366,23604,0,3,0,27,0,1355.75,3,3,18,17,,
panel/cpp_fin_V,arlene_v4_m31,713,0,159787,133459,26328,0,3,0,0,0,1273.09,3,3,14,17,,
panel/cpp_fin_V,arlene_v4_m31,713,1,159787,133459,26328,0,3,0,0,0,970.573,3,3,14,17,,
panel/cpp_fin_V,arlene_v4_m31,714,0,83857,61929,21928,0,3,0,0,0,883.36,3,3,19,8,,
panel/cpp_fin_V,arlene_v4_m31,714,1,83857,61929,21928,0,3,0,0,0,860.201,3,3,19,8,,
panel/cpp_fin_V,arlene_v4_m31,715,0,126058,97754,28304,0,3,0,0,0,832.511,3,3,14,17,,
panel/cpp_fin_V,arlene_v4_m31,715,1,126058,97754,28304,0,3,0,0,0,923.153,3,3,14,17,,
panel/cpp_fin_V,investment_context_guarded_001_best,700,0,149890,88151,61739,0,1,0,1,6,678.349,3,3,10,17,,
panel/cpp_fin_V,investment_context_guarded_001_best,700,1,149890,88151,61739,0,1,0,1,6,1012.69,3,3,10,17,,
panel/cpp_fin_V,investment_context_guarded_001_best,701,0,164910,132392,32518,0,3,0,0,4,625.274,3,3,19,17,,
panel/cpp_fin_V,investment_context_guarded_001_best,701,1,164910,132392,32518,0,3,0,0,4,1018.72,3,3,19,17,,
panel/cpp_fin_V,investment_context_guarded_001_best,702,0,92927,60044,32883,0,2,0,0,4,383.458,3,3,10,17,,
panel/cpp_fin_V,investment_context_guarded_001_best,702,1,92927,60044,32883,0,2,0,0,4,386.908,3,3,10,17,,
panel/cpp_fin_V,investment_context_guarded_001_best,703,0,124309,102936,21373,0,3,0,16,4,942.52,3,3,15,17,,
panel/cpp_fin_V,investment_context_guarded_001_best,703,1,124309,102936,21373,0,3,0,16,4,934.641,3,3,15,17,,
panel/cpp_fin_V,investment_context_guarded_001_best,704,0,99098,83490,15608,0,1,0,0,5,669.613,3,3,16,17,,
panel/cpp_fin_V,investment_context_guarded_001_best,704,1,99098,83490,15608,0,1,0,0,5,612.394,3,3,16,17,,
panel/cpp_fin_V,investment_context_guarded_001_best,705,0,109635,92058,17577,0,2,0,0,5,789.74,3,3,12,17,,
panel/cpp_fin_V,investment_context_guarded_001_best,705,1,109635,92058,17577,0,2,0,0,5,617.295,3,3,12,17,,
panel/cpp_fin_V,investment_context_guarded_001_best,706,0,120814,72725,48089,0,2,0,0,4,844.683,3,3,13,17,,
panel/cpp_fin_V,investment_context_guarded_001_best,706,1,120814,72725,48089,0,2,0,0,4,1107.4,3,3,13,17,,
panel/cpp_fin_V,investment_context_guarded_001_best,707,0,133348,114523,18825,0,2,0,0,5,752.499,3,3,12,17,,
panel/cpp_fin_V,investment_context_guarded_001_best,707,1,133348,114523,18825,0,2,0,0,5,771.282,3,3,12,17,,
panel/cpp_fin_V,investment_context_guarded_001_best,708,0,82607,65488,17119,0,1,0,0,5,346.884,3,3,15,17,,
panel/cpp_fin_V,investment_context_guarded_001_best,708,1,82607,65488,17119,0,1,0,0,5,263.982,3,3,15,17,,
panel/cpp_fin_V,investment_context_guarded_001_best,709,0,86293,66760,19533,0,2,0,0,5,357.073,3,3,13,17,,
panel/cpp_fin_V,investment_context_guarded_001_best,709,1,86293,66760,19533,0,2,0,0,5,351.377,3,3,13,17,,
panel/cpp_fin_V,investment_context_guarded_001_best,710,0,125103,108427,16676,0,2,0,0,6,820.035,3,3,19,17,,
panel/cpp_fin_V,investment_context_guarded_001_best,710,1,125103,108427,16676,0,2,0,0,6,1049.02,3,3,19,17,,
panel/cpp_fin_V,investment_context_guarded_001_best,711,0,97433,74625,22808,0,2,0,0,5,1259.7,3,3,13,17,,
panel/cpp_fin_V,investment_context_guarded_001_best,711,1,97433,74625,22808,0,2,0,0,5,1176.88,3,3,13,17,,
panel/cpp_fin_V,investment_context_guarded_001_best,712,0,87514,74747,12767,0,2,0,0,5,403.873,3,3,15,17,,
panel/cpp_fin_V,investment_context_guarded_001_best,712,1,87514,74747,12767,0,2,0,0,5,447.951,3,3,15,17,,
panel/cpp_fin_V,investment_context_guarded_001_best,713,0,140932,103545,37387,0,1,0,0,5,584.444,3,3,16,17,,
panel/cpp_fin_V,investment_context_guarded_001_best,713,1,140952,103472,37480,0,1,0,0,5,602.72,3,3,16,17,,
panel/cpp_fin_V,investment_context_guarded_001_best,714,0,127431,103844,23587,0,2,0,1,5,813.248,3,3,15,17,,
panel/cpp_fin_V,investment_context_guarded_001_best,714,1,127431,103844,23587,0,2,0,1,5,524.665,3,3,15,17,,
panel/cpp_fin_V,investment_context_guarded_001_best,715,0,142611,112367,30244,0,1,0,0,5,677.233,3,3,15,17,,
panel/cpp_fin_V,investment_context_guarded_001_best,715,1,142611,112367,30244,0,1,0,0,5,917.788,3,3,15,17,,
panel/cpp_fin_V,king_rc4,700,0,118651,81983,36668,0,1,0,0,0,1762.4,3,3,12,17,,
panel/cpp_fin_V,king_rc4,700,1,118651,81983,36668,0,1,0,0,0,1758.63,3,3,12,17,,
panel/cpp_fin_V,king_rc4,701,0,116973,113623,3350,0,3,0,0,0,998.15,3,3,19,17,,
panel/cpp_fin_V,king_rc4,701,1,116973,113623,3350,0,3,0,0,0,3201.21,3,3,19,17,,
panel/cpp_fin_V,king_rc4,702,0,111294,63446,47848,0,2,0,0,6,1000.07,3,3,17,8,,
panel/cpp_fin_V,king_rc4,702,1,111294,63446,47848,0,2,0,0,6,1190.23,3,3,17,8,,
panel/cpp_fin_V,king_rc4,703,0,119925,90066,29859,0,3,0,0,0,2343.2,3,3,12,17,,
panel/cpp_fin_V,king_rc4,703,1,119925,90066,29859,0,3,0,0,0,994.025,3,3,12,17,,
panel/cpp_fin_V,king_rc4,704,0,98787,77813,20974,0,1,0,0,5,1870.06,3,3,12,17,,
panel/cpp_fin_V,king_rc4,704,1,98787,77813,20974,0,1,0,0,5,1165.43,3,3,12,17,,
panel/cpp_fin_V,king_rc4,705,0,113180,95869,17311,0,2,0,0,5,1709.65,3,3,12,17,,
panel/cpp_fin_V,king_rc4,705,1,113180,95869,17311,0,2,0,0,5,1444.65,3,3,12,17,,
panel/cpp_fin_V,king_rc4,706,0,104688,68698,35990,0,2,0,8,0,2697.64,3,3,16,17,,
panel/cpp_fin_V,king_rc4,706,1,104688,68698,35990,0,2,0,8,0,4002.61,3,3,16,17,,
panel/cpp_fin_V,king_rc4,707,0,143545,125972,17573,0,2,0,0,5,956.322,3,3,12,17,,
panel/cpp_fin_V,king_rc4,707,1,143545,125972,17573,0,2,0,0,5,902.605,3,3,12,17,,
panel/cpp_fin_V,king_rc4,708,0,80660,59445,21215,0,1,0,2,0,1335.45,3,3,15,17,,
panel/cpp_fin_V,king_rc4,708,1,80660,59445,21215,0,1,0,2,0,737.424,3,3,15,17,,
panel/cpp_fin_V,king_rc4,709,0,89602,68429,21173,0,1,0,0,9,1148.56,3,3,13,3,,
panel/cpp_fin_V,king_rc4,709,1,89602,68429,21173,0,1,0,0,9,884.265,3,3,13,3,,
panel/cpp_fin_V,king_rc4,710,0,112730,98693,14037,0,2,0,0,0,2888.81,3,3,19,17,,
panel/cpp_fin_V,king_rc4,710,1,112730,98693,14037,0,2,0,0,0,2363.39,3,3,19,17,,
panel/cpp_fin_V,king_rc4,711,0,114245,97321,16924,0,2,0,0,0,5038.71,3,3,13,17,,
panel/cpp_fin_V,king_rc4,711,1,114245,97321,16924,0,2,0,0,0,3496.73,3,3,13,17,,
panel/cpp_fin_V,king_rc4,712,0,107348,84240,23108,0,1,0,0,5,1525.22,3,3,16,17,,
panel/cpp_fin_V,king_rc4,712,1,107423,84225,23198,0,1,0,0,5,3508.5,3,3,15,17,,
panel/cpp_fin_V,king_rc4,713,0,141667,116821,24846,0,1,0,0,5,3067.65,3,3,16,17,,
panel/cpp_fin_V,king_rc4,713,1,141667,116821,24846,0,1,0,0,5,1996.65,3,3,16,17,,
panel/cpp_fin_V,king_rc4,714,0,102515,88584,13931,0,2,0,0,5,1571.87,3,3,16,17,,
panel/cpp_fin_V,king_rc4,714,1,102515,88584,13931,0,2,0,0,5,1870.27,3,3,16,17,,
panel/cpp_fin_V,king_rc4,715,0,135552,108898,26654,0,1,0,0,5,1121.58,3,3,16,17,,
panel/cpp_fin_V,king_rc4,715,1,135552,108898,26654,0,1,0,0,5,903.936,3,3,16,17,,
panel/cpp_fin_V,teammate_shoprouter,700,0,120043,87024,33019,0,2,0,1,0,3349,3,3,15,17,,
panel/cpp_fin_V,teammate_shoprouter,700,1,87921,65979,21942,0,2,0,0,0,3898.98,3,3,13,17,,
panel/cpp_fin_V,teammate_shoprouter,701,0,130557,105673,24884,0,3,0,0,0,5612.98,3,3,17,17,,
panel/cpp_fin_V,teammate_shoprouter,701,1,129318,105552,23766,0,3,0,11,0,8847.86,3,3,17,17,,
panel/cpp_fin_V,teammate_shoprouter,702,0,92806,67394,25412,0,4,0,18,0,1674.58,3,3,13,17,,
panel/cpp_fin_V,teammate_shoprouter,702,1,92806,67394,25412,0,4,0,18,0,960.163,3,3,13,17,,
panel/cpp_fin_V,teammate_shoprouter,703,0,110280,67352,42928,0,2,0,0,0,3013.52,3,3,19,17,,
panel/cpp_fin_V,teammate_shoprouter,703,1,110280,67352,42928,0,2,0,0,0,2955.47,3,3,19,17,,
panel/cpp_fin_V,teammate_shoprouter,704,0,122160,71350,50810,0,3,0,29,0,1038.59,3,3,7,17,,
panel/cpp_fin_V,teammate_shoprouter,704,1,122160,71350,50810,0,3,0,29,0,1551.32,3,3,7,17,,
panel/cpp_fin_V,teammate_shoprouter,705,0,120519,95395,25124,0,3,0,3,0,975.877,3,3,13,17,,
panel/cpp_fin_V,teammate_shoprouter,705,1,120519,95395,25124,0,3,0,3,0,1086.75,3,3,13,17,,
panel/cpp_fin_V,teammate_shoprouter,706,0,120995,63584,57411,0,4,0,0,0,1194.63,3,3,16,17,,
panel/cpp_fin_V,teammate_shoprouter,706,1,121041,63584,57457,0,4,0,0,0,1432.69,3,3,16,17,,
panel/cpp_fin_V,teammate_shoprouter,707,0,108400,86113,22287,0,4,0,0,0,1768.78,3,3,13,17,,
panel/cpp_fin_V,teammate_shoprouter,707,1,108400,86113,22287,0,4,0,0,0,1497.92,3,3,13,17,,
panel/cpp_fin_V,teammate_shoprouter,708,0,97072,67909,29163,0,2,0,8,0,900.749,3,3,10,17,,
panel/cpp_fin_V,teammate_shoprouter,708,1,97072,67909,29163,0,2,0,8,0,966.988,3,3,10,17,,
panel/cpp_fin_V,teammate_shoprouter,709,0,80610,55326,25284,0,2,0,0,0,1390.29,3,3,13,17,,
panel/cpp_fin_V,teammate_shoprouter,709,1,80610,55326,25284,0,2,0,0,0,2097.74,3,3,13,17,,
panel/cpp_fin_V,teammate_shoprouter,710,0,95174,63363,31811,0,3,0,5,0,2271.96,3,3,17,17,,
panel/cpp_fin_V,teammate_shoprouter,710,1,95174,63363,31811,0,3,0,5,0,1598.44,3,3,17,17,,
panel/cpp_fin_V,teammate_shoprouter,711,0,110172,87315,22857,0,3,0,0,0,1660.24,3,3,15,17,,
panel/cpp_fin_V,teammate_shoprouter,711,1,110172,87315,22857,0,3,0,0,0,1399.73,3,3,15,17,,
panel/cpp_fin_V,teammate_shoprouter,712,0,92849,74027,18822,0,3,0,0,0,1536.53,3,3,18,17,,
panel/cpp_fin_V,teammate_shoprouter,712,1,92969,74020,18949,0,3,0,0,0,1574.53,3,3,18,17,,
panel/cpp_fin_V,teammate_shoprouter,713,0,163946,126950,36996,0,3,0,0,0,949.095,3,3,14,17,,
panel/cpp_fin_V,teammate_shoprouter,713,1,163946,126950,36996,0,3,0,0,0,1179.23,3,3,14,17,,
panel/cpp_fin_V,teammate_shoprouter,714,0,79795,66646,13149,0,3,0,0,0,917.138,3,3,13,17,,
panel/cpp_fin_V,teammate_shoprouter,714,1,79795,66646,13149,0,3,0,0,0,924.821,3,3,13,17,,
panel/cpp_fin_V,teammate_shoprouter,715,0,124830,91024,33806,0,3,0,0,0,847.97,3,3,14,17,,
panel/cpp_fin_V,teammate_shoprouter,715,1,124830,91024,33806,0,3,0,0,0,788.684,3,3,14,17,,
panel/cpp_fin_V,two_random_shop_league_v179,700,0,131599,78948,52651,0,2,0,0,0,497.646,3,4,12,23,,
panel/cpp_fin_V,two_random_shop_league_v179,700,1,132027,78028,53999,0,2,0,0,0,810.011,3,4,11,23,,
panel/cpp_fin_V,two_random_shop_league_v179,701,0,154473,80616,73857,0,1,0,0,0,1130.21,3,4,12,23,,
panel/cpp_fin_V,two_random_shop_league_v179,701,1,154075,79607,74468,0,1,0,0,0,1004.8,3,4,12,23,,
panel/cpp_fin_V,two_random_shop_league_v179,702,0,164853,74207,90646,0,2,0,0,0,835.669,3,4,15,23,,
panel/cpp_fin_V,two_random_shop_league_v179,702,1,164955,74208,90747,0,2,0,0,0,666.651,3,4,14,23,,
panel/cpp_fin_V,two_random_shop_league_v179,703,0,156144,76309,79835,0,2,0,0,0,904.959,3,3,15,22,,
panel/cpp_fin_V,two_random_shop_league_v179,703,1,156144,76309,79835,0,2,0,0,0,718.653,3,3,15,22,,
panel/cpp_fin_V,two_random_shop_league_v179,704,0,147305,73090,74215,0,2,0,0,0,499.788,3,3,12,23,,
panel/cpp_fin_V,two_random_shop_league_v179,704,1,147305,73090,74215,0,2,0,0,0,480.916,3,3,12,23,,
panel/cpp_fin_V,two_random_shop_league_v179,705,0,123634,64483,59151,0,3,0,0,0,533.067,3,4,14,23,,
panel/cpp_fin_V,two_random_shop_league_v179,705,1,124665,70978,53687,0,3,0,0,0,1013.47,3,4,14,23,,
panel/cpp_fin_V,two_random_shop_league_v179,706,0,207976,94691,113285,0,1,0,1,0,2144,3,4,22,23,,
panel/cpp_fin_V,two_random_shop_league_v179,706,1,207976,94691,113285,0,1,0,1,0,1335.48,3,4,22,23,,
panel/cpp_fin_V,two_random_shop_league_v179,707,0,226339,121469,104870,0,2,0,0,0,1267.4,3,4,18,23,,
panel/cpp_fin_V,two_random_shop_league_v179,707,1,226339,121469,104870,0,2,0,0,0,1206.1,3,4,18,23,,
panel/cpp_fin_V,two_random_shop_league_v179,708,0,200137,71051,129086,0,4,0,0,0,245.587,3,3,16,18,,
panel/cpp_fin_V,two_random_shop_league_v179,708,1,200137,71051,129086,0,4,0,0,0,503.748,3,3,16,18,,
panel/cpp_fin_V,two_random_shop_league_v179,709,0,112845,72065,40780,0,3,0,0,0,1214.95,3,3,15,22,,
panel/cpp_fin_V,two_random_shop_league_v179,709,1,111223,72007,39216,0,3,0,6,0,767.462,3,3,15,22,,
panel/cpp_fin_V,two_random_shop_league_v179,710,0,207417,120019,87398,0,1,0,0,0,2155.12,3,4,23,23,,
panel/cpp_fin_V,two_random_shop_league_v179,710,1,208349,120024,88325,0,1,0,0,0,2080.99,3,4,20,23,,
panel/cpp_fin_V,two_random_shop_league_v179,711,0,131701,75490,56211,0,2,0,0,0,730.768,3,4,15,23,,
panel/cpp_fin_V,two_random_shop_league_v179,711,1,131701,75490,56211,0,2,0,0,0,1029.28,3,4,15,23,,
panel/cpp_fin_V,two_random_shop_league_v179,712,0,155442,96499,58943,0,2,0,1,0,861.462,3,4,17,23,,
panel/cpp_fin_V,two_random_shop_league_v179,712,1,156639,96869,59770,0,1,0,0,0,1416.82,3,4,17,23,,
panel/cpp_fin_V,two_random_shop_league_v179,713,0,158770,86724,72046,0,2,0,0,0,982.393,3,4,15,23,,
panel/cpp_fin_V,two_random_shop_league_v179,713,1,163422,90706,72716,0,2,0,0,0,1065.24,3,4,15,23,,
panel/cpp_fin_V,two_random_shop_league_v179,714,0,142323,68993,73330,0,2,0,0,0,570.852,3,3,17,20,,
panel/cpp_fin_V,two_random_shop_league_v179,714,1,142323,68993,73330,0,2,0,0,0,938.484,3,3,17,20,,
panel/cpp_fin_V,two_random_shop_league_v179,715,0,147373,65794,81579,0,2,0,9,0,955.177,3,4,22,23,,
panel/cpp_fin_V,two_random_shop_league_v179,715,1,147373,65794,81579,0,2,0,9,0,1561.49,3,4,22,23,,
panel/cpp_fin_W,agent_sep23,700,0,150614,109389,41225,0,1,0,20,68,16510.1,3,3,19,15,,
panel/cpp_fin_W,agent_sep23,700,1,128009,99525,28484,0,1,0,0,24,17591.2,3,3,19,13,,
panel/cpp_fin_W,agent_sep23,701,0,127808,88142,39666,0,3,0,0,22,14336.1,3,3,14,5,,
panel/cpp_fin_W,agent_sep23,701,1,127808,88142,39666,0,3,0,0,22,9105.69,3,3,14,5,,
panel/cpp_fin_W,agent_sep23,702,0,147862,125420,22442,0,2,0,0,29,3281.43,3,3,14,11,,
panel/cpp_fin_W,agent_sep23,702,1,147862,125420,22442,0,2,0,0,29,12863.7,3,3,14,11,,
panel/cpp_fin_W,agent_sep23,703,0,104297,72732,31565,0,0,0,0,17,11964.2,3,3,19,11,,
panel/cpp_fin_W,agent_sep23,703,1,104297,72732,31565,0,0,0,0,17,10722.8,3,3,19,11,,
panel/cpp_fin_W,agent_sep23,704,0,122941,101896,21045,0,1,0,0,66,9202.74,3,3,15,10,,
panel/cpp_fin_W,agent_sep23,704,1,115259,106918,8341,0,1,0,0,17,10742.2,3,3,14,11,,
panel/cpp_fin_W,agent_sep23,705,0,125355,90384,34971,0,1,0,0,94,8132.52,3,3,14,13,,
panel/cpp_fin_W,agent_sep23,705,1,125355,90384,34971,0,1,0,0,94,7515.81,3,3,14,13,,
panel/cpp_fin_W,agent_sep23,706,0,124898,105249,19649,0,1,0,1,89,5995.36,3,3,19,15,,
panel/cpp_fin_W,agent_sep23,706,1,124898,105249,19649,0,1,0,1,89,5103.2,3,3,19,15,,
panel/cpp_fin_W,agent_sep23,707,0,123303,87106,36197,0,2,0,0,51,8136.3,3,3,16,12,,
panel/cpp_fin_W,agent_sep23,707,1,123303,87106,36197,0,2,0,0,51,6597.56,3,3,16,12,,
panel/cpp_fin_W,agent_sep23,708,0,100064,76856,23208,0,0,0,15,13,4886.14,3,3,17,12,,
panel/cpp_fin_W,agent_sep23,708,1,100064,76856,23208,0,0,0,15,13,4301.15,3,3,17,12,,
panel/cpp_fin_W,agent_sep23,709,0,135720,103496,32224,0,2,0,21,130,7737.6,3,3,16,13,,
panel/cpp_fin_W,agent_sep23,709,1,137369,103659,33710,0,2,0,23,130,7477.18,3,3,16,13,,
panel/cpp_fin_W,agent_sep23,710,0,149763,93610,56153,0,1,0,24,63,4197.07,3,3,15,9,,
panel/cpp_fin_W,agent_sep23,710,1,149810,93608,56202,0,1,0,24,63,4513,3,3,15,9,,
panel/cpp_fin_W,agent_sep23,711,0,110078,93107,16971,0,1,0,2,51,6319.51,3,3,16,10,,
panel/cpp_fin_W,agent_sep23,711,1,110078,93107,16971,0,1,0,2,51,6385.15,3,3,16,10,,
panel/cpp_fin_W,agent_sep23,712,0,133022,100315,32707,0,1,0,1,54,5893.73,3,3,15,12,,
panel/cpp_fin_W,agent_sep23,712,1,132973,104622,28351,0,1,0,0,36,4791.58,3,3,15,10,,
panel/cpp_fin_W,agent_sep23,713,0,132070,115268,16802,0,1,0,0,16,3598.78,3,3,17,14,,
panel/cpp_fin_W,agent_sep23,713,1,132070,115268,16802,0,1,0,0,16,3583.8,3,3,17,14,,
panel/cpp_fin_W,agent_sep23,714,0,97983,77335,20648,0,2,0,0,15,6584.6,3,3,14,0,,
panel/cpp_fin_W,agent_sep23,714,1,97983,77335,20648,0,2,0,0,15,4292.31,3,3,14,0,,
panel/cpp_fin_W,agent_sep23,715,0,174370,126529,47841,0,2,0,0,71,2995.49,3,3,16,12,,
panel/cpp_fin_W,agent_sep23,715,1,174370,126529,47841,0,2,0,0,71,4725.77,3,3,16,12,,
panel/cpp_fin_W,ahmed_v25,700,0,129326,84078,45248,0,2,0,0,6,10976.7,3,3,16,17,,
panel/cpp_fin_W,ahmed_v25,700,1,129326,84078,45248,0,2,0,0,6,8246.3,3,3,16,17,,
panel/cpp_fin_W,ahmed_v25,701,0,143000,110556,32444,0,4,0,0,6,4439.67,3,3,14,17,,
panel/cpp_fin_W,ahmed_v25,701,1,143000,110556,32444,0,4,0,0,6,3992.55,3,3,14,17,,
panel/cpp_fin_W,ahmed_v25,702,0,96410,74852,21558,0,4,0,10,6,4650.12,3,3,15,17,,
panel/cpp_fin_W,ahmed_v25,702,1,96410,74852,21558,0,4,0,10,6,4338.48,3,3,15,17,,
panel/cpp_fin_W,ahmed_v25,703,0,145110,87763,57347,0,2,0,0,6,2804.01,3,3,19,17,,
panel/cpp_fin_W,ahmed_v25,703,1,145110,87763,57347,0,2,0,0,6,2555.01,3,3,19,17,,
panel/cpp_fin_W,ahmed_v25,704,0,92010,73808,18202,0,2,0,0,6,3994.59,3,3,17,17,,
panel/cpp_fin_W,ahmed_v25,704,1,92010,73808,18202,0,2,0,0,6,4947.91,3,3,17,17,,
panel/cpp_fin_W,ahmed_v25,705,0,127758,105616,22142,0,3,0,0,6,5328.12,3,3,13,17,,
panel/cpp_fin_W,ahmed_v25,705,1,127758,105616,22142,0,3,0,0,6,5826.23,3,3,13,17,,
panel/cpp_fin_W,ahmed_v25,706,0,118995,76898,42097,0,5,0,7,0,8213.79,3,3,15,16,,
panel/cpp_fin_W,ahmed_v25,706,1,118995,76898,42097,0,5,0,7,0,8239.76,3,3,15,16,,
panel/cpp_fin_W,ahmed_v25,707,0,143704,120737,22967,0,3,0,0,6,4537.5,3,3,13,17,,
panel/cpp_fin_W,ahmed_v25,707,1,143704,120737,22967,0,3,0,0,6,3672.9,3,3,13,17,,
panel/cpp_fin_W,ahmed_v25,708,0,104584,76832,27752,0,2,0,23,6,5629.04,3,3,12,17,,
panel/cpp_fin_W,ahmed_v25,708,1,104584,76832,27752,0,2,0,23,6,3573.62,3,3,12,17,,
panel/cpp_fin_W,ahmed_v25,709,0,96564,77900,18664,0,3,0,0,6,10035,3,3,15,17,,
panel/cpp_fin_W,ahmed_v25,709,1,96564,77900,18664,0,3,0,0,6,9240.3,3,3,15,17,,
panel/cpp_fin_W,ahmed_v25,710,0,127058,78532,48526,0,3,0,58,6,2435.85,3,3,17,17,,
panel/cpp_fin_W,ahmed_v25,710,1,127058,78532,48526,0,3,0,58,6,2875.19,3,3,17,17,,
panel/cpp_fin_W,ahmed_v25,711,0,97536,74067,23469,0,2,0,17,6,4014.82,3,3,16,17,,
panel/cpp_fin_W,ahmed_v25,711,1,97536,74067,23469,0,2,0,17,6,3475.36,3,3,16,17,,
panel/cpp_fin_W,ahmed_v25,712,0,87712,74972,12740,0,3,0,0,6,4550.67,3,3,16,17,,
panel/cpp_fin_W,ahmed_v25,712,1,87712,74972,12740,0,3,0,0,6,4232.48,3,3,16,17,,
panel/cpp_fin_W,ahmed_v25,713,0,167531,135064,32467,0,4,0,0,6,4048.73,3,3,13,17,,
panel/cpp_fin_W,ahmed_v25,713,1,167531,135064,32467,0,4,0,0,6,3815.77,3,3,13,17,,
panel/cpp_fin_W,ahmed_v25,714,0,88416,64625,23791,0,2,0,0,6,6712.82,3,3,15,17,,
panel/cpp_fin_W,ahmed_v25,714,1,88416,64625,23791,0,2,0,0,6,6339.29,3,3,15,17,,
panel/cpp_fin_W,ahmed_v25,715,0,151073,105970,45103,0,4,0,2,6,4623.92,3,3,13,17,,
panel/cpp_fin_W,ahmed_v25,715,1,151073,105970,45103,0,4,0,2,6,4882.77,3,3,13,17,,
panel/cpp_fin_W,arlene_v4_m31,700,0,123292,85119,38173,0,3,0,0,0,4651.52,3,3,16,17,,
panel/cpp_fin_W,arlene_v4_m31,700,1,119717,84071,35646,0,3,0,0,0,6848.76,3,3,16,17,,
panel/cpp_fin_W,arlene_v4_m31,701,0,132478,100319,32159,0,4,0,0,0,2691.96,3,3,14,16,,
panel/cpp_fin_W,arlene_v4_m31,701,1,132604,100282,32322,0,4,0,0,0,4216.23,3,3,14,16,,
panel/cpp_fin_W,arlene_v4_m31,702,0,90286,62427,27859,0,4,0,6,0,7048.91,3,3,15,3,,
panel/cpp_fin_W,arlene_v4_m31,702,1,90286,62427,27859,0,4,0,6,0,6872.04,3,3,15,3,,
panel/cpp_fin_W,arlene_v4_m31,703,0,114764,73465,41299,0,2,0,27,0,5708.62,3,3,19,17,,
panel/cpp_fin_W,arlene_v4_m31,703,1,114764,73465,41299,0,2,0,27,0,3787.35,3,3,19,17,,
panel/cpp_fin_W,arlene_v4_m31,704,0,109054,80087,28967,0,3,0,4,0,6821.6,3,3,16,16,,
panel/cpp_fin_W,arlene_v4_m31,704,1,109054,80087,28967,0,3,0,4,0,7131.69,3,3,16,16,,
panel/cpp_fin_W,arlene_v4_m31,705,0,116097,91142,24955,0,3,0,0,0,2927.19,3,3,13,17,,
panel/cpp_fin_W,arlene_v4_m31,705,1,116097,91142,24955,0,3,0,0,0,3394.66,3,3,13,17,,
panel/cpp_fin_W,arlene_v4_m31,706,0,128222,70585,57637,0,5,0,0,0,7329.28,3,3,18,8,,
panel/cpp_fin_W,arlene_v4_m31,706,1,128222,70585,57637,0,5,0,0,0,5154.6,3,3,18,8,,
panel/cpp_fin_W,arlene_v4_m31,707,0,134058,115538,18520,0,3,0,0,0,6953.53,3,3,13,16,,
panel/cpp_fin_W,arlene_v4_m31,707,1,134058,115538,18520,0,3,0,0,0,11078.3,3,3,13,16,,
panel/cpp_fin_W,arlene_v4_m31,708,0,84248,58298,25950,0,2,0,0,0,3827.48,3,3,16,17,,
panel/cpp_fin_W,arlene_v4_m31,708,1,84248,58298,25950,0,2,0,0,0,5609.61,3,3,16,17,,
panel/cpp_fin_W,arlene_v4_m31,709,0,86833,65133,21700,0,3,0,0,0,4315.75,3,3,10,16,,
panel/cpp_fin_W,arlene_v4_m31,709,1,86833,65133,21700,0,3,0,0,0,4544.82,3,3,10,16,,
panel/cpp_fin_W,arlene_v4_m31,710,0,103082,68894,34188,0,3,0,2,0,8989.06,3,3,17,8,,
panel/cpp_fin_W,arlene_v4_m31,710,1,103082,68894,34188,0,3,0,2,0,11097.6,3,3,17,8,,
panel/cpp_fin_W,arlene_v4_m31,711,0,101864,83537,18327,0,3,0,3,0,3271.09,3,3,14,17,,
panel/cpp_fin_W,arlene_v4_m31,711,1,101864,83537,18327,0,3,0,3,0,2997.5,3,3,14,17,,
panel/cpp_fin_W,arlene_v4_m31,712,0,90331,64986,25345,0,3,0,0,0,5200.73,3,3,16,16,,
panel/cpp_fin_W,arlene_v4_m31,712,1,90331,64986,25345,0,3,0,0,0,4012.33,3,3,16,16,,
panel/cpp_fin_W,arlene_v4_m31,713,0,166811,130862,35949,0,3,0,0,0,7057.27,3,3,14,16,,
panel/cpp_fin_W,arlene_v4_m31,713,1,166811,130862,35949,0,3,0,0,0,6775.3,3,3,14,16,,
panel/cpp_fin_W,arlene_v4_m31,714,0,87267,69709,17558,0,2,0,0,0,3074.08,3,3,14,3,,
panel/cpp_fin_W,arlene_v4_m31,714,1,87267,69709,17558,0,2,0,0,0,3056.03,3,3,14,3,,
panel/cpp_fin_W,arlene_v4_m31,715,0,134710,99488,35222,0,4,0,0,0,2729.36,3,3,13,16,,
panel/cpp_fin_W,arlene_v4_m31,715,1,134710,99488,35222,0,4,0,0,0,3724.06,3,3,13,16,,
panel/cpp_fin_W,king_rc4,700,0,118392,83635,34757,0,1,0,9,0,4898.2,3,3,14,17,,
panel/cpp_fin_W,king_rc4,700,1,118392,83635,34757,0,1,0,9,0,3030.77,3,3,14,17,,
panel/cpp_fin_W,king_rc4,701,0,109260,101800,7460,0,3,0,0,0,3754.93,3,3,15,17,,
panel/cpp_fin_W,king_rc4,701,1,109260,101800,7460,0,3,0,0,0,6077.03,3,3,15,17,,
panel/cpp_fin_W,king_rc4,702,0,121735,72625,49110,0,2,0,1,9,2116.32,3,3,15,8,,
panel/cpp_fin_W,king_rc4,702,1,121735,72625,49110,0,2,0,1,9,1830.54,3,3,15,8,,
panel/cpp_fin_W,king_rc4,703,0,115657,87433,28224,0,3,0,0,0,2894.1,3,3,17,17,,
panel/cpp_fin_W,king_rc4,703,1,115657,87433,28224,0,3,0,0,0,4943.51,3,3,17,17,,
panel/cpp_fin_W,king_rc4,704,0,101939,81076,20863,0,1,0,0,28,2940.22,3,3,17,16,,
panel/cpp_fin_W,king_rc4,704,1,101939,81076,20863,0,1,0,0,28,2470.57,3,3,17,16,,
panel/cpp_fin_W,king_rc4,705,0,102064,81418,20646,0,3,0,2,34,1950.41,3,3,12,16,,
panel/cpp_fin_W,king_rc4,705,1,102064,81418,20646,0,3,0,2,34,3002.97,3,3,12,16,,
panel/cpp_fin_W,king_rc4,706,0,112104,63535,48569,0,2,0,12,0,2452.22,3,3,6,17,,
panel/cpp_fin_W,king_rc4,706,1,112104,63535,48569,0,2,0,12,0,1745.36,3,3,6,17,,
panel/cpp_fin_W,king_rc4,707,0,148981,124777,24204,0,2,0,0,5,3608.72,3,3,13,17,,
panel/cpp_fin_W,king_rc4,707,1,148981,124777,24204,0,2,0,0,5,5721.29,3,3,13,17,,
panel/cpp_fin_W,king_rc4,708,0,81905,57271,24634,0,1,0,2,0,3037.59,3,3,15,17,,
panel/cpp_fin_W,king_rc4,708,1,81905,57271,24634,0,1,0,2,0,3059.31,3,3,15,17,,
panel/cpp_fin_W,king_rc4,709,0,83550,57714,25836,0,1,0,0,30,3690,3,3,16,16,,
panel/cpp_fin_W,king_rc4,709,1,83550,57714,25836,0,1,0,0,30,2437.06,3,3,16,16,,
panel/cpp_fin_W,king_rc4,710,0,135117,99300,35817,0,2,0,0,9,2809.38,3,3,15,16,,
panel/cpp_fin_W,king_rc4,710,1,135117,99300,35817,0,2,0,0,9,4311.31,3,3,15,16,,
panel/cpp_fin_W,king_rc4,711,0,113654,91922,21732,0,2,0,0,6,2694.64,3,3,15,16,,
panel/cpp_fin_W,king_rc4,711,1,113654,91922,21732,0,2,0,0,6,2977.69,3,3,15,16,,
panel/cpp_fin_W,king_rc4,712,0,96655,75445,21210,0,1,0,0,30,3053.21,3,3,16,16,,
panel/cpp_fin_W,king_rc4,712,1,96472,75454,21018,0,1,0,0,30,2706.04,3,3,16,16,,
panel/cpp_fin_W,king_rc4,713,0,155150,115633,39517,0,1,0,0,34,2618.09,3,3,13,16,,
panel/cpp_fin_W,king_rc4,713,1,155150,115633,39517,0,1,0,0,34,2618.46,3,3,13,16,,
panel/cpp_fin_W,king_rc4,714,0,110864,83416,27448,0,2,0,0,25,2764.82,3,3,15,8,,
panel/cpp_fin_W,king_rc4,714,1,110864,83416,27448,0,2,0,0,25,2894.22,3,3,15,8,,
panel/cpp_fin_W,king_rc4,715,0,150870,107950,42920,0,1,0,0,30,2572.16,3,3,16,16,,
panel/cpp_fin_W,king_rc4,715,1,150870,107950,42920,0,1,0,0,30,2519.29,3,3,16,16,,
panel/cpp_fin_W,teammate_shoprouter,700,0,88169,63594,24575,0,3,0,0,0,3958.19,3,3,16,17,,
panel/cpp_fin_W,teammate_shoprouter,700,1,121041,84489,36552,0,3,0,0,0,4870.04,3,3,16,17,,
panel/cpp_fin_W,teammate_shoprouter,701,0,147624,108249,39375,0,4,0,0,13,5733.99,3,3,14,16,,
panel/cpp_fin_W,teammate_shoprouter,701,1,147555,108378,39177,0,4,0,0,13,6559.11,3,3,14,16,,
panel/cpp_fin_W,teammate_shoprouter,702,0,82703,52002,30701,0,4,0,0,12,7231.13,3,3,14,16,,
panel/cpp_fin_W,teammate_shoprouter,702,1,82703,52002,30701,0,4,0,0,12,7149.65,3,3,14,16,,
panel/cpp_fin_W,teammate_shoprouter,703,0,143346,82799,60547,0,2,0,4,20,3238,3,3,19,16,,
panel/cpp_fin_W,teammate_shoprouter,703,1,143346,82799,60547,0,2,0,4,20,2967.08,3,3,19,16,,
panel/cpp_fin_W,teammate_shoprouter,704,0,113024,77428,35596,0,3,0,0,48,8827.25,3,3,16,15,,
panel/cpp_fin_W,teammate_shoprouter,704,1,113024,77428,35596,0,3,0,0,48,8115.67,3,3,16,15,,
panel/cpp_fin_W,teammate_shoprouter,705,0,124939,97414,27525,0,4,0,3,16,6544.37,3,3,13,16,,
panel/cpp_fin_W,teammate_shoprouter,705,1,124939,97414,27525,0,4,0,3,16,5707.8,3,3,13,16,,
panel/cpp_fin_W,teammate_shoprouter,706,0,125943,69216,56727,0,5,0,0,0,4269.3,3,3,19,17,,
panel/cpp_fin_W,teammate_shoprouter,706,1,125964,69216,56748,0,5,0,0,0,4055.25,3,3,19,17,,
panel/cpp_fin_W,teammate_shoprouter,707,0,129613,101339,28274,0,3,0,0,35,5805.33,3,3,13,15,,
panel/cpp_fin_W,teammate_shoprouter,707,1,129613,101339,28274,0,3,0,0,35,5804.47,3,3,13,15,,
panel/cpp_fin_W,teammate_shoprouter,708,0,97711,65683,32028,0,2,0,20,2,3996.55,3,3,18,16,,
panel/cpp_fin_W,teammate_shoprouter,708,1,97711,65683,32028,0,2,0,20,2,4084.95,3,3,18,16,,
panel/cpp_fin_W,teammate_shoprouter,709,0,96441,73626,22815,0,3,0,3,35,5504.65,3,3,12,15,,
panel/cpp_fin_W,teammate_shoprouter,709,1,96441,73626,22815,0,3,0,3,35,6717.03,3,3,12,15,,
panel/cpp_fin_W,teammate_shoprouter,710,0,96272,64853,31419,0,3,0,6,0,8952.13,3,3,17,17,,
panel/cpp_fin_W,teammate_shoprouter,710,1,96272,64853,31419,0,3,0,6,0,8092.99,3,3,17,17,,
panel/cpp_fin_W,teammate_shoprouter,711,0,119460,99020,20440,0,2,0,0,0,11226,3,3,14,16,,
panel/cpp_fin_W,teammate_shoprouter,711,1,119460,99020,20440,0,2,0,0,0,9920.08,3,3,14,16,,
panel/cpp_fin_W,teammate_shoprouter,712,0,91851,67527,24324,0,3,0,0,35,7186.39,3,3,15,15,,
panel/cpp_fin_W,teammate_shoprouter,712,1,91690,67518,24172,0,3,0,0,35,5713.63,3,3,15,15,,
panel/cpp_fin_W,teammate_shoprouter,713,0,166978,122433,44545,0,3,0,0,11,8289.84,3,3,14,16,,
panel/cpp_fin_W,teammate_shoprouter,713,1,166978,122433,44545,0,3,0,0,11,7821.92,3,3,14,16,,
panel/cpp_fin_W,teammate_shoprouter,714,0,86506,52417,34089,0,2,0,0,35,4356.88,3,3,14,15,,
panel/cpp_fin_W,teammate_shoprouter,714,1,86506,52417,34089,0,2,0,0,35,4580.55,3,3,14,15,,
panel/cpp_fin_W,teammate_shoprouter,715,0,111774,90539,21235,0,4,0,0,13,5393.67,3,3,13,16,,
panel/cpp_fin_W,teammate_shoprouter,715,1,111774,90539,21235,0,4,0,0,13,4592.91,3,3,13,16,,
panel/cpp_fin_Y,agent_sep23,700,0,127318,93102,34216,0,1,0,0,29,7429.18,3,3,19,16,,
panel/cpp_fin_Y,agent_sep23,700,1,133089,108335,24754,0,1,0,6,106,8669.13,3,3,19,16,,
panel/cpp_fin_Y,agent_sep23,701,0,128247,85566,42681,0,3,0,0,27,5755.49,3,3,13,5,,
panel/cpp_fin_Y,agent_sep23,701,1,128247,85566,42681,0,3,0,0,27,6033.87,3,3,13,5,,
panel/cpp_fin_Y,agent_sep23,702,0,138696,111567,27129,0,2,0,0,53,4377.26,3,3,14,18,,
panel/cpp_fin_Y,agent_sep23,702,1,138696,111567,27129,0,2,0,0,53,3885.53,3,3,14,18,,
panel/cpp_fin_Y,agent_sep23,703,0,108221,74496,33725,0,0,0,0,48,6804.44,3,3,19,11,,
panel/cpp_fin_Y,agent_sep23,703,1,108221,74496,33725,0,0,0,0,48,7526.2,3,3,19,11,,
panel/cpp_fin_Y,agent_sep23,704,0,123818,98031,25787,0,1,0,1,10,8287.11,3,3,16,10,,
panel/cpp_fin_Y,agent_sep23,704,1,119857,104496,15361,0,1,0,5,56,8477.16,3,3,16,11,,
panel/cpp_fin_Y,agent_sep23,705,0,124027,86820,37207,0,1,0,0,75,6588.11,3,3,14,13,,
panel/cpp_fin_Y,agent_sep23,705,1,124027,86820,37207,0,1,0,0,75,6303.47,3,3,14,13,,
panel/cpp_fin_Y,agent_sep23,706,0,128194,103223,24971,0,1,0,0,0,5676.22,3,3,19,16,,
panel/cpp_fin_Y,agent_sep23,706,1,128194,103223,24971,0,1,0,0,0,6120.17,3,3,19,16,,
panel/cpp_fin_Y,agent_sep23,707,0,114049,82253,31796,0,2,0,0,18,6313.84,3,3,16,12,,
panel/cpp_fin_Y,agent_sep23,707,1,114049,82253,31796,0,2,0,0,18,6579.25,3,3,16,12,,
panel/cpp_fin_Y,agent_sep23,708,0,100035,75980,24055,0,0,0,15,13,5173.76,3,3,17,12,,
panel/cpp_fin_Y,agent_sep23,708,1,100035,75980,24055,0,0,0,15,13,9752.91,3,3,17,12,,
panel/cpp_fin_Y,agent_sep23,709,0,136289,100304,35985,0,2,0,2,152,11714.3,3,3,16,13,,
panel/cpp_fin_Y,agent_sep23,709,1,136072,100042,36030,0,2,0,2,160,8954.59,3,3,16,13,,
panel/cpp_fin_Y,agent_sep23,710,0,149860,93383,56477,0,1,0,33,63,5012.56,3,3,15,9,,
panel/cpp_fin_Y,agent_sep23,710,1,149860,93383,56477,0,1,0,33,63,5383.16,3,3,15,9,,
panel/cpp_fin_Y,agent_sep23,711,0,105741,85523,20218,0,1,0,12,66,12963.8,3,3,16,10,,
panel/cpp_fin_Y,agent_sep23,711,1,105741,85523,20218,0,1,0,12,66,8408.9,3,3,16,10,,
panel/cpp_fin_Y,agent_sep23,712,0,148828,109694,39134,0,1,0,0,14,10101,3,3,15,12,,
panel/cpp_fin_Y,agent_sep23,712,1,134787,104532,30255,0,1,0,0,36,10101,3,3,15,10,,
panel/cpp_fin_Y,agent_sep23,713,0,134793,117075,17718,0,1,0,0,64,6779.32,3,3,17,14,,
panel/cpp_fin_Y,agent_sep23,713,1,134793,117075,17718,0,1,0,0,64,7093.6,3,3,17,14,,
panel/cpp_fin_Y,agent_sep23,714,0,156479,99206,57273,0,1,0,0,0,11475.6,3,3,16,8,,
panel/cpp_fin_Y,agent_sep23,714,1,156479,99206,57273,0,1,0,0,0,10852,3,3,16,8,,
panel/cpp_fin_Y,agent_sep23,715,0,172602,124900,47702,0,2,0,0,116,7042.37,3,3,16,12,,
panel/cpp_fin_Y,agent_sep23,715,1,172602,124900,47702,0,2,0,0,116,5584.84,3,3,16,12,,
panel/cpp_fin_Y,ahmed_v25,700,0,129531,84196,45335,0,2,0,12,6,4175.32,3,3,14,17,,
panel/cpp_fin_Y,ahmed_v25,700,1,129531,84196,45335,0,2,0,12,6,3726.3,3,3,14,17,,
panel/cpp_fin_Y,ahmed_v25,701,0,142668,110519,32149,0,4,0,0,6,2526.11,3,3,14,17,,
panel/cpp_fin_Y,ahmed_v25,701,1,142668,110519,32149,0,4,0,0,6,1998,3,3,14,17,,
panel/cpp_fin_Y,ahmed_v25,702,0,97767,74928,22839,0,4,0,9,6,2725.76,3,3,15,17,,
panel/cpp_fin_Y,ahmed_v25,702,1,97767,74928,22839,0,4,0,9,6,2653.12,3,3,15,17,,
panel/cpp_fin_Y,ahmed_v25,703,0,145105,87781,57324,0,2,0,0,6,1252.83,3,3,19,17,,
panel/cpp_fin_Y,ahmed_v25,703,1,145105,87781,57324,0,2,0,0,6,1346.4,3,3,19,17,,
panel/cpp_fin_Y,ahmed_v25,704,0,92304,73564,18740,0,2,0,0,6,1888.68,3,3,17,17,,
panel/cpp_fin_Y,ahmed_v25,704,1,92304,73564,18740,0,2,0,0,6,1961.5,3,3,17,17,,
panel/cpp_fin_Y,ahmed_v25,705,0,128297,107018,21279,0,3,0,0,6,1928.8,3,3,13,17,,
panel/cpp_fin_Y,ahmed_v25,705,1,128297,107018,21279,0,3,0,0,6,2005.06,3,3,13,17,,
panel/cpp_fin_Y,ahmed_v25,706,0,121135,77682,43453,0,5,0,7,0,2167.27,3,3,11,16,,
panel/cpp_fin_Y,ahmed_v25,706,1,121135,77682,43453,0,5,0,7,0,2174.81,3,3,11,16,,
panel/cpp_fin_Y,ahmed_v25,707,0,145518,124804,20714,0,3,0,0,6,1925.8,3,3,13,17,,
panel/cpp_fin_Y,ahmed_v25,707,1,145518,124804,20714,0,3,0,0,6,1913.65,3,3,13,17,,
panel/cpp_fin_Y,ahmed_v25,708,0,106433,77114,29319,0,2,0,16,6,2713.67,3,3,12,17,,
panel/cpp_fin_Y,ahmed_v25,708,1,106433,77114,29319,0,2,0,16,6,1710.56,3,3,12,17,,
panel/cpp_fin_Y,ahmed_v25,709,0,97327,77839,19488,0,3,0,0,6,2830.67,3,3,12,17,,
panel/cpp_fin_Y,ahmed_v25,709,1,97327,77839,19488,0,3,0,0,6,2837.85,3,3,12,17,,
panel/cpp_fin_Y,ahmed_v25,710,0,127450,77409,50041,0,3,0,24,6,1718.95,3,3,17,17,,
panel/cpp_fin_Y,ahmed_v25,710,1,127450,77409,50041,0,3,0,24,6,1720.39,3,3,17,17,,
panel/cpp_fin_Y,ahmed_v25,711,0,97526,74073,23453,0,2,0,17,6,3668.83,3,3,16,17,,
panel/cpp_fin_Y,ahmed_v25,711,1,97526,74073,23453,0,2,0,17,6,2099.5,3,3,16,17,,
panel/cpp_fin_Y,ahmed_v25,712,0,87568,75185,12383,0,3,0,0,6,2092.42,3,3,16,17,,
panel/cpp_fin_Y,ahmed_v25,712,1,87568,75185,12383,0,3,0,0,6,2141.38,3,3,16,17,,
panel/cpp_fin_Y,ahmed_v25,713,0,167516,135026,32490,0,4,0,0,6,3548.32,3,3,13,17,,
panel/cpp_fin_Y,ahmed_v25,713,1,167516,135026,32490,0,4,0,0,6,2944.21,3,3,13,17,,
panel/cpp_fin_Y,ahmed_v25,714,0,88537,64614,23923,0,2,0,0,6,2377.51,3,3,15,17,,
panel/cpp_fin_Y,ahmed_v25,714,1,88537,64614,23923,0,2,0,0,6,2303.27,3,3,15,17,,
panel/cpp_fin_Y,ahmed_v25,715,0,151085,108008,43077,0,4,0,0,6,2270.26,3,3,13,17,,
panel/cpp_fin_Y,ahmed_v25,715,1,151085,108008,43077,0,4,0,0,6,2104.84,3,3,13,17,,
panel/cpp_fin_Y,arlene_v4_m31,700,0,122675,84977,37698,0,3,0,0,0,3380.01,3,3,16,17,,
panel/cpp_fin_Y,arlene_v4_m31,700,1,119848,83565,36283,0,3,0,0,0,4727.24,3,3,16,17,,
panel/cpp_fin_Y,arlene_v4_m31,701,0,128106,98085,30021,0,4,0,0,0,3069.99,3,3,14,16,,
panel/cpp_fin_Y,arlene_v4_m31,701,1,127918,98155,29763,0,4,0,0,0,3018.55,3,3,14,16,,
panel/cpp_fin_Y,arlene_v4_m31,702,0,88984,61242,27742,0,4,0,31,0,4996.25,3,3,15,3,,
panel/cpp_fin_Y,arlene_v4_m31,702,1,88984,61242,27742,0,4,0,31,0,5012.42,3,3,15,3,,
panel/cpp_fin_Y,arlene_v4_m31,703,0,108514,72254,36260,0,2,0,9,0,3559.99,3,3,19,17,,
panel/cpp_fin_Y,arlene_v4_m31,703,1,108514,72254,36260,0,2,0,9,0,5210.22,3,3,19,17,,
panel/cpp_fin_Y,arlene_v4_m31,704,0,109535,79486,30049,0,3,0,0,0,4839.08,3,3,10,16,,
panel/cpp_fin_Y,arlene_v4_m31,704,1,109535,79486,30049,0,3,0,0,0,3571.03,3,3,10,16,,
panel/cpp_fin_Y,arlene_v4_m31,705,0,116854,91825,25029,0,3,0,0,0,2751.39,3,3,13,17,,
panel/cpp_fin_Y,arlene_v4_m31,705,1,116854,91825,25029,0,3,0,0,0,2479.96,3,3,13,17,,
panel/cpp_fin_Y,arlene_v4_m31,706,0,127918,70646,57272,0,5,0,0,0,2839.38,3,3,18,8,,
panel/cpp_fin_Y,arlene_v4_m31,706,1,127918,70646,57272,0,5,0,0,0,2589.67,3,3,18,8,,
panel/cpp_fin_Y,arlene_v4_m31,707,0,133972,115198,18774,0,3,0,0,0,5402.45,3,3,13,16,,
panel/cpp_fin_Y,arlene_v4_m31,707,1,133972,115198,18774,0,3,0,0,0,4143.56,3,3,13,16,,
panel/cpp_fin_Y,arlene_v4_m31,708,0,83906,57805,26101,0,2,0,0,0,3291.67,3,3,16,17,,
panel/cpp_fin_Y,arlene_v4_m31,708,1,83906,57805,26101,0,2,0,0,0,2029.19,3,3,16,17,,
panel/cpp_fin_Y,arlene_v4_m31,709,0,86741,65402,21339,0,3,0,0,0,2123.67,3,3,10,16,,
panel/cpp_fin_Y,arlene_v4_m31,709,1,86741,65402,21339,0,3,0,0,0,2272.34,3,3,10,16,,
panel/cpp_fin_Y,arlene_v4_m31,710,0,101105,70361,30744,0,3,0,8,0,6818.43,3,3,17,8,,
panel/cpp_fin_Y,arlene_v4_m31,710,1,101105,70361,30744,0,3,0,8,0,4435.33,3,3,17,8,,
panel/cpp_fin_Y,arlene_v4_m31,711,0,101865,83821,18044,0,2,0,2,0,2408.64,3,3,14,17,,
panel/cpp_fin_Y,arlene_v4_m31,711,1,101865,83821,18044,0,2,0,2,0,1650.95,3,3,14,17,,
panel/cpp_fin_Y,arlene_v4_m31,712,0,90436,64977,25459,0,3,0,0,0,4113.66,3,3,16,16,,
panel/cpp_fin_Y,arlene_v4_m31,712,1,90436,64977,25459,0,3,0,0,0,2380.11,3,3,16,16,,
panel/cpp_fin_Y,arlene_v4_m31,713,0,166693,130829,35864,0,3,0,0,0,5123.87,3,3,14,16,,
panel/cpp_fin_Y,arlene_v4_m31,713,1,166693,130829,35864,0,3,0,0,0,5107.99,3,3,14,16,,
panel/cpp_fin_Y,arlene_v4_m31,714,0,92221,72140,20081,0,2,0,0,0,1603.16,3,3,14,3,,
panel/cpp_fin_Y,arlene_v4_m31,714,1,92221,72140,20081,0,2,0,0,0,1503.4,3,3,14,3,,
panel/cpp_fin_Y,arlene_v4_m31,715,0,134694,98632,36062,0,4,0,0,0,1502.34,3,3,13,16,,
panel/cpp_fin_Y,arlene_v4_m31,715,1,134694,98632,36062,0,4,0,0,0,1581.41,3,3,13,16,,
panel/cpp_fin_Y,investment_context_guarded_001_best,700,0,145191,87933,57258,0,1,0,26,6,4483.99,3,3,10,17,,
panel/cpp_fin_Y,investment_context_guarded_001_best,700,1,145191,87933,57258,0,1,0,26,6,7355.97,3,3,10,17,,
panel/cpp_fin_Y,investment_context_guarded_001_best,701,0,162360,132117,30243,0,3,0,0,4,4179.13,3,3,19,17,,
panel/cpp_fin_Y,investment_context_guarded_001_best,701,1,162360,132117,30243,0,3,0,0,4,4426.69,3,3,19,17,,
panel/cpp_fin_Y,investment_context_guarded_001_best,702,0,93465,60222,33243,0,2,0,6,4,2293.86,3,3,15,17,,
panel/cpp_fin_Y,investment_context_guarded_001_best,702,1,93465,60222,33243,0,2,0,6,4,2157.43,3,3,15,17,,
panel/cpp_fin_Y,investment_context_guarded_001_best,703,0,123467,102780,20687,0,3,0,0,4,3021.33,3,3,15,17,,
panel/cpp_fin_Y,investment_context_guarded_001_best,703,1,123467,102780,20687,0,3,0,0,4,2514.38,3,3,15,17,,
panel/cpp_fin_Y,investment_context_guarded_001_best,704,0,95315,72722,22593,0,1,0,0,5,3735.87,3,3,16,17,,
panel/cpp_fin_Y,investment_context_guarded_001_best,704,1,95315,72722,22593,0,1,0,0,5,3714.64,3,3,16,17,,
panel/cpp_fin_Y,investment_context_guarded_001_best,705,0,104672,82909,21763,0,2,0,8,5,1904.36,3,3,11,17,,
panel/cpp_fin_Y,investment_context_guarded_001_best,705,1,104672,82909,21763,0,2,0,8,5,1890.97,3,3,11,17,,
panel/cpp_fin_Y,investment_context_guarded_001_best,706,0,116163,72923,43240,0,2,0,0,4,2652.73,3,3,12,17,,
panel/cpp_fin_Y,investment_context_guarded_001_best,706,1,116163,72923,43240,0,2,0,0,4,2849.07,3,3,12,17,,
panel/cpp_fin_Y,investment_context_guarded_001_best,707,0,128112,111566,16546,0,2,0,0,5,3166.64,3,3,14,17,,
panel/cpp_fin_Y,investment_context_guarded_001_best,707,1,128112,111566,16546,0,2,0,0,5,2250.38,3,3,14,17,,
panel/cpp_fin_Y,investment_context_guarded_001_best,708,0,86525,70476,16049,0,1,0,0,5,1951.43,3,3,13,17,,
panel/cpp_fin_Y,investment_context_guarded_001_best,708,1,86525,70476,16049,0,1,0,0,5,1652.33,3,3,13,17,,
panel/cpp_fin_Y,investment_context_guarded_001_best,709,0,111386,87443,23943,0,2,0,0,5,2572.84,3,3,9,17,,
panel/cpp_fin_Y,investment_context_guarded_001_best,709,1,111386,87443,23943,0,2,0,0,5,2364.54,3,3,9,17,,
panel/cpp_fin_Y,investment_context_guarded_001_best,710,0,124954,114554,10400,0,2,0,0,6,4641.05,3,3,16,17,,
panel/cpp_fin_Y,investment_context_guarded_001_best,710,1,124954,114554,10400,0,2,0,0,6,7025.95,3,3,16,17,,
panel/cpp_fin_Y,investment_context_guarded_001_best,711,0,100413,75713,24700,0,2,0,0,5,2098.97,3,3,13,17,,
panel/cpp_fin_Y,investment_context_guarded_001_best,711,1,100413,75713,24700,0,2,0,0,5,1876.49,3,3,13,17,,
panel/cpp_fin_Y,investment_context_guarded_001_best,712,0,86046,66958,19088,0,2,0,0,5,3023.65,3,3,16,17,,
panel/cpp_fin_Y,investment_context_guarded_001_best,712,1,86046,66958,19088,0,2,0,0,5,2805.53,3,3,16,17,,
panel/cpp_fin_Y,investment_context_guarded_001_best,713,0,146161,119325,26836,0,1,0,0,8,2455.12,3,3,13,17,,
panel/cpp_fin_Y,investment_context_guarded_001_best,713,1,146161,119325,26836,0,1,0,0,8,2250.28,3,3,13,17,,
panel/cpp_fin_Y,investment_context_guarded_001_best,714,0,126269,102269,24000,0,2,0,0,5,3275.05,3,3,15,17,,
panel/cpp_fin_Y,investment_context_guarded_001_best,714,1,126269,102269,24000,0,2,0,0,5,2735.87,3,3,15,17,,
panel/cpp_fin_Y,investment_context_guarded_001_best,715,0,145317,119818,25499,0,1,0,0,5,4473.84,3,3,18,17,,
panel/cpp_fin_Y,investment_context_guarded_001_best,715,1,145317,119818,25499,0,1,0,0,5,3802.52,3,3,18,17,,
panel/cpp_fin_Y,king_rc4,700,0,117158,84063,33095,0,1,0,23,0,6720.44,3,3,14,17,,
panel/cpp_fin_Y,king_rc4,700,1,117158,84063,33095,0,1,0,23,0,6842.97,3,3,14,17,,
panel/cpp_fin_Y,king_rc4,701,0,107502,101577,5925,0,3,0,1,0,8734.48,3,3,15,17,,
panel/cpp_fin_Y,king_rc4,701,1,107639,101711,5928,0,3,0,0,0,7947.69,3,3,15,17,,
panel/cpp_fin_Y,king_rc4,702,0,120229,72165,48064,0,2,0,1,9,4156.57,3,3,15,8,,
panel/cpp_fin_Y,king_rc4,702,1,120229,72165,48064,0,2,0,1,9,3403.7,3,3,15,8,,
panel/cpp_fin_Y,king_rc4,703,0,117238,87447,29791,0,3,0,0,0,6944.48,3,3,17,17,,
panel/cpp_fin_Y,king_rc4,703,1,117238,87447,29791,0,3,0,0,0,8626.9,3,3,17,17,,
panel/cpp_fin_Y,king_rc4,704,0,101358,81174,20184,0,1,0,0,28,8232.73,3,3,17,16,,
panel/cpp_fin_Y,king_rc4,704,1,101358,81174,20184,0,1,0,0,28,10678,3,3,17,16,,
panel/cpp_fin_Y,king_rc4,705,0,101643,82252,19391,0,3,0,0,34,7633.06,3,3,13,16,,
panel/cpp_fin_Y,king_rc4,705,1,101643,82252,19391,0,3,0,0,34,6634.39,3,3,13,16,,
panel/cpp_fin_Y,king_rc4,706,0,110927,63860,47067,0,2,0,27,0,2535.28,3,3,8,17,,
panel/cpp_fin_Y,king_rc4,706,1,110927,63860,47067,0,2,0,27,0,2998.18,3,3,8,17,,
panel/cpp_fin_Y,king_rc4,707,0,147062,123977,23085,0,2,0,0,5,6777.38,3,3,13,17,,
panel/cpp_fin_Y,king_rc4,707,1,147062,123977,23085,0,2,0,0,5,6703.71,3,3,13,17,,
panel/cpp_fin_Y,king_rc4,708,0,82656,57699,24957,0,1,0,1,0,5230.78,3,3,15,17,,
panel/cpp_fin_Y,king_rc4,708,1,82656,57699,24957,0,1,0,1,0,6006.08,3,3,15,17,,
panel/cpp_fin_Y,king_rc4,709,0,83084,58022,25062,0,1,0,0,30,5621.62,3,3,16,16,,
panel/cpp_fin_Y,king_rc4,709,1,83084,58022,25062,0,1,0,0,30,6596.02,3,3,16,16,,
panel/cpp_fin_Y,king_rc4,710,0,128841,94773,34068,0,2,0,0,9,6577.1,3,3,15,16,,
panel/cpp_fin_Y,king_rc4,710,1,128841,94773,34068,0,2,0,0,9,5725.7,3,3,15,16,,
panel/cpp_fin_Y,king_rc4,711,0,112175,91837,20338,0,2,0,0,6,4836.15,3,3,15,16,,
panel/cpp_fin_Y,king_rc4,711,1,112175,91837,20338,0,2,0,0,6,8200.64,3,3,15,16,,
panel/cpp_fin_Y,king_rc4,712,0,99551,76462,23089,0,1,0,0,30,5818.05,3,3,16,16,,
panel/cpp_fin_Y,king_rc4,712,1,99551,76462,23089,0,1,0,0,30,5637.7,3,3,16,16,,
panel/cpp_fin_Y,king_rc4,713,0,154171,115677,38494,0,1,0,0,34,5149.68,3,3,13,16,,
panel/cpp_fin_Y,king_rc4,713,1,154171,115677,38494,0,1,0,0,34,4709.7,3,3,13,16,,
panel/cpp_fin_Y,king_rc4,714,0,108045,82773,25272,0,2,0,0,25,5013.91,3,3,19,8,,
panel/cpp_fin_Y,king_rc4,714,1,108045,82773,25272,0,2,0,0,25,6584.39,3,3,19,8,,
panel/cpp_fin_Y,king_rc4,715,0,150275,107995,42280,0,1,0,0,30,4505.39,3,3,16,16,,
panel/cpp_fin_Y,king_rc4,715,1,150275,107995,42280,0,1,0,0,30,3941.98,3,3,16,16,,
panel/cpp_fin_Y,teammate_shoprouter,700,0,89043,64199,24844,0,3,0,0,0,3212.53,3,3,12,17,,
panel/cpp_fin_Y,teammate_shoprouter,700,1,120815,83837,36978,0,3,0,0,0,5314.59,3,3,16,17,,
panel/cpp_fin_Y,teammate_shoprouter,701,0,147240,107089,40151,0,4,0,0,13,6574.12,3,3,14,16,,
panel/cpp_fin_Y,teammate_shoprouter,701,1,147221,107085,40136,0,4,0,0,13,7106.3,3,3,14,16,,
panel/cpp_fin_Y,teammate_shoprouter,702,0,84322,51806,32516,0,4,0,1,12,4428.68,3,3,14,16,,
panel/cpp_fin_Y,teammate_shoprouter,702,1,84322,51806,32516,0,4,0,1,12,4705.15,3,3,14,16,,
panel/cpp_fin_Y,teammate_shoprouter,703,0,142091,82221,59870,0,2,0,0,20,2694.42,3,3,19,16,,
panel/cpp_fin_Y,teammate_shoprouter,703,1,142091,82221,59870,0,2,0,0,20,2669.84,3,3,19,16,,
panel/cpp_fin_Y,teammate_shoprouter,704,0,112822,76915,35907,0,3,0,0,48,9189.79,3,3,16,15,,
panel/cpp_fin_Y,teammate_shoprouter,704,1,112822,76915,35907,0,3,0,0,48,9340.65,3,3,16,15,,
panel/cpp_fin_Y,teammate_shoprouter,705,0,118708,93365,25343,0,3,0,0,16,6343.38,3,3,13,16,,
panel/cpp_fin_Y,teammate_shoprouter,705,1,118708,93365,25343,0,3,0,0,16,6116.12,3,3,13,16,,
panel/cpp_fin_Y,teammate_shoprouter,706,0,125717,68853,56864,0,5,0,0,0,4429.15,3,3,19,17,,
panel/cpp_fin_Y,teammate_shoprouter,706,1,125717,68853,56864,0,5,0,0,0,4428.75,3,3,19,17,,
panel/cpp_fin_Y,teammate_shoprouter,707,0,130029,107798,22231,0,3,0,0,35,5562.21,3,3,13,15,,
panel/cpp_fin_Y,teammate_shoprouter,707,1,130029,107798,22231,0,3,0,0,35,6122.9,3,3,13,15,,
panel/cpp_fin_Y,teammate_shoprouter,708,0,97084,65299,31785,0,2,0,20,2,4178.23,3,3,18,16,,
panel/cpp_fin_Y,teammate_shoprouter,708,1,97084,65299,31785,0,2,0,20,2,4304.95,3,3,18,16,,
panel/cpp_fin_Y,teammate_shoprouter,709,0,96314,73570,22744,0,3,0,0,35,5609.22,3,3,12,15,,
panel/cpp_fin_Y,teammate_shoprouter,709,1,96314,73570,22744,0,3,0,0,35,5787.1,3,3,12,15,,
panel/cpp_fin_Y,teammate_shoprouter,710,0,94887,63051,31836,0,3,0,1,0,5691.36,3,3,17,17,,
panel/cpp_fin_Y,teammate_shoprouter,710,1,94887,63051,31836,0,3,0,1,0,6832.87,3,3,17,17,,
panel/cpp_fin_Y,teammate_shoprouter,711,0,118624,97765,20859,0,2,0,0,0,5015.38,3,3,14,16,,
panel/cpp_fin_Y,teammate_shoprouter,711,1,118624,97765,20859,0,2,0,0,0,7323.17,3,3,14,16,,
panel/cpp_fin_Y,teammate_shoprouter,712,0,92068,66648,25420,0,3,0,3,35,1854.3,3,3,15,15,,
panel/cpp_fin_Y,teammate_shoprouter,712,1,92034,66649,25385,0,3,0,3,35,2187.66,3,3,15,15,,
panel/cpp_fin_Y,teammate_shoprouter,713,0,167810,121606,46204,0,3,0,0,11,5734.13,3,3,14,16,,
panel/cpp_fin_Y,teammate_shoprouter,713,1,167810,121606,46204,0,3,0,0,11,5787.49,3,3,14,16,,
panel/cpp_fin_Y,teammate_shoprouter,714,0,87245,53499,33746,0,2,0,0,35,1224.97,3,3,14,15,,
panel/cpp_fin_Y,teammate_shoprouter,714,1,87245,53499,33746,0,2,0,0,35,1916.01,3,3,14,15,,
panel/cpp_fin_Y,teammate_shoprouter,715,0,111684,90095,21589,0,4,0,0,13,1851.66,3,3,13,16,,
panel/cpp_fin_Y,teammate_shoprouter,715,1,111684,90095,21589,0,4,0,0,13,2565.81,3,3,13,16,,
panel/cpp_fin_Y,two_random_shop_league_v179,700,0,129334,75189,54145,0,2,0,0,0,3806.22,3,4,12,23,,
panel/cpp_fin_Y,two_random_shop_league_v179,700,1,130394,77734,52660,0,2,0,6,0,4724.11,3,4,12,23,,
panel/cpp_fin_Y,two_random_shop_league_v179,701,0,154737,80566,74171,0,1,0,1,0,4959.7,3,4,12,23,,
panel/cpp_fin_Y,two_random_shop_league_v179,701,1,154220,79469,74751,0,1,0,0,0,4519.11,3,4,12,23,,
panel/cpp_fin_Y,two_random_shop_league_v179,702,0,168769,92598,76171,0,2,0,0,0,4252.41,3,4,14,23,,
panel/cpp_fin_Y,two_random_shop_league_v179,702,1,168769,92598,76171,0,2,0,0,0,4137.05,3,4,14,23,,
panel/cpp_fin_Y,two_random_shop_league_v179,703,0,155909,81105,74804,0,2,0,0,0,3415.87,3,3,15,22,,
panel/cpp_fin_Y,two_random_shop_league_v179,703,1,155909,81092,74817,0,2,0,0,0,4412.55,3,3,15,22,,
panel/cpp_fin_Y,two_random_shop_league_v179,704,0,147821,77833,69988,0,2,0,0,0,3577.89,3,3,12,23,,
panel/cpp_fin_Y,two_random_shop_league_v179,704,1,148180,77752,70428,0,2,0,0,0,3586.27,3,3,12,23,,
panel/cpp_fin_Y,two_random_shop_league_v179,705,0,121489,54105,67384,0,3,0,0,0,3268.17,3,4,14,23,,
panel/cpp_fin_Y,two_random_shop_league_v179,705,1,125503,65009,60494,0,3,0,0,0,3464.71,3,4,14,23,,
panel/cpp_fin_Y,two_random_shop_league_v179,706,0,210333,97398,112935,0,2,0,2,0,4134.03,3,4,22,23,,
panel/cpp_fin_Y,two_random_shop_league_v179,706,1,200135,90135,110000,0,1,0,0,0,3817.98,3,4,18,23,,
panel/cpp_fin_Y,two_random_shop_league_v179,707,0,226342,121287,105055,0,2,0,0,0,4926.85,3,4,18,23,,
panel/cpp_fin_Y,two_random_shop_league_v179,707,1,226342,121287,105055,0,2,0,0,0,4364.3,3,4,18,23,,
panel/cpp_fin_Y,two_random_shop_league_v179,708,0,201030,69901,131129,0,4,0,0,0,1639.72,3,3,16,18,,
panel/cpp_fin_Y,two_random_shop_league_v179,708,1,201030,69901,131129,0,4,0,0,0,1332.17,3,3,16,18,,
panel/cpp_fin_Y,two_random_shop_league_v179,709,0,110465,61049,49416,0,3,0,8,0,3501.5,3,3,15,22,,
panel/cpp_fin_Y,two_random_shop_league_v179,709,1,111271,61062,50209,0,3,0,0,0,4509.79,3,3,15,22,,
panel/cpp_fin_Y,two_random_shop_league_v179,710,0,213280,127221,86059,0,2,0,0,0,3702.85,3,4,20,23,,
panel/cpp_fin_Y,two_random_shop_league_v179,710,1,213280,127221,86059,0,2,0,0,0,3791.5,3,4,20,23,,
panel/cpp_fin_Y,two_random_shop_league_v179,711,0,132971,76518,56453,0,2,0,0,0,3057.33,3,4,15,23,,
panel/cpp_fin_Y,two_random_shop_league_v179,711,1,132971,76518,56453,0,2,0,0,0,4844.83,3,4,15,23,,
panel/cpp_fin_Y,two_random_shop_league_v179,712,0,154892,96083,58809,0,2,0,0,0,4978.71,3,4,16,23,,
panel/cpp_fin_Y,two_random_shop_league_v179,712,1,153742,96106,57636,0,1,0,0,0,7071.83,3,4,16,23,,
panel/cpp_fin_Y,two_random_shop_league_v179,713,0,158990,86405,72585,0,2,0,0,0,3597.91,3,4,15,23,,
panel/cpp_fin_Y,two_random_shop_league_v179,713,1,158990,86405,72585,0,2,0,0,0,4714.69,3,4,15,23,,
panel/cpp_fin_Y,two_random_shop_league_v179,714,0,142476,68650,73826,0,2,0,0,0,4171.17,3,3,17,20,,
panel/cpp_fin_Y,two_random_shop_league_v179,714,1,142476,68650,73826,0,2,0,0,0,4399.3,3,3,17,20,,
panel/cpp_fin_Y,two_random_shop_league_v179,715,0,152071,79151,72920,0,2,0,21,0,4194.75,3,4,21,23,,
panel/cpp_fin_Y,two_random_shop_league_v179,715,1,152071,79151,72920,0,2,0,21,0,6669.72,3,4,21,23,,
panel/cpp_fin_Y_rs,agent_sep23,700,0,127318,93102,34216,0,1,0,0,29,7101.69,3,3,19,16,3,3
panel/cpp_fin_Y_rs,agent_sep23,700,1,133089,108335,24754,0,1,0,6,106,8122.3,3,3,19,16,5,5
panel/cpp_fin_Y_rs,agent_sep23,701,0,132409,80623,51786,0,3,0,0,52,7232.67,3,3,13,5,7,11
panel/cpp_fin_Y_rs,agent_sep23,701,1,132409,80623,51786,0,3,0,0,52,7420.1,3,3,13,5,7,11
panel/cpp_fin_Y_rs,agent_sep23,702,0,138696,111567,27129,0,2,0,0,53,2619.91,3,3,14,18,7,0
panel/cpp_fin_Y_rs,agent_sep23,702,1,138696,111567,27129,0,2,0,0,53,3402.44,3,3,14,18,7,0
panel/cpp_fin_Y_rs,agent_sep23,703,0,128303,82091,46212,0,0,0,0,39,5091.65,3,3,19,11,3,3
panel/cpp_fin_Y_rs,agent_sep23,703,1,128303,82091,46212,0,0,0,0,39,3587.37,3,3,19,11,3,3
panel/cpp_fin_Y_rs,agent_sep23,704,0,123818,98031,25787,0,1,0,1,10,7163.78,3,3,16,10,3,4
panel/cpp_fin_Y_rs,agent_sep23,704,1,119857,104496,15361,0,1,0,5,56,4930.15,3,3,16,11,3,3
panel/cpp_fin_Y_rs,agent_sep23,705,0,124027,86820,37207,0,1,0,0,75,4017.22,3,3,14,13,3,3
panel/cpp_fin_Y_rs,agent_sep23,705,1,124027,86820,37207,0,1,0,0,75,5967.76,3,3,14,13,3,3
panel/cpp_fin_Y_rs,agent_sep23,706,0,152263,108573,43690,0,2,0,0,46,3233.36,3,3,20,16,3,3
panel/cpp_fin_Y_rs,agent_sep23,706,1,152263,108573,43690,0,2,0,0,46,4203.17,3,3,20,16,3,3
panel/cpp_fin_Y_rs,agent_sep23,707,0,114049,82253,31796,0,2,0,0,18,4899.49,3,3,16,12,3,3
panel/cpp_fin_Y_rs,agent_sep23,707,1,114049,82253,31796,0,2,0,0,18,6094.61,3,3,16,12,3,3
panel/cpp_fin_Y_rs,agent_sep23,708,0,100035,75980,24055,0,0,0,15,13,2944.75,3,3,17,12,5,3
panel/cpp_fin_Y_rs,agent_sep23,708,1,100035,75980,24055,0,0,0,15,13,3757.39,3,3,17,12,5,3
panel/cpp_fin_Y_rs,agent_sep23,709,0,136289,100304,35985,0,2,0,2,152,4417.17,3,3,16,13,12,6
panel/cpp_fin_Y_rs,agent_sep23,709,1,136072,100042,36030,0,2,0,2,160,4376.86,3,3,16,13,12,6
panel/cpp_fin_Y_rs,agent_sep23,710,0,149860,93383,56477,0,1,0,33,63,3875.76,3,3,15,9,11,6
panel/cpp_fin_Y_rs,agent_sep23,710,1,149860,93383,56477,0,1,0,33,63,2764.66,3,3,15,9,11,6
panel/cpp_fin_Y_rs,agent_sep23,711,0,105741,85523,20218,0,1,0,12,66,4762.9,3,3,16,10,3,3
panel/cpp_fin_Y_rs,agent_sep23,711,1,105741,85523,20218,0,1,0,12,66,4646.3,3,3,16,10,3,3
panel/cpp_fin_Y_rs,agent_sep23,712,0,148828,109694,39134,0,1,0,0,14,4970.29,3,3,15,12,3,3
panel/cpp_fin_Y_rs,agent_sep23,712,1,134787,104532,30255,0,1,0,0,36,3996.96,3,3,15,10,3,3
panel/cpp_fin_Y_rs,agent_sep23,713,0,134793,117075,17718,0,1,0,0,64,3242.15,3,3,17,14,3,3
panel/cpp_fin_Y_rs,agent_sep23,713,1,134793,117075,17718,0,1,0,0,64,2626.07,3,3,17,14,3,3
panel/cpp_fin_Y_rs,agent_sep23,714,0,156479,99206,57273,0,1,0,0,0,4445.69,3,3,16,8,13,6
panel/cpp_fin_Y_rs,agent_sep23,714,1,156479,99206,57273,0,1,0,0,0,4237.45,3,3,16,8,13,6
panel/cpp_fin_Y_rs,agent_sep23,715,0,168165,141146,27019,0,1,0,0,54,4314.96,3,3,15,12,3,3
panel/cpp_fin_Y_rs,agent_sep23,715,1,168165,141146,27019,0,1,0,0,54,5251.96,3,3,15,12,3,3
panel/cpp_fin_Y_rs,ahmed_v25,700,0,129531,84196,45335,0,2,0,12,6,5361.31,3,3,14,17,1,0
panel/cpp_fin_Y_rs,ahmed_v25,700,1,129531,84196,45335,0,2,0,12,6,5364.23,3,3,14,17,1,0
panel/cpp_fin_Y_rs,ahmed_v25,701,0,142668,110519,32149,0,4,0,0,6,2907.61,3,3,14,17,0,0
panel/cpp_fin_Y_rs,ahmed_v25,701,1,142668,110519,32149,0,4,0,0,6,3038.87,3,3,14,17,0,0
panel/cpp_fin_Y_rs,ahmed_v25,702,0,97767,74928,22839,0,4,0,9,6,3121.97,3,3,15,17,0,0
panel/cpp_fin_Y_rs,ahmed_v25,702,1,97767,74928,22839,0,4,0,9,6,3983.16,3,3,15,17,0,0
panel/cpp_fin_Y_rs,ahmed_v25,703,0,145105,87781,57324,0,2,0,0,6,1609.17,3,3,19,17,0,0
panel/cpp_fin_Y_rs,ahmed_v25,703,1,145105,87781,57324,0,2,0,0,6,2355.34,3,3,19,17,0,0
panel/cpp_fin_Y_rs,ahmed_v25,704,0,92304,73564,18740,0,2,0,0,6,3304,3,3,17,17,0,0
panel/cpp_fin_Y_rs,ahmed_v25,704,1,92304,73564,18740,0,2,0,0,6,1982.02,3,3,17,17,0,0
panel/cpp_fin_Y_rs,ahmed_v25,705,0,128297,107018,21279,0,3,0,0,6,3592.88,3,3,13,17,0,0
panel/cpp_fin_Y_rs,ahmed_v25,705,1,128297,107018,21279,0,3,0,0,6,3340.96,3,3,13,17,0,0
panel/cpp_fin_Y_rs,ahmed_v25,706,0,121135,77682,43453,0,5,0,7,0,2544.32,3,3,11,16,0,0
panel/cpp_fin_Y_rs,ahmed_v25,706,1,121135,77682,43453,0,5,0,7,0,3929.21,3,3,11,16,0,0
panel/cpp_fin_Y_rs,ahmed_v25,707,0,145518,124804,20714,0,3,0,0,6,2136.03,3,3,13,17,0,0
panel/cpp_fin_Y_rs,ahmed_v25,707,1,145518,124804,20714,0,3,0,0,6,3327.27,3,3,13,17,0,0
panel/cpp_fin_Y_rs,ahmed_v25,708,0,106433,77114,29319,0,2,0,16,6,1836.31,3,3,12,17,0,0
panel/cpp_fin_Y_rs,ahmed_v25,708,1,106433,77114,29319,0,2,0,16,6,2805.83,3,3,12,17,0,0
panel/cpp_fin_Y_rs,ahmed_v25,709,0,97327,77839,19488,0,3,0,0,6,3096.88,3,3,12,17,0,0
panel/cpp_fin_Y_rs,ahmed_v25,709,1,97327,77839,19488,0,3,0,0,6,2985.81,3,3,12,17,0,0
panel/cpp_fin_Y_rs,ahmed_v25,710,0,127450,77409,50041,0,3,0,24,6,2463.32,3,3,17,17,0,0
panel/cpp_fin_Y_rs,ahmed_v25,710,1,127450,77409,50041,0,3,0,24,6,1706.18,3,3,17,17,0,0
panel/cpp_fin_Y_rs,ahmed_v25,711,0,97526,74073,23453,0,2,0,17,6,2111.54,3,3,16,17,0,0
panel/cpp_fin_Y_rs,ahmed_v25,711,1,97526,74073,23453,0,2,0,17,6,2688.29,3,3,16,17,0,0
panel/cpp_fin_Y_rs,ahmed_v25,712,0,87568,75185,12383,0,3,0,0,6,1977.39,3,3,16,17,0,0
panel/cpp_fin_Y_rs,ahmed_v25,712,1,87568,75185,12383,0,3,0,0,6,3371.94,3,3,16,17,0,0
panel/cpp_fin_Y_rs,ahmed_v25,713,0,167913,134652,33261,0,3,0,0,6,5113.65,3,3,14,17,0,0
panel/cpp_fin_Y_rs,ahmed_v25,713,1,167913,134652,33261,0,3,0,0,6,3181.43,3,3,14,17,0,0
panel/cpp_fin_Y_rs,ahmed_v25,714,0,88537,64614,23923,0,2,0,0,6,3475.38,3,3,15,17,0,0
panel/cpp_fin_Y_rs,ahmed_v25,714,1,88537,64614,23923,0,2,0,0,6,2084.79,3,3,15,17,0,0
panel/cpp_fin_Y_rs,ahmed_v25,715,0,151085,108008,43077,0,4,0,0,6,2328.54,3,3,13,17,0,0
panel/cpp_fin_Y_rs,ahmed_v25,715,1,151085,108008,43077,0,4,0,0,6,2569.15,3,3,13,17,0,0
panel/cpp_fin_Y_rs,arlene_v4_m31,700,0,122675,84977,37698,0,3,0,0,0,4832.31,3,3,16,17,0,0
panel/cpp_fin_Y_rs,arlene_v4_m31,700,1,119848,83565,36283,0,3,0,0,0,5076.59,3,3,16,17,0,0
panel/cpp_fin_Y_rs,arlene_v4_m31,701,0,128106,98085,30021,0,4,0,0,0,1881.42,3,3,14,16,0,0
panel/cpp_fin_Y_rs,arlene_v4_m31,701,1,127918,98155,29763,0,4,0,0,0,3035.16,3,3,14,16,0,0
panel/cpp_fin_Y_rs,arlene_v4_m31,702,0,88984,61242,27742,0,4,0,31,0,3420.44,3,3,15,3,1,0
panel/cpp_fin_Y_rs,arlene_v4_m31,702,1,88984,61242,27742,0,4,0,31,0,5002.12,3,3,15,3,1,0
panel/cpp_fin_Y_rs,arlene_v4_m31,703,0,108514,72254,36260,0,2,0,9,0,3409.93,3,3,19,17,0,0
panel/cpp_fin_Y_rs,arlene_v4_m31,703,1,108514,72254,36260,0,2,0,9,0,5103.5,3,3,19,17,0,0
panel/cpp_fin_Y_rs,arlene_v4_m31,704,0,109535,79486,30049,0,3,0,0,0,3003.07,3,3,10,16,0,0
panel/cpp_fin_Y_rs,arlene_v4_m31,704,1,109535,79486,30049,0,3,0,0,0,3073.47,3,3,10,16,0,0
panel/cpp_fin_Y_rs,arlene_v4_m31,705,0,116854,91825,25029,0,3,0,0,0,1683.92,3,3,13,17,0,0
panel/cpp_fin_Y_rs,arlene_v4_m31,705,1,116854,91825,25029,0,3,0,0,0,1608.13,3,3,13,17,0,0
panel/cpp_fin_Y_rs,arlene_v4_m31,706,0,127918,70646,57272,0,5,0,0,0,2389.6,3,3,18,8,0,0
panel/cpp_fin_Y_rs,arlene_v4_m31,706,1,127918,70646,57272,0,5,0,0,0,2591.16,3,3,18,8,0,0
panel/cpp_fin_Y_rs,arlene_v4_m31,707,0,133972,115198,18774,0,3,0,0,0,4121.69,3,3,13,16,0,1
panel/cpp_fin_Y_rs,arlene_v4_m31,707,1,133972,115198,18774,0,3,0,0,0,6547.28,3,3,13,16,0,1
panel/cpp_fin_Y_rs,arlene_v4_m31,708,0,83906,57805,26101,0,2,0,0,0,1995.76,3,3,16,17,0,0
panel/cpp_fin_Y_rs,arlene_v4_m31,708,1,83906,57805,26101,0,2,0,0,0,3086.65,3,3,16,17,0,0
panel/cpp_fin_Y_rs,arlene_v4_m31,709,0,86741,65402,21339,0,3,0,0,0,2476.86,3,3,10,16,0,1
panel/cpp_fin_Y_rs,arlene_v4_m31,709,1,86741,65402,21339,0,3,0,0,0,2155.88,3,3,10,16,0,1
panel/cpp_fin_Y_rs,arlene_v4_m31,710,0,101105,70361,30744,0,3,0,8,0,4393.68,3,3,17,8,0,0
panel/cpp_fin_Y_rs,arlene_v4_m31,710,1,101105,70361,30744,0,3,0,8,0,4415.75,3,3,17,8,0,0
panel/cpp_fin_Y_rs,arlene_v4_m31,711,0,101865,83821,18044,0,2,0,2,0,1828.8,3,3,14,17,0,0
panel/cpp_fin_Y_rs,arlene_v4_m31,711,1,101865,83821,18044,0,2,0,2,0,2732.64,3,3,14,17,0,0
panel/cpp_fin_Y_rs,arlene_v4_m31,712,0,90436,64977,25459,0,3,0,0,0,2405.83,3,3,16,16,0,1
panel/cpp_fin_Y_rs,arlene_v4_m31,712,1,90436,64977,25459,0,3,0,0,0,2442.55,3,3,16,16,0,1
panel/cpp_fin_Y_rs,arlene_v4_m31,713,0,150915,121104,29811,0,3,0,0,0,4572.47,3,3,13,16,0,0
panel/cpp_fin_Y_rs,arlene_v4_m31,713,1,150915,121104,29811,0,3,0,0,0,4490.84,3,3,13,16,0,0
panel/cpp_fin_Y_rs,arlene_v4_m31,714,0,92221,72140,20081,0,2,0,0,0,1460.93,3,3,14,3,0,1
panel/cpp_fin_Y_rs,arlene_v4_m31,714,1,92221,72140,20081,0,2,0,0,0,1450.52,3,3,14,3,0,1
panel/cpp_fin_Y_rs,arlene_v4_m31,715,0,134694,98632,36062,0,4,0,0,0,1466.56,3,3,13,16,0,0
panel/cpp_fin_Y_rs,arlene_v4_m31,715,1,134694,98632,36062,0,4,0,0,0,2129.9,3,3,13,16,0,0
panel/cpp_fin_Y_rs,investment_context_guarded_001_best,700,0,142909,93213,49696,0,1,0,0,6,3984.59,3,3,10,17,1,0
panel/cpp_fin_Y_rs,investment_context_guarded_001_best,700,1,142909,93213,49696,0,1,0,0,6,4298.82,3,3,10,17,1,0
panel/cpp_fin_Y_rs,investment_context_guarded_001_best,701,0,162360,132117,30243,0,3,0,0,4,4151.48,3,3,19,17,0,0
panel/cpp_fin_Y_rs,investment_context_guarded_001_best,701,1,162360,132117,30243,0,3,0,0,4,4161.76,3,3,19,17,0,0
panel/cpp_fin_Y_rs,investment_context_guarded_001_best,702,0,93465,60222,33243,0,2,0,6,4,2404.33,3,3,15,17,0,0
panel/cpp_fin_Y_rs,investment_context_guarded_001_best,702,1,93465,60222,33243,0,2,0,6,4,2423.94,3,3,15,17,0,0
panel/cpp_fin_Y_rs,investment_context_guarded_001_best,703,0,123467,102780,20687,0,3,0,0,4,2762.33,3,3,15,17,0,0
panel/cpp_fin_Y_rs,investment_context_guarded_001_best,703,1,123467,102780,20687,0,3,0,0,4,2718.21,3,3,15,17,0,0
panel/cpp_fin_Y_rs,investment_context_guarded_001_best,704,0,95315,72722,22593,0,1,0,0,5,3681.26,3,3,16,17,0,0
panel/cpp_fin_Y_rs,investment_context_guarded_001_best,704,1,95315,72722,22593,0,1,0,0,5,3769.34,3,3,16,17,0,0
panel/cpp_fin_Y_rs,investment_context_guarded_001_best,705,0,104672,82909,21763,0,2,0,8,5,3048.39,3,3,11,17,0,0
panel/cpp_fin_Y_rs,investment_context_guarded_001_best,705,1,104672,82909,21763,0,2,0,8,5,2114.21,3,3,11,17,0,0
panel/cpp_fin_Y_rs,investment_context_guarded_001_best,706,0,116163,72923,43240,0,2,0,0,4,2644.2,3,3,12,17,0,0
panel/cpp_fin_Y_rs,investment_context_guarded_001_best,706,1,116163,72923,43240,0,2,0,0,4,2870.1,3,3,12,17,0,0
panel/cpp_fin_Y_rs,investment_context_guarded_001_best,707,0,145916,118915,27001,0,2,0,0,5,2739.35,3,3,11,17,0,0
panel/cpp_fin_Y_rs,investment_context_guarded_001_best,707,1,145916,118915,27001,0,2,0,0,5,2496.52,3,3,11,17,0,0
panel/cpp_fin_Y_rs,investment_context_guarded_001_best,708,0,86525,70476,16049,0,1,0,0,5,1418.58,3,3,13,17,2,0
panel/cpp_fin_Y_rs,investment_context_guarded_001_best,708,1,86525,70476,16049,0,1,0,0,5,1315.52,3,3,13,17,2,0
panel/cpp_fin_Y_rs,investment_context_guarded_001_best,709,0,111386,87443,23943,0,2,0,0,5,2350.06,3,3,9,17,0,0
panel/cpp_fin_Y_rs,investment_context_guarded_001_best,709,1,111386,87443,23943,0,2,0,0,5,2354.18,3,3,9,17,0,0
panel/cpp_fin_Y_rs,investment_context_guarded_001_best,710,0,124954,114554,10400,0,2,0,0,6,4272.1,3,3,16,17,0,0
panel/cpp_fin_Y_rs,investment_context_guarded_001_best,710,1,124954,114554,10400,0,2,0,0,6,4239.61,3,3,16,17,0,0
panel/cpp_fin_Y_rs,investment_context_guarded_001_best,711,0,100413,75713,24700,0,2,0,0,5,1861.72,3,3,13,17,0,0
panel/cpp_fin_Y_rs,investment_context_guarded_001_best,711,1,100413,75713,24700,0,2,0,0,5,1862.12,3,3,13,17,0,0
panel/cpp_fin_Y_rs,investment_context_guarded_001_best,712,0,86046,66958,19088,0,2,0,0,5,2781.39,3,3,16,17,0,0
panel/cpp_fin_Y_rs,investment_context_guarded_001_best,712,1,86046,66958,19088,0,2,0,0,5,4649.5,3,3,16,17,0,0
panel/cpp_fin_Y_rs,investment_context_guarded_001_best,713,0,153388,120356,33032,0,1,0,0,5,3138.66,3,3,14,17,0,0
panel/cpp_fin_Y_rs,investment_context_guarded_001_best,713,1,153388,120356,33032,0,1,0,0,5,3122.32,3,3,14,17,0,0
panel/cpp_fin_Y_rs,investment_context_guarded_001_best,714,0,126269,102269,24000,0,2,0,0,5,3356.56,3,3,15,17,0,0
panel/cpp_fin_Y_rs,investment_context_guarded_001_best,714,1,126269,102269,24000,0,2,0,0,5,2567.57,3,3,15,17,0,0
panel/cpp_fin_Y_rs,investment_context_guarded_001_best,715,0,145317,119818,25499,0,1,0,0,5,3585.84,3,3,18,17,0,0
panel/cpp_fin_Y_rs,investment_context_guarded_001_best,715,1,145317,119818,25499,0,1,0,0,5,3944.71,3,3,18,17,0,0
panel/cpp_fin_Y_rs,king_rc4,700,0,139685,86625,53060,0,1,0,4,0,2825.69,3,3,9,17,21,0
panel/cpp_fin_Y_rs,king_rc4,700,1,139685,86625,53060,0,1,0,4,0,2572.19,3,3,9,17,21,0
panel/cpp_fin_Y_rs,king_rc4,701,0,107502,101577,5925,0,3,0,1,0,3798.88,3,3,15,17,7,0
panel/cpp_fin_Y_rs,king_rc4,701,1,107639,101711,5928,0,3,0,0,0,3788.29,3,3,15,17,7,0
panel/cpp_fin_Y_rs,king_rc4,702,0,120229,72165,48064,0,2,0,1,9,1782.06,3,3,15,8,7,9
panel/cpp_fin_Y_rs,king_rc4,702,1,120229,72165,48064,0,2,0,1,9,1821.52,3,3,15,8,7,9
panel/cpp_fin_Y_rs,king_rc4,703,0,117238,87447,29791,0,3,0,0,0,3997.35,3,3,17,17,5,0
panel/cpp_fin_Y_rs,king_rc4,703,1,117238,87447,29791,0,3,0,0,0,3883.36,3,3,17,17,5,0
panel/cpp_fin_Y_rs,king_rc4,704,0,101358,81174,20184,0,1,0,0,28,6988.97,3,3,17,16,3,1
panel/cpp_fin_Y_rs,king_rc4,704,1,101358,81174,20184,0,1,0,0,28,4768.47,3,3,17,16,3,1
panel/cpp_fin_Y_rs,king_rc4,705,0,101643,82252,19391,0,3,0,0,34,2550.4,3,3,13,16,3,0
panel/cpp_fin_Y_rs,king_rc4,705,1,101643,82252,19391,0,3,0,0,34,2333.72,3,3,13,16,3,0
panel/cpp_fin_Y_rs,king_rc4,706,0,110927,63860,47067,0,2,0,27,0,2024.06,3,3,8,17,18,0
panel/cpp_fin_Y_rs,king_rc4,706,1,110927,63860,47067,0,2,0,27,0,2130.71,3,3,8,17,18,0
panel/cpp_fin_Y_rs,king_rc4,707,0,139543,116093,23450,0,2,0,0,5,4459.77,3,3,13,17,3,0
panel/cpp_fin_Y_rs,king_rc4,707,1,139543,116093,23450,0,2,0,0,5,6362.11,3,3,13,17,3,0
panel/cpp_fin_Y_rs,king_rc4,708,0,82656,57699,24957,0,1,0,1,0,4566.08,3,3,15,17,3,0
panel/cpp_fin_Y_rs,king_rc4,708,1,82656,57699,24957,0,1,0,1,0,4645.38,3,3,15,17,3,0
panel/cpp_fin_Y_rs,king_rc4,709,0,83084,58022,25062,0,1,0,0,30,4452.6,3,3,16,16,3,1
panel/cpp_fin_Y_rs,king_rc4,709,1,83084,58022,25062,0,1,0,0,30,3017.14,3,3,16,16,3,1
panel/cpp_fin_Y_rs,king_rc4,710,0,128841,94773,34068,0,2,0,0,9,2900.9,3,3,15,16,6,1
panel/cpp_fin_Y_rs,king_rc4,710,1,128841,94773,34068,0,2,0,0,9,4237.37,3,3,15,16,6,1
panel/cpp_fin_Y_rs,king_rc4,711,0,112175,91837,20338,0,2,0,0,6,4267.4,3,3,15,16,3,1
panel/cpp_fin_Y_rs,king_rc4,711,1,112175,91837,20338,0,2,0,0,6,2727.39,3,3,15,16,3,1
panel/cpp_fin_Y_rs,king_rc4,712,0,99551,76462,23089,0,1,0,0,30,2601.7,3,3,16,16,7,1
panel/cpp_fin_Y_rs,king_rc4,712,1,99551,76462,23089,0,1,0,0,30,3540.03,3,3,16,16,7,1
panel/cpp_fin_Y_rs,king_rc4,713,0,160342,121481,38861,0,1,0,0,34,4286.2,3,3,14,16,3,0
panel/cpp_fin_Y_rs,king_rc4,713,1,160342,121481,38861,0,1,0,0,34,4997.11,3,3,14,16,3,0
panel/cpp_fin_Y_rs,king_rc4,714,0,108045,82773,25272,0,2,0,0,25,3094.88,3,3,19,8,3,9
panel/cpp_fin_Y_rs,king_rc4,714,1,108045,82773,25272,0,2,0,0,25,4634.18,3,3,19,8,3,9
panel/cpp_fin_Y_rs,king_rc4,715,0,150275,107995,42280,0,1,0,0,30,2312.25,3,3,16,16,3,1
panel/cpp_fin_Y_rs,king_rc4,715,1,150275,107995,42280,0,1,0,0,30,2733.92,3,3,16,16,3,1
panel/cpp_fin_Y_rs,teammate_shoprouter,700,0,89043,64199,24844,0,3,0,0,0,2105.15,3,3,12,17,10,0
panel/cpp_fin_Y_rs,teammate_shoprouter,700,1,120815,83837,36978,0,3,0,0,0,2571.8,3,3,16,17,6,0
panel/cpp_fin_Y_rs,teammate_shoprouter,701,0,147240,107089,40151,0,4,0,0,13,3282.94,3,3,14,16,3,0
panel/cpp_fin_Y_rs,teammate_shoprouter,701,1,147221,107085,40136,0,4,0,0,13,3188.73,3,3,14,16,3,0
panel/cpp_fin_Y_rs,teammate_shoprouter,702,0,84322,51806,32516,0,4,0,1,12,3042.17,3,3,14,16,3,0
panel/cpp_fin_Y_rs,teammate_shoprouter,702,1,84322,51806,32516,0,4,0,1,12,2724.01,3,3,14,16,3,0
panel/cpp_fin_Y_rs,teammate_shoprouter,703,0,142091,82221,59870,0,2,0,0,20,1818.73,3,3,19,16,3,0
panel/cpp_fin_Y_rs,teammate_shoprouter,703,1,142091,82221,59870,0,2,0,0,20,2061.95,3,3,19,16,3,0
panel/cpp_fin_Y_rs,teammate_shoprouter,704,0,112822,76915,35907,0,3,0,0,48,7975.38,3,3,16,15,3,0
panel/cpp_fin_Y_rs,teammate_shoprouter,704,1,112822,76915,35907,0,3,0,0,48,5356.57,3,3,16,15,3,0
panel/cpp_fin_Y_rs,teammate_shoprouter,705,0,118708,93365,25343,0,3,0,0,16,3756.58,3,3,13,16,3,0
panel/cpp_fin_Y_rs,teammate_shoprouter,705,1,118708,93365,25343,0,3,0,0,16,3791.74,3,3,13,16,3,0
panel/cpp_fin_Y_rs,teammate_shoprouter,706,0,125717,68853,56864,0,5,0,0,0,2516.5,3,3,19,17,8,0
panel/cpp_fin_Y_rs,teammate_shoprouter,706,1,125717,68853,56864,0,5,0,0,0,2546.03,3,3,19,17,8,0
panel/cpp_fin_Y_rs,teammate_shoprouter,707,0,130029,107798,22231,0,3,0,0,35,3282.25,3,3,13,15,4,1
panel/cpp_fin_Y_rs,teammate_shoprouter,707,1,130029,107798,22231,0,3,0,0,35,4087.63,3,3,13,15,4,1
panel/cpp_fin_Y_rs,teammate_shoprouter,708,0,97084,65299,31785,0,2,0,20,2,3931.89,3,3,18,16,8,0
panel/cpp_fin_Y_rs,teammate_shoprouter,708,1,97084,65299,31785,0,2,0,20,2,2399.71,3,3,18,16,8,0
panel/cpp_fin_Y_rs,teammate_shoprouter,709,0,96314,73570,22744,0,3,0,0,35,3309.4,3,3,12,15,3,1
panel/cpp_fin_Y_rs,teammate_shoprouter,709,1,96314,73570,22744,0,3,0,0,35,3142.2,3,3,12,15,3,1
panel/cpp_fin_Y_rs,teammate_shoprouter,710,0,94887,63051,31836,0,3,0,1,0,4185.16,3,3,17,17,8,0
panel/cpp_fin_Y_rs,teammate_shoprouter,710,1,94887,63051,31836,0,3,0,1,0,4831.48,3,3,17,17,8,0
panel/cpp_fin_Y_rs,teammate_shoprouter,711,0,118624,97765,20859,0,2,0,0,0,6815.6,3,3,14,16,3,0
panel/cpp_fin_Y_rs,teammate_shoprouter,711,1,118624,97765,20859,0,2,0,0,0,7552.26,3,3,14,16,3,0
panel/cpp_fin_Y_rs,teammate_shoprouter,712,0,92068,66648,25420,0,3,0,3,35,2272.67,3,3,15,15,3,1
panel/cpp_fin_Y_rs,teammate_shoprouter,712,1,92034,66649,25385,0,3,0,3,35,3021.91,3,3,15,15,3,1
panel/cpp_fin_Y_rs,teammate_shoprouter,713,0,150915,110574,40341,0,3,0,0,11,5345.69,3,3,13,16,3,0
panel/cpp_fin_Y_rs,teammate_shoprouter,713,1,150915,110574,40341,0,3,0,0,11,5466.85,3,3,13,16,3,0
panel/cpp_fin_Y_rs,teammate_shoprouter,714,0,87245,53499,33746,0,2,0,0,35,2187.64,3,3,14,15,3,1
panel/cpp_fin_Y_rs,teammate_shoprouter,714,1,87245,53499,33746,0,2,0,0,35,1759.82,3,3,14,15,3,1
panel/cpp_fin_Y_rs,teammate_shoprouter,715,0,111684,90095,21589,0,4,0,0,13,2778.87,3,3,13,16,5,0
panel/cpp_fin_Y_rs,teammate_shoprouter,715,1,111684,90095,21589,0,4,0,0,13,2980.47,3,3,13,16,5,0
panel/cpp_fin_Y_rs,two_random_shop_league_v179,700,0,129334,75189,54145,0,2,0,0,0,3071.17,3,4,12,23,0,0
panel/cpp_fin_Y_rs,two_random_shop_league_v179,700,1,130394,77734,52660,0,2,0,6,0,4203.64,3,4,12,23,0,0
panel/cpp_fin_Y_rs,two_random_shop_league_v179,701,0,154737,80566,74171,0,1,0,1,0,4591.94,3,4,12,23,0,0
panel/cpp_fin_Y_rs,two_random_shop_league_v179,701,1,154220,79469,74751,0,1,0,0,0,4644.6,3,4,12,23,0,0
panel/cpp_fin_Y_rs,two_random_shop_league_v179,702,0,168769,92598,76171,0,2,0,0,0,5207.8,3,4,14,23,0,0
panel/cpp_fin_Y_rs,two_random_shop_league_v179,702,1,168769,92598,76171,0,2,0,0,0,4099.8,3,4,14,23,0,0
panel/cpp_fin_Y_rs,two_random_shop_league_v179,703,0,155909,81105,74804,0,2,0,0,0,3351.85,3,3,15,22,0,0
panel/cpp_fin_Y_rs,two_random_shop_league_v179,703,1,155909,81092,74817,0,2,0,0,0,5328.77,3,3,15,22,0,0
panel/cpp_fin_Y_rs,two_random_shop_league_v179,704,0,147821,77833,69988,0,2,0,0,0,3440.62,3,3,12,23,0,0
panel/cpp_fin_Y_rs,two_random_shop_league_v179,704,1,148180,77752,70428,0,2,0,0,0,3794.71,3,3,12,23,0,0
panel/cpp_fin_Y_rs,two_random_shop_league_v179,705,0,121489,54105,67384,0,3,0,0,0,3211.92,3,4,14,23,0,0
panel/cpp_fin_Y_rs,two_random_shop_league_v179,705,1,125503,65009,60494,0,3,0,0,0,3578.62,3,4,14,23,0,0
panel/cpp_fin_Y_rs,two_random_shop_league_v179,706,0,210333,97398,112935,0,2,0,2,0,3914.96,3,4,22,23,0,0
panel/cpp_fin_Y_rs,two_random_shop_league_v179,706,1,200135,90135,110000,0,1,0,0,0,4243.9,3,4,18,23,0,0
panel/cpp_fin_Y_rs,two_random_shop_league_v179,707,0,226342,121287,105055,0,2,0,0,0,4401.97,3,4,18,23,0,0
panel/cpp_fin_Y_rs,two_random_shop_league_v179,707,1,226342,121287,105055,0,2,0,0,0,4380.56,3,4,18,23,0,0
panel/cpp_fin_Y_rs,two_random_shop_league_v179,708,0,201030,69901,131129,0,4,0,0,0,2078.15,3,3,16,18,0,6
panel/cpp_fin_Y_rs,two_random_shop_league_v179,708,1,201030,69901,131129,0,4,0,0,0,1337.73,3,3,16,18,0,6
panel/cpp_fin_Y_rs,two_random_shop_league_v179,709,0,110465,61049,49416,0,3,0,8,0,4750.45,3,3,15,22,0,1
panel/cpp_fin_Y_rs,two_random_shop_league_v179,709,1,111271,61062,50209,0,3,0,0,0,4573.23,3,3,15,22,0,1
panel/cpp_fin_Y_rs,two_random_shop_league_v179,710,0,213280,127221,86059,0,2,0,0,0,3859,3,4,20,23,0,0
panel/cpp_fin_Y_rs,two_random_shop_league_v179,710,1,213280,127221,86059,0,2,0,0,0,6170.95,3,4,20,23,0,0
panel/cpp_fin_Y_rs,two_random_shop_league_v179,711,0,132971,76518,56453,0,2,0,0,0,4802.96,3,4,15,23,0,0
panel/cpp_fin_Y_rs,two_random_shop_league_v179,711,1,132971,76518,56453,0,2,0,0,0,3865.87,3,4,15,23,0,0
panel/cpp_fin_Y_rs,two_random_shop_league_v179,712,0,154892,96083,58809,0,2,0,0,0,5120.23,3,4,16,23,0,0
panel/cpp_fin_Y_rs,two_random_shop_league_v179,712,1,153742,96106,57636,0,1,0,0,0,4840.57,3,4,16,23,0,0
panel/cpp_fin_Y_rs,two_random_shop_league_v179,713,0,158990,86405,72585,0,2,0,0,0,3510.92,3,4,15,23,0,0
panel/cpp_fin_Y_rs,two_random_shop_league_v179,713,1,158990,86405,72585,0,2,0,0,0,3773.07,3,4,15,23,0,0
panel/cpp_fin_Y_rs,two_random_shop_league_v179,714,0,142476,68650,73826,0,2,0,0,0,4148.81,3,3,17,20,0,0
panel/cpp_fin_Y_rs,two_random_shop_league_v179,714,1,142476,68650,73826,0,2,0,0,0,4118.65,3,3,17,20,0,0
panel/cpp_fin_Y_rs,two_random_shop_league_v179,715,0,152071,79151,72920,0,2,0,21,0,3833,3,4,21,23,0,0
panel/cpp_fin_Y_rs,two_random_shop_league_v179,715,1,152071,79151,72920,0,2,0,21,0,3852.5,3,4,21,23,0,0
panel/cpp_fin_Z_rs,agent_sep23,700,0,157201,117298,39903,0,3,0,8,0,8982.64,3,3,22,16,3,3
panel/cpp_fin_Z_rs,agent_sep23,700,1,162945,123430,39515,0,3,0,1,66,4679.82,3,3,20,16,3,3
panel/cpp_fin_Z_rs,agent_sep23,701,0,151941,132352,19589,0,1,0,0,23,5896.73,3,3,14,7,3,3
panel/cpp_fin_Z_rs,agent_sep23,701,1,151941,132352,19589,0,1,0,0,23,5867.38,3,3,14,7,3,3
panel/cpp_fin_Z_rs,agent_sep23,702,0,144993,114209,30784,0,1,0,0,46,3497.08,3,3,15,10,8,6
panel/cpp_fin_Z_rs,agent_sep23,702,1,144993,114209,30784,0,1,0,0,46,4459.66,3,3,15,10,8,6
panel/cpp_fin_Z_rs,agent_sep23,703,0,111295,89262,22033,0,1,0,0,71,6584.5,3,3,16,12,3,3
panel/cpp_fin_Z_rs,agent_sep23,703,1,111295,89262,22033,0,1,0,0,71,5971.17,3,3,16,12,3,3
panel/cpp_fin_Z_rs,agent_sep23,704,0,123542,98029,25513,0,1,0,1,10,5519.16,3,3,16,10,3,4
panel/cpp_fin_Z_rs,agent_sep23,704,1,114656,100168,14488,0,1,0,8,86,7133.53,3,3,15,11,4,3
panel/cpp_fin_Z_rs,agent_sep23,705,0,134788,93785,41003,0,1,0,0,94,3931.11,3,3,14,13,3,3
panel/cpp_fin_Z_rs,agent_sep23,705,1,134788,93785,41003,0,1,0,0,94,5864.26,3,3,14,13,3,3
panel/cpp_fin_Z_rs,agent_sep23,706,0,131242,114142,17100,0,3,0,0,44,3295.88,3,3,17,17,3,3
panel/cpp_fin_Z_rs,agent_sep23,706,1,131242,114142,17100,0,3,0,0,44,2840.38,3,3,17,17,3,3
panel/cpp_fin_Z_rs,agent_sep23,707,0,111739,79339,32400,0,2,0,0,21,5310.94,3,3,15,10,10,6
panel/cpp_fin_Z_rs,agent_sep23,707,1,111739,79339,32400,0,2,0,0,21,5151.39,3,3,15,10,10,6
panel/cpp_fin_Z_rs,agent_sep23,708,0,134995,101482,33513,0,2,0,11,49,1430.71,3,3,20,11,10,11
panel/cpp_fin_Z_rs,agent_sep23,708,1,134995,101482,33513,0,2,0,11,49,1129.51,3,3,20,11,10,11
panel/cpp_fin_Z_rs,agent_sep23,709,0,136289,100304,35985,0,2,0,2,152,4554.71,3,3,16,13,12,6
panel/cpp_fin_Z_rs,agent_sep23,709,1,136072,100042,36030,0,2,0,2,160,4343.85,3,3,16,13,12,6
panel/cpp_fin_Z_rs,agent_sep23,710,0,108785,94546,14239,0,3,0,0,19,4014.98,3,3,15,9,3,3
panel/cpp_fin_Z_rs,agent_sep23,710,1,108785,94546,14239,0,3,0,0,19,3358.83,3,3,15,9,3,3
panel/cpp_fin_Z_rs,agent_sep23,711,0,105741,85523,20218,0,1,0,12,66,4935.62,3,3,16,10,3,3
panel/cpp_fin_Z_rs,agent_sep23,711,1,105741,85523,20218,0,1,0,12,66,4284.44,3,3,16,10,3,3
panel/cpp_fin_Z_rs,agent_sep23,712,0,102165,67540,34625,0,1,0,0,19,4411.56,3,3,13,9,3,3
panel/cpp_fin_Z_rs,agent_sep23,712,1,98967,71886,27081,0,1,0,0,47,4460.28,3,3,13,9,3,3
panel/cpp_fin_Z_rs,agent_sep23,713,0,149001,113991,35010,0,2,0,1,43,3412.13,3,3,17,16,3,3
panel/cpp_fin_Z_rs,agent_sep23,713,1,149302,114060,35242,0,2,0,1,43,4094.82,3,3,17,16,3,3
panel/cpp_fin_Z_rs,agent_sep23,714,0,156471,99206,57265,0,1,0,0,0,5301.26,3,3,16,8,13,6
panel/cpp_fin_Z_rs,agent_sep23,714,1,156471,99206,57265,0,1,0,0,0,4204.64,3,3,16,8,13,6
panel/cpp_fin_Z_rs,agent_sep23,715,0,152383,126470,25913,0,1,0,18,36,3968.5,3,3,17,15,8,6
panel/cpp_fin_Z_rs,agent_sep23,715,1,152383,126470,25913,0,1,0,18,36,5415.27,3,3,17,15,8,6
panel/cpp_fin_Z_rs,ahmed_v25,700,0,153068,85786,67282,0,2,0,20,6,2115.93,3,3,13,17,8,0
panel/cpp_fin_Z_rs,ahmed_v25,700,1,153068,85786,67282,0,2,0,20,6,3514.47,3,3,13,17,8,0
panel/cpp_fin_Z_rs,ahmed_v25,701,0,173404,128786,44618,0,4,0,0,6,1786.35,3,3,18,17,0,0
panel/cpp_fin_Z_rs,ahmed_v25,701,1,173404,128786,44618,0,4,0,0,6,1788.75,3,3,18,17,0,0
panel/cpp_fin_Z_rs,ahmed_v25,702,0,97787,74924,22863,0,4,0,9,6,2416.57,3,3,15,17,0,0
panel/cpp_fin_Z_rs,ahmed_v25,702,1,97787,74924,22863,0,4,0,9,6,2411.53,3,3,15,17,0,0
panel/cpp_fin_Z_rs,ahmed_v25,703,0,145588,87866,57722,0,2,0,0,6,1341.66,3,3,19,17,0,0
panel/cpp_fin_Z_rs,ahmed_v25,703,1,145588,87866,57722,0,2,0,0,6,1271.01,3,3,19,17,0,0
panel/cpp_fin_Z_rs,ahmed_v25,704,0,92136,73651,18485,0,2,0,0,6,1975.33,3,3,17,17,0,0
panel/cpp_fin_Z_rs,ahmed_v25,704,1,92136,73651,18485,0,2,0,0,6,1969.79,3,3,17,17,0,0
panel/cpp_fin_Z_rs,ahmed_v25,705,0,128143,107018,21125,0,3,0,0,6,2134.29,3,3,13,17,0,0
panel/cpp_fin_Z_rs,ahmed_v25,705,1,128143,107018,21125,0,3,0,0,6,2064.4,3,3,13,17,0,0
panel/cpp_fin_Z_rs,ahmed_v25,706,0,161305,92285,69020,0,3,0,0,0,2545.85,3,3,23,16,0,0
panel/cpp_fin_Z_rs,ahmed_v25,706,1,161305,92285,69020,0,3,0,0,0,2584.6,3,3,23,16,0,0
panel/cpp_fin_Z_rs,ahmed_v25,707,0,145377,124853,20524,0,3,0,0,6,2173.6,3,3,13,17,0,0
panel/cpp_fin_Z_rs,ahmed_v25,707,1,145377,124853,20524,0,3,0,0,6,3147.14,3,3,13,17,0,0
panel/cpp_fin_Z_rs,ahmed_v25,708,0,103785,76234,27551,0,2,0,45,6,1779.01,3,3,14,17,0,0
panel/cpp_fin_Z_rs,ahmed_v25,708,1,103785,76234,27551,0,2,0,45,6,1781.11,3,3,14,17,0,0
panel/cpp_fin_Z_rs,ahmed_v25,709,0,110432,110905,-473,0,3,0,0,6,2430,3,3,14,17,0,0
panel/cpp_fin_Z_rs,ahmed_v25,709,1,110432,110905,-473,0,3,0,0,6,3923.38,3,3,14,17,0,0
panel/cpp_fin_Z_rs,ahmed_v25,710,0,127519,77394,50125,0,3,0,24,6,1626.88,3,3,17,17,0,0
panel/cpp_fin_Z_rs,ahmed_v25,710,1,127519,77394,50125,0,3,0,24,6,1538.79,3,3,17,17,0,0
panel/cpp_fin_Z_rs,ahmed_v25,711,0,97526,74073,23453,0,2,0,17,6,3121.72,3,3,16,17,0,0
panel/cpp_fin_Z_rs,ahmed_v25,711,1,97526,74073,23453,0,2,0,17,6,2257.31,3,3,16,17,0,0
panel/cpp_fin_Z_rs,ahmed_v25,712,0,83279,77932,5347,0,3,0,0,6,2461.78,3,3,21,17,0,0
panel/cpp_fin_Z_rs,ahmed_v25,712,1,83279,77932,5347,0,3,0,0,6,2266.52,3,3,21,17,0,0
panel/cpp_fin_Z_rs,ahmed_v25,713,0,167820,134706,33114,0,3,0,0,6,4158.49,3,3,14,17,0,0
panel/cpp_fin_Z_rs,ahmed_v25,713,1,167820,134706,33114,0,3,0,0,6,3214.39,3,3,14,17,0,0
panel/cpp_fin_Z_rs,ahmed_v25,714,0,127122,99691,27431,0,4,0,19,6,1880.28,3,3,16,17,0,0
panel/cpp_fin_Z_rs,ahmed_v25,714,1,127122,99691,27431,0,4,0,19,6,1931.35,3,3,16,17,0,0
panel/cpp_fin_Z_rs,ahmed_v25,715,0,141067,106513,34554,0,4,0,7,6,1925.19,3,3,16,17,0,0
panel/cpp_fin_Z_rs,ahmed_v25,715,1,141067,106513,34554,0,4,0,7,6,2056.56,3,3,16,17,0,0
panel/cpp_fin_Z_rs,arlene_v4_m31,700,0,119211,85496,33715,0,2,0,2,0,3482.05,3,3,16,17,0,0
panel/cpp_fin_Z_rs,arlene_v4_m31,700,1,116012,84136,31876,0,2,0,2,0,4756.71,3,3,15,17,1,0
panel/cpp_fin_Z_rs,arlene_v4_m31,701,0,159325,118068,41257,0,4,0,0,0,3541.84,3,3,17,17,0,0
panel/cpp_fin_Z_rs,arlene_v4_m31,701,1,159204,118176,41028,0,4,0,4,0,2353.68,3,3,17,17,0,0
panel/cpp_fin_Z_rs,arlene_v4_m31,702,0,90102,63149,26953,0,4,0,7,0,2401.95,3,3,15,3,0,0
panel/cpp_fin_Z_rs,arlene_v4_m31,702,1,90102,63149,26953,0,4,0,7,0,2339.35,3,3,15,3,0,0
panel/cpp_fin_Z_rs,arlene_v4_m31,703,0,104683,68664,36019,0,2,0,0,0,6085.64,3,3,19,17,0,0
panel/cpp_fin_Z_rs,arlene_v4_m31,703,1,104683,68664,36019,0,2,0,0,0,6383.35,3,3,19,17,0,0
panel/cpp_fin_Z_rs,arlene_v4_m31,704,0,109126,79752,29374,0,3,0,3,0,2496.48,3,3,16,17,0,0
panel/cpp_fin_Z_rs,arlene_v4_m31,704,1,109126,79752,29374,0,3,0,3,0,3892.98,3,3,16,17,0,0
panel/cpp_fin_Z_rs,arlene_v4_m31,705,0,122795,97944,24851,0,3,0,1,0,1836.85,3,3,13,17,0,0
panel/cpp_fin_Z_rs,arlene_v4_m31,705,1,122795,97944,24851,0,3,0,1,0,1807.03,3,3,13,17,0,0
panel/cpp_fin_Z_rs,arlene_v4_m31,706,0,120989,66816,54173,0,4,0,1,0,3548.77,3,3,15,8,0,0
panel/cpp_fin_Z_rs,arlene_v4_m31,706,1,120989,66816,54173,0,4,0,1,0,2741.57,3,3,15,8,0,0
panel/cpp_fin_Z_rs,arlene_v4_m31,707,0,144257,123884,20373,0,3,0,0,0,3494.73,3,3,13,17,0,0
panel/cpp_fin_Z_rs,arlene_v4_m31,707,1,144257,123884,20373,0,3,0,0,0,3385.26,3,3,13,17,0,0
panel/cpp_fin_Z_rs,arlene_v4_m31,708,0,83692,57469,26223,0,2,0,3,0,1399.29,3,3,16,17,0,0
panel/cpp_fin_Z_rs,arlene_v4_m31,708,1,83692,57469,26223,0,2,0,3,0,1395.67,3,3,16,17,0,0
panel/cpp_fin_Z_rs,arlene_v4_m31,709,0,95081,73966,21115,0,3,0,0,0,2254.57,3,3,12,17,0,0
panel/cpp_fin_Z_rs,arlene_v4_m31,709,1,95081,73966,21115,0,3,0,0,0,2212.41,3,3,12,17,0,0
panel/cpp_fin_Z_rs,arlene_v4_m31,710,0,101428,70408,31020,0,3,0,8,0,4105.37,3,3,17,8,0,0
panel/cpp_fin_Z_rs,arlene_v4_m31,710,1,101349,70412,30937,0,3,0,8,0,5086.79,3,3,17,8,0,0
panel/cpp_fin_Z_rs,arlene_v4_m31,711,0,103146,80530,22616,0,3,0,0,0,2658.38,3,3,14,17,0,0
panel/cpp_fin_Z_rs,arlene_v4_m31,711,1,103146,80530,22616,0,3,0,0,0,2832.17,3,3,14,17,0,0
panel/cpp_fin_Z_rs,arlene_v4_m31,712,0,88998,66814,22184,0,3,0,0,0,2772.8,3,3,16,17,0,0
panel/cpp_fin_Z_rs,arlene_v4_m31,712,1,88998,66814,22184,0,3,0,0,0,2789.55,3,3,16,17,0,0
panel/cpp_fin_Z_rs,arlene_v4_m31,713,0,160697,131268,29429,0,3,0,0,0,6030.4,3,3,14,17,0,0
panel/cpp_fin_Z_rs,arlene_v4_m31,713,1,160697,131268,29429,0,3,0,0,0,3607.96,3,3,14,17,0,0
panel/cpp_fin_Z_rs,arlene_v4_m31,714,0,115003,93556,21447,0,3,0,0,0,3260.42,3,3,14,8,0,0
panel/cpp_fin_Z_rs,arlene_v4_m31,714,1,115003,93556,21447,0,3,0,0,0,2727.49,3,3,14,8,0,0
panel/cpp_fin_Z_rs,arlene_v4_m31,715,0,140078,108585,31493,0,4,0,0,0,2696.05,3,3,16,17,0,0
panel/cpp_fin_Z_rs,arlene_v4_m31,715,1,140078,108585,31493,0,4,0,0,0,2811.66,3,3,16,17,0,0
panel/cpp_fin_Z_rs,investment_context_guarded_001_best,700,0,126921,86419,40502,0,1,0,0,6,3637.21,3,3,8,17,1,0
panel/cpp_fin_Z_rs,investment_context_guarded_001_best,700,1,126921,86419,40502,0,1,0,0,6,3626.15,3,3,8,17,1,0
panel/cpp_fin_Z_rs,investment_context_guarded_001_best,701,0,149628,109070,40558,0,4,0,1,4,3713.6,3,3,20,17,0,0
panel/cpp_fin_Z_rs,investment_context_guarded_001_best,701,1,149628,109070,40558,0,4,0,1,4,3679.07,3,3,20,17,0,0
panel/cpp_fin_Z_rs,investment_context_guarded_001_best,702,0,106516,74547,31969,0,2,0,19,4,1742.78,3,3,14,17,0,0
panel/cpp_fin_Z_rs,investment_context_guarded_001_best,702,1,106679,74570,32109,0,2,0,19,4,1725.11,3,3,14,17,0,0
panel/cpp_fin_Z_rs,investment_context_guarded_001_best,703,0,155603,110307,45296,0,4,0,0,4,4277.91,3,3,21,17,2,0
panel/cpp_fin_Z_rs,investment_context_guarded_001_best,703,1,155603,110307,45296,0,4,0,0,4,4360.5,3,3,21,17,2,0
panel/cpp_fin_Z_rs,investment_context_guarded_001_best,704,0,97494,76251,21243,0,1,0,16,5,2900.67,3,3,16,17,0,0
panel/cpp_fin_Z_rs,investment_context_guarded_001_best,704,1,97494,76251,21243,0,1,0,16,5,2897.9,3,3,16,17,0,0
panel/cpp_fin_Z_rs,investment_context_guarded_001_best,705,0,148158,113540,34618,0,3,0,0,5,2364.61,3,3,18,17,0,0
panel/cpp_fin_Z_rs,investment_context_guarded_001_best,705,1,148158,113540,34618,0,3,0,0,5,2437.53,3,3,18,17,0,0
panel/cpp_fin_Z_rs,investment_context_guarded_001_best,706,0,153028,88709,64319,0,2,0,0,4,2251.48,3,3,22,17,0,0
panel/cpp_fin_Z_rs,investment_context_guarded_001_best,706,1,153808,88736,65072,0,2,0,0,4,2336.95,3,3,22,17,0,0
panel/cpp_fin_Z_rs,investment_context_guarded_001_best,707,0,137473,115883,21590,0,3,0,0,5,3338.34,3,3,14,17,0,0
panel/cpp_fin_Z_rs,investment_context_guarded_001_best,707,1,137473,115883,21590,0,3,0,0,5,3309.01,3,3,14,17,0,0
panel/cpp_fin_Z_rs,investment_context_guarded_001_best,708,0,86523,70510,16013,0,1,0,0,5,1112.87,3,3,13,17,2,0
panel/cpp_fin_Z_rs,investment_context_guarded_001_best,708,1,86523,70510,16013,0,1,0,0,5,1112.48,3,3,13,17,2,0
panel/cpp_fin_Z_rs,investment_context_guarded_001_best,709,0,98283,82454,15829,0,2,0,0,5,2100.29,3,3,14,17,0,0
panel/cpp_fin_Z_rs,investment_context_guarded_001_best,709,1,98283,82454,15829,0,2,0,0,5,2141.43,3,3,14,17,0,0
panel/cpp_fin_Z_rs,investment_context_guarded_001_best,710,0,137507,111087,26420,0,2,0,0,6,4310.33,3,3,20,17,0,0
panel/cpp_fin_Z_rs,investment_context_guarded_001_best,710,1,137507,111087,26420,0,2,0,0,6,4093.17,3,3,20,17,0,0
panel/cpp_fin_Z_rs,investment_context_guarded_001_best,711,0,100441,75886,24555,0,2,0,0,5,1878.47,3,3,13,17,0,0
panel/cpp_fin_Z_rs,investment_context_guarded_001_best,711,1,100441,75886,24555,0,2,0,0,5,1879.51,3,3,13,17,0,0
panel/cpp_fin_Z_rs,investment_context_guarded_001_best,712,0,103229,85793,17436,0,2,0,1,5,2638.47,3,3,16,17,0,0
panel/cpp_fin_Z_rs,investment_context_guarded_001_best,712,1,103229,85793,17436,0,2,0,1,5,2731.61,3,3,16,17,0,0
panel/cpp_fin_Z_rs,investment_context_guarded_001_best,713,0,162434,125236,37198,0,1,0,0,5,3216.32,3,3,13,17,0,0
panel/cpp_fin_Z_rs,investment_context_guarded_001_best,713,1,162434,125236,37198,0,1,0,0,5,3566.11,3,3,13,17,0,0
panel/cpp_fin_Z_rs,investment_context_guarded_001_best,714,0,119629,103776,15853,0,2,0,0,5,3509.53,3,3,15,17,0,0
panel/cpp_fin_Z_rs,investment_context_guarded_001_best,714,1,119629,103776,15853,0,2,0,0,5,4951.81,3,3,15,17,0,0
panel/cpp_fin_Z_rs,investment_context_guarded_001_best,715,0,154063,113809,40254,0,1,0,0,5,4596.51,3,3,16,17,0,0
panel/cpp_fin_Z_rs,investment_context_guarded_001_best,715,1,154063,113809,40254,0,1,0,0,5,2912.32,3,3,16,17,0,0
panel/cpp_fin_Z_rs,king_rc4,700,0,115822,78394,37428,0,1,0,0,0,2307.66,3,3,6,17,20,0
panel/cpp_fin_Z_rs,king_rc4,700,1,115822,78394,37428,0,1,0,0,0,2922.57,3,3,6,17,20,0
panel/cpp_fin_Z_rs,king_rc4,701,0,126041,103334,22707,0,4,0,0,0,5581.32,3,3,19,17,7,0
panel/cpp_fin_Z_rs,king_rc4,701,1,126041,103334,22707,0,4,0,0,0,5551.65,3,3,19,17,7,0
panel/cpp_fin_Z_rs,king_rc4,702,0,100953,61933,39020,0,2,0,5,6,3263.68,3,3,11,8,11,9
panel/cpp_fin_Z_rs,king_rc4,702,1,100953,61933,39020,0,2,0,5,6,4770.81,3,3,11,8,11,9
panel/cpp_fin_Z_rs,king_rc4,703,0,144338,114083,30255,0,4,0,0,0,5452.28,3,3,20,17,7,0
panel/cpp_fin_Z_rs,king_rc4,703,1,144338,114083,30255,0,4,0,0,0,5652.22,3,3,20,17,7,0
panel/cpp_fin_Z_rs,king_rc4,704,0,95609,72722,22887,0,1,0,7,5,4870.65,3,3,17,17,3,0
panel/cpp_fin_Z_rs,king_rc4,704,1,95609,72722,22887,0,1,0,7,5,5604.24,3,3,17,17,3,0
panel/cpp_fin_Z_rs,king_rc4,705,0,98868,79525,19343,0,2,0,0,5,2408.28,3,3,12,17,3,0
panel/cpp_fin_Z_rs,king_rc4,705,1,98868,79525,19343,0,2,0,0,5,2425.82,3,3,12,17,3,0
panel/cpp_fin_Z_rs,king_rc4,706,0,111900,65211,46689,0,4,0,2,0,3322.8,3,3,12,17,16,0
panel/cpp_fin_Z_rs,king_rc4,706,1,111900,65211,46689,0,4,0,2,0,3332.63,3,3,12,17,16,0
panel/cpp_fin_Z_rs,king_rc4,707,0,140127,116041,24086,0,2,0,0,5,6512.46,3,3,13,17,3,0
panel/cpp_fin_Z_rs,king_rc4,707,1,140127,116041,24086,0,2,0,0,5,6506.51,3,3,13,17,3,0
panel/cpp_fin_Z_rs,king_rc4,708,0,82585,57800,24785,0,1,0,10,0,4617.51,3,3,15,17,3,0
panel/cpp_fin_Z_rs,king_rc4,708,1,82585,57800,24785,0,1,0,10,0,4620.37,3,3,15,17,3,0
panel/cpp_fin_Z_rs,king_rc4,709,0,94838,71901,22937,0,2,0,0,5,4010.71,3,3,16,17,3,0
panel/cpp_fin_Z_rs,king_rc4,709,1,94838,71901,22937,0,2,0,0,5,4074.54,3,3,16,17,3,0
panel/cpp_fin_Z_rs,king_rc4,710,0,113021,103898,9123,0,2,0,0,0,8944.53,3,3,20,17,5,0
panel/cpp_fin_Z_rs,king_rc4,710,1,113021,103898,9123,0,2,0,0,0,8844.28,3,3,20,17,5,0
panel/cpp_fin_Z_rs,king_rc4,711,0,105590,77259,28331,0,2,0,0,0,2662.99,3,3,13,17,3,0
panel/cpp_fin_Z_rs,king_rc4,711,1,105590,77259,28331,0,2,0,0,0,2769.47,3,3,13,17,3,0
panel/cpp_fin_Z_rs,king_rc4,712,0,85951,62095,23856,0,2,0,0,3,4012.11,3,3,14,17,3,0
panel/cpp_fin_Z_rs,king_rc4,712,1,85869,62067,23802,0,2,0,0,3,2459.36,3,3,14,17,3,0
panel/cpp_fin_Z_rs,king_rc4,713,0,135444,114018,21426,0,1,0,0,5,5371.96,3,3,12,17,3,0
panel/cpp_fin_Z_rs,king_rc4,713,1,135444,114018,21426,0,1,0,0,5,5401.63,3,3,12,17,3,0
panel/cpp_fin_Z_rs,king_rc4,714,0,91268,64951,26317,0,2,0,0,12,2373.86,3,3,15,8,8,9
panel/cpp_fin_Z_rs,king_rc4,714,1,91268,64951,26317,0,2,0,0,12,3440.78,3,3,15,8,8,9
panel/cpp_fin_Z_rs,king_rc4,715,0,135718,109613,26105,0,1,0,0,5,2412.06,3,3,16,17,3,0
panel/cpp_fin_Z_rs,king_rc4,715,1,135718,109613,26105,0,1,0,0,5,3910.69,3,3,16,17,3,0
panel/cpp_fin_Z_rs,teammate_shoprouter,700,0,120868,88282,32586,0,2,0,0,0,4352.44,3,3,12,17,0,0
panel/cpp_fin_Z_rs,teammate_shoprouter,700,1,115702,83922,31780,0,2,0,0,0,2979.75,3,3,15,17,1,0
panel/cpp_fin_Z_rs,teammate_shoprouter,701,0,163655,114215,49440,0,4,0,0,14,6133.93,3,3,17,16,0,0
panel/cpp_fin_Z_rs,teammate_shoprouter,701,1,162420,114150,48270,0,4,0,0,14,6240.63,3,3,17,16,0,0
panel/cpp_fin_Z_rs,teammate_shoprouter,702,0,84209,52138,32071,0,4,0,1,12,2837.76,3,3,14,16,0,0
panel/cpp_fin_Z_rs,teammate_shoprouter,702,1,84209,52138,32071,0,4,0,1,12,4108.89,3,3,14,16,0,0
panel/cpp_fin_Z_rs,teammate_shoprouter,703,0,113840,69493,44347,0,2,0,0,20,7515.91,3,3,19,16,0,0
panel/cpp_fin_Z_rs,teammate_shoprouter,703,1,113840,69493,44347,0,2,0,0,20,5950.76,3,3,19,16,0,0
panel/cpp_fin_Z_rs,teammate_shoprouter,704,0,102545,68847,33698,0,3,0,5,0,6211.75,3,3,16,17,0,0
panel/cpp_fin_Z_rs,teammate_shoprouter,704,1,102545,68847,33698,0,3,0,5,0,6818.79,3,3,16,17,0,0
panel/cpp_fin_Z_rs,teammate_shoprouter,705,0,125209,97241,27968,0,3,0,0,16,2108.41,3,3,13,16,0,0
panel/cpp_fin_Z_rs,teammate_shoprouter,705,1,125209,97241,27968,0,3,0,0,16,1950.05,3,3,13,16,0,0
panel/cpp_fin_Z_rs,teammate_shoprouter,706,0,120159,64586,55573,0,4,0,0,0,6359.33,3,3,15,17,0,0
panel/cpp_fin_Z_rs,teammate_shoprouter,706,1,120159,64586,55573,0,4,0,0,0,6273.77,3,3,15,17,0,0
panel/cpp_fin_Z_rs,teammate_shoprouter,707,0,124132,107312,16820,0,3,0,0,16,4722.83,3,3,16,16,0,0
panel/cpp_fin_Z_rs,teammate_shoprouter,707,1,124132,107312,16820,0,3,0,0,16,4717.51,3,3,16,16,0,0
panel/cpp_fin_Z_rs,teammate_shoprouter,708,0,95422,66759,28663,0,2,0,37,2,2117.74,3,3,18,16,0,0
panel/cpp_fin_Z_rs,teammate_shoprouter,708,1,95422,66759,28663,0,2,0,37,2,2428.02,3,3,18,16,0,0
panel/cpp_fin_Z_rs,teammate_shoprouter,709,0,111540,85043,26497,0,3,0,0,16,2936.92,3,3,12,16,0,0
panel/cpp_fin_Z_rs,teammate_shoprouter,709,1,111540,85043,26497,0,3,0,0,16,2887.97,3,3,12,16,0,0
panel/cpp_fin_Z_rs,teammate_shoprouter,710,0,95248,62431,32817,0,3,0,0,0,3985.3,3,3,17,17,0,0
panel/cpp_fin_Z_rs,teammate_shoprouter,710,1,95248,62431,32817,0,3,0,0,0,3844.17,3,3,17,17,0,0
panel/cpp_fin_Z_rs,teammate_shoprouter,711,0,106433,74005,32428,0,3,0,1,0,4046.59,3,3,14,16,0,0
panel/cpp_fin_Z_rs,teammate_shoprouter,711,1,106433,74005,32428,0,3,0,1,0,6451.34,3,3,14,16,0,0
panel/cpp_fin_Z_rs,teammate_shoprouter,712,0,96684,79175,17509,0,3,0,0,20,2177.84,3,3,16,16,0,0
panel/cpp_fin_Z_rs,teammate_shoprouter,712,1,96662,79175,17487,0,3,0,0,20,2442.1,3,3,16,16,0,0
panel/cpp_fin_Z_rs,teammate_shoprouter,713,0,161377,127111,34266,0,3,0,0,0,3600.52,3,3,13,17,0,0
panel/cpp_fin_Z_rs,teammate_shoprouter,713,1,161377,127111,34266,0,3,0,0,0,3322.01,3,3,13,17,0,0
panel/cpp_fin_Z_rs,teammate_shoprouter,714,0,109127,93997,15130,0,3,0,0,0,2973.76,3,3,16,17,0,0
panel/cpp_fin_Z_rs,teammate_shoprouter,714,1,109127,93997,15130,0,3,0,0,0,3360.02,3,3,16,17,0,0
panel/cpp_fin_Z_rs,teammate_shoprouter,715,0,134209,92079,42130,0,4,0,0,14,2914.61,3,3,16,16,0,0
panel/cpp_fin_Z_rs,teammate_shoprouter,715,1,134209,92079,42130,0,4,0,0,14,3976.37,3,3,16,16,0,0
panel/cpp_fin_Z_rs,two_random_shop_league_v179,700,0,131792,78720,53072,0,2,0,0,0,4113.9,3,4,11,23,0,0
panel/cpp_fin_Z_rs,two_random_shop_league_v179,700,1,131359,78015,53344,0,2,0,1,0,5686.87,3,4,10,23,0,0
panel/cpp_fin_Z_rs,two_random_shop_league_v179,701,0,154488,80635,73853,0,1,0,0,0,7413.02,3,4,12,23,0,0
panel/cpp_fin_Z_rs,two_random_shop_league_v179,701,1,154075,79581,74494,0,1,0,0,0,7414.26,3,4,12,23,0,0
panel/cpp_fin_Z_rs,two_random_shop_league_v179,702,0,168706,92615,76091,0,2,0,0,0,6596.97,3,4,14,23,0,0
panel/cpp_fin_Z_rs,two_random_shop_league_v179,702,1,168706,92615,76091,0,2,0,0,0,6787.68,3,4,14,23,0,0
panel/cpp_fin_Z_rs,two_random_shop_league_v179,703,0,155309,80897,74412,0,2,0,0,0,3827.79,3,3,15,22,0,0
panel/cpp_fin_Z_rs,two_random_shop_league_v179,703,1,155309,80884,74425,0,2,0,0,0,5587.1,3,3,15,22,0,0
panel/cpp_fin_Z_rs,two_random_shop_league_v179,704,0,147799,77398,70401,0,2,0,0,0,5226.71,3,3,12,23,0,0
panel/cpp_fin_Z_rs,two_random_shop_league_v179,704,1,147756,77381,70375,0,2,0,0,0,3238.23,3,3,12,23,0,0
panel/cpp_fin_Z_rs,two_random_shop_league_v179,705,0,121516,54105,67411,0,3,0,0,0,5242.6,3,4,14,23,0,0
panel/cpp_fin_Z_rs,two_random_shop_league_v179,705,1,125530,65009,60521,0,3,0,0,0,5273.55,3,4,14,23,0,0
panel/cpp_fin_Z_rs,two_random_shop_league_v179,706,0,210179,97512,112667,0,2,0,2,0,4144.11,3,4,22,23,0,0
panel/cpp_fin_Z_rs,two_random_shop_league_v179,706,1,199981,90249,109732,0,1,0,0,0,3827.82,3,4,18,23,0,0
panel/cpp_fin_Z_rs,two_random_shop_league_v179,707,0,226266,121341,104925,0,2,0,0,0,4342.52,3,4,18,23,0,0
panel/cpp_fin_Z_rs,two_random_shop_league_v179,707,1,226266,121341,104925,0,2,0,0,0,4733.85,3,4,18,23,0,0
panel/cpp_fin_Z_rs,two_random_shop_league_v179,708,0,200865,70284,130581,0,4,0,0,0,1205.58,3,3,16,18,0,6
panel/cpp_fin_Z_rs,two_random_shop_league_v179,708,1,200865,70284,130581,0,4,0,0,0,1191.73,3,3,16,18,0,6
panel/cpp_fin_Z_rs,two_random_shop_league_v179,709,0,110280,61055,49225,0,3,0,8,0,2832.12,3,3,15,22,0,1
panel/cpp_fin_Z_rs,two_random_shop_league_v179,709,1,111044,61068,49976,0,3,0,0,0,2775.33,3,3,15,22,0,1
panel/cpp_fin_Z_rs,two_random_shop_league_v179,710,0,213136,127323,85813,0,2,0,0,0,3474.76,3,4,20,23,0,0
panel/cpp_fin_Z_rs,two_random_shop_league_v179,710,1,213136,127323,85813,0,2,0,0,0,3501.51,3,4,20,23,0,0
panel/cpp_fin_Z_rs,two_random_shop_league_v179,711,0,134654,78538,56116,0,2,0,0,0,3233.73,3,4,15,23,0,0
panel/cpp_fin_Z_rs,two_random_shop_league_v179,711,1,134654,78538,56116,0,2,0,0,0,3221.26,3,4,15,23,0,0
panel/cpp_fin_Z_rs,two_random_shop_league_v179,712,0,155757,96010,59747,0,2,0,0,0,4102.83,3,4,16,23,0,0
panel/cpp_fin_Z_rs,two_random_shop_league_v179,712,1,155745,96758,58987,0,1,0,0,0,4074.94,3,4,16,23,0,0
panel/cpp_fin_Z_rs,two_random_shop_league_v179,713,0,159871,87522,72349,0,2,0,0,0,3364.13,3,4,15,23,0,0
panel/cpp_fin_Z_rs,two_random_shop_league_v179,713,1,165686,91895,73791,0,2,0,0,0,3119.05,3,4,15,23,0,0
panel/cpp_fin_Z_rs,two_random_shop_league_v179,714,0,142501,68852,73649,0,2,0,0,0,1943.06,3,3,17,20,0,0
panel/cpp_fin_Z_rs,two_random_shop_league_v179,714,1,142501,68852,73649,0,2,0,0,0,1952.71,3,3,17,20,0,0
panel/cpp_fin_Z_rs,two_random_shop_league_v179,715,0,152049,79151,72898,0,2,0,21,0,4072.37,3,4,21,23,0,0
panel/cpp_fin_Z_rs,two_random_shop_league_v179,715,1,152049,79151,72898,0,2,0,21,0,4028.09,3,4,21,23,0,0
panel/race10_gates,agent_sep23,700,0,118230,97487,20743,0,3,0,0,94,749.708,3,3,13,8,,
panel/race10_gates,agent_sep23,700,1,118230,97487,20743,0,3,0,0,94,746.285,3,3,13,8,,
panel/race10_gates,agent_sep23,701,0,126270,103854,22416,0,4,0,0,47,1302.04,3,3,11,7,,
panel/race10_gates,agent_sep23,701,1,140857,98320,42537,0,4,0,0,2,763.194,3,3,11,7,,
panel/race10_gates,agent_sep23,702,0,168896,112494,56402,0,5,0,0,13,364.712,3,3,14,12,,
panel/race10_gates,agent_sep23,702,1,168896,112494,56402,0,5,0,0,13,320.048,3,3,14,12,,
panel/race10_gates,agent_sep23,703,0,135762,109441,26321,0,2,0,0,67,729.779,3,3,14,10,,
panel/race10_gates,agent_sep23,703,1,149112,104854,44258,0,2,0,0,63,1117.55,3,3,17,9,,
panel/race10_gates,agent_sep23,704,0,102299,98370,3929,0,2,0,0,16,1133.15,3,3,15,12,,
panel/race10_gates,agent_sep23,704,1,102852,92932,9920,0,2,0,0,32,1290.46,3,3,15,12,,
panel/race10_gates,agent_sep23,705,0,123949,99362,24587,0,2,0,0,112,1194.76,3,3,11,18,,
panel/race10_gates,agent_sep23,705,1,123949,99362,24587,0,2,0,0,112,1062.21,3,3,11,18,,
panel/race10_gates,agent_sep23,706,0,96260,79630,16630,0,4,0,4,65,762.721,3,3,13,14,,
panel/race10_gates,agent_sep23,706,1,96260,79630,16630,0,4,0,4,65,817.53,3,3,13,14,,
panel/race10_gates,agent_sep23,707,0,141246,120276,20970,0,2,0,0,63,892.128,3,3,14,11,,
panel/race10_gates,agent_sep23,707,1,141246,120276,20970,0,2,0,0,63,934.184,3,3,14,11,,
panel/race10_gates,agent_sep23,708,0,95084,70141,24943,0,2,0,6,58,583.071,3,3,16,11,,
panel/race10_gates,agent_sep23,708,1,95084,70141,24943,0,2,0,6,58,515.946,3,3,16,11,,
panel/race10_gates,agent_sep23,709,0,124530,92923,31607,0,5,0,3,42,370.406,3,3,12,11,,
panel/race10_gates,agent_sep23,709,1,124530,92923,31607,0,5,0,3,42,354.438,3,3,12,11,,
panel/race10_gates,agent_sep23,710,0,107301,85188,22113,0,2,0,0,27,677.784,3,3,11,12,,
panel/race10_gates,agent_sep23,710,1,107301,85188,22113,0,2,0,0,27,671.063,3,3,11,12,,
panel/race10_gates,agent_sep23,711,0,114481,109240,5241,0,2,0,0,23,722.623,3,3,14,11,,
panel/race10_gates,agent_sep23,711,1,114481,109240,5241,0,2,0,0,23,815.55,3,3,14,11,,
panel/race10_gates,agent_sep23,712,0,116679,89306,27373,0,2,0,0,78,875.54,3,3,11,8,,
panel/race10_gates,agent_sep23,712,1,101998,90257,11741,0,2,0,0,12,855.335,3,3,13,12,,
panel/race10_gates,agent_sep23,713,0,111167,90780,20387,0,3,0,0,27,615.776,3,3,14,12,,
panel/race10_gates,agent_sep23,713,1,111167,90780,20387,0,3,0,0,27,486.422,3,3,14,12,,
panel/race10_gates,agent_sep23,714,0,130245,106119,24126,0,3,0,3,10,1284.44,3,3,15,13,,
panel/race10_gates,agent_sep23,714,1,130245,106119,24126,0,3,0,3,10,1289.22,3,3,15,13,,
panel/race10_gates,agent_sep23,715,0,142396,110575,31821,0,3,0,0,74,1003.82,3,3,15,10,,
panel/race10_gates,agent_sep23,715,1,142396,110575,31821,0,3,0,0,74,985.926,3,3,15,10,,
panel/race10_gates,ahmed_v25,700,0,121804,97294,24510,0,1,0,3,6,1025.22,3,3,13,17,,
panel/race10_gates,ahmed_v25,700,1,121804,97294,24510,0,1,0,3,6,959.078,3,3,13,17,,
panel/race10_gates,ahmed_v25,701,0,125923,107412,18511,0,2,0,0,0,640.042,3,3,8,16,,
panel/race10_gates,ahmed_v25,701,1,125923,107412,18511,0,2,0,0,0,687.388,3,3,8,16,,
panel/race10_gates,ahmed_v25,702,0,154648,98566,56082,0,3,0,0,0,416.873,3,3,10,16,,
panel/race10_gates,ahmed_v25,702,1,154648,98566,56082,0,3,0,0,0,314.668,3,3,10,16,,
panel/race10_gates,ahmed_v25,703,0,123362,95213,28149,0,2,0,1,0,580.688,3,3,11,16,,
panel/race10_gates,ahmed_v25,703,1,123362,95213,28149,0,2,0,1,0,864.545,3,3,11,16,,
panel/race10_gates,ahmed_v25,704,0,80558,49832,30726,0,1,0,2,6,407.815,3,3,12,17,,
panel/race10_gates,ahmed_v25,704,1,80558,49832,30726,0,1,0,2,6,470.934,3,3,12,17,,
panel/race10_gates,ahmed_v25,705,0,101106,89085,12021,0,1,0,0,6,380.62,3,3,12,17,,
panel/race10_gates,ahmed_v25,705,1,101106,89085,12021,0,1,0,0,6,416.682,3,3,12,17,,
panel/race10_gates,ahmed_v25,706,0,121238,98051,23187,0,1,0,2,6,818.714,3,3,15,17,,
panel/race10_gates,ahmed_v25,706,1,121238,98051,23187,0,1,0,2,6,1140.48,3,3,15,17,,
panel/race10_gates,ahmed_v25,707,0,105868,83485,22383,0,1,0,0,6,798.772,3,3,17,17,,
panel/race10_gates,ahmed_v25,707,1,105868,83485,22383,0,1,0,0,6,1049.69,3,3,17,17,,
panel/race10_gates,ahmed_v25,708,0,89909,76290,13619,0,3,0,13,6,532.528,3,3,13,17,,
panel/race10_gates,ahmed_v25,708,1,89909,76290,13619,0,3,0,13,6,486.234,3,3,13,17,,
panel/race10_gates,ahmed_v25,709,0,91067,64473,26594,0,3,0,1,0,882.617,3,3,10,16,,
panel/race10_gates,ahmed_v25,709,1,91067,64473,26594,0,3,0,1,0,964.962,3,3,10,16,,
panel/race10_gates,ahmed_v25,710,0,126246,109907,16339,0,1,0,0,6,1318.68,3,3,13,17,,
panel/race10_gates,ahmed_v25,710,1,126246,109907,16339,0,1,0,0,6,959.315,3,3,13,17,,
panel/race10_gates,ahmed_v25,711,0,88178,63937,24241,0,1,0,1,6,1119.62,3,3,14,17,,
panel/race10_gates,ahmed_v25,711,1,88178,63937,24241,0,1,0,1,6,1332.94,3,3,14,17,,
panel/race10_gates,ahmed_v25,712,0,103208,85315,17893,0,1,0,0,34,751.468,3,3,15,16,,
panel/race10_gates,ahmed_v25,712,1,88434,56852,31582,0,3,0,6,6,1121.67,3,3,11,17,,
panel/race10_gates,ahmed_v25,713,0,126264,97663,28601,0,2,0,5,6,667.069,3,3,14,17,,
panel/race10_gates,ahmed_v25,713,1,126264,97663,28601,0,2,0,5,6,645.382,3,3,14,17,,
panel/race10_gates,ahmed_v25,714,0,138073,103894,34179,0,1,0,2,6,545.005,3,3,14,17,,
panel/race10_gates,ahmed_v25,714,1,138073,103894,34179,0,1,0,2,6,667.1,3,3,14,17,,
panel/race10_gates,ahmed_v25,715,0,153153,119396,33757,0,1,0,0,6,548.493,3,3,14,17,,
panel/race10_gates,ahmed_v25,715,1,153153,119396,33757,0,1,0,0,6,585.227,3,3,14,17,,
panel/race10_gates,arlene_v4_m31,700,0,121375,83544,37831,0,1,0,0,0,1354.71,3,3,14,17,,
panel/race10_gates,arlene_v4_m31,700,1,120977,87675,33302,0,1,0,0,0,1179.69,3,3,13,17,,
panel/race10_gates,arlene_v4_m31,701,0,115531,86595,28936,0,2,0,0,0,839.98,3,3,11,8,,
panel/race10_gates,arlene_v4_m31,701,1,113136,87007,26129,0,2,0,0,0,942.303,3,3,14,8,,
panel/race10_gates,arlene_v4_m31,702,0,152854,85892,66962,0,4,0,0,0,673.209,3,3,13,17,,
panel/race10_gates,arlene_v4_m31,702,1,152854,85892,66962,0,4,0,0,0,566.348,3,3,13,17,,
panel/race10_gates,arlene_v4_m31,703,0,129058,102402,26656,0,2,0,9,0,335.63,3,3,17,17,,
panel/race10_gates,arlene_v4_m31,703,1,160850,115428,45422,0,2,0,0,0,766.126,3,3,18,17,,
panel/race10_gates,arlene_v4_m31,704,0,106136,82857,23279,0,1,0,0,0,1138.18,3,3,13,17,,
panel/race10_gates,arlene_v4_m31,704,1,95371,63310,32061,0,1,0,0,0,1039.85,3,3,13,3,,
panel/race10_gates,arlene_v4_m31,705,0,151986,128484,23502,0,2,0,0,0,1062.96,3,3,12,17,,
panel/race10_gates,arlene_v4_m31,705,1,151986,128484,23502,0,2,0,0,0,789.168,3,3,12,17,,
panel/race10_gates,arlene_v4_m31,706,0,109608,85482,24126,0,1,0,0,0,1223.8,3,3,15,17,,
panel/race10_gates,arlene_v4_m31,706,1,109608,85482,24126,0,1,0,0,0,1270.83,3,3,15,17,,
panel/race10_gates,arlene_v4_m31,707,0,95987,57204,38783,0,2,0,8,0,727.493,3,3,14,3,,
panel/race10_gates,arlene_v4_m31,707,1,95987,57204,38783,0,2,0,8,0,646.337,3,3,14,3,,
panel/race10_gates,arlene_v4_m31,708,0,98781,78916,19865,0,2,0,17,0,804.196,3,3,14,17,,
panel/race10_gates,arlene_v4_m31,708,1,98781,78916,19865,0,2,0,17,0,853.38,3,3,14,17,,
panel/race10_gates,arlene_v4_m31,709,0,110357,86837,23520,0,3,0,0,0,892.188,3,3,8,17,,
panel/race10_gates,arlene_v4_m31,709,1,110357,86837,23520,0,3,0,0,0,710.511,3,3,8,17,,
panel/race10_gates,arlene_v4_m31,710,0,91438,71097,20341,0,1,0,0,0,549.398,3,3,12,17,,
panel/race10_gates,arlene_v4_m31,710,1,91438,71097,20341,0,1,0,0,0,444.707,3,3,12,17,,
panel/race10_gates,arlene_v4_m31,711,0,99573,76007,23566,0,1,0,0,0,1014.58,3,3,14,17,,
panel/race10_gates,arlene_v4_m31,711,1,99573,76007,23566,0,1,0,0,0,918.337,3,3,14,17,,
panel/race10_gates,arlene_v4_m31,712,0,90431,68911,21520,0,1,0,0,0,378.722,3,3,11,16,,
panel/race10_gates,arlene_v4_m31,712,1,112987,87845,25142,0,3,0,0,0,822.416,3,3,16,17,,
panel/race10_gates,arlene_v4_m31,713,0,118714,92501,26213,0,2,0,0,0,609.987,3,3,15,17,,
panel/race10_gates,arlene_v4_m31,713,1,118970,92557,26413,0,2,0,0,0,581.186,3,3,15,17,,
panel/race10_gates,arlene_v4_m31,714,0,123569,89547,34022,0,2,0,0,0,762.178,3,3,14,8,,
panel/race10_gates,arlene_v4_m31,714,1,123569,89547,34022,0,2,0,0,0,841.138,3,3,14,8,,
panel/race10_gates,arlene_v4_m31,715,0,188633,147876,40757,0,1,0,0,0,782.833,3,3,14,17,,
panel/race10_gates,arlene_v4_m31,715,1,188633,147876,40757,0,1,0,0,0,696.247,3,3,14,17,,
panel/race10_gates,investment_context_guarded_001_best,700,0,123246,96074,27172,0,1,0,0,5,933.066,3,3,13,17,,
panel/race10_gates,investment_context_guarded_001_best,700,1,123246,96074,27172,0,1,0,0,5,971.853,3,3,13,17,,
panel/race10_gates,investment_context_guarded_001_best,701,0,129268,117452,11816,0,2,0,0,7,581.259,3,3,8,17,,
panel/race10_gates,investment_context_guarded_001_best,701,1,129268,117452,11816,0,2,0,0,7,559.396,3,3,8,17,,
panel/race10_gates,investment_context_guarded_001_best,702,0,154429,99721,54708,0,3,0,0,4,632.37,3,3,10,17,,
panel/race10_gates,investment_context_guarded_001_best,702,1,154429,99721,54708,0,3,0,0,4,675.094,3,3,10,17,,
panel/race10_gates,investment_context_guarded_001_best,703,0,140508,95249,45259,0,2,0,0,4,502.452,3,3,14,17,,
panel/race10_gates,investment_context_guarded_001_best,703,1,140508,95249,45259,0,2,0,0,4,501.702,3,3,14,17,,
panel/race10_gates,investment_context_guarded_001_best,704,0,82839,65388,17451,0,1,0,0,5,425.354,3,3,9,17,,
panel/race10_gates,investment_context_guarded_001_best,704,1,82839,65388,17451,0,1,0,0,5,364.638,3,3,9,17,,
panel/race10_gates,investment_context_guarded_001_best,705,0,103762,88358,15404,0,1,0,0,5,1026.61,3,3,12,17,,
panel/race10_gates,investment_context_guarded_001_best,705,1,103762,88358,15404,0,1,0,0,5,765.185,3,3,12,17,,
panel/race10_gates,investment_context_guarded_001_best,706,0,121171,98199,22972,0,1,0,2,5,1063.35,3,3,15,17,,
panel/race10_gates,investment_context_guarded_001_best,706,1,121171,98199,22972,0,1,0,2,5,971.731,3,3,15,17,,
panel/race10_gates,investment_context_guarded_001_best,707,0,105857,82475,23382,0,1,0,0,5,964.127,3,3,17,17,,
panel/race10_gates,investment_context_guarded_001_best,707,1,105857,82475,23382,0,1,0,0,5,1161.97,3,3,17,17,,
panel/race10_gates,investment_context_guarded_001_best,708,0,89788,73659,16129,0,3,0,0,5,507.292,3,3,13,17,,
panel/race10_gates,investment_context_guarded_001_best,708,1,89788,73659,16129,0,3,0,0,5,450.201,3,3,13,17,,
panel/race10_gates,investment_context_guarded_001_best,709,0,95972,76070,19902,0,1,0,0,7,292.723,3,3,5,17,,
panel/race10_gates,investment_context_guarded_001_best,709,1,95972,76070,19902,0,1,0,0,7,415.566,3,3,5,17,,
panel/race10_gates,investment_context_guarded_001_best,710,0,124054,107883,16171,0,1,0,0,6,570.975,3,3,13,17,,
panel/race10_gates,investment_context_guarded_001_best,710,1,124054,107883,16171,0,1,0,0,6,621.289,3,3,13,17,,
panel/race10_gates,investment_context_guarded_001_best,711,0,90908,67051,23857,0,1,0,5,5,437.04,3,3,14,17,,
panel/race10_gates,investment_context_guarded_001_best,711,1,90908,67051,23857,0,1,0,5,5,663.532,3,3,14,17,,
panel/race10_gates,investment_context_guarded_001_best,712,0,95464,81634,13830,0,1,0,0,35,417.521,3,3,11,16,,
panel/race10_gates,investment_context_guarded_001_best,712,1,88963,55296,33667,0,2,0,6,5,1425.43,3,3,11,17,,
panel/race10_gates,investment_context_guarded_001_best,713,0,124823,94794,30029,0,2,0,0,5,586.275,3,3,14,17,,
panel/race10_gates,investment_context_guarded_001_best,713,1,124823,94794,30029,0,2,0,0,5,587.25,3,3,14,17,,
panel/race10_gates,investment_context_guarded_001_best,714,0,132236,95734,36502,0,1,0,11,6,709.281,3,3,14,17,,
panel/race10_gates,investment_context_guarded_001_best,714,1,132236,95734,36502,0,1,0,11,6,532.448,3,3,14,17,,
panel/race10_gates,investment_context_guarded_001_best,715,0,141167,112906,28261,0,1,0,0,5,646.788,3,3,14,17,,
panel/race10_gates,investment_context_guarded_001_best,715,1,141167,112906,28261,0,1,0,0,5,465.567,3,3,14,17,,
panel/race10_gates,king_rc4,700,0,115396,92497,22899,0,1,0,0,5,1005.81,3,3,13,17,,
panel/race10_gates,king_rc4,700,1,115396,92497,22899,0,1,0,0,5,1076.74,3,3,13,17,,
panel/race10_gates,king_rc4,701,0,128121,106843,21278,0,2,0,10,7,919.646,3,3,11,8,,
panel/race10_gates,king_rc4,701,1,128121,106843,21278,0,2,0,10,7,871.307,3,3,11,8,,
panel/race10_gates,king_rc4,702,0,135960,99839,36121,0,4,0,0,0,663.829,3,3,16,17,,
panel/race10_gates,king_rc4,702,1,135960,99839,36121,0,4,0,0,0,643.327,3,3,16,17,,
panel/race10_gates,king_rc4,703,0,135211,89415,45796,0,2,0,0,0,445.129,3,3,15,17,,
panel/race10_gates,king_rc4,703,1,135211,89415,45796,0,2,0,0,0,532.605,3,3,15,17,,
panel/race10_gates,king_rc4,704,0,84687,64453,20234,0,1,0,1,8,364.569,3,3,13,3,,
panel/race10_gates,king_rc4,704,1,84687,64453,20234,0,1,0,1,8,501.23,3,3,13,3,,
panel/race10_gates,king_rc4,705,0,107804,89896,17908,0,1,0,0,5,749.671,3,3,12,17,,
panel/race10_gates,king_rc4,705,1,107804,89896,17908,0,1,0,0,5,950.593,3,3,12,17,,
panel/race10_gates,king_rc4,706,0,101812,82623,19189,0,1,0,0,5,749.787,3,3,14,17,,
panel/race10_gates,king_rc4,706,1,101812,82623,19189,0,1,0,0,5,815.498,3,3,14,17,,
panel/race10_gates,king_rc4,707,0,96171,57527,38644,0,1,0,0,2,737.168,3,3,17,3,,
panel/race10_gates,king_rc4,707,1,96171,57527,38644,0,1,0,0,2,755.573,3,3,17,3,,
panel/race10_gates,king_rc4,708,0,90951,73706,17245,0,2,0,0,0,225.226,3,3,16,17,,
panel/race10_gates,king_rc4,708,1,90951,73706,17245,0,2,0,0,0,200.217,3,3,16,17,,
panel/race10_gates,king_rc4,709,0,83917,63605,20312,0,1,0,0,0,422.2,3,3,5,17,,
panel/race10_gates,king_rc4,709,1,83917,63605,20312,0,1,0,0,0,334.8,3,3,5,17,,
panel/race10_gates,king_rc4,710,0,111309,99811,11498,0,1,0,5,0,1021.42,3,3,13,17,,
panel/race10_gates,king_rc4,710,1,111309,99811,11498,0,1,0,5,0,909.194,3,3,13,17,,
panel/race10_gates,king_rc4,711,0,94749,74058,20691,0,1,0,1,0,720.478,3,3,14,17,,
panel/race10_gates,king_rc4,711,1,94749,74058,20691,0,1,0,1,0,624.633,3,3,14,17,,
panel/race10_gates,king_rc4,712,0,84246,54692,29554,0,1,0,13,8,580.071,3,3,12,3,,
panel/race10_gates,king_rc4,712,1,87037,55958,31079,0,1,0,5,9,812.119,3,3,12,3,,
panel/race10_gates,king_rc4,713,0,113361,90208,23153,0,2,0,0,5,525.395,3,3,14,17,,
panel/race10_gates,king_rc4,713,1,113361,90208,23153,0,2,0,0,5,506.223,3,3,14,17,,
panel/race10_gates,king_rc4,714,0,122917,89450,33467,0,2,0,0,14,774.922,3,3,14,8,,
panel/race10_gates,king_rc4,714,1,122917,89450,33467,0,2,0,0,14,637.199,3,3,14,8,,
panel/race10_gates,king_rc4,715,0,153512,127163,26349,0,1,0,0,5,873.421,3,3,14,17,,
panel/race10_gates,king_rc4,715,1,153512,127163,26349,0,1,0,0,5,599.43,3,3,14,17,,
panel/race10_gates,teammate_shoprouter,700,0,124256,85538,38718,0,1,0,5,0,534.242,3,3,14,17,,
panel/race10_gates,teammate_shoprouter,700,1,127749,85445,42304,0,1,0,0,0,1076.68,3,3,13,17,,
panel/race10_gates,teammate_shoprouter,701,0,136496,99980,36516,0,2,0,0,0,810.091,3,3,11,17,,
panel/race10_gates,teammate_shoprouter,701,1,134584,100949,33635,0,2,0,0,0,782.536,3,3,11,17,,
panel/race10_gates,teammate_shoprouter,702,0,153956,85093,68863,0,4,0,0,0,589.98,3,3,13,17,,
panel/race10_gates,teammate_shoprouter,702,1,153956,85093,68863,0,4,0,0,0,500.646,3,3,13,17,,
panel/race10_gates,teammate_shoprouter,703,0,112377,82672,29705,0,3,0,22,0,386.158,3,3,16,17,,
panel/race10_gates,teammate_shoprouter,703,1,112377,82672,29705,0,3,0,22,0,422.149,3,3,16,17,,
panel/race10_gates,teammate_shoprouter,704,0,109632,77075,32557,0,1,0,1,0,1274.14,3,3,13,17,,
panel/race10_gates,teammate_shoprouter,704,1,109584,81061,28523,0,1,0,0,0,996.226,3,3,16,17,,
panel/race10_gates,teammate_shoprouter,705,0,154470,121890,32580,0,1,0,0,0,995.305,3,3,12,17,,
panel/race10_gates,teammate_shoprouter,705,1,154470,121890,32580,0,1,0,0,0,1096.85,3,3,12,17,,
panel/race10_gates,teammate_shoprouter,706,0,111783,69688,42095,0,1,0,0,0,515.7,3,3,15,17,,
panel/race10_gates,teammate_shoprouter,706,1,111783,69688,42095,0,1,0,0,0,448.08,3,3,15,17,,
panel/race10_gates,teammate_shoprouter,707,0,104226,70537,33689,0,1,0,9,0,1050.03,3,3,14,17,,
panel/race10_gates,teammate_shoprouter,707,1,104226,70537,33689,0,1,0,9,0,879.437,3,3,14,17,,
panel/race10_gates,teammate_shoprouter,708,0,90832,69351,21481,0,2,0,0,0,469.163,3,3,14,17,,
panel/race10_gates,teammate_shoprouter,708,1,90832,69351,21481,0,2,0,0,0,431.735,3,3,14,17,,
panel/race10_gates,teammate_shoprouter,709,0,105524,94282,11242,0,3,0,0,0,998.664,3,3,11,17,,
panel/race10_gates,teammate_shoprouter,709,1,105484,94284,11200,0,3,0,0,0,1210.92,3,3,11,17,,
panel/race10_gates,teammate_shoprouter,710,0,93964,65706,28258,0,1,0,0,18,652.687,3,3,12,16,,
panel/race10_gates,teammate_shoprouter,710,1,94487,65852,28635,0,1,0,0,18,659.47,3,3,12,16,,
panel/race10_gates,teammate_shoprouter,711,0,107602,83181,24421,0,2,0,0,0,1070.78,3,3,14,17,,
panel/race10_gates,teammate_shoprouter,711,1,107602,83181,24421,0,2,0,0,0,992.347,3,3,14,17,,
panel/race10_gates,teammate_shoprouter,712,0,110863,87757,23106,0,1,0,0,1,1163.65,3,3,11,16,,
panel/race10_gates,teammate_shoprouter,712,1,97292,68981,28311,0,3,0,0,0,818.294,3,3,13,17,,
panel/race10_gates,teammate_shoprouter,713,0,139205,98809,40396,0,2,0,0,0,745.428,3,3,15,17,,
panel/race10_gates,teammate_shoprouter,713,1,138831,98790,40041,0,2,0,0,0,438.38,3,3,15,17,,
panel/race10_gates,teammate_shoprouter,714,0,123430,87598,35832,0,2,0,7,0,593.486,3,3,14,17,,
panel/race10_gates,teammate_shoprouter,714,1,123430,87598,35832,0,2,0,7,0,553.256,3,3,14,17,,
panel/race10_gates,teammate_shoprouter,715,0,166091,128649,37442,0,1,0,0,0,816.932,3,3,14,17,,
panel/race10_gates,teammate_shoprouter,715,1,166091,128649,37442,0,1,0,0,0,821.888,3,3,14,17,,
panel/race10_gates,two_random_shop_league_v179,700,0,140468,84929,55539,0,2,0,0,0,687.541,3,4,10,23,,
panel/race10_gates,two_random_shop_league_v179,700,1,138124,83953,54171,0,2,0,0,0,724.378,3,4,11,23,,
panel/race10_gates,two_random_shop_league_v179,701,0,129678,57945,71733,0,2,0,0,0,269.11,3,4,12,23,,
panel/race10_gates,two_random_shop_league_v179,701,1,129399,57133,72266,0,2,0,0,0,263.862,3,4,11,23,,
panel/race10_gates,two_random_shop_league_v179,702,0,133239,86953,46286,0,3,0,1,0,339.867,3,4,14,23,,
panel/race10_gates,two_random_shop_league_v179,702,1,132986,74213,58773,0,4,0,0,0,684.571,3,4,14,23,,
panel/race10_gates,two_random_shop_league_v179,703,0,171936,96166,75770,0,2,0,0,0,1341.65,3,4,14,23,,
panel/race10_gates,two_random_shop_league_v179,703,1,171931,96208,75723,0,2,0,0,0,1632.27,3,4,14,23,,
panel/race10_gates,two_random_shop_league_v179,704,0,143610,84857,58753,0,2,0,0,0,928.487,3,4,14,23,,
panel/race10_gates,two_random_shop_league_v179,704,1,147443,87095,60348,0,2,0,0,0,1229.3,3,4,14,23,,
panel/race10_gates,two_random_shop_league_v179,705,0,134646,89913,44733,0,2,0,0,0,429.114,3,4,12,23,,
panel/race10_gates,two_random_shop_league_v179,705,1,133252,79088,54164,0,2,0,0,0,479.611,3,4,12,23,,
panel/race10_gates,two_random_shop_league_v179,706,0,209458,93862,115596,0,2,0,0,0,256.121,3,4,19,22,,
panel/race10_gates,two_random_shop_league_v179,706,1,205518,89560,115958,0,2,0,0,0,343.193,3,4,19,22,,
panel/race10_gates,two_random_shop_league_v179,707,0,225956,132252,93704,0,2,0,0,0,907.782,3,4,20,23,,
panel/race10_gates,two_random_shop_league_v179,707,1,225956,132252,93704,0,2,0,0,0,767.89,3,4,20,23,,
panel/race10_gates,two_random_shop_league_v179,708,0,141733,76773,64960,0,3,0,0,13,511.746,3,3,16,22,,
panel/race10_gates,two_random_shop_league_v179,708,1,141733,76773,64960,0,3,0,0,13,511.985,3,3,16,22,,
panel/race10_gates,two_random_shop_league_v179,709,0,154340,81962,72378,0,2,0,0,0,431.559,3,4,16,23,,
panel/race10_gates,two_random_shop_league_v179,709,1,154340,81962,72378,0,2,0,0,0,435.666,3,4,16,23,,
panel/race10_gates,two_random_shop_league_v179,710,0,178974,119218,59756,0,2,0,5,0,1013.82,3,4,19,23,,
panel/race10_gates,two_random_shop_league_v179,710,1,178652,119191,59461,0,2,0,5,0,1375.73,3,4,19,23,,
panel/race10_gates,two_random_shop_league_v179,711,0,125602,77623,47979,0,2,0,4,0,742.526,3,4,14,23,,
panel/race10_gates,two_random_shop_league_v179,711,1,126727,77337,49390,0,2,0,0,0,584.383,3,4,14,23,,
panel/race10_gates,two_random_shop_league_v179,712,0,137499,87391,50108,0,2,0,0,0,966.672,3,4,17,23,,
panel/race10_gates,two_random_shop_league_v179,712,1,166436,97394,69042,0,3,0,0,0,720.661,3,4,14,23,,
panel/race10_gates,two_random_shop_league_v179,713,0,173430,109410,64020,0,2,0,0,0,1028.31,3,4,14,23,,
panel/race10_gates,two_random_shop_league_v179,713,1,184139,118942,65197,0,2,0,8,0,830.437,3,4,20,23,,
panel/race10_gates,two_random_shop_league_v179,714,0,181930,117872,64058,0,2,0,0,0,849.875,3,4,17,23,,
panel/race10_gates,two_random_shop_league_v179,714,1,181930,117872,64058,0,2,0,0,0,872.851,3,4,17,23,,
panel/race10_gates,two_random_shop_league_v179,715,0,148255,72063,76192,0,3,0,0,0,397.678,3,4,18,23,,
panel/race10_gates,two_random_shop_league_v179,715,1,148255,72063,76192,0,3,0,0,0,397.574,3,4,18,23,,
panel/so2_gates,agent_sep23,700,0,128994,110056,18938,0,1,0,0,57,1428.32,3,3,14,14,,
panel/so2_gates,agent_sep23,700,1,121218,95701,25517,0,1,0,1,71,918.077,3,3,14,14,,
panel/so2_gates,agent_sep23,701,0,129301,98018,31283,0,1,0,0,100,843.237,3,3,12,6,,
panel/so2_gates,agent_sep23,701,1,129301,98018,31283,0,1,0,0,100,982.545,3,3,12,6,,
panel/so2_gates,agent_sep23,702,0,104736,91385,13351,0,2,0,1,14,791.321,3,3,11,9,,
panel/so2_gates,agent_sep23,702,1,104736,91385,13351,0,2,0,1,14,802.054,3,3,11,9,,
panel/so2_gates,agent_sep23,703,0,105551,76768,28783,0,3,0,7,64,1192.39,3,3,14,8,,
panel/so2_gates,agent_sep23,703,1,106386,79083,27303,0,3,0,1,72,509.867,3,3,14,8,,
panel/so2_gates,agent_sep23,704,0,90339,71916,18423,0,2,0,14,67,1096.2,3,3,13,10,,
panel/so2_gates,agent_sep23,704,1,100609,83193,17416,0,2,0,5,48,1089.41,3,3,13,10,,
panel/so2_gates,agent_sep23,705,0,134807,103844,30963,0,2,0,0,110,1256.66,3,3,13,11,,
panel/so2_gates,agent_sep23,705,1,134807,103844,30963,0,2,0,0,110,1131.04,3,3,13,11,,
panel/so2_gates,agent_sep23,706,0,141794,97557,44237,0,3,0,0,21,644.773,3,3,18,12,,
panel/so2_gates,agent_sep23,706,1,141794,97557,44237,0,3,0,0,21,739.762,3,3,18,12,,
panel/so2_gates,agent_sep23,707,0,127579,101125,26454,0,2,0,0,23,1476.74,3,3,12,10,,
panel/so2_gates,agent_sep23,707,1,127579,101125,26454,0,2,0,0,23,1734.69,3,3,12,10,,
panel/so2_gates,agent_sep23,708,0,121218,96352,24866,0,3,0,0,17,955.166,3,3,14,13,,
panel/so2_gates,agent_sep23,708,1,121218,96352,24866,0,3,0,0,17,938.725,3,3,14,13,,
panel/so2_gates,agent_sep23,709,0,84668,64278,20390,0,1,0,0,48,1068.76,3,3,14,10,,
panel/so2_gates,agent_sep23,709,1,84668,64278,20390,0,1,0,0,48,1052.03,3,3,14,10,,
panel/so2_gates,agent_sep23,710,0,135002,107288,27714,0,2,0,4,39,1737.27,3,3,15,12,,
panel/so2_gates,agent_sep23,710,1,135002,107288,27714,0,2,0,4,39,1400.97,3,3,15,12,,
panel/so2_gates,agent_sep23,711,0,120794,115169,5625,0,2,0,0,73,755.62,3,3,13,13,,
panel/so2_gates,agent_sep23,711,1,120794,115169,5625,0,2,0,0,73,903.121,3,3,13,13,,
panel/so2_gates,agent_sep23,712,0,100381,76552,23829,0,2,0,0,4,939.743,3,3,12,12,,
panel/so2_gates,agent_sep23,712,1,123183,98023,25160,0,3,0,0,37,1357.18,3,3,12,9,,
panel/so2_gates,agent_sep23,713,0,128145,99282,28863,0,1,0,0,81,1153.51,3,3,12,13,,
panel/so2_gates,agent_sep23,713,1,128145,99282,28863,0,1,0,0,81,1025.95,3,3,12,13,,
panel/so2_gates,agent_sep23,714,0,113728,82578,31150,0,3,0,0,62,1118.19,3,3,15,9,,
panel/so2_gates,agent_sep23,714,1,113728,82578,31150,0,3,0,0,62,883.147,3,3,15,9,,
panel/so2_gates,agent_sep23,715,0,145231,116111,29120,0,2,0,0,162,1131.98,3,3,12,11,,
panel/so2_gates,agent_sep23,715,1,145231,116111,29120,0,2,0,0,162,1238.46,3,3,12,11,,
panel/so2_gates,ahmed_v25,700,0,150187,117452,32735,0,4,0,0,6,1001.83,3,3,11,17,,
panel/so2_gates,ahmed_v25,700,1,150187,117452,32735,0,4,0,0,6,1013.27,3,3,11,17,,
panel/so2_gates,ahmed_v25,701,0,144461,123189,21272,0,1,0,0,6,901.683,3,3,12,17,,
panel/so2_gates,ahmed_v25,701,1,144461,123189,21272,0,1,0,0,6,576.928,3,3,12,17,,
panel/so2_gates,ahmed_v25,702,0,111429,96467,14962,0,3,0,0,0,947.961,3,3,11,16,,
panel/so2_gates,ahmed_v25,702,1,111479,96471,15008,0,3,0,0,0,927.176,3,3,11,16,,
panel/so2_gates,ahmed_v25,703,0,89918,76752,13166,0,2,0,23,0,641.051,3,3,11,16,,
panel/so2_gates,ahmed_v25,703,1,89918,76752,13166,0,2,0,23,0,1137.8,3,3,11,16,,
panel/so2_gates,ahmed_v25,704,0,108390,95496,12894,0,3,0,0,6,1067.91,3,3,12,17,,
panel/so2_gates,ahmed_v25,704,1,108390,95496,12894,0,3,0,0,6,1103.99,3,3,12,17,,
panel/so2_gates,ahmed_v25,705,0,118711,95722,22989,0,1,0,0,6,694.463,3,3,14,17,,
panel/so2_gates,ahmed_v25,705,1,118711,95722,22989,0,1,0,0,6,721.338,3,3,14,17,,
panel/so2_gates,ahmed_v25,706,0,93393,72978,20415,0,3,0,0,6,561.022,3,3,15,17,,
panel/so2_gates,ahmed_v25,706,1,94553,72974,21579,0,3,0,0,6,598.979,3,3,15,17,,
panel/so2_gates,ahmed_v25,707,0,154552,135371,19181,0,1,0,0,6,977.991,3,3,13,17,,
panel/so2_gates,ahmed_v25,707,1,154552,135371,19181,0,1,0,0,6,976.797,3,3,13,17,,
panel/so2_gates,ahmed_v25,708,0,146788,113786,33002,0,3,0,0,0,455.808,3,3,12,16,,
panel/so2_gates,ahmed_v25,708,1,146788,113786,33002,0,3,0,0,0,460.021,3,3,12,16,,
panel/so2_gates,ahmed_v25,709,0,83563,64856,18707,0,4,0,0,6,556.682,3,3,14,17,,
panel/so2_gates,ahmed_v25,709,1,83563,64856,18707,0,4,0,0,6,573.73,3,3,14,17,,
panel/so2_gates,ahmed_v25,710,0,174220,100046,74174,0,1,0,0,6,770.67,3,3,17,17,,
panel/so2_gates,ahmed_v25,710,1,174220,100046,74174,0,1,0,0,6,815.962,3,3,17,17,,
panel/so2_gates,ahmed_v25,711,0,96211,75939,20272,0,2,0,0,6,637.38,3,3,13,17,,
panel/so2_gates,ahmed_v25,711,1,96211,75939,20272,0,2,0,0,6,638.131,3,3,13,17,,
panel/so2_gates,ahmed_v25,712,0,92411,70390,22021,0,2,0,29,6,1062.07,3,3,9,17,,
panel/so2_gates,ahmed_v25,712,1,92411,70390,22021,0,2,0,29,6,961.504,3,3,9,17,,
panel/so2_gates,ahmed_v25,713,0,148770,126481,22289,0,1,0,2,6,1132.9,3,3,13,17,,
panel/so2_gates,ahmed_v25,713,1,148770,126481,22289,0,1,0,2,6,941.96,3,3,13,17,,
panel/so2_gates,ahmed_v25,714,0,123976,99387,24589,0,2,0,0,6,835.984,3,3,15,17,,
panel/so2_gates,ahmed_v25,714,1,123976,99387,24589,0,2,0,0,6,965.068,3,3,15,17,,
panel/so2_gates,ahmed_v25,715,0,127690,117722,9968,0,2,0,0,6,742.379,3,3,11,17,,
panel/so2_gates,ahmed_v25,715,1,127690,117722,9968,0,2,0,0,6,1047.53,3,3,11,17,,
panel/so2_gates,arlene_v4_m31,700,0,131116,94720,36396,0,2,0,0,0,893.88,3,3,10,3,,
panel/so2_gates,arlene_v4_m31,700,1,131116,94720,36396,0,2,0,0,0,1143.63,3,3,10,3,,
panel/so2_gates,arlene_v4_m31,701,0,106488,88879,17609,0,1,0,0,0,708.487,3,3,11,17,,
panel/so2_gates,arlene_v4_m31,701,1,106310,88788,17522,0,1,0,0,0,999.169,3,3,11,17,,
panel/so2_gates,arlene_v4_m31,702,0,127912,83485,44427,0,3,0,0,0,1183.87,3,3,11,8,,
panel/so2_gates,arlene_v4_m31,702,1,127912,83485,44427,0,3,0,0,0,1054.78,3,3,11,8,,
panel/so2_gates,arlene_v4_m31,703,0,88477,60234,28243,0,2,0,0,0,715.496,3,3,7,17,,
panel/so2_gates,arlene_v4_m31,703,1,88477,60234,28243,0,2,0,0,0,709.325,3,3,7,17,,
panel/so2_gates,arlene_v4_m31,704,0,102883,88897,13986,0,2,0,7,0,1020.43,3,3,13,17,,
panel/so2_gates,arlene_v4_m31,704,1,102883,88897,13986,0,2,0,7,0,1024.13,3,3,13,17,,
panel/so2_gates,arlene_v4_m31,705,0,113724,82343,31381,0,1,0,0,0,798.889,3,3,14,17,,
panel/so2_gates,arlene_v4_m31,705,1,113724,82343,31381,0,1,0,0,0,796.639,3,3,14,17,,
panel/so2_gates,arlene_v4_m31,706,0,87300,64537,22763,0,3,0,3,0,559.865,3,3,15,8,,
panel/so2_gates,arlene_v4_m31,706,1,87476,64463,23013,0,3,0,3,0,423.894,3,3,15,8,,
panel/so2_gates,arlene_v4_m31,707,0,147029,129933,17096,0,1,0,0,0,923.465,3,3,13,17,,
panel/so2_gates,arlene_v4_m31,707,1,147029,129933,17096,0,1,0,0,0,931.257,3,3,13,17,,
panel/so2_gates,arlene_v4_m31,708,0,132901,110327,22574,0,3,0,0,0,504.589,3,3,14,17,,
panel/so2_gates,arlene_v4_m31,708,1,132901,110327,22574,0,3,0,0,0,507.075,3,3,14,17,,
panel/so2_gates,arlene_v4_m31,709,0,93444,77140,16304,0,4,0,0,0,304.168,3,3,13,17,,
panel/so2_gates,arlene_v4_m31,709,1,93444,77140,16304,0,4,0,0,0,431.799,3,3,13,17,,
panel/so2_gates,arlene_v4_m31,710,0,159488,93729,65759,0,1,0,0,0,854.408,3,3,16,17,,
panel/so2_gates,arlene_v4_m31,710,1,159488,93729,65759,0,1,0,0,0,854.587,3,3,16,17,,
panel/so2_gates,arlene_v4_m31,711,0,95119,70922,24197,0,2,0,5,0,805.684,3,3,13,3,,
panel/so2_gates,arlene_v4_m31,711,1,95119,70922,24197,0,2,0,5,0,1297.43,3,3,13,3,,
panel/so2_gates,arlene_v4_m31,712,0,91645,65637,26008,0,2,0,0,0,622.553,3,3,11,3,,
panel/so2_gates,arlene_v4_m31,712,1,91645,65637,26008,0,2,0,0,0,860.147,3,3,11,3,,
panel/so2_gates,arlene_v4_m31,713,0,94234,73705,20529,0,1,0,0,0,506.46,3,3,11,17,,
panel/so2_gates,arlene_v4_m31,713,1,93904,73710,20194,0,1,0,0,0,505.031,3,3,11,17,,
panel/so2_gates,arlene_v4_m31,714,0,108417,76647,31770,0,2,0,0,0,698.846,3,3,16,17,,
panel/so2_gates,arlene_v4_m31,714,1,108417,76647,31770,0,2,0,0,0,437.204,3,3,16,17,,
panel/so2_gates,arlene_v4_m31,715,0,125271,103702,21569,0,1,0,0,0,641.503,3,3,11,17,,
panel/so2_gates,arlene_v4_m31,715,1,125271,103702,21569,0,1,0,0,0,414.525,3,3,11,17,,
panel/so2_gates,investment_context_guarded_001_best,700,0,148279,94157,54122,0,3,0,3,6,684.136,3,3,11,17,,
panel/so2_gates,investment_context_guarded_001_best,700,1,148279,94157,54122,0,3,0,3,6,593.178,3,3,11,17,,
panel/so2_gates,investment_context_guarded_001_best,701,0,138136,119900,18236,0,2,0,10,5,986.257,3,3,12,17,,
panel/so2_gates,investment_context_guarded_001_best,701,1,138136,119900,18236,0,2,0,10,5,1292.64,3,3,12,17,,
panel/so2_gates,investment_context_guarded_001_best,702,0,141993,126554,15439,0,3,0,0,4,342.46,3,3,9,17,,
panel/so2_gates,investment_context_guarded_001_best,702,1,141993,126554,15439,0,3,0,0,4,502.32,3,3,9,17,,
panel/so2_gates,investment_context_guarded_001_best,703,0,145714,97248,48466,0,3,0,0,4,809.201,3,3,19,17,,
panel/so2_gates,investment_context_guarded_001_best,703,1,145714,97248,48466,0,3,0,0,4,751.487,3,3,19,17,,
panel/so2_gates,investment_context_guarded_001_best,704,0,86025,65197,20828,0,3,0,0,5,470.529,3,3,8,17,,
panel/so2_gates,investment_context_guarded_001_best,704,1,86025,65197,20828,0,3,0,0,5,469.293,3,3,8,17,,
panel/so2_gates,investment_context_guarded_001_best,705,0,95865,77075,18790,0,4,0,22,5,758.324,3,3,12,17,,
panel/so2_gates,investment_context_guarded_001_best,705,1,95865,77075,18790,0,4,0,22,5,1202.26,3,3,12,17,,
panel/so2_gates,investment_context_guarded_001_best,706,0,90865,68220,22645,0,3,0,0,6,747.407,3,3,14,17,,
panel/so2_gates,investment_context_guarded_001_best,706,1,90865,68220,22645,0,3,0,0,6,938.726,3,3,14,17,,
panel/so2_gates,investment_context_guarded_001_best,707,0,85214,50762,34452,0,3,0,9,5,580.078,3,3,12,17,,
panel/so2_gates,investment_context_guarded_001_best,707,1,85214,50762,34452,0,3,0,9,5,709.732,3,3,12,17,,
panel/so2_gates,investment_context_guarded_001_best,708,0,92219,87701,4518,0,2,0,0,5,449.541,3,3,12,17,,
panel/so2_gates,investment_context_guarded_001_best,708,1,92219,87701,4518,0,2,0,0,5,512.477,3,3,12,17,,
panel/so2_gates,investment_context_guarded_001_best,709,0,99261,79993,19268,0,5,0,0,4,481.673,3,3,12,17,,
panel/so2_gates,investment_context_guarded_001_best,709,1,99261,79993,19268,0,5,0,0,4,511.284,3,3,12,17,,
panel/so2_gates,investment_context_guarded_001_best,710,0,91334,69095,22239,0,2,0,0,6,692.428,3,3,13,17,,
panel/so2_gates,investment_context_guarded_001_best,710,1,91334,69095,22239,0,2,0,0,6,708.174,3,3,13,17,,
panel/so2_gates,investment_context_guarded_001_best,711,0,98950,83455,15495,0,2,0,0,5,661.999,3,3,14,17,,
panel/so2_gates,investment_context_guarded_001_best,711,1,98950,83455,15495,0,2,0,0,5,863.925,3,3,14,17,,
panel/so2_gates,investment_context_guarded_001_best,712,0,91387,66931,24456,0,3,0,0,5,645.151,3,3,9,17,,
panel/so2_gates,investment_context_guarded_001_best,712,1,91387,66931,24456,0,3,0,0,5,635.785,3,3,9,17,,
panel/so2_gates,investment_context_guarded_001_best,713,0,132903,107094,25809,0,4,0,0,5,685.011,3,3,12,17,,
panel/so2_gates,investment_context_guarded_001_best,713,1,132903,107094,25809,0,4,0,0,5,703.188,3,3,12,17,,
panel/so2_gates,investment_context_guarded_001_best,714,0,142160,108053,34107,0,2,0,6,6,795.131,3,3,17,17,,
panel/so2_gates,investment_context_guarded_001_best,714,1,142160,108053,34107,0,2,0,6,6,747.734,3,3,17,17,,
panel/so2_gates,investment_context_guarded_001_best,715,0,141291,118748,22543,0,3,0,0,5,925.286,3,3,14,17,,
panel/so2_gates,investment_context_guarded_001_best,715,1,141291,118748,22543,0,3,0,0,5,891.295,3,3,14,17,,
panel/so2_gates,king_rc4,700,0,120024,81544,38480,0,3,0,0,0,861.315,3,3,9,17,,
panel/so2_gates,king_rc4,700,1,120024,81544,38480,0,3,0,0,0,855.532,3,3,9,17,,
panel/so2_gates,king_rc4,701,0,130412,110865,19547,0,2,0,0,0,1049.26,3,3,12,17,,
panel/so2_gates,king_rc4,701,1,129969,111348,18621,0,2,0,0,0,988.086,3,3,12,17,,
panel/so2_gates,king_rc4,702,0,125597,111880,13717,0,3,0,0,0,643.346,3,3,11,17,,
panel/so2_gates,king_rc4,702,1,125597,111880,13717,0,3,0,0,0,791.894,3,3,11,17,,
panel/so2_gates,king_rc4,703,0,132671,97233,35438,0,3,0,4,0,2207.18,3,3,16,17,,
panel/so2_gates,king_rc4,703,1,132671,97233,35438,0,3,0,4,0,1770.64,3,3,16,17,,
panel/so2_gates,king_rc4,704,0,86813,63095,23718,0,3,0,0,2,1170.19,3,3,12,3,,
panel/so2_gates,king_rc4,704,1,86813,63095,23718,0,3,0,0,2,940.332,3,3,12,3,,
panel/so2_gates,king_rc4,705,0,102484,83213,19271,0,2,0,5,5,645.706,3,3,12,17,,
panel/so2_gates,king_rc4,705,1,102484,83213,19271,0,2,0,5,5,684.708,3,3,12,17,,
panel/so2_gates,king_rc4,706,0,104816,74957,29859,0,3,0,0,14,507.866,3,3,13,8,,
panel/so2_gates,king_rc4,706,1,104816,74957,29859,0,3,0,0,14,660.453,3,3,13,8,,
panel/so2_gates,king_rc4,707,0,86734,49866,36868,0,3,0,0,2,1135.07,3,3,13,3,,
panel/so2_gates,king_rc4,707,1,86734,49866,36868,0,3,0,0,2,868.818,3,3,13,3,,
panel/so2_gates,king_rc4,708,0,89661,72438,17223,0,2,0,0,0,534.67,3,3,15,17,,
panel/so2_gates,king_rc4,708,1,89661,72438,17223,0,2,0,0,0,575.086,3,3,15,17,,
panel/so2_gates,king_rc4,709,0,91331,67839,23492,0,5,0,0,0,2256.22,3,3,14,17,,
panel/so2_gates,king_rc4,709,1,91331,67839,23492,0,5,0,0,0,1341.95,3,3,14,17,,
panel/so2_gates,king_rc4,710,0,117669,90370,27299,0,2,0,0,6,1442.42,3,3,13,8,,
panel/so2_gates,king_rc4,710,1,117669,90370,27299,0,2,0,0,6,1483.33,3,3,13,8,,
panel/so2_gates,king_rc4,711,0,91733,77275,14458,0,2,0,24,0,805.174,3,3,14,17,,
panel/so2_gates,king_rc4,711,1,91733,77275,14458,0,2,0,24,0,705.965,3,3,14,17,,
panel/so2_gates,king_rc4,712,0,86153,66948,19205,0,3,0,0,2,564.412,3,3,10,3,,
panel/so2_gates,king_rc4,712,1,86153,66948,19205,0,3,0,0,2,637.391,3,3,10,3,,
panel/so2_gates,king_rc4,713,0,139785,115049,24736,0,3,0,0,5,770.5,3,3,16,17,,
panel/so2_gates,king_rc4,713,1,139785,115049,24736,0,3,0,0,5,689.732,3,3,16,17,,
panel/so2_gates,king_rc4,714,0,134363,95704,38659,0,2,0,0,14,1088.07,3,3,16,8,,
panel/so2_gates,king_rc4,714,1,134363,95704,38659,0,2,0,0,14,1021.68,3,3,16,8,,
panel/so2_gates,king_rc4,715,0,140869,125072,15797,0,3,0,0,5,1597.53,3,3,14,17,,
panel/so2_gates,king_rc4,715,1,140869,125072,15797,0,3,0,0,5,1764.03,3,3,14,17,,
panel/so2_gates,teammate_shoprouter,700,0,144944,107079,37865,0,3,0,0,0,988.742,3,3,9,17,,
panel/so2_gates,teammate_shoprouter,700,1,144944,107079,37865,0,3,0,0,0,1143.22,3,3,9,17,,
panel/so2_gates,teammate_shoprouter,701,0,146296,113500,32796,0,1,0,0,16,1973.71,3,3,11,16,,
panel/so2_gates,teammate_shoprouter,701,1,145164,113330,31834,0,1,0,0,16,2055.77,3,3,11,16,,
panel/so2_gates,teammate_shoprouter,702,0,126182,79493,46689,0,3,0,0,0,1028.99,3,3,11,17,,
panel/so2_gates,teammate_shoprouter,702,1,126182,79493,46689,0,3,0,0,0,1077.61,3,3,11,17,,
panel/so2_gates,teammate_shoprouter,703,0,86205,61936,24269,0,2,0,0,0,483.945,3,3,8,17,,
panel/so2_gates,teammate_shoprouter,703,1,86205,61936,24269,0,2,0,0,0,468.087,3,3,8,17,,
panel/so2_gates,teammate_shoprouter,704,0,102058,82600,19458,0,2,0,0,0,929.013,3,3,13,17,,
panel/so2_gates,teammate_shoprouter,704,1,102058,82600,19458,0,2,0,0,0,1047.41,3,3,13,17,,
panel/so2_gates,teammate_shoprouter,705,0,117635,80492,37143,0,1,0,0,0,947.448,3,3,14,17,,
panel/so2_gates,teammate_shoprouter,705,1,117635,80492,37143,0,1,0,0,0,787.577,3,3,14,17,,
panel/so2_gates,teammate_shoprouter,706,0,90241,61912,28329,0,3,0,0,0,909.33,3,3,15,17,,
panel/so2_gates,teammate_shoprouter,706,1,89940,62020,27920,0,3,0,0,0,790.587,3,3,15,17,,
panel/so2_gates,teammate_shoprouter,707,0,144686,120159,24527,0,1,0,0,0,1012.8,3,3,13,17,,
panel/so2_gates,teammate_shoprouter,707,1,144686,120159,24527,0,1,0,0,0,883.971,3,3,13,17,,
panel/so2_gates,teammate_shoprouter,708,0,128356,101302,27054,0,3,0,0,0,524.068,3,3,14,17,,
panel/so2_gates,teammate_shoprouter,708,1,128356,101302,27054,0,3,0,0,0,614.369,3,3,14,17,,
panel/so2_gates,teammate_shoprouter,709,0,90866,66196,24670,0,4,0,0,0,1039.14,3,3,13,17,,
panel/so2_gates,teammate_shoprouter,709,1,90866,66196,24670,0,4,0,0,0,886.301,3,3,13,17,,
panel/so2_gates,teammate_shoprouter,710,0,144305,102686,41619,0,1,0,2,0,702.481,3,3,18,17,,
panel/so2_gates,teammate_shoprouter,710,1,144239,102679,41560,0,1,0,2,0,953.511,3,3,18,17,,
panel/so2_gates,teammate_shoprouter,711,0,92816,64353,28463,0,2,0,0,0,728.977,3,3,13,17,,
panel/so2_gates,teammate_shoprouter,711,1,92816,64353,28463,0,2,0,0,0,793.751,3,3,13,17,,
panel/so2_gates,teammate_shoprouter,712,0,86652,52675,33977,0,2,0,12,0,743.586,3,3,11,17,,
panel/so2_gates,teammate_shoprouter,712,1,86652,52675,33977,0,2,0,12,0,641.18,3,3,11,17,,
panel/so2_gates,teammate_shoprouter,713,0,103666,79233,24433,0,1,0,0,16,612.892,3,3,11,16,,
panel/so2_gates,teammate_shoprouter,713,1,104106,79220,24886,0,1,0,0,16,657.986,3,3,11,16,,
panel/so2_gates,teammate_shoprouter,714,0,113121,85280,27841,0,2,0,0,0,637.12,3,3,15,17,,
panel/so2_gates,teammate_shoprouter,714,1,113121,85280,27841,0,2,0,0,0,650.37,3,3,15,17,,
panel/so2_gates,teammate_shoprouter,715,0,137671,108102,29569,0,2,0,0,16,825.331,3,3,11,16,,
panel/so2_gates,teammate_shoprouter,715,1,132892,101596,31296,0,1,0,0,16,579.851,3,3,11,16,,
panel/so2_gates,two_random_shop_league_v179,700,0,125157,72961,52196,0,1,0,0,0,585.848,3,4,10,23,,
panel/so2_gates,two_random_shop_league_v179,700,1,124140,71910,52230,0,1,0,0,0,1170.36,3,4,12,23,,
panel/so2_gates,two_random_shop_league_v179,701,0,162113,96977,65136,0,1,0,2,0,1118.12,3,4,11,23,,
panel/so2_gates,two_random_shop_league_v179,701,1,160225,97816,62409,0,1,0,0,0,1031.66,3,4,11,23,,
panel/so2_gates,two_random_shop_league_v179,702,0,142840,86587,56253,0,2,0,0,0,722.465,3,4,11,23,,
panel/so2_gates,two_random_shop_league_v179,702,1,142835,86588,56247,0,2,0,0,0,901.245,3,4,11,23,,
panel/so2_gates,two_random_shop_league_v179,703,0,126439,73891,52548,0,1,0,0,0,1226.72,3,3,16,22,,
panel/so2_gates,two_random_shop_league_v179,703,1,146871,72434,74437,0,1,0,0,0,968.587,3,3,12,22,,
panel/so2_gates,two_random_shop_league_v179,704,0,150430,78852,71578,0,2,0,0,0,878.843,3,3,14,23,,
panel/so2_gates,two_random_shop_league_v179,704,1,141053,75685,65368,0,2,0,0,0,792.115,3,3,14,23,,
panel/so2_gates,two_random_shop_league_v179,705,0,120779,62964,57815,0,1,0,0,0,715.295,3,4,10,23,,
panel/so2_gates,two_random_shop_league_v179,705,1,118457,62824,55633,0,1,0,0,0,709.277,3,4,12,23,,
panel/so2_gates,two_random_shop_league_v179,706,0,198836,111299,87537,0,1,0,0,0,1781.39,3,4,19,23,,
panel/so2_gates,two_random_shop_league_v179,706,1,198836,111299,87537,0,1,0,0,0,2069.8,3,4,19,23,,
panel/so2_gates,two_random_shop_league_v179,707,0,224814,137104,87710,0,2,0,0,0,680.176,3,4,17,23,,
panel/so2_gates,two_random_shop_league_v179,707,1,224814,137104,87710,0,2,0,0,0,694.948,3,4,17,23,,
panel/so2_gates,two_random_shop_league_v179,708,0,215131,117967,97164,0,1,0,0,0,965.543,3,4,15,22,,
panel/so2_gates,two_random_shop_league_v179,708,1,215131,117967,97164,0,1,0,0,0,974.881,3,4,15,22,,
panel/so2_gates,two_random_shop_league_v179,709,0,127042,86836,40206,0,3,0,0,0,1046.55,3,3,15,23,,
panel/so2_gates,two_random_shop_league_v179,709,1,127367,86794,40573,0,3,0,0,0,1181.18,3,3,15,23,,
panel/so2_gates,two_random_shop_league_v179,710,0,169485,106542,62943,0,2,0,0,0,1531.41,3,4,17,23,,
panel/so2_gates,two_random_shop_league_v179,710,1,190179,122169,68010,0,2,0,0,0,1815.25,3,4,17,23,,
panel/so2_gates,two_random_shop_league_v179,711,0,138404,64206,74198,0,1,0,0,0,1972.87,3,4,13,23,,
panel/so2_gates,two_random_shop_league_v179,711,1,138404,64206,74198,0,1,0,0,0,1904.44,3,4,13,23,,
panel/so2_gates,two_random_shop_league_v179,712,0,137637,79203,58434,0,1,0,2,0,2138.79,3,4,16,23,,
panel/so2_gates,two_random_shop_league_v179,712,1,137915,79252,58663,0,1,0,2,0,1769.96,3,4,16,23,,
panel/so2_gates,two_random_shop_league_v179,713,0,164497,86465,78032,0,1,0,0,0,778.864,3,4,12,23,,
panel/so2_gates,two_random_shop_league_v179,713,1,151202,85054,66148,0,1,0,0,0,780.958,3,4,12,23,,
panel/so2_gates,two_random_shop_league_v179,714,0,156286,80389,75897,0,2,0,0,0,901.866,3,3,14,20,,
panel/so2_gates,two_random_shop_league_v179,714,1,156286,80389,75897,0,2,0,0,0,1014.57,3,3,14,20,,
panel/so2_gates,two_random_shop_league_v179,715,0,149716,78118,71598,0,1,0,0,0,837.782,3,4,13,23,,
panel/so2_gates,two_random_shop_league_v179,715,1,144262,92852,51410,0,1,0,0,0,1273.13,3,4,12,23,,
panel/so2rw_gates,agent_sep23,700,0,119414,105174,14240,0,1,0,0,61,1019.68,3,3,14,14,,
panel/so2rw_gates,agent_sep23,700,1,118991,101312,17679,0,1,0,0,28,2062.53,3,3,14,8,,
panel/so2rw_gates,agent_sep23,701,0,131539,100004,31535,0,1,0,0,85,1452.78,3,3,12,9,,
panel/so2rw_gates,agent_sep23,701,1,131539,100004,31535,0,1,0,0,85,1741.34,3,3,12,9,,
panel/so2rw_gates,agent_sep23,702,0,120686,98027,22659,0,2,0,0,18,1304.24,3,3,11,9,,
panel/so2rw_gates,agent_sep23,702,1,120686,98027,22659,0,2,0,0,18,1316.77,3,3,11,9,,
panel/so2rw_gates,agent_sep23,703,0,110370,73368,37002,0,3,0,0,62,796.127,3,3,14,10,,
panel/so2rw_gates,agent_sep23,703,1,111003,79523,31480,0,3,0,0,54,1576.41,3,3,14,8,,
panel/so2rw_gates,agent_sep23,704,0,94360,73257,21103,0,2,0,4,33,1012.9,3,3,13,10,,
panel/so2rw_gates,agent_sep23,704,1,103362,84022,19340,0,2,0,2,39,1037.99,3,3,13,10,,
panel/so2rw_gates,agent_sep23,705,0,145333,109979,35354,0,1,0,0,10,1023.17,3,3,14,11,,
panel/so2rw_gates,agent_sep23,705,1,145333,109979,35354,0,1,0,0,10,1089.32,3,3,14,11,,
panel/so2rw_gates,agent_sep23,706,0,127745,101583,26162,0,3,0,0,64,801.64,3,3,17,10,,
panel/so2rw_gates,agent_sep23,706,1,127745,101583,26162,0,3,0,0,64,545.375,3,3,17,10,,
panel/so2rw_gates,agent_sep23,707,0,129174,99082,30092,0,2,0,0,44,1537.42,3,3,12,10,,
panel/so2rw_gates,agent_sep23,707,1,129174,99082,30092,0,2,0,0,44,1614.28,3,3,12,10,,
panel/so2rw_gates,agent_sep23,708,0,127456,111378,16078,0,3,0,0,55,1646.88,3,3,14,12,,
panel/so2rw_gates,agent_sep23,708,1,127456,111378,16078,0,3,0,0,55,1299.33,3,3,14,12,,
panel/so2rw_gates,agent_sep23,709,0,91645,71315,20330,0,1,0,0,40,651.936,3,3,14,10,,
panel/so2rw_gates,agent_sep23,709,1,91645,71315,20330,0,1,0,0,40,607.33,3,3,14,10,,
panel/so2rw_gates,agent_sep23,710,0,138159,98634,39525,0,2,0,4,100,1795.26,3,3,15,12,,
panel/so2rw_gates,agent_sep23,710,1,138159,98634,39525,0,2,0,4,100,1473.12,3,3,15,12,,
panel/so2rw_gates,agent_sep23,711,0,120292,101910,18382,0,2,0,21,70,1008.54,3,3,13,13,,
panel/so2rw_gates,agent_sep23,711,1,120292,101910,18382,0,2,0,21,70,1136.55,3,3,13,13,,
panel/so2rw_gates,agent_sep23,712,0,101157,76164,24993,0,2,0,0,18,1462.88,3,3,12,9,,
panel/so2rw_gates,agent_sep23,712,1,126599,97926,28673,0,3,0,2,55,1392.09,3,3,12,7,,
panel/so2rw_gates,agent_sep23,713,0,131058,96268,34790,0,1,0,0,42,905.494,3,3,12,13,,
panel/so2rw_gates,agent_sep23,713,1,131058,96268,34790,0,1,0,0,42,927.089,3,3,12,13,,
panel/so2rw_gates,agent_sep23,714,0,114644,86081,28563,0,3,0,0,62,975.553,3,3,15,9,,
panel/so2rw_gates,agent_sep23,714,1,114644,86081,28563,0,3,0,0,62,1021.39,3,3,15,9,,
panel/so2rw_gates,agent_sep23,715,0,154921,112346,42575,0,1,0,0,124,1837.91,3,3,12,11,,
panel/so2rw_gates,agent_sep23,715,1,154921,112346,42575,0,1,0,0,124,1314.43,3,3,12,11,,
panel/so2rw_gates,ahmed_v25,700,0,144419,104902,39517,0,3,0,0,6,1280.78,3,3,11,17,,
panel/so2rw_gates,ahmed_v25,700,1,144419,104902,39517,0,3,0,0,6,1446.53,3,3,11,17,,
panel/so2rw_gates,ahmed_v25,701,0,137452,115800,21652,0,1,0,0,6,1831.3,3,3,12,17,,
panel/so2rw_gates,ahmed_v25,701,1,137452,115800,21652,0,1,0,0,6,1266.13,3,3,12,17,,
panel/so2rw_gates,ahmed_v25,702,0,123740,96338,27402,0,3,0,0,0,3042.34,3,3,11,16,,
panel/so2rw_gates,ahmed_v25,702,1,123740,96338,27402,0,3,0,0,0,2686.49,3,3,11,16,,
panel/so2rw_gates,ahmed_v25,703,0,89809,73564,16245,0,2,0,0,0,624.061,3,3,7,16,,
panel/so2rw_gates,ahmed_v25,703,1,89809,73564,16245,0,2,0,0,0,831.125,3,3,7,16,,
panel/so2rw_gates,ahmed_v25,704,0,100140,85813,14327,0,3,0,0,6,719.327,3,3,13,17,,
panel/so2rw_gates,ahmed_v25,704,1,100140,85813,14327,0,3,0,0,6,972.077,3,3,13,17,,
panel/so2rw_gates,ahmed_v25,705,0,113155,91956,21199,0,1,0,0,6,1361.64,3,3,14,17,,
panel/so2rw_gates,ahmed_v25,705,1,113155,91956,21199,0,1,0,0,6,649.336,3,3,14,17,,
panel/so2rw_gates,ahmed_v25,706,0,91405,62962,28443,0,3,0,6,6,766.82,3,3,16,17,,
panel/so2rw_gates,ahmed_v25,706,1,91405,62962,28443,0,3,0,6,6,1059.88,3,3,16,17,,
panel/so2rw_gates,ahmed_v25,707,0,156110,134912,21198,0,1,0,0,6,1138.13,3,3,13,17,,
panel/so2rw_gates,ahmed_v25,707,1,156110,134912,21198,0,1,0,0,6,1370.73,3,3,13,17,,
panel/so2rw_gates,ahmed_v25,708,0,142596,106262,36334,0,3,0,0,0,784.353,3,3,12,16,,
panel/so2rw_gates,ahmed_v25,708,1,142596,106262,36334,0,3,0,0,0,808.028,3,3,12,16,,
panel/so2rw_gates,ahmed_v25,709,0,85833,67730,18103,0,4,0,0,6,1050.55,3,3,14,17,,
panel/so2rw_gates,ahmed_v25,709,1,85833,67730,18103,0,4,0,0,6,516.421,3,3,14,17,,
panel/so2rw_gates,ahmed_v25,710,0,176590,99663,76927,0,1,0,1,6,1029.41,3,3,17,17,,
panel/so2rw_gates,ahmed_v25,710,1,176579,99618,76961,0,1,0,1,6,1348.5,3,3,17,17,,
panel/so2rw_gates,ahmed_v25,711,0,97017,76224,20793,0,2,0,0,6,1189.78,3,3,13,17,,
panel/so2rw_gates,ahmed_v25,711,1,97017,76224,20793,0,2,0,0,6,1230.11,3,3,13,17,,
panel/so2rw_gates,ahmed_v25,712,0,94493,70530,23963,0,2,0,31,6,1210.02,3,3,9,17,,
panel/so2rw_gates,ahmed_v25,712,1,94493,70530,23963,0,2,0,31,6,1195.36,3,3,9,17,,
panel/so2rw_gates,ahmed_v25,713,0,149644,127411,22233,0,1,0,8,6,1383.05,3,3,13,17,,
panel/so2rw_gates,ahmed_v25,713,1,149644,127411,22233,0,1,0,8,6,1445.39,3,3,13,17,,
panel/so2rw_gates,ahmed_v25,714,0,121511,98130,23381,0,2,0,2,6,1380.79,3,3,15,17,,
panel/so2rw_gates,ahmed_v25,714,1,121511,98130,23381,0,2,0,2,6,975.59,3,3,15,17,,
panel/so2rw_gates,ahmed_v25,715,0,125575,111626,13949,0,2,0,0,6,1129.89,3,3,12,17,,
panel/so2rw_gates,ahmed_v25,715,1,125575,111626,13949,0,2,0,0,6,1698.93,3,3,12,17,,
panel/so2rw_gates,arlene_v4_m31,700,0,134235,98080,36155,0,2,0,0,0,1749.18,3,3,11,17,,
panel/so2rw_gates,arlene_v4_m31,700,1,134235,98080,36155,0,2,0,0,0,1029.84,3,3,11,17,,
panel/so2rw_gates,arlene_v4_m31,701,0,143464,118583,24881,0,1,0,1,0,1102.94,3,3,11,17,,
panel/so2rw_gates,arlene_v4_m31,701,1,146642,120030,26612,0,1,0,0,0,1175.9,3,3,11,17,,
panel/so2rw_gates,arlene_v4_m31,702,0,125363,90782,34581,0,3,0,0,0,1804.62,3,3,11,8,,
panel/so2rw_gates,arlene_v4_m31,702,1,125363,90782,34581,0,3,0,0,0,1451.55,3,3,11,8,,
panel/so2rw_gates,arlene_v4_m31,703,0,88196,61101,27095,0,2,0,0,0,649.226,3,3,6,17,,
panel/so2rw_gates,arlene_v4_m31,703,1,88196,61101,27095,0,2,0,0,0,696.941,3,3,6,17,,
panel/so2rw_gates,arlene_v4_m31,704,0,105093,89243,15850,0,2,0,0,0,819.295,3,3,13,17,,
panel/so2rw_gates,arlene_v4_m31,704,1,105093,89243,15850,0,2,0,0,0,1227.73,3,3,13,17,,
panel/so2rw_gates,arlene_v4_m31,705,0,118945,81162,37783,0,1,0,0,0,1943.77,3,3,14,17,,
panel/so2rw_gates,arlene_v4_m31,705,1,118945,81162,37783,0,1,0,0,0,812.637,3,3,14,17,,
panel/so2rw_gates,arlene_v4_m31,706,0,90680,64625,26055,0,3,0,0,0,701.182,3,3,15,8,,
panel/so2rw_gates,arlene_v4_m31,706,1,90680,64625,26055,0,3,0,0,0,521.229,3,3,15,8,,
panel/so2rw_gates,arlene_v4_m31,707,0,148146,130468,17678,0,1,0,0,0,1727.34,3,3,13,17,,
panel/so2rw_gates,arlene_v4_m31,707,1,148146,130468,17678,0,1,0,0,0,1987.36,3,3,13,17,,
panel/so2rw_gates,arlene_v4_m31,708,0,133205,105921,27284,0,3,0,0,0,1451.27,3,3,14,17,,
panel/so2rw_gates,arlene_v4_m31,708,1,133205,105921,27284,0,3,0,0,0,951.929,3,3,14,17,,
panel/so2rw_gates,arlene_v4_m31,709,0,88428,69099,19329,0,4,0,2,0,2017.09,3,3,13,17,,
panel/so2rw_gates,arlene_v4_m31,709,1,88428,69099,19329,0,4,0,2,0,1127.59,3,3,13,17,,
panel/so2rw_gates,arlene_v4_m31,710,0,137808,94578,43230,0,1,0,0,0,1087.17,3,3,16,17,,
panel/so2rw_gates,arlene_v4_m31,710,1,137808,94578,43230,0,1,0,0,0,961.383,3,3,16,17,,
panel/so2rw_gates,arlene_v4_m31,711,0,98494,73347,25147,0,2,0,0,0,973.246,3,3,13,3,,
panel/so2rw_gates,arlene_v4_m31,711,1,98494,73347,25147,0,2,0,0,0,982.711,3,3,13,3,,
panel/so2rw_gates,arlene_v4_m31,712,0,92463,66171,26292,0,2,0,0,0,1391.39,3,3,11,3,,
panel/so2rw_gates,arlene_v4_m31,712,1,92463,66171,26292,0,2,0,0,0,1047.73,3,3,11,3,,
panel/so2rw_gates,arlene_v4_m31,713,0,123997,100619,23378,0,1,0,0,0,1282.24,3,3,11,3,,
panel/so2rw_gates,arlene_v4_m31,713,1,123824,100604,23220,0,1,0,0,0,1458.12,3,3,11,3,,
panel/so2rw_gates,arlene_v4_m31,714,0,109979,79598,30381,0,2,0,0,0,876.539,3,3,16,17,,
panel/so2rw_gates,arlene_v4_m31,714,1,109979,79598,30381,0,2,0,0,0,1167.28,3,3,16,17,,
panel/so2rw_gates,arlene_v4_m31,715,0,134188,107414,26774,0,1,0,0,0,1091.37,3,3,11,17,,
panel/so2rw_gates,arlene_v4_m31,715,1,134154,107414,26740,0,1,0,0,0,1204.18,3,3,11,17,,
panel/so2rw_gates,investment_context_guarded_001_best,700,0,146018,90818,55200,0,3,0,14,6,1688.84,3,3,11,17,,
panel/so2rw_gates,investment_context_guarded_001_best,700,1,146018,90818,55200,0,3,0,14,6,3031.92,3,3,11,17,,
panel/so2rw_gates,investment_context_guarded_001_best,701,0,142997,123046,19951,0,2,0,2,5,1589.2,3,3,12,17,,
panel/so2rw_gates,investment_context_guarded_001_best,701,1,142997,123046,19951,0,2,0,2,5,952.099,3,3,12,17,,
panel/so2rw_gates,investment_context_guarded_001_best,702,0,129174,110265,18909,0,3,0,0,4,891.717,3,3,7,17,,
panel/so2rw_gates,investment_context_guarded_001_best,702,1,129174,110265,18909,0,3,0,0,4,776.31,3,3,7,17,,
panel/so2rw_gates,investment_context_guarded_001_best,703,0,146497,98147,48350,0,3,0,6,4,914.971,3,3,19,17,,
panel/so2rw_gates,investment_context_guarded_001_best,703,1,146497,98147,48350,0,3,0,6,4,1754.19,3,3,19,17,,
panel/so2rw_gates,investment_context_guarded_001_best,704,0,86300,66556,19744,0,3,0,0,5,1025.15,3,3,8,17,,
panel/so2rw_gates,investment_context_guarded_001_best,704,1,86300,66556,19744,0,3,0,0,5,872.998,3,3,8,17,,
panel/so2rw_gates,investment_context_guarded_001_best,705,0,95549,78927,16622,0,3,0,10,5,817.411,3,3,12,17,,
panel/so2rw_gates,investment_context_guarded_001_best,705,1,95549,78927,16622,0,3,0,10,5,733.011,3,3,12,17,,
panel/so2rw_gates,investment_context_guarded_001_best,706,0,93074,73832,19242,0,3,0,0,6,575.125,3,3,13,17,,
panel/so2rw_gates,investment_context_guarded_001_best,706,1,93074,73832,19242,0,3,0,0,6,1196.98,3,3,13,17,,
panel/so2rw_gates,investment_context_guarded_001_best,707,0,87426,50363,37063,0,3,0,0,5,732.401,3,3,11,17,,
panel/so2rw_gates,investment_context_guarded_001_best,707,1,87426,50363,37063,0,3,0,0,5,847.951,3,3,11,17,,
panel/so2rw_gates,investment_context_guarded_001_best,708,0,93546,78721,14825,0,2,0,0,5,704.494,3,3,15,17,,
panel/so2rw_gates,investment_context_guarded_001_best,708,1,93546,78721,14825,0,2,0,0,5,714.812,3,3,15,17,,
panel/so2rw_gates,investment_context_guarded_001_best,709,0,102688,80872,21816,0,5,0,0,4,613.177,3,3,13,17,,
panel/so2rw_gates,investment_context_guarded_001_best,709,1,102688,80872,21816,0,5,0,0,4,640.93,3,3,13,17,,
panel/so2rw_gates,investment_context_guarded_001_best,710,0,92983,69794,23189,0,2,0,1,6,859.069,3,3,12,17,,
panel/so2rw_gates,investment_context_guarded_001_best,710,1,92983,69794,23189,0,2,0,1,6,888.483,3,3,12,17,,
panel/so2rw_gates,investment_context_guarded_001_best,711,0,108536,91855,16681,0,2,0,5,5,937.23,3,3,14,17,,
panel/so2rw_gates,investment_context_guarded_001_best,711,1,108536,91855,16681,0,2,0,5,5,1529.81,3,3,14,17,,
panel/so2rw_gates,investment_context_guarded_001_best,712,0,94941,70872,24069,0,2,0,0,5,1046.59,3,3,9,17,,
panel/so2rw_gates,investment_context_guarded_001_best,712,1,94941,70872,24069,0,2,0,0,5,1267.52,3,3,9,17,,
panel/so2rw_gates,investment_context_guarded_001_best,713,0,135064,108604,26460,0,4,0,0,5,911.164,3,3,12,17,,
panel/so2rw_gates,investment_context_guarded_001_best,713,1,135064,108604,26460,0,4,0,0,5,1364.21,3,3,12,17,,
panel/so2rw_gates,investment_context_guarded_001_best,714,0,142391,110634,31757,0,2,0,5,6,676.141,3,3,17,17,,
panel/so2rw_gates,investment_context_guarded_001_best,714,1,142391,110634,31757,0,2,0,5,6,671.545,3,3,17,17,,
panel/so2rw_gates,investment_context_guarded_001_best,715,0,138385,115622,22763,0,3,0,0,5,1058.84,3,3,14,17,,
panel/so2rw_gates,investment_context_guarded_001_best,715,1,138385,115622,22763,0,3,0,0,5,1231.73,3,3,14,17,,
panel/so2rw_gates,king_rc4,700,0,121580,81160,40420,0,3,0,0,0,913.566,3,3,15,17,,
panel/so2rw_gates,king_rc4,700,1,121580,81160,40420,0,3,0,0,0,916.855,3,3,15,17,,
panel/so2rw_gates,king_rc4,701,0,131900,110993,20907,0,2,0,0,0,831.945,3,3,12,17,,
panel/so2rw_gates,king_rc4,701,1,131900,110993,20907,0,2,0,0,0,983.873,3,3,12,17,,
panel/so2rw_gates,king_rc4,702,0,117972,104860,13112,0,3,0,0,0,939.516,3,3,11,17,,
panel/so2rw_gates,king_rc4,702,1,117972,104860,13112,0,3,0,0,0,877.57,3,3,11,17,,
panel/so2rw_gates,king_rc4,703,0,132366,96832,35534,0,3,0,0,0,1280.07,3,3,16,17,,
panel/so2rw_gates,king_rc4,703,1,132366,96832,35534,0,3,0,0,0,1383.34,3,3,16,17,,
panel/so2rw_gates,king_rc4,704,0,86955,62079,24876,0,3,0,0,2,485.957,3,3,12,3,,
panel/so2rw_gates,king_rc4,704,1,86955,62079,24876,0,3,0,0,2,964.408,3,3,12,3,,
panel/so2rw_gates,king_rc4,705,0,103129,82751,20378,0,2,0,5,5,461.418,3,3,12,17,,
panel/so2rw_gates,king_rc4,705,1,103129,82751,20378,0,2,0,5,5,610.625,3,3,12,17,,
panel/so2rw_gates,king_rc4,706,0,93179,64136,29043,0,3,0,0,14,340.123,3,3,13,8,,
panel/so2rw_gates,king_rc4,706,1,92904,64126,28778,0,3,0,0,14,318.285,3,3,13,8,,
panel/so2rw_gates,king_rc4,707,0,88724,50030,38694,0,3,0,0,2,961.498,3,3,13,3,,
panel/so2rw_gates,king_rc4,707,1,88724,50030,38694,0,3,0,0,2,757.325,3,3,13,3,,
panel/so2rw_gates,king_rc4,708,0,92158,73519,18639,0,2,0,0,0,553.452,3,3,15,17,,
panel/so2rw_gates,king_rc4,708,1,92158,73519,18639,0,2,0,0,0,631.652,3,3,15,17,,
panel/so2rw_gates,king_rc4,709,0,98360,76503,21857,0,5,0,0,0,768.015,3,3,10,17,,
panel/so2rw_gates,king_rc4,709,1,98376,77017,21359,0,5,0,0,0,750.621,3,3,13,17,,
panel/so2rw_gates,king_rc4,710,0,114562,86759,27803,0,2,0,9,6,1724.18,3,3,13,8,,
panel/so2rw_gates,king_rc4,710,1,114646,86711,27935,0,2,0,9,6,1424.87,3,3,13,8,,
panel/so2rw_gates,king_rc4,711,0,96407,80424,15983,0,2,0,5,0,1662.95,3,3,14,17,,
panel/so2rw_gates,king_rc4,711,1,96407,80424,15983,0,2,0,5,0,2021.83,3,3,14,17,,
panel/so2rw_gates,king_rc4,712,0,86380,67318,19062,0,3,0,0,2,478.627,3,3,9,3,,
panel/so2rw_gates,king_rc4,712,1,86383,67360,19023,0,3,0,0,2,577.374,3,3,9,3,,
panel/so2rw_gates,king_rc4,713,0,139202,114889,24313,0,3,0,0,5,831.978,3,3,16,17,,
panel/so2rw_gates,king_rc4,713,1,139202,114889,24313,0,3,0,0,5,883.096,3,3,16,17,,
panel/so2rw_gates,king_rc4,714,0,134946,91102,43844,0,2,0,9,14,740.23,3,3,16,8,,
panel/so2rw_gates,king_rc4,714,1,134946,91102,43844,0,2,0,9,14,700.593,3,3,16,8,,
panel/so2rw_gates,king_rc4,715,0,131248,117261,13987,0,3,0,0,5,1223.45,3,3,10,17,,
panel/so2rw_gates,king_rc4,715,1,131248,117261,13987,0,3,0,0,5,1076.77,3,3,10,17,,
panel/so2rw_gates,teammate_shoprouter,700,0,133325,90737,42588,0,2,0,0,0,2020.54,3,3,5,17,,
panel/so2rw_gates,teammate_shoprouter,700,1,133325,90737,42588,0,2,0,0,0,1684.54,3,3,5,17,,
panel/so2rw_gates,teammate_shoprouter,701,0,143226,111981,31245,0,1,0,0,16,1057.08,3,3,11,16,,
panel/so2rw_gates,teammate_shoprouter,701,1,143226,111981,31245,0,1,0,0,16,1857.58,3,3,11,16,,
panel/so2rw_gates,teammate_shoprouter,702,0,126692,88063,38629,0,3,0,0,0,1736.11,3,3,11,17,,
panel/so2rw_gates,teammate_shoprouter,702,1,126692,88063,38629,0,3,0,0,0,2420.57,3,3,11,17,,
panel/so2rw_gates,teammate_shoprouter,703,0,100103,58911,41192,0,2,0,0,0,1432.04,3,3,10,17,,
panel/so2rw_gates,teammate_shoprouter,703,1,100103,58911,41192,0,2,0,0,0,970.427,3,3,10,17,,
panel/so2rw_gates,teammate_shoprouter,704,0,95310,73542,21768,0,2,0,0,0,1590.26,3,3,13,17,,
panel/so2rw_gates,teammate_shoprouter,704,1,95310,73542,21768,0,2,0,0,0,2204.76,3,3,13,17,,
panel/so2rw_gates,teammate_shoprouter,705,0,122954,77936,45018,0,1,0,0,0,1030.98,3,3,14,17,,
panel/so2rw_gates,teammate_shoprouter,705,1,122954,77936,45018,0,1,0,0,0,1153.01,3,3,14,17,,
panel/so2rw_gates,teammate_shoprouter,706,0,91493,62776,28717,0,3,0,6,0,1049.97,3,3,15,17,,
panel/so2rw_gates,teammate_shoprouter,706,1,91493,62776,28717,0,3,0,6,0,507.358,3,3,15,17,,
panel/so2rw_gates,teammate_shoprouter,707,0,144883,120198,24685,0,1,0,0,0,1003.83,3,3,13,17,,
panel/so2rw_gates,teammate_shoprouter,707,1,144883,120198,24685,0,1,0,0,0,1181.44,3,3,13,17,,
panel/so2rw_gates,teammate_shoprouter,708,0,130454,101940,28514,0,3,0,1,0,1586.41,3,3,14,17,,
panel/so2rw_gates,teammate_shoprouter,708,1,130454,101940,28514,0,3,0,1,0,1145.13,3,3,14,17,,
panel/so2rw_gates,teammate_shoprouter,709,0,90483,66301,24182,0,4,0,0,0,1704.84,3,3,13,17,,
panel/so2rw_gates,teammate_shoprouter,709,1,90483,66301,24182,0,4,0,0,0,1436.25,3,3,13,17,,
panel/so2rw_gates,teammate_shoprouter,710,0,146231,103089,43142,0,1,0,0,0,810.099,3,3,18,17,,
panel/so2rw_gates,teammate_shoprouter,710,1,146317,103065,43252,0,1,0,0,0,1411.44,3,3,18,17,,
panel/so2rw_gates,teammate_shoprouter,711,0,94276,65248,29028,0,2,0,2,0,1520.07,3,3,13,17,,
panel/so2rw_gates,teammate_shoprouter,711,1,94276,65248,29028,0,2,0,2,0,1838.63,3,3,13,17,,
panel/so2rw_gates,teammate_shoprouter,712,0,91929,58806,33123,0,3,0,0,0,1268.38,3,3,11,17,,
panel/so2rw_gates,teammate_shoprouter,712,1,91753,58801,32952,0,3,0,0,0,2579.78,3,3,11,17,,
panel/so2rw_gates,teammate_shoprouter,713,0,123720,92570,31150,0,1,0,0,16,1681.06,3,3,11,16,,
panel/so2rw_gates,teammate_shoprouter,713,1,124394,92528,31866,0,1,0,0,16,1102.6,3,3,11,16,,
panel/so2rw_gates,teammate_shoprouter,714,0,97711,74704,23007,0,2,0,0,0,936.339,3,3,15,17,,
panel/so2rw_gates,teammate_shoprouter,714,1,97711,74704,23007,0,2,0,0,0,890.096,3,3,15,17,,
panel/so2rw_gates,teammate_shoprouter,715,0,132567,98999,33568,0,1,0,0,16,1226.49,3,3,11,16,,
panel/so2rw_gates,teammate_shoprouter,715,1,122514,94920,27594,0,1,0,0,16,1048.49,3,3,11,16,,
panel/so2rw_gates,two_random_shop_league_v179,700,0,125270,73005,52265,0,1,0,0,0,666.431,3,4,10,23,,
panel/so2rw_gates,two_random_shop_league_v179,700,1,124735,72104,52631,0,1,0,1,0,975.198,3,4,12,23,,
panel/so2rw_gates,two_random_shop_league_v179,701,0,161115,95619,65496,0,1,0,0,0,876.745,3,4,11,23,,
panel/so2rw_gates,two_random_shop_league_v179,701,1,159540,95802,63738,0,1,0,0,0,1023.82,3,4,12,23,,
panel/so2rw_gates,two_random_shop_league_v179,702,0,144398,89953,54445,0,2,0,0,0,665.129,3,4,11,23,,
panel/so2rw_gates,two_random_shop_league_v179,702,1,144398,89953,54445,0,2,0,0,0,586.373,3,4,11,23,,
panel/so2rw_gates,two_random_shop_league_v179,703,0,125287,72007,53280,0,1,0,0,0,1329.12,3,3,16,22,,
panel/so2rw_gates,two_random_shop_league_v179,703,1,143782,75535,68247,0,1,0,0,0,1143.89,3,3,12,22,,
panel/so2rw_gates,two_random_shop_league_v179,704,0,156946,80179,76767,0,2,0,0,0,980.875,3,3,14,23,,
panel/so2rw_gates,two_random_shop_league_v179,704,1,166006,84170,81836,0,2,0,0,0,851.496,3,3,14,23,,
panel/so2rw_gates,two_random_shop_league_v179,705,0,120779,62964,57815,0,1,0,0,0,884.323,3,4,10,23,,
panel/so2rw_gates,two_random_shop_league_v179,705,1,118932,62746,56186,0,1,0,0,0,798.714,3,4,12,23,,
panel/so2rw_gates,two_random_shop_league_v179,706,0,202701,98678,104023,0,1,0,0,0,1404.79,3,4,19,23,,
panel/so2rw_gates,two_random_shop_league_v179,706,1,202701,98678,104023,0,1,0,0,0,1398.34,3,4,19,23,,
panel/so2rw_gates,two_random_shop_league_v179,707,0,180471,88450,92021,0,1,0,0,0,604.57,3,4,13,23,,
panel/so2rw_gates,two_random_shop_league_v179,707,1,201818,113531,88287,0,1,0,0,0,851.921,3,4,18,23,,
panel/so2rw_gates,two_random_shop_league_v179,708,0,191055,98406,92649,0,1,0,0,0,812.395,3,4,10,22,,
panel/so2rw_gates,two_random_shop_league_v179,708,1,191055,98406,92649,0,1,0,0,0,816.545,3,4,10,22,,
panel/so2rw_gates,two_random_shop_league_v179,709,0,128513,86968,41545,0,3,0,0,0,1031.41,3,3,15,23,,
panel/so2rw_gates,two_random_shop_league_v179,709,1,128599,86995,41604,0,3,0,0,0,1030.75,3,3,15,23,,
panel/so2rw_gates,two_random_shop_league_v179,710,0,155253,87045,68208,0,3,0,64,0,2410.34,4,4,16,23,,
panel/so2rw_gates,two_random_shop_league_v179,710,1,163208,83507,79701,0,3,0,100,0,1457.71,4,4,18,23,,
panel/so2rw_gates,two_random_shop_league_v179,711,0,133344,69093,64251,0,1,0,9,0,777.654,3,4,13,23,,
panel/so2rw_gates,two_random_shop_league_v179,711,1,131606,70138,61468,0,1,0,9,0,1412.14,3,4,13,23,,
panel/so2rw_gates,two_random_shop_league_v179,712,0,138829,80847,57982,0,1,0,13,0,1663.85,3,4,16,23,,
panel/so2rw_gates,two_random_shop_league_v179,712,1,138279,80862,57417,0,1,0,13,0,1692.37,3,4,16,23,,
panel/so2rw_gates,two_random_shop_league_v179,713,0,163268,86791,76477,0,1,0,0,0,662.822,3,4,12,23,,
panel/so2rw_gates,two_random_shop_league_v179,713,1,154471,85189,69282,0,1,0,0,0,518.125,3,4,12,23,,
panel/so2rw_gates,two_random_shop_league_v179,714,0,160521,80771,79750,0,2,0,0,0,653.035,3,3,14,20,,
panel/so2rw_gates,two_random_shop_league_v179,714,1,160521,80771,79750,0,2,0,0,0,654.199,3,3,14,20,,
panel/so2rw_gates,two_random_shop_league_v179,715,0,144562,92292,52270,0,1,0,1,0,750.84,3,4,11,23,,
panel/so2rw_gates,two_random_shop_league_v179,715,1,144617,90832,53785,0,1,0,0,0,1148.91,3,4,11,23,,
panel/trim0_gates,agent_sep23,700,0,148119,121772,26347,0,3,0,0,24,1880.83,3,3,13,14,,
panel/trim0_gates,agent_sep23,700,1,152577,112959,39618,0,3,0,5,23,1394.05,3,3,14,14,,
panel/trim0_gates,agent_sep23,701,0,147274,120208,27066,0,4,0,0,26,760.688,3,3,11,7,,
panel/trim0_gates,agent_sep23,701,1,142675,112223,30452,0,4,0,0,50,905.197,3,3,11,7,,
panel/trim0_gates,agent_sep23,702,0,139870,90061,49809,0,5,0,0,0,858.903,3,3,9,4,,
panel/trim0_gates,agent_sep23,702,1,139870,90061,49809,0,5,0,0,0,728.153,3,3,9,4,,
panel/trim0_gates,agent_sep23,703,0,138279,98751,39528,0,3,0,1,8,1340.18,3,3,13,10,,
panel/trim0_gates,agent_sep23,703,1,152473,101119,51354,0,3,0,0,115,1072.69,3,3,18,11,,
panel/trim0_gates,agent_sep23,704,0,114203,95494,18709,0,2,0,0,33,837.648,3,3,11,9,,
panel/trim0_gates,agent_sep23,704,1,114203,95494,18709,0,2,0,0,33,752.257,3,3,11,9,,
panel/trim0_gates,agent_sep23,705,0,138218,117121,21097,0,2,0,0,64,607.797,3,3,11,12,,
panel/trim0_gates,agent_sep23,705,1,127148,98606,28542,0,2,0,0,65,906.318,3,3,11,12,,
panel/trim0_gates,agent_sep23,706,0,108580,90312,18268,0,4,0,0,87,791.452,3,3,13,14,,
panel/trim0_gates,agent_sep23,706,1,108562,90334,18228,0,4,0,0,87,778.46,3,3,13,14,,
panel/trim0_gates,agent_sep23,707,0,106238,81386,24852,0,2,0,0,38,726.687,3,3,14,11,,
panel/trim0_gates,agent_sep23,707,1,106238,81386,24852,0,2,0,0,38,882.149,3,3,14,11,,
panel/trim0_gates,agent_sep23,708,0,102095,88194,13901,0,4,0,0,56,944.312,3,3,14,14,,
panel/trim0_gates,agent_sep23,708,1,102095,88194,13901,0,4,0,0,56,1007.43,3,3,14,14,,
panel/trim0_gates,agent_sep23,709,0,140621,114284,26337,0,5,0,0,29,1144.28,3,3,13,13,,
panel/trim0_gates,agent_sep23,709,1,140621,114284,26337,0,5,0,0,29,915.953,3,3,13,13,,
panel/trim0_gates,agent_sep23,710,0,114280,94050,20230,0,3,0,0,20,949.371,3,3,11,10,,
panel/trim0_gates,agent_sep23,710,1,114280,94050,20230,0,3,0,0,20,766.409,3,3,11,10,,
panel/trim0_gates,agent_sep23,711,0,117111,103442,13669,0,2,0,0,17,1254.05,3,3,15,11,,
panel/trim0_gates,agent_sep23,711,1,117111,103442,13669,0,2,0,0,17,1102.09,3,3,15,11,,
panel/trim0_gates,agent_sep23,712,0,96895,72404,24491,0,2,0,0,38,658.464,3,3,14,10,,
panel/trim0_gates,agent_sep23,712,1,96237,75040,21197,0,2,0,0,23,905.78,3,3,13,9,,
panel/trim0_gates,agent_sep23,713,0,153087,126869,26218,0,3,0,0,47,1049.45,3,3,15,14,,
panel/trim0_gates,agent_sep23,713,1,153087,126869,26218,0,3,0,0,47,1341.27,3,3,15,14,,
panel/trim0_gates,agent_sep23,714,0,124437,95366,29071,0,3,0,0,45,930.59,3,3,15,13,,
panel/trim0_gates,agent_sep23,714,1,124437,95366,29071,0,3,0,0,45,1071.73,3,3,15,13,,
panel/trim0_gates,agent_sep23,715,0,155524,125292,30232,0,4,0,0,102,746.301,3,3,14,14,,
panel/trim0_gates,agent_sep23,715,1,155524,125292,30232,0,4,0,0,102,1033.29,3,3,14,14,,
panel/trim0_gates,ahmed_v25,700,0,112829,91229,21600,0,1,0,0,6,408.326,3,3,13,17,,
panel/trim0_gates,ahmed_v25,700,1,112829,91229,21600,0,1,0,0,6,672.06,3,3,13,17,,
panel/trim0_gates,ahmed_v25,701,0,122446,113442,9004,0,2,0,0,0,894.196,3,3,8,16,,
panel/trim0_gates,ahmed_v25,701,1,122446,113442,9004,0,2,0,0,0,710.457,3,3,8,16,,
panel/trim0_gates,ahmed_v25,702,0,151577,101576,50001,0,4,0,0,0,463.509,3,3,13,16,,
panel/trim0_gates,ahmed_v25,702,1,151577,101576,50001,0,4,0,0,0,353.355,3,3,13,16,,
panel/trim0_gates,ahmed_v25,703,0,145838,93995,51843,0,2,0,0,0,553.03,3,3,12,16,,
panel/trim0_gates,ahmed_v25,703,1,145838,93995,51843,0,2,0,0,0,667.711,3,3,12,16,,
panel/trim0_gates,ahmed_v25,704,0,81064,53488,27576,0,1,0,0,6,662.804,3,3,12,17,,
panel/trim0_gates,ahmed_v25,704,1,81064,53488,27576,0,1,0,0,6,404.977,3,3,12,17,,
panel/trim0_gates,ahmed_v25,705,0,98623,82277,16346,0,1,0,7,6,697.779,3,3,15,17,,
panel/trim0_gates,ahmed_v25,705,1,98623,82277,16346,0,1,0,7,6,693.391,3,3,15,17,,
panel/trim0_gates,ahmed_v25,706,0,104322,74810,29512,0,1,0,0,6,493.08,3,3,15,17,,
panel/trim0_gates,ahmed_v25,706,1,104322,74810,29512,0,1,0,0,6,491.848,3,3,15,17,,
panel/trim0_gates,ahmed_v25,707,0,95209,60094,35115,0,1,0,3,6,339.503,3,3,14,17,,
panel/trim0_gates,ahmed_v25,707,1,95209,60094,35115,0,1,0,3,6,490.728,3,3,14,17,,
panel/trim0_gates,ahmed_v25,708,0,82023,71001,11022,0,3,0,0,6,250.87,3,3,13,17,,
panel/trim0_gates,ahmed_v25,708,1,82023,71001,11022,0,3,0,0,6,254.612,3,3,13,17,,
panel/trim0_gates,ahmed_v25,709,0,109708,93089,16619,0,1,0,0,0,372.893,3,3,7,16,,
panel/trim0_gates,ahmed_v25,709,1,109708,93089,16619,0,1,0,0,0,329.204,3,3,7,16,,
panel/trim0_gates,ahmed_v25,710,0,122323,103712,18611,0,2,0,0,6,626.813,3,3,14,17,,
panel/trim0_gates,ahmed_v25,710,1,122323,103712,18611,0,2,0,0,6,435.531,3,3,14,17,,
panel/trim0_gates,ahmed_v25,711,0,89178,65058,24120,0,1,0,1,6,403.666,3,3,14,17,,
panel/trim0_gates,ahmed_v25,711,1,89178,65058,24120,0,1,0,1,6,283.419,3,3,14,17,,
panel/trim0_gates,ahmed_v25,712,0,100200,84323,15877,0,2,0,1,38,361.049,3,3,16,16,,
panel/trim0_gates,ahmed_v25,712,1,85745,57743,28002,0,3,0,0,6,867.067,3,3,11,17,,
panel/trim0_gates,ahmed_v25,713,0,125248,97262,27986,0,2,0,0,6,552.92,3,3,14,17,,
panel/trim0_gates,ahmed_v25,713,1,125248,97262,27986,0,2,0,0,6,432.905,3,3,14,17,,
panel/trim0_gates,ahmed_v25,714,0,137450,100698,36752,0,1,0,6,6,517.595,3,3,15,17,,
panel/trim0_gates,ahmed_v25,714,1,137450,100698,36752,0,1,0,6,6,850.26,3,3,15,17,,
panel/trim0_gates,ahmed_v25,715,0,167437,124361,43076,0,1,0,0,6,547.753,3,3,14,17,,
panel/trim0_gates,ahmed_v25,715,1,167437,124361,43076,0,1,0,0,6,548.437,3,3,14,17,,
panel/trim0_gates,arlene_v4_m31,700,0,118891,89812,29079,0,1,0,0,0,735.426,3,3,15,17,,
panel/trim0_gates,arlene_v4_m31,700,1,118891,89812,29079,0,1,0,0,0,731.04,3,3,15,17,,
panel/trim0_gates,arlene_v4_m31,701,0,107570,85816,21754,0,2,0,0,0,623.519,3,3,9,8,,
panel/trim0_gates,arlene_v4_m31,701,1,107570,85816,21754,0,2,0,0,0,854.792,3,3,9,8,,
panel/trim0_gates,arlene_v4_m31,702,0,150536,92858,57678,0,4,0,0,0,513.107,3,3,13,17,,
panel/trim0_gates,arlene_v4_m31,702,1,150536,92858,57678,0,4,0,0,0,322.347,3,3,13,17,,
panel/trim0_gates,arlene_v4_m31,703,0,131652,91351,40301,0,2,0,0,0,451.04,3,3,15,17,,
panel/trim0_gates,arlene_v4_m31,703,1,131652,91351,40301,0,2,0,0,0,907.693,3,3,15,17,,
panel/trim0_gates,arlene_v4_m31,704,0,86633,62396,24237,0,2,0,3,0,633.892,3,3,14,3,,
panel/trim0_gates,arlene_v4_m31,704,1,86633,62396,24237,0,2,0,3,0,1107.47,3,3,14,3,,
panel/trim0_gates,arlene_v4_m31,705,0,95767,78622,17145,0,2,0,1,0,1325.89,3,3,12,17,,
panel/trim0_gates,arlene_v4_m31,705,1,95767,78622,17145,0,2,0,1,0,1255.82,3,3,12,17,,
panel/trim0_gates,arlene_v4_m31,706,0,95031,74736,20295,0,2,0,12,0,972.888,3,3,14,17,,
panel/trim0_gates,arlene_v4_m31,706,1,95031,74736,20295,0,2,0,12,0,675.12,3,3,14,17,,
panel/trim0_gates,arlene_v4_m31,707,0,100371,67759,32612,0,1,0,0,0,757.241,3,3,14,3,,
panel/trim0_gates,arlene_v4_m31,707,1,100371,67759,32612,0,1,0,0,0,619.424,3,3,14,3,,
panel/trim0_gates,arlene_v4_m31,708,0,83821,67916,15905,0,2,0,24,0,528.241,3,3,14,17,,
panel/trim0_gates,arlene_v4_m31,708,1,83821,67916,15905,0,2,0,24,0,530.083,3,3,14,17,,
panel/trim0_gates,arlene_v4_m31,709,0,96495,70702,25793,0,1,0,0,0,504.787,3,3,6,17,,
panel/trim0_gates,arlene_v4_m31,709,1,96495,70702,25793,0,1,0,0,0,539.847,3,3,6,17,,
panel/trim0_gates,arlene_v4_m31,710,0,105192,87035,18157,0,1,0,1,0,564.353,3,3,13,17,,
panel/trim0_gates,arlene_v4_m31,710,1,105192,87035,18157,0,1,0,1,0,762.067,3,3,13,17,,
panel/trim0_gates,arlene_v4_m31,711,0,87748,59013,28735,0,1,0,0,0,581.514,3,3,14,3,,
panel/trim0_gates,arlene_v4_m31,711,1,87748,59013,28735,0,1,0,0,0,538.242,3,3,14,3,,
panel/trim0_gates,arlene_v4_m31,712,0,96548,78185,18363,0,2,0,0,0,698.214,3,3,15,16,,
panel/trim0_gates,arlene_v4_m31,712,1,91086,62406,28680,0,3,0,4,0,687.663,3,3,11,3,,
panel/trim0_gates,arlene_v4_m31,713,0,110258,89152,21106,0,2,0,0,0,486.672,3,3,14,17,,
panel/trim0_gates,arlene_v4_m31,713,1,110258,89152,21106,0,2,0,0,0,814.112,3,3,14,17,,
panel/trim0_gates,arlene_v4_m31,714,0,121022,90338,30684,0,2,0,0,0,1250.15,3,3,14,8,,
panel/trim0_gates,arlene_v4_m31,714,1,121022,90338,30684,0,2,0,0,0,1253.03,3,3,14,8,,
panel/trim0_gates,arlene_v4_m31,715,0,124219,110655,13564,0,1,0,0,0,783.386,3,3,13,17,,
panel/trim0_gates,arlene_v4_m31,715,1,124219,110655,13564,0,1,0,0,0,602.316,3,3,13,17,,
panel/trim0_gates,investment_context_guarded_001_best,700,0,113127,90478,22649,0,1,0,0,5,485.515,3,3,13,17,,
panel/trim0_gates,investment_context_guarded_001_best,700,1,113127,90478,22649,0,1,0,0,5,482.085,3,3,13,17,,
panel/trim0_gates,investment_context_guarded_001_best,701,0,122539,109376,13163,0,2,0,0,7,436.128,3,3,9,17,,
panel/trim0_gates,investment_context_guarded_001_best,701,1,122539,109376,13163,0,2,0,0,7,706.892,3,3,9,17,,
panel/trim0_gates,investment_context_guarded_001_best,702,0,149832,99612,50220,0,4,0,0,4,727.776,3,3,13,17,,
panel/trim0_gates,investment_context_guarded_001_best,702,1,149832,99612,50220,0,4,0,0,4,728.388,3,3,13,17,,
panel/trim0_gates,investment_context_guarded_001_best,703,0,146381,96001,50380,0,2,0,0,4,728.158,3,3,14,17,,
panel/trim0_gates,investment_context_guarded_001_best,703,1,146381,96001,50380,0,2,0,0,4,495.909,3,3,14,17,,
panel/trim0_gates,investment_context_guarded_001_best,704,0,82212,53465,28747,0,1,0,0,5,455.561,3,3,12,17,,
panel/trim0_gates,investment_context_guarded_001_best,704,1,82212,53465,28747,0,1,0,0,5,747.652,3,3,12,17,,
panel/trim0_gates,investment_context_guarded_001_best,705,0,100747,85503,15244,0,1,0,3,5,766.622,3,3,12,17,,
panel/trim0_gates,investment_context_guarded_001_best,705,1,100747,85503,15244,0,1,0,3,5,474.268,3,3,12,17,,
panel/trim0_gates,investment_context_guarded_001_best,706,0,105634,79302,26332,0,1,0,0,5,458.753,3,3,15,17,,
panel/trim0_gates,investment_context_guarded_001_best,706,1,105634,79302,26332,0,1,0,0,5,855.853,3,3,15,17,,
panel/trim0_gates,investment_context_guarded_001_best,707,0,94012,59775,34237,0,2,0,23,5,984.223,3,3,13,17,,
panel/trim0_gates,investment_context_guarded_001_best,707,1,94012,59775,34237,0,2,0,23,5,894.163,3,3,13,17,,
panel/trim0_gates,investment_context_guarded_001_best,708,0,82291,70207,12084,0,3,0,0,5,297.422,3,3,13,17,,
panel/trim0_gates,investment_context_guarded_001_best,708,1,82291,70207,12084,0,3,0,0,5,485.864,3,3,13,17,,
panel/trim0_gates,investment_context_guarded_001_best,709,0,115265,101225,14040,0,1,0,0,7,241.305,3,3,10,17,,
panel/trim0_gates,investment_context_guarded_001_best,709,1,115265,101225,14040,0,1,0,0,7,241.821,3,3,10,17,,
panel/trim0_gates,investment_context_guarded_001_best,710,0,119625,108913,10712,0,2,0,0,6,1089.42,3,3,14,17,,
panel/trim0_gates,investment_context_guarded_001_best,710,1,119625,108913,10712,0,2,0,0,6,1093.42,3,3,14,17,,
panel/trim0_gates,investment_context_guarded_001_best,711,0,87938,63237,24701,0,1,0,4,5,284.047,3,3,14,17,,
panel/trim0_gates,investment_context_guarded_001_best,711,1,87938,63237,24701,0,1,0,4,5,469.075,3,3,14,17,,
panel/trim0_gates,investment_context_guarded_001_best,712,0,85880,66450,19430,0,1,0,0,37,314.888,3,3,10,16,,
panel/trim0_gates,investment_context_guarded_001_best,712,1,84796,57059,27737,0,2,0,0,5,1504.5,3,3,11,17,,
panel/trim0_gates,investment_context_guarded_001_best,713,0,122273,94116,28157,0,2,0,0,8,465.395,3,3,14,17,,
panel/trim0_gates,investment_context_guarded_001_best,713,1,122273,94116,28157,0,2,0,0,8,464.111,3,3,14,17,,
panel/trim0_gates,investment_context_guarded_001_best,714,0,135965,101079,34886,0,1,0,6,6,334.395,3,3,15,17,,
panel/trim0_gates,investment_context_guarded_001_best,714,1,135965,101079,34886,0,1,0,6,6,332.026,3,3,15,17,,
panel/trim0_gates,investment_context_guarded_001_best,715,0,132130,117425,14705,0,1,0,0,5,569.164,3,3,13,17,,
panel/trim0_gates,investment_context_guarded_001_best,715,1,132130,117425,14705,0,1,0,0,5,621.135,3,3,13,17,,
panel/trim0_gates,king_rc4,700,0,118622,89627,28995,0,1,0,0,5,1088.21,3,3,13,17,,
panel/trim0_gates,king_rc4,700,1,118622,89627,28995,0,1,0,0,5,987.204,3,3,13,17,,
panel/trim0_gates,king_rc4,701,0,113693,93205,20488,0,2,0,0,7,756.395,3,3,9,8,,
panel/trim0_gates,king_rc4,701,1,115107,93275,21832,0,2,0,0,7,789.609,3,3,9,8,,
panel/trim0_gates,king_rc4,702,0,136203,105235,30968,0,4,0,0,0,1018.69,3,3,16,17,,
panel/trim0_gates,king_rc4,702,1,136203,105235,30968,0,4,0,0,0,745.148,3,3,16,17,,
panel/trim0_gates,king_rc4,703,0,132355,90907,41448,0,2,0,2,0,932.719,3,3,15,17,,
panel/trim0_gates,king_rc4,703,1,132355,90907,41448,0,2,0,2,0,893.589,3,3,15,17,,
panel/trim0_gates,king_rc4,704,0,87072,62654,24418,0,2,0,0,2,1010.62,3,3,14,3,,
panel/trim0_gates,king_rc4,704,1,87072,62654,24418,0,2,0,0,2,961.736,3,3,14,3,,
panel/trim0_gates,king_rc4,705,0,95906,78268,17638,0,1,0,0,5,662.548,3,3,12,17,,
panel/trim0_gates,king_rc4,705,1,95906,78268,17638,0,1,0,0,5,891.788,3,3,12,17,,
panel/trim0_gates,king_rc4,706,0,101123,78209,22914,0,1,0,0,5,1040.8,3,3,14,17,,
panel/trim0_gates,king_rc4,706,1,101175,78213,22962,0,1,0,0,5,1037.63,3,3,14,17,,
panel/trim0_gates,king_rc4,707,0,99844,66596,33248,0,1,0,0,2,434.221,3,3,14,3,,
panel/trim0_gates,king_rc4,707,1,99844,66596,33248,0,1,0,0,2,497.802,3,3,14,3,,
panel/trim0_gates,king_rc4,708,0,83772,67965,15807,0,2,0,24,0,520.441,3,3,14,17,,
panel/trim0_gates,king_rc4,708,1,83772,67965,15807,0,2,0,24,0,521.7,3,3,14,17,,
panel/trim0_gates,king_rc4,709,0,85388,65000,20388,0,1,0,0,0,696.616,3,3,10,17,,
panel/trim0_gates,king_rc4,709,1,85388,65000,20388,0,1,0,0,0,626.217,3,3,10,17,,
panel/trim0_gates,king_rc4,710,0,118329,94468,23861,0,2,0,0,0,997.001,3,3,13,17,,
panel/trim0_gates,king_rc4,710,1,118364,94477,23887,0,2,0,0,0,870.049,3,3,13,17,,
panel/trim0_gates,king_rc4,711,0,88745,59911,28834,0,1,0,12,2,478.018,3,3,14,3,,
panel/trim0_gates,king_rc4,711,1,88745,59911,28834,0,1,0,12,2,467.293,3,3,14,3,,
panel/trim0_gates,king_rc4,712,0,84194,55199,28995,0,1,0,5,2,498.317,3,3,12,3,,
panel/trim0_gates,king_rc4,712,1,83512,57942,25570,0,2,0,0,2,794.467,3,3,11,3,,
panel/trim0_gates,king_rc4,713,0,97605,78263,19342,0,2,0,0,5,539.504,3,3,14,17,,
panel/trim0_gates,king_rc4,713,1,97605,78263,19342,0,2,0,0,5,570.634,3,3,14,17,,
panel/trim0_gates,king_rc4,714,0,121618,89872,31746,0,2,0,0,14,1402.61,3,3,14,8,,
panel/trim0_gates,king_rc4,714,1,121618,89872,31746,0,2,0,0,14,1283.81,3,3,14,8,,
panel/trim0_gates,king_rc4,715,0,132603,115931,16672,0,1,0,0,5,673.298,3,3,14,17,,
panel/trim0_gates,king_rc4,715,1,132603,115931,16672,0,1,0,0,5,874.659,3,3,14,17,,
panel/trim0_gates,teammate_shoprouter,700,0,129793,85862,43931,0,1,0,0,0,704.808,3,3,13,17,,
panel/trim0_gates,teammate_shoprouter,700,1,129793,85862,43931,0,1,0,0,0,853.875,3,3,13,17,,
panel/trim0_gates,teammate_shoprouter,701,0,115803,92280,23523,0,2,0,0,0,583.05,3,3,9,17,,
panel/trim0_gates,teammate_shoprouter,701,1,115921,92258,23663,0,2,0,0,0,564.632,3,3,9,17,,
panel/trim0_gates,teammate_shoprouter,702,0,151876,93171,58705,0,4,0,0,0,544.505,3,3,13,17,,
panel/trim0_gates,teammate_shoprouter,702,1,151876,93171,58705,0,4,0,0,0,526.11,3,3,13,17,,
panel/trim0_gates,teammate_shoprouter,703,0,130089,92400,37689,0,2,0,0,0,541.259,3,3,15,17,,
panel/trim0_gates,teammate_shoprouter,703,1,130089,92400,37689,0,2,0,0,0,472.926,3,3,15,17,,
panel/trim0_gates,teammate_shoprouter,704,0,79159,42890,36269,0,1,0,0,0,629.703,3,3,12,17,,
panel/trim0_gates,teammate_shoprouter,704,1,79159,42890,36269,0,1,0,0,0,658.775,3,3,12,17,,
panel/trim0_gates,teammate_shoprouter,705,0,99535,78824,20711,0,1,0,0,0,870.123,3,3,12,17,,
panel/trim0_gates,teammate_shoprouter,705,1,99535,78824,20711,0,1,0,0,0,863.61,3,3,12,17,,
panel/trim0_gates,teammate_shoprouter,706,0,101762,69180,32582,0,1,0,7,0,756.131,3,3,14,17,,
panel/trim0_gates,teammate_shoprouter,706,1,101762,69180,32582,0,1,0,7,0,749.094,3,3,14,17,,
panel/trim0_gates,teammate_shoprouter,707,0,95105,60089,35016,0,1,0,0,0,953.874,3,3,12,17,,
panel/trim0_gates,teammate_shoprouter,707,1,95105,60089,35016,0,1,0,0,0,981.321,3,3,12,17,,
panel/trim0_gates,teammate_shoprouter,708,0,79545,58040,21505,0,2,0,0,0,446.62,3,3,14,17,,
panel/trim0_gates,teammate_shoprouter,708,1,79545,58040,21505,0,2,0,0,0,510.682,3,3,14,17,,
panel/trim0_gates,teammate_shoprouter,709,0,104930,71597,33333,0,1,0,0,0,582.978,3,3,9,17,,
panel/trim0_gates,teammate_shoprouter,709,1,104930,71597,33333,0,1,0,0,0,578.615,3,3,9,17,,
panel/trim0_gates,teammate_shoprouter,710,0,105113,83390,21723,0,1,0,0,0,642.264,3,3,13,17,,
panel/trim0_gates,teammate_shoprouter,710,1,105113,83390,21723,0,1,0,0,0,856.76,3,3,13,17,,
panel/trim0_gates,teammate_shoprouter,711,0,87694,52060,35634,0,1,0,10,0,437.719,3,3,14,17,,
panel/trim0_gates,teammate_shoprouter,711,1,87694,52060,35634,0,1,0,10,0,701.304,3,3,14,17,,
panel/trim0_gates,teammate_shoprouter,712,0,94521,67147,27374,0,1,0,0,3,856.46,3,3,11,16,,
panel/trim0_gates,teammate_shoprouter,712,1,88547,48424,40123,0,3,0,0,0,526.972,3,3,12,17,,
panel/trim0_gates,teammate_shoprouter,713,0,127946,92951,34995,0,2,0,0,0,536.111,3,3,14,17,,
panel/trim0_gates,teammate_shoprouter,713,1,127946,92951,34995,0,2,0,0,0,519.886,3,3,14,17,,
panel/trim0_gates,teammate_shoprouter,714,0,117708,85021,32687,0,2,0,0,0,1123.66,3,3,14,17,,
panel/trim0_gates,teammate_shoprouter,714,1,117708,85021,32687,0,2,0,0,0,1158.96,3,3,14,17,,
panel/trim0_gates,teammate_shoprouter,715,0,133807,109053,24754,0,1,0,0,0,612.525,3,3,14,17,,
panel/trim0_gates,teammate_shoprouter,715,1,133807,109053,24754,0,1,0,0,0,691.933,3,3,14,17,,
panel/trim0_gates,two_random_shop_league_v179,700,0,134177,84776,49401,0,2,0,0,0,553.473,3,4,7,23,,
panel/trim0_gates,two_random_shop_league_v179,700,1,136707,83453,53254,0,2,0,0,0,495.871,3,4,7,23,,
panel/trim0_gates,two_random_shop_league_v179,701,0,129843,58155,71688,0,2,0,1,0,1015.48,3,4,15,23,,
panel/trim0_gates,two_random_shop_league_v179,701,1,129361,58125,71236,0,2,0,1,0,1092.95,3,4,15,23,,
panel/trim0_gates,two_random_shop_league_v179,702,0,132799,72733,60066,0,4,0,0,0,735.206,3,4,13,23,,
panel/trim0_gates,two_random_shop_league_v179,702,1,132756,72980,59776,0,4,0,0,0,1286.19,3,4,12,23,,
panel/trim0_gates,two_random_shop_league_v179,703,0,159583,100018,59565,0,2,0,0,0,783.33,3,4,8,23,,
panel/trim0_gates,two_random_shop_league_v179,703,1,161416,100166,61250,0,2,0,0,0,449.547,3,4,8,23,,
panel/trim0_gates,two_random_shop_league_v179,704,0,147203,69904,77299,0,2,0,0,0,559.46,3,4,12,23,,
panel/trim0_gates,two_random_shop_league_v179,704,1,147194,70272,76922,0,2,0,0,0,932.678,3,4,12,23,,
panel/trim0_gates,two_random_shop_league_v179,705,0,133336,88901,44435,0,2,0,0,0,455.303,3,4,12,23,,
panel/trim0_gates,two_random_shop_league_v179,705,1,132523,92059,40464,0,2,0,0,0,522.173,3,4,12,23,,
panel/trim0_gates,two_random_shop_league_v179,706,0,210748,95529,115219,0,2,0,0,0,313.186,3,4,19,22,,
panel/trim0_gates,two_random_shop_league_v179,706,1,205791,91107,114684,0,2,0,0,0,506.054,3,4,19,22,,
panel/trim0_gates,two_random_shop_league_v179,707,0,224296,134339,89957,0,2,0,0,0,961.404,3,4,20,23,,
panel/trim0_gates,two_random_shop_league_v179,707,1,224296,134339,89957,0,2,0,0,0,577.487,3,4,20,23,,
panel/trim0_gates,two_random_shop_league_v179,708,0,134215,79034,55181,0,4,0,0,21,1264.55,3,3,16,22,,
panel/trim0_gates,two_random_shop_league_v179,708,1,134215,79034,55181,0,4,0,0,21,1238.86,3,3,16,22,,
panel/trim0_gates,two_random_shop_league_v179,709,0,151910,81708,70202,0,2,0,0,0,430.677,3,4,16,23,,
panel/trim0_gates,two_random_shop_league_v179,709,1,146449,85601,60848,0,2,0,0,7,817.344,3,4,16,23,,
panel/trim0_gates,two_random_shop_league_v179,710,0,165326,109501,55825,0,2,0,0,0,790.805,3,4,19,23,,
panel/trim0_gates,two_random_shop_league_v179,710,1,169810,110646,59164,0,2,0,0,0,793.757,3,4,19,23,,
panel/trim0_gates,two_random_shop_league_v179,711,0,121439,77452,43987,0,2,0,0,0,721.741,3,4,14,23,,
panel/trim0_gates,two_random_shop_league_v179,711,1,121566,77446,44120,0,2,0,4,0,737.577,3,4,14,23,,
panel/trim0_gates,two_random_shop_league_v179,712,0,137177,91775,45402,0,3,0,9,0,1492.97,3,4,17,23,,
panel/trim0_gates,two_random_shop_league_v179,712,1,158727,99425,59302,0,2,0,0,0,603.313,3,4,13,23,,
panel/trim0_gates,two_random_shop_league_v179,713,0,193888,113433,80455,0,2,0,4,0,688.319,3,4,20,23,,
panel/trim0_gates,two_random_shop_league_v179,713,1,180484,107379,73105,0,2,0,0,0,1225.65,3,4,14,23,,
panel/trim0_gates,two_random_shop_league_v179,714,0,149195,87991,61204,0,2,0,0,0,818.968,3,4,13,23,,
panel/trim0_gates,two_random_shop_league_v179,714,1,149195,87991,61204,0,2,0,0,0,510.633,3,4,13,23,,
panel/trim0_gates,two_random_shop_league_v179,715,0,154734,86718,68016,0,4,0,0,0,375.721,3,4,17,23,,
panel/trim0_gates,two_random_shop_league_v179,715,1,155067,87111,67956,0,4,0,0,0,605.888,3,4,17,23,,
panel/v11,agent_sep23,700,0,106345,82045,24300,0,2,0,0,17,2301.59,3,3,15,9,,
panel/v11,agent_sep23,700,1,99504,84918,14586,0,2,0,9,10,3042.73,3,3,14,9,,
panel/v11,agent_sep23,701,0,129110,110383,18727,0,1,0,0,72,3549.73,3,3,12,11,,
panel/v11,agent_sep23,701,1,129110,110383,18727,0,1,0,0,72,3334.5,3,3,12,11,,
panel/v11,agent_sep23,702,0,131855,116391,15464,0,1,0,0,24,2371.23,3,3,13,10,,
panel/v11,agent_sep23,702,1,131855,116391,15464,0,1,0,0,24,2410.02,3,3,13,10,,
panel/v11,agent_sep23,703,0,111444,101377,10067,0,1,0,8,13,4075.81,3,3,11,13,,
panel/v11,agent_sep23,703,1,111444,101377,10067,0,1,0,8,13,4367.68,3,3,11,13,,
panel/v11,agent_sep23,704,0,148490,129697,18793,0,2,0,0,30,3110.44,3,3,12,12,,
panel/v11,agent_sep23,704,1,146476,126443,20033,0,2,0,0,16,3050.2,3,3,12,12,,
panel/v11,agent_sep23,705,0,157260,136512,20748,0,2,0,0,53,2440.29,3,3,12,12,,
panel/v11,agent_sep23,705,1,157260,136512,20748,0,2,0,0,53,2817.51,3,3,12,12,,
panel/v11,agent_sep23,706,0,133821,117190,16631,0,1,0,0,48,4179,3,3,15,12,,
panel/v11,agent_sep23,706,1,133821,117190,16631,0,1,0,0,48,3779.42,3,3,15,12,,
panel/v11,agent_sep23,707,0,155563,117001,38562,0,1,0,0,49,2156.59,3,3,19,14,,
panel/v11,agent_sep23,707,1,155563,117001,38562,0,1,0,0,49,1372.79,3,3,19,14,,
panel/v11,agent_sep23,708,0,150793,119452,31341,0,2,0,0,102,3223.68,3,3,13,12,,
panel/v11,agent_sep23,708,1,150793,119452,31341,0,2,0,0,102,3214.31,3,3,13,12,,
panel/v11,agent_sep23,709,0,105469,93476,11993,0,2,0,0,13,1955.76,3,3,11,11,,
panel/v11,agent_sep23,709,1,105469,93476,11993,0,2,0,0,13,2608.42,3,3,11,11,,
panel/v11,agent_sep23,710,0,131623,114448,17175,0,1,0,0,120,2214.96,3,3,13,15,,
panel/v11,agent_sep23,710,1,131623,114448,17175,0,1,0,0,120,2066.6,3,3,13,15,,
panel/v11,agent_sep23,711,0,150715,138883,11832,0,2,0,0,49,1863.19,3,3,14,12,,
panel/v11,agent_sep23,711,1,150715,138883,11832,0,2,0,0,49,1715.22,3,3,14,12,,
panel/v11,agent_sep23,712,0,89509,79189,10320,0,2,0,0,18,552.889,3,3,10,10,,
panel/v11,agent_sep23,712,1,91168,81770,9398,0,2,0,19,42,2020.66,3,3,12,14,,
panel/v11,agent_sep23,713,0,132783,108869,23914,0,4,0,0,3,4117.89,3,3,10,12,,
panel/v11,agent_sep23,713,1,132783,108869,23914,0,4,0,0,3,4410.24,3,3,10,12,,
panel/v11,agent_sep23,714,0,121013,95778,25235,0,2,0,0,33,1314.33,3,3,19,11,,
panel/v11,agent_sep23,714,1,121013,95778,25235,0,2,0,0,33,1477.59,3,3,19,11,,
panel/v11,agent_sep23,715,0,108543,94568,13975,0,4,0,0,64,1837.69,3,3,8,12,,
panel/v11,agent_sep23,715,1,104214,97458,6756,0,4,0,0,21,1907.91,3,3,8,11,,
panel/v11,ahmed_v25,700,0,94881,89569,5312,0,3,0,0,6,2895.8,3,3,15,17,,
panel/v11,ahmed_v25,700,1,94881,89569,5312,0,3,0,0,6,2294.36,3,3,15,17,,
panel/v11,ahmed_v25,701,0,102069,88921,13148,0,3,0,0,6,2561.1,3,3,6,17,,
panel/v11,ahmed_v25,701,1,102069,88921,13148,0,3,0,0,6,2944.45,3,3,6,17,,
panel/v11,ahmed_v25,702,0,144378,112048,32330,0,2,0,0,6,2727.61,3,3,6,17,,
panel/v11,ahmed_v25,702,1,144378,112048,32330,0,2,0,0,6,3372.94,3,3,6,17,,
panel/v11,ahmed_v25,703,0,91215,89603,1612,0,2,0,0,0,594.677,2,3,13,16,,
panel/v11,ahmed_v25,703,1,91215,89603,1612,0,2,0,0,0,382.823,2,3,13,16,,
panel/v11,ahmed_v25,704,0,98361,89546,8815,0,3,0,0,6,2182.04,3,3,11,17,,
panel/v11,ahmed_v25,704,1,98361,89546,8815,0,3,0,0,6,2497.25,3,3,11,17,,
panel/v11,ahmed_v25,705,0,143609,131563,12046,0,3,0,0,6,1213.82,3,3,11,17,,
panel/v11,ahmed_v25,705,1,143609,131563,12046,0,3,0,0,6,1250.57,3,3,11,17,,
panel/v11,ahmed_v25,706,0,116903,101689,15214,0,6,0,18,6,3177.32,3,3,12,17,,
panel/v11,ahmed_v25,706,1,116903,101689,15214,0,6,0,18,6,3411.85,3,3,12,17,,
panel/v11,ahmed_v25,707,0,122439,122936,-497,0,3,0,0,6,1618.77,3,3,10,17,,
panel/v11,ahmed_v25,707,1,122439,122936,-497,0,3,0,0,6,2263.24,3,3,10,17,,
panel/v11,ahmed_v25,708,0,130028,122810,7218,0,3,0,0,0,2176.09,3,3,11,16,,
panel/v11,ahmed_v25,708,1,130028,122810,7218,0,3,0,0,0,1524.33,3,3,11,16,,
panel/v11,ahmed_v25,709,0,85952,73002,12950,0,4,0,21,6,3094.19,3,3,11,17,,
panel/v11,ahmed_v25,709,1,85952,73002,12950,0,4,0,21,6,2366.78,3,3,11,17,,
panel/v11,ahmed_v25,710,0,142899,112505,30394,0,3,0,0,6,2871.35,3,3,13,17,,
panel/v11,ahmed_v25,710,1,142899,112505,30394,0,3,0,0,6,3147.57,3,3,13,17,,
panel/v11,ahmed_v25,711,0,151404,118094,33310,0,3,0,0,6,1669.72,3,3,10,17,,
panel/v11,ahmed_v25,711,1,151404,118094,33310,0,3,0,0,6,1672.71,3,3,10,17,,
panel/v11,ahmed_v25,712,0,115091,99656,15435,0,3,0,0,6,2376.84,3,3,12,17,,
panel/v11,ahmed_v25,712,1,115091,99656,15435,0,3,0,0,6,1988.09,3,3,12,17,,
panel/v11,ahmed_v25,713,0,113481,107065,6416,0,4,0,0,6,2502.75,3,3,11,17,,
panel/v11,ahmed_v25,713,1,113481,107065,6416,0,4,0,0,6,2655.15,3,3,11,17,,
panel/v11,ahmed_v25,714,0,133003,88869,44134,0,3,0,0,6,1937.9,3,3,7,17,,
panel/v11,ahmed_v25,714,1,98873,89215,9658,0,3,0,0,6,2389.87,3,3,13,17,,
panel/v11,ahmed_v25,715,0,86360,77601,8759,0,2,0,0,6,1555.26,3,3,7,17,,
panel/v11,ahmed_v25,715,1,86360,77601,8759,0,2,0,0,6,1467.46,3,3,7,17,,
panel/v11,arlene_v4_m31,700,0,126242,98210,28032,0,3,0,0,0,2016,3,3,10,17,,
panel/v11,arlene_v4_m31,700,1,126242,98210,28032,0,3,0,0,0,1940.05,3,3,10,17,,
panel/v11,arlene_v4_m31,701,0,109577,96117,13460,0,3,0,0,0,3368.69,3,3,11,17,,
panel/v11,arlene_v4_m31,701,1,109577,96117,13460,0,3,0,0,0,2875.57,3,3,11,17,,
panel/v11,arlene_v4_m31,702,0,142460,87500,54960,0,3,0,0,0,1633.72,3,3,8,3,,
panel/v11,arlene_v4_m31,702,1,142460,87500,54960,0,3,0,0,0,2535.52,3,3,8,3,,
panel/v11,arlene_v4_m31,703,0,84857,64930,19927,0,2,0,0,0,1329.1,3,3,10,17,,
panel/v11,arlene_v4_m31,703,1,84857,64930,19927,0,2,0,0,0,1611.53,3,3,10,17,,
panel/v11,arlene_v4_m31,704,0,82938,61441,21497,0,3,0,0,0,2243.17,3,3,11,17,,
panel/v11,arlene_v4_m31,704,1,82938,61441,21497,0,3,0,0,0,2946.91,3,3,11,17,,
panel/v11,arlene_v4_m31,705,0,119241,107407,11834,0,3,0,0,0,2932.45,3,3,12,17,,
panel/v11,arlene_v4_m31,705,1,119241,107407,11834,0,3,0,0,0,2803.93,3,3,12,17,,
panel/v11,arlene_v4_m31,706,0,138720,103362,35358,0,3,0,1,0,3744.19,3,3,13,17,,
panel/v11,arlene_v4_m31,706,1,138720,103362,35358,0,3,0,1,0,3012.62,3,3,13,17,,
panel/v11,arlene_v4_m31,707,0,89721,78400,11321,0,3,0,0,0,1992.2,3,3,13,17,,
panel/v11,arlene_v4_m31,707,1,89721,78400,11321,0,3,0,0,0,1697.1,3,3,13,17,,
panel/v11,arlene_v4_m31,708,0,118835,87701,31134,0,4,0,0,0,949.995,3,3,7,8,,
panel/v11,arlene_v4_m31,708,1,118835,87701,31134,0,4,0,0,0,890.938,3,3,7,8,,
panel/v11,arlene_v4_m31,709,0,110661,90048,20613,0,5,0,33,0,2413.11,3,3,13,8,,
panel/v11,arlene_v4_m31,709,1,110661,90048,20613,0,5,0,33,0,2437.96,3,3,13,8,,
panel/v11,arlene_v4_m31,710,0,165437,118517,46920,0,3,0,0,0,1605.49,3,3,14,17,,
panel/v11,arlene_v4_m31,710,1,165437,118517,46920,0,3,0,0,0,1178.78,3,3,14,17,,
panel/v11,arlene_v4_m31,711,0,136310,129409,6901,0,4,0,0,0,1440.79,3,3,11,17,,
panel/v11,arlene_v4_m31,711,1,136310,129409,6901,0,4,0,0,0,1856.54,3,3,11,17,,
panel/v11,arlene_v4_m31,712,0,96925,85952,10973,0,3,0,0,0,2114.82,3,3,15,3,,
panel/v11,arlene_v4_m31,712,1,96925,85952,10973,0,3,0,0,0,1933.83,3,3,15,3,,
panel/v11,arlene_v4_m31,713,0,132062,131114,948,0,2,0,0,0,2103.78,3,3,10,17,,
panel/v11,arlene_v4_m31,713,1,132062,131114,948,0,2,0,0,0,2031.86,3,3,10,17,,
panel/v11,arlene_v4_m31,714,0,124740,113401,11339,0,4,0,0,0,1956.99,3,3,10,17,,
panel/v11,arlene_v4_m31,714,1,106358,85429,20929,0,3,0,1,0,1507.95,3,3,14,17,,
panel/v11,arlene_v4_m31,715,0,86234,73020,13214,0,2,0,0,0,1430.48,3,3,9,3,,
panel/v11,arlene_v4_m31,715,1,86234,73020,13214,0,2,0,0,0,1270.77,3,3,9,3,,
panel/v11,investment_context_guarded_001_best,700,0,102498,92387,10111,0,3,0,0,5,2604.91,3,3,12,17,,
panel/v11,investment_context_guarded_001_best,700,1,102498,92387,10111,0,3,0,0,5,2225.26,3,3,12,17,,
panel/v11,investment_context_guarded_001_best,701,0,126982,126173,809,0,5,0,0,6,2959.05,3,3,10,17,,
panel/v11,investment_context_guarded_001_best,701,1,126982,126173,809,0,5,0,0,6,2237.89,3,3,10,17,,
panel/v11,investment_context_guarded_001_best,702,0,131189,92559,38630,0,2,0,0,5,2359.14,3,3,11,17,,
panel/v11,investment_context_guarded_001_best,702,1,131189,92559,38630,0,2,0,0,5,1770.44,3,3,11,17,,
panel/v11,investment_context_guarded_001_best,703,0,85707,83344,2363,0,2,0,0,4,1831.46,3,3,9,17,,
panel/v11,investment_context_guarded_001_best,703,1,85707,83344,2363,0,2,0,0,4,1138.64,3,3,9,17,,
panel/v11,investment_context_guarded_001_best,704,0,100141,87450,12691,0,3,0,0,5,2345.74,3,3,11,17,,
panel/v11,investment_context_guarded_001_best,704,1,100141,87450,12691,0,3,0,0,5,2439.15,3,3,11,17,,
panel/v11,investment_context_guarded_001_best,705,0,110422,98719,11703,0,5,0,0,5,1819.18,3,3,10,17,,
panel/v11,investment_context_guarded_001_best,705,1,110422,98719,11703,0,5,0,0,5,2424.69,3,3,10,17,,
panel/v11,investment_context_guarded_001_best,706,0,133727,101553,32174,0,3,0,0,5,954.509,3,3,12,17,,
panel/v11,investment_context_guarded_001_best,706,1,133727,101553,32174,0,3,0,0,5,1290.53,3,3,12,17,,
panel/v11,investment_context_guarded_001_best,707,0,122179,121813,366,0,3,0,0,5,1743.76,3,3,10,17,,
panel/v11,investment_context_guarded_001_best,707,1,122179,121813,366,0,3,0,0,5,2241.64,3,3,10,17,,
panel/v11,investment_context_guarded_001_best,708,0,120707,118362,2345,0,3,0,3,4,2654.6,3,3,10,17,,
panel/v11,investment_context_guarded_001_best,708,1,120707,118362,2345,0,3,0,3,4,3627.91,3,3,10,17,,
panel/v11,investment_context_guarded_001_best,709,0,88546,71595,16951,0,4,0,21,5,2782.39,3,3,11,17,,
panel/v11,investment_context_guarded_001_best,709,1,88546,71595,16951,0,4,0,21,5,2912.16,3,3,11,17,,
panel/v11,investment_context_guarded_001_best,710,0,108347,100577,7770,0,3,0,0,5,2062.97,3,3,11,17,,
panel/v11,investment_context_guarded_001_best,710,1,108347,100577,7770,0,3,0,0,5,2015.24,3,3,11,17,,
panel/v11,investment_context_guarded_001_best,711,0,116262,101574,14688,0,3,0,0,5,1187.45,3,3,10,17,,
panel/v11,investment_context_guarded_001_best,711,1,116262,101574,14688,0,3,0,0,5,1361.99,3,3,10,17,,
panel/v11,investment_context_guarded_001_best,712,0,92809,75458,17351,0,3,0,0,5,1444.42,3,3,15,17,,
panel/v11,investment_context_guarded_001_best,712,1,92809,75458,17351,0,3,0,0,5,1355.74,3,3,15,17,,
panel/v11,investment_context_guarded_001_best,713,0,100865,90502,10363,0,4,0,0,5,2060.34,3,3,13,17,,
panel/v11,investment_context_guarded_001_best,713,1,100865,90502,10363,0,4,0,0,5,2704.84,3,3,13,17,,
panel/v11,investment_context_guarded_001_best,714,0,96990,85631,11359,0,4,0,0,7,1790.06,3,3,14,17,,
panel/v11,investment_context_guarded_001_best,714,1,92416,76500,15916,0,4,0,0,5,969.873,3,3,11,17,,
panel/v11,investment_context_guarded_001_best,715,0,122813,105914,16899,0,4,0,0,5,2255.91,3,3,11,17,,
panel/v11,investment_context_guarded_001_best,715,1,122813,105914,16899,0,4,0,0,5,2374.53,3,3,11,17,,
panel/v11,king_rc4,700,0,148361,93524,54837,0,3,0,0,3,1949.2,3,3,12,13,,
panel/v11,king_rc4,700,1,157383,92001,65382,0,3,0,0,3,2053.22,3,3,11,13,,
panel/v11,king_rc4,701,0,133364,111616,21748,0,5,0,0,13,4375.78,3,3,15,13,,
panel/v11,king_rc4,701,1,133618,111703,21915,0,5,0,0,12,3466.23,3,3,15,13,,
panel/v11,king_rc4,702,0,120338,91031,29307,0,4,0,0,0,2647.32,3,3,14,13,,
panel/v11,king_rc4,702,1,120338,91031,29307,0,4,0,0,0,1541.93,3,3,14,13,,
panel/v11,king_rc4,703,0,77504,57881,19623,0,2,0,2,0,898.086,3,3,9,16,,
panel/v11,king_rc4,703,1,82250,62640,19610,0,2,0,0,0,1252.94,3,3,9,16,,
panel/v11,king_rc4,704,0,96508,77941,18567,0,2,0,0,5,1735.91,3,3,11,14,,
panel/v11,king_rc4,704,1,96508,77941,18567,0,2,0,0,5,1910.14,3,3,11,14,,
panel/v11,king_rc4,705,0,140584,117635,22949,0,4,0,0,0,1742.32,3,3,12,14,,
panel/v11,king_rc4,705,1,140584,117635,22949,0,4,0,0,0,2162.85,3,3,12,14,,
panel/v11,king_rc4,706,0,95508,87632,7876,0,4,0,0,0,2810.99,3,3,11,14,,
panel/v11,king_rc4,706,1,95508,87632,7876,0,4,0,0,0,1991.25,3,3,11,14,,
panel/v11,king_rc4,707,0,108791,92810,15981,0,3,0,2,0,1501.97,3,3,13,17,,
panel/v11,king_rc4,707,1,107254,99818,7436,0,3,0,5,0,1970.97,3,3,13,17,,
panel/v11,king_rc4,708,0,98180,89964,8216,0,4,0,0,0,1386.72,3,3,6,17,,
panel/v11,king_rc4,708,1,98180,89964,8216,0,4,0,0,0,1185.61,3,3,6,17,,
panel/v11,king_rc4,709,0,104032,92896,11136,0,2,0,0,5,634.789,3,3,11,14,,
panel/v11,king_rc4,709,1,104032,92896,11136,0,2,0,0,5,624.722,3,3,11,14,,
panel/v11,king_rc4,710,0,149907,111033,38874,0,3,0,0,0,3574.05,3,3,16,14,,
panel/v11,king_rc4,710,1,149907,111033,38874,0,3,0,0,0,3074.33,3,3,16,14,,
panel/v11,king_rc4,711,0,152425,129886,22539,0,6,0,0,3,942.965,3,3,11,13,,
panel/v11,king_rc4,711,1,152425,129886,22539,0,6,0,0,3,1067.18,3,3,11,13,,
panel/v11,king_rc4,712,0,92175,80458,11717,0,3,0,0,3,1530.08,3,3,13,13,,
panel/v11,king_rc4,712,1,92408,80179,12229,0,3,0,0,3,1706.4,3,3,13,13,,
panel/v11,king_rc4,713,0,111632,89876,21756,0,5,0,0,3,3622.82,3,3,15,13,,
panel/v11,king_rc4,713,1,112555,91552,21003,0,5,0,0,3,2791.89,3,3,15,13,,
panel/v11,king_rc4,714,0,135559,98152,37407,0,3,0,0,0,2021.23,3,3,9,14,,
panel/v11,king_rc4,714,1,92727,67886,24841,0,4,0,0,0,1115.89,3,3,14,17,,
panel/v11,king_rc4,715,0,135281,120069,15212,0,6,0,0,0,3865.72,3,3,13,13,,
panel/v11,king_rc4,715,1,149339,128154,21185,0,5,0,0,3,2283,3,3,16,13,,
panel/v11,teammate_shoprouter,700,0,112548,81307,31241,0,3,0,0,0,2862.48,3,3,14,17,,
panel/v11,teammate_shoprouter,700,1,112548,81307,31241,0,3,0,0,0,1914.29,3,3,14,17,,
panel/v11,teammate_shoprouter,701,0,108283,82473,25810,0,3,0,0,0,2431.33,3,3,6,17,,
panel/v11,teammate_shoprouter,701,1,108283,82473,25810,0,3,0,0,0,2597.07,3,3,6,17,,
panel/v11,teammate_shoprouter,702,0,144249,104288,39961,0,3,0,0,0,2601.81,3,3,15,17,,
panel/v11,teammate_shoprouter,702,1,144249,104288,39961,0,3,0,0,0,1783.25,3,3,15,17,,
panel/v11,teammate_shoprouter,703,0,85741,64169,21572,0,2,0,0,0,2226.45,3,3,12,17,,
panel/v11,teammate_shoprouter,703,1,85741,64169,21572,0,2,0,0,0,1848.98,3,3,12,17,,
panel/v11,teammate_shoprouter,704,0,92680,71928,20752,0,3,0,0,3,2537.41,3,3,11,17,,
panel/v11,teammate_shoprouter,704,1,92680,71928,20752,0,3,0,0,3,3216.09,3,3,11,17,,
panel/v11,teammate_shoprouter,705,0,116756,97811,18945,0,3,0,0,0,2264.3,3,3,12,17,,
panel/v11,teammate_shoprouter,705,1,116756,97811,18945,0,3,0,0,0,2841.92,3,3,12,17,,
panel/v11,teammate_shoprouter,706,0,139629,97381,42248,0,3,0,0,0,4019.33,3,3,13,17,,
panel/v11,teammate_shoprouter,706,1,139629,97381,42248,0,3,0,0,0,3401.9,3,3,13,17,,
panel/v11,teammate_shoprouter,707,0,85566,73802,11764,0,3,0,0,0,1052.93,3,3,13,17,,
panel/v11,teammate_shoprouter,707,1,85566,73802,11764,0,3,0,0,0,671.059,3,3,13,17,,
panel/v11,teammate_shoprouter,708,0,113991,86654,27337,0,4,0,0,0,1170.85,3,3,6,17,,
panel/v11,teammate_shoprouter,708,1,113991,86654,27337,0,4,0,0,0,1095.7,3,3,6,17,,
panel/v11,teammate_shoprouter,709,0,96042,67545,28497,0,4,0,0,3,3035.11,3,3,11,17,,
panel/v11,teammate_shoprouter,709,1,93453,67584,25869,0,4,0,0,3,2245.54,3,3,11,17,,
panel/v11,teammate_shoprouter,710,0,123270,103337,19933,0,3,0,0,0,2505.79,3,3,14,17,,
panel/v11,teammate_shoprouter,710,1,123270,103337,19933,0,3,0,0,0,1882,3,3,14,17,,
panel/v11,teammate_shoprouter,711,0,143939,126061,17878,0,4,0,0,0,1918.94,3,3,11,17,,
panel/v11,teammate_shoprouter,711,1,143939,126061,17878,0,4,0,0,0,1856.18,3,3,11,17,,
panel/v11,teammate_shoprouter,712,0,99578,79462,20116,0,3,0,0,0,1818.19,3,3,11,17,,
panel/v11,teammate_shoprouter,712,1,99578,79462,20116,0,3,0,0,0,1827.49,3,3,11,17,,
panel/v11,teammate_shoprouter,713,0,125721,115984,9737,0,3,0,0,0,1936.52,3,3,10,17,,
panel/v11,teammate_shoprouter,713,1,125721,115984,9737,0,3,0,0,0,2242.67,3,3,10,17,,
panel/v11,teammate_shoprouter,714,0,117259,91186,26073,0,3,0,0,0,2044.6,3,3,14,17,,
panel/v11,teammate_shoprouter,714,1,79511,52678,26833,0,3,0,6,0,1467.86,3,3,15,17,,
panel/v11,teammate_shoprouter,715,0,104825,84029,20796,0,2,0,0,0,1215.03,3,3,8,17,,
panel/v11,teammate_shoprouter,715,1,104825,84029,20796,0,2,0,0,0,1453.7,3,3,8,17,,
panel/v11,two_random_shop_league_v179,700,0,160161,109010,51151,0,3,0,0,0,2397.35,3,4,10,23,,
panel/v11,two_random_shop_league_v179,700,1,153392,96282,57110,0,3,0,0,0,2868.44,3,4,10,23,,
panel/v11,two_random_shop_league_v179,701,0,159865,98308,61557,0,3,0,0,0,3023.01,3,4,11,23,,
panel/v11,two_random_shop_league_v179,701,1,159560,98307,61253,0,3,0,0,0,3046.8,3,4,11,23,,
panel/v11,two_random_shop_league_v179,702,0,161552,80147,81405,0,3,0,0,0,2283.5,3,3,10,18,,
panel/v11,two_random_shop_league_v179,702,1,160245,79674,80571,0,3,0,0,0,2263.94,3,3,10,18,,
panel/v11,two_random_shop_league_v179,703,0,146987,87789,59198,0,3,0,0,0,2638.72,3,4,15,23,,
panel/v11,two_random_shop_league_v179,703,1,146396,85375,61021,0,3,0,0,0,4232.61,3,4,17,23,,
panel/v11,two_random_shop_league_v179,704,0,136750,91041,45709,0,2,0,0,21,1684.27,3,3,12,22,,
panel/v11,two_random_shop_league_v179,704,1,134921,79530,55391,0,2,0,0,21,1983.73,3,3,12,22,,
panel/v11,two_random_shop_league_v179,705,0,210544,126278,84266,0,7,0,32,1,2611.48,4,4,17,22,,
panel/v11,two_random_shop_league_v179,705,1,220596,132008,88588,0,6,0,16,1,2846.54,4,4,17,22,,
panel/v11,two_random_shop_league_v179,706,0,146263,76309,69954,0,3,0,5,0,1753.04,3,4,16,23,,
panel/v11,two_random_shop_league_v179,706,1,146375,76308,70067,0,3,0,5,0,1312.17,3,4,16,23,,
panel/v11,two_random_shop_league_v179,707,0,147544,94815,52729,0,2,0,5,0,3586.27,3,3,10,23,,
panel/v11,two_random_shop_league_v179,707,1,147544,94815,52729,0,2,0,5,0,4331.42,3,3,10,23,,
panel/v11,two_random_shop_league_v179,708,0,111107,72511,38596,0,2,0,0,21,2874.96,3,3,11,22,,
panel/v11,two_random_shop_league_v179,708,1,92823,71044,21779,0,2,0,0,21,1891.83,3,3,13,22,,
panel/v11,two_random_shop_league_v179,709,0,146457,75130,71327,0,1,0,0,0,2901.67,3,3,7,18,,
panel/v11,two_random_shop_league_v179,709,1,146255,77793,68462,0,1,0,0,0,2773.16,3,3,7,18,,
panel/v11,two_random_shop_league_v179,710,0,148803,96377,52426,0,4,0,0,0,1814.01,3,4,11,23,,
panel/v11,two_random_shop_league_v179,710,1,148906,96400,52506,0,4,0,0,0,1575.95,3,4,11,23,,
panel/v11,two_random_shop_league_v179,711,0,152288,82752,69536,0,4,0,0,0,2454.22,3,4,12,23,,
panel/v11,two_random_shop_league_v179,711,1,152288,82752,69536,0,4,0,0,0,2462.2,3,4,12,23,,
panel/v11,two_random_shop_league_v179,712,0,126180,81199,44981,0,2,0,3,0,1393.57,3,4,11,23,,
panel/v11,two_random_shop_league_v179,712,1,152473,118871,33602,0,3,0,1,0,2726.13,3,4,12,23,,
panel/v11,two_random_shop_league_v179,713,0,176733,126179,50554,0,4,0,0,0,1392.74,3,4,13,23,,
panel/v11,two_random_shop_league_v179,713,1,172749,114341,58408,0,4,0,0,0,931.601,3,4,13,23,,
panel/v11,two_random_shop_league_v179,714,0,150685,94808,55877,0,2,0,0,0,2560.27,3,4,16,23,,
panel/v11,two_random_shop_league_v179,714,1,150685,94808,55877,0,2,0,0,0,2621.92,3,4,16,23,,
panel/v11,two_random_shop_league_v179,715,0,169612,105297,64315,0,2,0,0,7,2798.21,3,4,19,23,,
panel/v11,two_random_shop_league_v179,715,1,181917,112924,68993,0,2,0,0,0,2372.77,3,4,16,23,,
panel/v12_aug,agent_sep23,700,0,94896,81241,13655,0,2,0,0,71,1979.58,3,3,15,14,,
panel/v12_aug,agent_sep23,700,1,94896,81241,13655,0,2,0,0,71,1483.35,3,3,15,14,,
panel/v12_aug,agent_sep23,701,0,143573,100805,42768,0,6,0,0,156,3686.13,3,3,12,10,,
panel/v12_aug,agent_sep23,701,1,128421,93142,35279,0,6,0,0,22,6537.61,3,3,13,9,,
panel/v12_aug,agent_sep23,702,0,145512,110891,34621,0,5,0,0,104,2263.68,3,3,12,12,,
panel/v12_aug,agent_sep23,702,1,145512,110891,34621,0,5,0,0,104,5370.87,3,3,12,12,,
panel/v12_aug,agent_sep23,703,0,138734,117408,21326,0,2,0,13,108,4619.75,3,3,15,14,,
panel/v12_aug,agent_sep23,703,1,138734,117408,21326,0,2,0,13,108,6301.89,3,3,15,14,,
panel/v12_aug,agent_sep23,704,0,83953,72515,11438,0,2,0,0,55,1894.17,3,3,12,13,,
panel/v12_aug,agent_sep23,704,1,93655,78195,15460,0,2,0,0,76,2526.8,3,3,12,13,,
panel/v12_aug,agent_sep23,705,0,121747,109520,12227,0,3,0,0,15,1759.7,3,3,12,10,,
panel/v12_aug,agent_sep23,705,1,110791,94433,16358,0,3,0,0,71,6173.96,3,3,14,10,,
panel/v12_aug,agent_sep23,706,0,142000,111157,30843,0,2,0,0,80,6443.43,3,3,16,15,,
panel/v12_aug,agent_sep23,706,1,142000,111157,30843,0,2,0,0,80,6580.32,3,3,16,15,,
panel/v12_aug,agent_sep23,707,0,125316,98441,26875,0,4,0,2,90,5566.54,3,3,14,17,,
panel/v12_aug,agent_sep23,707,1,120096,102315,17781,0,4,0,0,149,4359.76,3,3,14,17,,
panel/v12_aug,agent_sep23,708,0,90139,78750,11389,0,2,0,0,59,2773.62,3,3,14,11,,
panel/v12_aug,agent_sep23,708,1,90139,78750,11389,0,2,0,0,59,2786.66,3,3,14,11,,
panel/v12_aug,agent_sep23,709,0,110783,89176,21607,0,4,0,0,4,4441.05,3,3,10,9,,
panel/v12_aug,agent_sep23,709,1,110783,89176,21607,0,4,0,0,4,2522.29,3,3,10,9,,
panel/v12_aug,agent_sep23,710,0,105859,106257,-398,0,3,0,0,24,3705.91,3,3,11,11,,
panel/v12_aug,agent_sep23,710,1,105859,106257,-398,0,3,0,0,24,4480.53,3,3,11,11,,
panel/v12_aug,agent_sep23,711,0,146905,134916,11989,0,3,0,0,49,5794.51,3,3,15,12,,
panel/v12_aug,agent_sep23,711,1,146905,134916,11989,0,3,0,0,49,5644.47,3,3,15,12,,
panel/v12_aug,agent_sep23,712,0,126081,95086,30995,0,3,0,0,72,2527.32,3,3,9,8,,
panel/v12_aug,agent_sep23,712,1,107489,82361,25128,0,3,0,0,22,5971.18,3,3,10,8,,
panel/v12_aug,agent_sep23,713,0,163194,132435,30759,0,5,0,0,42,2087.79,3,3,16,13,,
panel/v12_aug,agent_sep23,713,1,163194,132435,30759,0,5,0,0,42,3919.24,3,3,16,13,,
panel/v12_aug,agent_sep23,714,0,160262,125088,35174,0,4,0,0,24,8132.76,3,3,17,9,,
panel/v12_aug,agent_sep23,714,1,160262,125088,35174,0,4,0,0,24,6837.64,3,3,17,9,,
panel/v12_aug,agent_sep23,715,0,166955,134180,32775,0,3,0,0,71,5027.64,3,3,16,11,,
panel/v12_aug,agent_sep23,715,1,166955,134180,32775,0,3,0,0,71,5993.68,3,3,16,11,,
panel/v12_aug,ahmed_v25,700,0,123692,106152,17540,0,3,0,0,6,5673.47,3,3,9,17,,
panel/v12_aug,ahmed_v25,700,1,123692,106152,17540,0,3,0,0,6,4851.65,3,3,9,17,,
panel/v12_aug,ahmed_v25,701,0,132575,125701,6874,0,3,0,5,6,10259.1,3,3,11,17,,
panel/v12_aug,ahmed_v25,701,1,132575,125701,6874,0,3,0,5,6,8934.15,3,3,11,17,,
panel/v12_aug,ahmed_v25,702,0,136933,104008,32925,0,4,0,0,6,1546.65,3,3,10,17,,
panel/v12_aug,ahmed_v25,702,1,136933,104008,32925,0,4,0,0,6,3819.75,3,3,10,17,,
panel/v12_aug,ahmed_v25,703,0,83575,70914,12661,0,2,0,0,6,4706.27,3,3,13,17,,
panel/v12_aug,ahmed_v25,703,1,83575,70914,12661,0,2,0,0,6,4453.54,3,3,13,17,,
panel/v12_aug,ahmed_v25,704,0,91031,64641,26390,0,3,0,0,6,1475.72,3,3,10,17,,
panel/v12_aug,ahmed_v25,704,1,91031,64641,26390,0,3,0,0,6,2910.32,3,3,10,17,,
panel/v12_aug,ahmed_v25,705,0,103853,103662,191,0,3,0,0,6,7058.32,3,3,14,17,,
panel/v12_aug,ahmed_v25,705,1,103853,103662,191,0,3,0,0,6,5676.67,3,3,14,17,,
panel/v12_aug,ahmed_v25,706,0,133300,102413,30887,0,4,0,0,6,3091.84,3,3,14,17,,
panel/v12_aug,ahmed_v25,706,1,133300,102413,30887,0,4,0,0,6,4962.92,3,3,14,17,,
panel/v12_aug,ahmed_v25,707,0,97019,88145,8874,0,4,0,0,6,10927.4,3,3,11,17,,
panel/v12_aug,ahmed_v25,707,1,97019,88145,8874,0,4,0,0,6,8444.37,3,3,11,17,,
panel/v12_aug,ahmed_v25,708,0,152578,125957,26621,0,4,0,0,2,4470.64,3,3,13,16,,
panel/v12_aug,ahmed_v25,708,1,152578,125957,26621,0,4,0,0,2,3575.08,3,3,13,16,,
panel/v12_aug,ahmed_v25,709,0,83383,72145,11238,0,2,0,0,6,5012.04,3,3,13,17,,
panel/v12_aug,ahmed_v25,709,1,83383,72145,11238,0,2,0,0,6,4888.81,3,3,13,17,,
panel/v12_aug,ahmed_v25,710,0,137306,113293,24013,0,3,0,0,6,8285.02,3,3,16,17,,
panel/v12_aug,ahmed_v25,710,1,137306,113293,24013,0,3,0,0,6,4532.95,3,3,16,17,,
panel/v12_aug,ahmed_v25,711,0,127728,123448,4280,0,2,0,0,6,3803.54,3,3,11,17,,
panel/v12_aug,ahmed_v25,711,1,127728,123448,4280,0,2,0,0,6,4839.52,3,3,11,17,,
panel/v12_aug,ahmed_v25,712,0,94100,72044,22056,0,3,0,0,6,3665.84,3,3,10,17,,
panel/v12_aug,ahmed_v25,712,1,94100,72044,22056,0,3,0,0,6,3665.07,3,3,10,17,,
panel/v12_aug,ahmed_v25,713,0,126121,111754,14367,0,3,0,0,6,3767.56,3,3,10,17,,
panel/v12_aug,ahmed_v25,713,1,126121,111754,14367,0,3,0,0,6,5175.85,3,3,10,17,,
panel/v12_aug,ahmed_v25,714,0,131638,113047,18591,0,4,0,0,6,3910.99,3,3,13,17,,
panel/v12_aug,ahmed_v25,714,1,131638,113047,18591,0,4,0,0,6,3136.26,3,3,13,17,,
panel/v12_aug,ahmed_v25,715,0,139039,110784,28255,0,3,0,0,6,4926.99,3,3,12,17,,
panel/v12_aug,ahmed_v25,715,1,139039,110784,28255,0,3,0,0,6,6828.81,3,3,12,17,,
panel/v12_aug,arlene_v4_m31,700,0,120153,88156,31997,0,3,0,0,0,6615.97,3,3,10,17,,
panel/v12_aug,arlene_v4_m31,700,1,120153,88156,31997,0,3,0,0,0,4163.47,3,3,10,17,,
panel/v12_aug,arlene_v4_m31,701,0,87988,72900,15088,0,4,0,0,0,3600.74,3,3,12,17,,
panel/v12_aug,arlene_v4_m31,701,1,88096,72796,15300,0,4,0,0,0,2636.11,3,3,12,17,,
panel/v12_aug,arlene_v4_m31,702,0,124481,95283,29198,0,4,0,0,0,6489.81,3,3,11,17,,
panel/v12_aug,arlene_v4_m31,702,1,124481,95283,29198,0,4,0,0,0,8208.95,3,3,11,17,,
panel/v12_aug,arlene_v4_m31,703,0,80363,63203,17160,0,2,0,0,0,3350.17,3,3,13,17,,
panel/v12_aug,arlene_v4_m31,703,1,80363,63203,17160,0,2,0,0,0,3110.76,3,3,13,17,,
panel/v12_aug,arlene_v4_m31,704,0,93849,61193,32656,0,3,0,0,0,3236.67,3,3,11,3,,
panel/v12_aug,arlene_v4_m31,704,1,93849,61193,32656,0,3,0,0,0,3279.29,3,3,11,3,,
panel/v12_aug,arlene_v4_m31,705,0,110473,83828,26645,0,3,0,0,0,2114.14,3,3,11,17,,
panel/v12_aug,arlene_v4_m31,705,1,110473,83828,26645,0,3,0,0,0,3910.96,3,3,11,17,,
panel/v12_aug,arlene_v4_m31,706,0,93671,68744,24927,0,3,0,0,0,2872.43,3,3,12,17,,
panel/v12_aug,arlene_v4_m31,706,1,93671,68744,24927,0,3,0,0,0,2430.14,3,3,12,17,,
panel/v12_aug,arlene_v4_m31,707,0,86443,72026,14417,0,4,0,0,0,2700.08,3,3,12,17,,
panel/v12_aug,arlene_v4_m31,707,1,86443,72026,14417,0,4,0,0,0,3553.47,3,3,12,17,,
panel/v12_aug,arlene_v4_m31,708,0,122048,107206,14842,0,3,0,0,0,4749.26,3,3,13,17,,
panel/v12_aug,arlene_v4_m31,708,1,122048,107206,14842,0,3,0,0,0,4482.44,3,3,13,17,,
panel/v12_aug,arlene_v4_m31,709,0,81160,72626,8534,0,2,0,0,0,1242.09,3,3,13,17,,
panel/v12_aug,arlene_v4_m31,709,1,81160,72626,8534,0,2,0,0,0,3589.73,3,3,13,17,,
panel/v12_aug,arlene_v4_m31,710,0,137482,87851,49631,0,3,0,9,0,3619.68,3,3,16,8,,
panel/v12_aug,arlene_v4_m31,710,1,137482,87851,49631,0,3,0,9,0,4790.72,3,3,16,8,,
panel/v12_aug,arlene_v4_m31,711,0,96272,81416,14856,0,2,0,0,0,4842.81,3,3,11,17,,
panel/v12_aug,arlene_v4_m31,711,1,96272,81416,14856,0,2,0,0,0,4101.05,3,3,11,17,,
panel/v12_aug,arlene_v4_m31,712,0,89405,68832,20573,0,3,0,0,0,4403.65,3,3,10,3,,
panel/v12_aug,arlene_v4_m31,712,1,89405,68832,20573,0,3,0,0,0,3732.71,3,3,10,3,,
panel/v12_aug,arlene_v4_m31,713,0,130236,119113,11123,0,5,0,0,0,5564.59,3,3,13,17,,
panel/v12_aug,arlene_v4_m31,713,1,130236,119113,11123,0,5,0,0,0,3650.83,3,3,13,17,,
panel/v12_aug,arlene_v4_m31,714,0,126870,83804,43066,0,3,0,0,0,2091.39,3,3,14,17,,
panel/v12_aug,arlene_v4_m31,714,1,126870,83804,43066,0,3,0,0,0,3302,3,3,14,17,,
panel/v12_aug,arlene_v4_m31,715,0,111426,116407,-4981,0,5,0,0,0,6026.3,3,3,14,17,,
panel/v12_aug,arlene_v4_m31,715,1,111426,116407,-4981,0,5,0,0,0,6626.5,3,3,14,17,,
panel/v12_aug,investment_context_guarded_001_best,700,0,132234,106656,25578,0,3,0,0,5,1467.77,3,3,8,17,,
panel/v12_aug,investment_context_guarded_001_best,700,1,132234,106656,25578,0,3,0,0,5,3049.14,3,3,8,17,,
panel/v12_aug,investment_context_guarded_001_best,701,0,132741,126229,6512,0,3,0,0,5,4958.76,3,3,11,17,,
panel/v12_aug,investment_context_guarded_001_best,701,1,132741,126229,6512,0,3,0,0,5,6158.09,3,3,11,17,,
panel/v12_aug,investment_context_guarded_001_best,702,0,121286,103986,17300,0,4,0,10,5,5986.45,3,3,11,17,,
panel/v12_aug,investment_context_guarded_001_best,702,1,121286,103986,17300,0,4,0,10,5,6311.34,3,3,11,17,,
panel/v12_aug,investment_context_guarded_001_best,703,0,83240,69006,14234,0,2,0,0,5,4412.69,3,3,13,17,,
panel/v12_aug,investment_context_guarded_001_best,703,1,83240,69006,14234,0,2,0,0,5,4488.8,3,3,13,17,,
panel/v12_aug,investment_context_guarded_001_best,704,0,92854,65755,27099,0,3,0,0,5,2977.76,3,3,9,17,,
panel/v12_aug,investment_context_guarded_001_best,704,1,92854,65755,27099,0,3,0,0,5,3647.06,3,3,9,17,,
panel/v12_aug,investment_context_guarded_001_best,705,0,115059,89804,25255,0,4,0,0,5,4406.78,3,3,11,17,,
panel/v12_aug,investment_context_guarded_001_best,705,1,115059,89804,25255,0,4,0,0,5,5438.95,3,3,11,17,,
panel/v12_aug,investment_context_guarded_001_best,706,0,132582,100742,31840,0,3,0,0,6,4896.03,3,3,15,17,,
panel/v12_aug,investment_context_guarded_001_best,706,1,132697,100872,31825,0,3,0,0,6,5118.53,3,3,15,17,,
panel/v12_aug,investment_context_guarded_001_best,707,0,96072,86604,9468,0,4,0,0,5,6439.16,3,3,11,17,,
panel/v12_aug,investment_context_guarded_001_best,707,1,96072,86604,9468,0,4,0,0,5,5978.48,3,3,11,17,,
panel/v12_aug,investment_context_guarded_001_best,708,0,132303,115487,16816,0,4,0,0,4,4417.37,3,3,13,17,,
panel/v12_aug,investment_context_guarded_001_best,708,1,132303,115487,16816,0,4,0,0,4,5095.53,3,3,13,17,,
panel/v12_aug,investment_context_guarded_001_best,709,0,82909,70227,12682,0,2,0,0,5,2626.89,3,3,13,17,,
panel/v12_aug,investment_context_guarded_001_best,709,1,82909,70227,12682,0,2,0,0,5,2528.44,3,3,13,17,,
panel/v12_aug,investment_context_guarded_001_best,710,0,130349,110177,20172,0,3,0,0,6,4360.68,3,3,16,17,,
panel/v12_aug,investment_context_guarded_001_best,710,1,130349,110177,20172,0,3,0,0,6,2885.79,3,3,16,17,,
panel/v12_aug,investment_context_guarded_001_best,711,0,128322,123345,4977,0,2,0,0,5,5373.89,3,3,11,17,,
panel/v12_aug,investment_context_guarded_001_best,711,1,128322,123345,4977,0,2,0,0,5,3604.49,3,3,11,17,,
panel/v12_aug,investment_context_guarded_001_best,712,0,90194,68993,21201,0,3,0,0,5,3204.49,3,3,10,17,,
panel/v12_aug,investment_context_guarded_001_best,712,1,90194,68993,21201,0,3,0,0,5,3992.09,3,3,10,17,,
panel/v12_aug,investment_context_guarded_001_best,713,0,117861,110914,6947,0,4,0,0,5,5956.38,3,3,12,17,,
panel/v12_aug,investment_context_guarded_001_best,713,1,117861,110914,6947,0,4,0,0,5,4534.19,3,3,12,17,,
panel/v12_aug,investment_context_guarded_001_best,714,0,143065,97963,45102,0,3,0,12,6,5724.91,3,3,14,17,,
panel/v12_aug,investment_context_guarded_001_best,714,1,143065,97963,45102,0,3,0,12,6,6037.03,3,3,14,17,,
panel/v12_aug,investment_context_guarded_001_best,715,0,124989,106711,18278,0,3,0,0,5,3943.83,3,3,13,17,,
panel/v12_aug,investment_context_guarded_001_best,715,1,124989,106711,18278,0,3,0,0,5,2336.32,3,3,13,17,,
panel/v12_aug,king_rc4,700,0,121689,87570,34119,0,3,0,0,1,6328.46,3,3,10,17,,
panel/v12_aug,king_rc4,700,1,121689,87570,34119,0,3,0,0,1,6066.87,3,3,10,17,,
panel/v12_aug,king_rc4,701,0,99660,96757,2903,0,5,0,2,1,7763.19,3,3,12,17,,
panel/v12_aug,king_rc4,701,1,99623,97058,2565,0,5,0,9,1,5869.94,3,3,12,17,,
panel/v12_aug,king_rc4,702,0,124449,95285,29164,0,4,0,0,0,7645.58,3,3,11,17,,
panel/v12_aug,king_rc4,702,1,124449,95285,29164,0,4,0,0,0,4027.49,3,3,11,17,,
panel/v12_aug,king_rc4,703,0,80228,61961,18267,0,2,0,0,0,3223.94,3,3,13,17,,
panel/v12_aug,king_rc4,703,1,80228,61961,18267,0,2,0,0,0,3214.54,3,3,13,17,,
panel/v12_aug,king_rc4,704,0,93866,61180,32686,0,3,0,0,2,7210.72,3,3,11,3,,
panel/v12_aug,king_rc4,704,1,93866,61180,32686,0,3,0,0,2,5643.25,3,3,11,3,,
panel/v12_aug,king_rc4,705,0,118972,101566,17406,0,3,0,0,5,4444.66,3,3,14,17,,
panel/v12_aug,king_rc4,705,1,118972,101566,17406,0,3,0,0,5,3901.04,3,3,14,17,,
panel/v12_aug,king_rc4,706,0,129785,86861,42924,0,3,0,0,0,4530.64,3,3,15,17,,
panel/v12_aug,king_rc4,706,1,129785,86861,42924,0,3,0,0,0,4594.11,3,3,15,17,,
panel/v12_aug,king_rc4,707,0,96593,85871,10722,0,4,0,0,5,7133.86,3,3,13,17,,
panel/v12_aug,king_rc4,707,1,96593,85871,10722,0,4,0,0,5,6768.89,3,3,13,17,,
panel/v12_aug,king_rc4,708,0,134048,117092,16956,0,4,0,0,0,6676.07,3,3,13,17,,
panel/v12_aug,king_rc4,708,1,134048,117092,16956,0,4,0,0,0,5796.28,3,3,13,17,,
panel/v12_aug,king_rc4,709,0,82704,73258,9446,0,2,0,0,0,3389.28,3,3,13,17,,
panel/v12_aug,king_rc4,709,1,82704,73258,9446,0,2,0,0,0,3948.3,3,3,13,17,,
panel/v12_aug,king_rc4,710,0,137529,87678,49851,0,3,0,9,14,4945.85,3,3,16,8,,
panel/v12_aug,king_rc4,710,1,137529,87678,49851,0,3,0,9,14,4817.73,3,3,16,8,,
panel/v12_aug,king_rc4,711,0,113861,112104,1757,0,2,0,0,0,6047.93,3,3,11,17,,
panel/v12_aug,king_rc4,711,1,113861,112104,1757,0,2,0,0,0,6071.67,3,3,11,17,,
panel/v12_aug,king_rc4,712,0,93671,78281,15390,0,3,0,0,2,1944.26,3,3,10,3,,
panel/v12_aug,king_rc4,712,1,94253,78155,16098,0,3,0,0,2,5782.44,3,3,10,3,,
panel/v12_aug,king_rc4,713,0,135608,123101,12507,0,5,0,0,1,6528.16,3,3,13,17,,
panel/v12_aug,king_rc4,713,1,135608,123101,12507,0,5,0,0,1,2934.79,3,3,13,17,,
panel/v12_aug,king_rc4,714,0,146001,93570,52431,0,3,0,0,0,1762.92,3,3,14,17,,
panel/v12_aug,king_rc4,714,1,146001,93570,52431,0,3,0,0,0,2420,3,3,14,17,,
panel/v12_aug,king_rc4,715,0,107135,94642,12493,0,4,0,0,0,2827.43,3,3,12,17,,
panel/v12_aug,king_rc4,715,1,107135,94642,12493,0,4,0,0,0,3148.52,3,3,12,17,,
panel/v12_aug,teammate_shoprouter,700,0,112915,90963,21952,0,3,0,0,0,3452.37,3,3,9,17,,
panel/v12_aug,teammate_shoprouter,700,1,112915,90963,21952,0,3,0,0,0,4025.41,3,3,9,17,,
panel/v12_aug,teammate_shoprouter,701,0,114519,109244,5275,0,5,0,1,0,8282.89,3,3,12,17,,
panel/v12_aug,teammate_shoprouter,701,1,114519,109244,5275,0,5,0,1,0,3879.74,3,3,12,17,,
panel/v12_aug,teammate_shoprouter,702,0,119581,95017,24564,0,4,0,0,0,4276.94,3,3,11,17,,
panel/v12_aug,teammate_shoprouter,702,1,119581,95017,24564,0,4,0,0,0,6661.21,3,3,11,17,,
panel/v12_aug,teammate_shoprouter,703,0,84082,53768,30314,0,2,0,4,0,9121.93,3,3,13,17,,
panel/v12_aug,teammate_shoprouter,703,1,84082,53768,30314,0,2,0,4,0,6714.48,3,3,13,17,,
panel/v12_aug,teammate_shoprouter,704,0,90747,53644,37103,0,3,0,8,0,3863.6,3,3,10,17,,
panel/v12_aug,teammate_shoprouter,704,1,90747,53644,37103,0,3,0,8,0,3867.79,3,3,10,17,,
panel/v12_aug,teammate_shoprouter,705,0,88939,62369,26570,0,3,0,0,0,3157.5,3,3,11,17,,
panel/v12_aug,teammate_shoprouter,705,1,88939,62369,26570,0,3,0,0,0,1750.06,3,3,11,17,,
panel/v12_aug,teammate_shoprouter,706,0,94687,67197,27490,0,3,0,0,0,4324.22,3,3,12,17,,
panel/v12_aug,teammate_shoprouter,706,1,94706,67149,27557,0,3,0,0,0,4095.06,3,3,12,17,,
panel/v12_aug,teammate_shoprouter,707,0,85485,65458,20027,0,4,0,0,0,5205.48,3,3,12,17,,
panel/v12_aug,teammate_shoprouter,707,1,85485,65458,20027,0,4,0,0,0,2015.06,3,3,12,17,,
panel/v12_aug,teammate_shoprouter,708,0,147890,136285,11605,0,3,0,34,0,5558.65,3,3,15,17,,
panel/v12_aug,teammate_shoprouter,708,1,147890,136285,11605,0,3,0,34,0,7405.43,3,3,15,17,,
panel/v12_aug,teammate_shoprouter,709,0,80519,65280,15239,0,2,0,0,0,3740.58,3,3,13,17,,
panel/v12_aug,teammate_shoprouter,709,1,80519,65280,15239,0,2,0,0,0,2811.79,3,3,13,17,,
panel/v12_aug,teammate_shoprouter,710,0,130485,82627,47858,0,3,0,1,0,7154.67,3,3,15,17,,
panel/v12_aug,teammate_shoprouter,710,1,130485,82627,47858,0,3,0,1,0,5853.38,3,3,15,17,,
panel/v12_aug,teammate_shoprouter,711,0,104254,88228,16026,0,2,0,0,0,8250.33,3,3,10,17,,
panel/v12_aug,teammate_shoprouter,711,1,104254,88228,16026,0,2,0,0,0,3195.08,3,3,10,17,,
panel/v12_aug,teammate_shoprouter,712,0,94260,64809,29451,0,3,0,0,0,1469.54,3,3,10,17,,
panel/v12_aug,teammate_shoprouter,712,1,94260,64809,29451,0,3,0,0,0,4936.17,3,3,10,17,,
panel/v12_aug,teammate_shoprouter,713,0,107248,89797,17451,0,5,0,4,0,3900.79,3,3,13,17,,
panel/v12_aug,teammate_shoprouter,713,1,107248,89797,17451,0,5,0,4,0,2399.98,3,3,13,17,,
panel/v12_aug,teammate_shoprouter,714,0,125811,84870,40941,0,3,0,4,0,3787.56,3,3,14,17,,
panel/v12_aug,teammate_shoprouter,714,1,125811,84870,40941,0,3,0,4,0,3176.81,3,3,14,17,,
panel/v12_aug,teammate_shoprouter,715,0,116687,119993,-3306,0,5,0,0,0,6278.2,3,3,14,17,,
panel/v12_aug,teammate_shoprouter,715,1,116687,119993,-3306,0,5,0,0,0,3473.75,3,3,14,17,,
panel/v12_aug,two_random_shop_league_v179,700,0,155026,103132,51894,0,2,0,0,0,9013.36,3,4,15,23,,
panel/v12_aug,two_random_shop_league_v179,700,1,140988,92220,48768,0,2,0,0,0,8666.46,3,4,13,23,,
panel/v12_aug,two_random_shop_league_v179,701,0,139409,86811,52598,0,2,0,0,0,7004.64,3,4,13,23,,
panel/v12_aug,two_random_shop_league_v179,701,1,139174,88559,50615,0,2,0,0,0,6252.01,3,4,12,23,,
panel/v12_aug,two_random_shop_league_v179,702,0,171517,111891,59626,0,2,0,0,0,7830.99,3,4,12,23,,
panel/v12_aug,two_random_shop_league_v179,702,1,171517,111891,59626,0,2,0,0,0,8417.27,3,4,12,23,,
panel/v12_aug,two_random_shop_league_v179,703,0,119850,76059,43791,0,2,0,0,0,7326.33,3,3,14,22,,
panel/v12_aug,two_random_shop_league_v179,703,1,143915,82799,61116,0,2,0,0,0,9168.82,3,3,15,22,,
panel/v12_aug,two_random_shop_league_v179,704,0,127619,65388,62231,0,2,0,0,0,7329.12,3,4,13,23,,
panel/v12_aug,two_random_shop_league_v179,704,1,128642,76598,52044,0,2,0,0,0,9368.62,3,4,13,23,,
panel/v12_aug,two_random_shop_league_v179,705,0,145805,81277,64528,0,2,0,0,0,12545.9,3,4,13,23,,
panel/v12_aug,two_random_shop_league_v179,705,1,154066,96707,57359,0,2,0,1,0,9274.52,3,4,17,23,,
panel/v12_aug,two_random_shop_league_v179,706,0,203904,124566,79338,0,3,0,0,0,7450.65,3,4,12,23,,
panel/v12_aug,two_random_shop_league_v179,706,1,203904,124566,79338,0,3,0,0,0,9646.21,3,4,12,23,,
panel/v12_aug,two_random_shop_league_v179,707,0,202830,127143,75687,0,5,0,0,0,8203.47,3,4,14,23,,
panel/v12_aug,two_random_shop_league_v179,707,1,202866,127338,75528,0,5,0,0,0,3106.14,3,4,14,23,,
panel/v12_aug,two_random_shop_league_v179,708,0,185977,112013,73964,0,3,0,0,0,6603.33,3,3,16,23,,
panel/v12_aug,two_random_shop_league_v179,708,1,185977,112013,73964,0,3,0,0,0,5984.43,3,3,16,23,,
panel/v12_aug,two_random_shop_league_v179,709,0,123716,76195,47521,0,1,0,0,0,4313.54,3,3,11,22,,
panel/v12_aug,two_random_shop_league_v179,709,1,123671,76198,47473,0,1,0,0,0,9012.24,3,3,11,22,,
panel/v12_aug,two_random_shop_league_v179,710,0,209607,111025,98582,0,2,0,5,0,11518.4,3,4,20,23,,
panel/v12_aug,two_random_shop_league_v179,710,1,205253,109385,95868,0,2,0,5,0,14235.4,3,4,20,23,,
panel/v12_aug,two_random_shop_league_v179,711,0,138435,75335,63100,0,3,0,3,0,14376.7,3,4,16,23,,
panel/v12_aug,two_random_shop_league_v179,711,1,138435,75335,63100,0,3,0,3,0,11981,3,4,16,23,,
panel/v12_aug,two_random_shop_league_v179,712,0,142844,93811,49033,0,2,0,0,0,9882.19,3,4,16,23,,
panel/v12_aug,two_random_shop_league_v179,712,1,172862,126280,46582,0,2,0,0,0,7750.24,3,4,16,23,,
panel/v12_aug,two_random_shop_league_v179,713,0,150436,69095,81341,0,5,0,1,0,7746.66,3,3,12,18,,
panel/v12_aug,two_random_shop_league_v179,713,1,150556,69150,81406,0,5,0,1,0,5811.31,3,3,12,18,,
panel/v12_aug,two_random_shop_league_v179,714,0,166356,83466,82890,0,3,0,18,0,4340.59,3,3,17,23,,
panel/v12_aug,two_random_shop_league_v179,714,1,166356,83466,82890,0,3,0,18,0,4653.78,3,3,17,23,,
panel/v12_aug,two_random_shop_league_v179,715,0,190939,84938,106001,0,5,0,0,0,5832.16,3,3,16,18,,
panel/v12_aug,two_random_shop_league_v179,715,1,172660,71995,100665,0,5,0,0,0,5323.75,3,3,16,18,,
panel/v12_cond,agent_sep23,700,0,114280,99686,14594,0,3,0,0,50,6029.49,3,3,9,12,,
panel/v12_cond,agent_sep23,700,1,114280,99686,14594,0,3,0,0,50,6403.13,3,3,9,12,,
panel/v12_cond,agent_sep23,701,0,163772,133547,30225,0,6,0,0,45,2891.86,3,3,11,10,,
panel/v12_cond,agent_sep23,701,1,163972,132422,31550,0,7,0,0,45,5648.26,3,3,11,10,,
panel/v12_cond,agent_sep23,702,0,109338,95686,13652,0,1,0,10,33,1811.51,3,3,8,10,,
panel/v12_cond,agent_sep23,702,1,109338,95686,13652,0,1,0,10,33,3533.75,3,3,8,10,,
panel/v12_cond,agent_sep23,703,0,105032,94251,10781,0,4,0,0,36,4562.57,3,3,17,12,,
panel/v12_cond,agent_sep23,703,1,104694,92834,11860,0,4,0,0,64,4400.94,3,3,17,12,,
panel/v12_cond,agent_sep23,704,0,109395,85763,23632,0,2,0,0,27,2161.1,3,3,11,12,,
panel/v12_cond,agent_sep23,704,1,119195,99909,19286,0,2,0,0,26,2225.52,3,3,10,12,,
panel/v12_cond,agent_sep23,705,0,100274,77646,22628,0,2,0,0,97,6234,3,3,11,10,,
panel/v12_cond,agent_sep23,705,1,100274,77646,22628,0,2,0,0,97,3613.76,3,3,11,10,,
panel/v12_cond,agent_sep23,706,0,134481,103200,31281,0,4,0,0,50,4534.74,3,3,18,9,,
panel/v12_cond,agent_sep23,706,1,134481,103200,31281,0,4,0,0,50,5766.41,3,3,18,9,,
panel/v12_cond,agent_sep23,707,0,158002,129094,28908,0,3,0,0,58,3601.92,3,3,13,12,,
panel/v12_cond,agent_sep23,707,1,158002,129094,28908,0,3,0,0,58,3003.43,3,3,13,12,,
panel/v12_cond,agent_sep23,708,0,131109,109199,21910,0,3,0,0,55,3681.47,3,3,14,11,,
panel/v12_cond,agent_sep23,708,1,131109,109199,21910,0,3,0,0,55,4266.5,3,3,14,11,,
panel/v12_cond,agent_sep23,709,0,110104,102138,7966,0,1,0,0,26,2819.08,3,3,13,12,,
panel/v12_cond,agent_sep23,709,1,110104,102138,7966,0,1,0,0,26,2644.21,3,3,13,12,,
panel/v12_cond,agent_sep23,710,0,124228,95358,28870,0,2,0,0,59,4152.38,3,3,15,14,,
panel/v12_cond,agent_sep23,710,1,124228,95358,28870,0,2,0,0,59,2292.59,3,3,15,14,,
panel/v12_cond,agent_sep23,711,0,134913,113954,20959,0,3,0,0,7,3782.44,3,3,12,10,,
panel/v12_cond,agent_sep23,711,1,134913,113954,20959,0,3,0,0,7,4782.9,3,3,12,10,,
panel/v12_cond,agent_sep23,712,0,125074,95139,29935,0,2,0,0,0,2699.89,3,3,12,7,,
panel/v12_cond,agent_sep23,712,1,125074,95139,29935,0,2,0,0,0,3128.46,3,3,12,7,,
panel/v12_cond,agent_sep23,713,0,116808,94749,22059,0,3,0,0,39,2340.31,3,3,9,9,,
panel/v12_cond,agent_sep23,713,1,116808,94749,22059,0,3,0,0,39,3776.79,3,3,9,9,,
panel/v12_cond,agent_sep23,714,0,136777,112131,24646,0,2,0,0,71,2806.88,3,3,14,13,,
panel/v12_cond,agent_sep23,714,1,136777,112131,24646,0,2,0,0,71,2552.54,3,3,14,13,,
panel/v12_cond,agent_sep23,715,0,136399,106827,29572,0,6,0,0,98,4300.46,3,3,15,10,,
panel/v12_cond,agent_sep23,715,1,136399,106827,29572,0,6,0,0,98,3515.06,3,3,15,10,,
panel/v12_cond,ahmed_v25,700,0,110202,106859,3343,0,3,0,0,6,4736.98,3,3,11,17,,
panel/v12_cond,ahmed_v25,700,1,110202,106859,3343,0,3,0,0,6,2184.66,3,3,11,17,,
panel/v12_cond,ahmed_v25,701,0,130970,118840,12130,0,3,0,0,6,4102.38,3,3,10,17,,
panel/v12_cond,ahmed_v25,701,1,130970,118840,12130,0,3,0,0,6,9112.7,3,3,10,17,,
panel/v12_cond,ahmed_v25,702,0,112540,104086,8454,0,3,0,0,6,7264.43,3,3,10,17,,
panel/v12_cond,ahmed_v25,702,1,112540,104086,8454,0,3,0,0,6,7349.06,3,3,10,17,,
panel/v12_cond,ahmed_v25,703,0,85341,70868,14473,0,2,0,0,6,5652.38,3,3,12,17,,
panel/v12_cond,ahmed_v25,703,1,85341,70868,14473,0,2,0,0,6,5502.98,3,3,12,17,,
panel/v12_cond,ahmed_v25,704,0,104527,91252,13275,0,3,0,0,6,2943.12,3,3,12,17,,
panel/v12_cond,ahmed_v25,704,1,104527,91252,13275,0,3,0,0,6,6145.44,3,3,12,17,,
panel/v12_cond,ahmed_v25,705,0,87025,82975,4050,0,3,0,0,6,2957.11,3,3,12,17,,
panel/v12_cond,ahmed_v25,705,1,87025,82975,4050,0,3,0,0,6,6947.94,3,3,12,17,,
panel/v12_cond,ahmed_v25,706,0,101277,81075,20202,0,4,0,0,6,9072.58,3,3,15,17,,
panel/v12_cond,ahmed_v25,706,1,101222,81100,20122,0,4,0,0,6,4690.56,3,3,15,17,,
panel/v12_cond,ahmed_v25,707,0,182473,147809,34664,0,4,0,0,6,6932.64,3,3,14,17,,
panel/v12_cond,ahmed_v25,707,1,182473,147809,34664,0,4,0,0,6,8038.58,3,3,14,17,,
panel/v12_cond,ahmed_v25,708,0,94154,87684,6470,0,4,0,0,6,3873.69,3,3,13,17,,
panel/v12_cond,ahmed_v25,708,1,94154,87684,6470,0,4,0,0,6,1882.28,3,3,13,17,,
panel/v12_cond,ahmed_v25,709,0,97145,90680,6465,0,3,0,0,6,1011.71,3,3,12,17,,
panel/v12_cond,ahmed_v25,709,1,97145,90680,6465,0,3,0,0,6,1620.42,3,3,12,17,,
panel/v12_cond,ahmed_v25,710,0,136755,94072,42683,0,3,0,7,6,10740.3,3,3,19,17,,
panel/v12_cond,ahmed_v25,710,1,136755,94072,42683,0,3,0,7,6,7322.27,3,3,19,17,,
panel/v12_cond,ahmed_v25,711,0,133081,117375,15706,0,3,0,1,6,7613.75,3,3,13,17,,
panel/v12_cond,ahmed_v25,711,1,133081,117375,15706,0,3,0,1,6,4685.29,3,3,13,17,,
panel/v12_cond,ahmed_v25,712,0,84645,75644,9001,0,3,0,2,6,6423.24,3,3,13,17,,
panel/v12_cond,ahmed_v25,712,1,84645,75644,9001,0,3,0,2,6,6294.8,3,3,13,17,,
panel/v12_cond,ahmed_v25,713,0,141509,126627,14882,0,5,0,0,0,6017.54,3,3,15,16,,
panel/v12_cond,ahmed_v25,713,1,141509,126627,14882,0,5,0,0,0,4235.9,3,3,15,16,,
panel/v12_cond,ahmed_v25,714,0,96663,79015,17648,0,2,0,0,6,3987.53,3,3,12,17,,
panel/v12_cond,ahmed_v25,714,1,96663,79015,17648,0,2,0,0,6,5232.49,3,3,12,17,,
panel/v12_cond,ahmed_v25,715,0,167909,140189,27720,0,6,0,0,0,4386.92,3,3,18,16,,
panel/v12_cond,ahmed_v25,715,1,167909,140189,27720,0,6,0,0,0,4060.34,3,3,18,16,,
panel/v12_cond,arlene_v4_m31,700,0,106542,99327,7215,0,3,0,0,0,8295.44,3,3,11,17,,
panel/v12_cond,arlene_v4_m31,700,1,106542,99327,7215,0,3,0,0,0,3548.66,3,3,11,17,,
panel/v12_cond,arlene_v4_m31,701,0,110607,107007,3600,0,3,0,0,0,7034.91,3,3,9,17,,
panel/v12_cond,arlene_v4_m31,701,1,110607,107007,3600,0,3,0,0,0,4666.98,3,3,9,17,,
panel/v12_cond,arlene_v4_m31,702,0,107849,103043,4806,0,3,0,0,0,5925.6,3,3,10,17,,
panel/v12_cond,arlene_v4_m31,702,1,107849,103043,4806,0,3,0,0,0,7131.78,3,3,10,17,,
panel/v12_cond,arlene_v4_m31,703,0,80894,59594,21300,0,2,0,0,0,2325.92,3,3,12,17,,
panel/v12_cond,arlene_v4_m31,703,1,80894,59594,21300,0,2,0,0,0,7044.39,3,3,12,17,,
panel/v12_cond,arlene_v4_m31,704,0,88249,73540,14709,0,3,0,0,0,5601.49,3,3,10,17,,
panel/v12_cond,arlene_v4_m31,704,1,88249,73540,14709,0,3,0,0,0,2163.68,3,3,10,17,,
panel/v12_cond,arlene_v4_m31,705,0,96071,87793,8278,0,3,0,0,0,4366.01,3,3,12,17,,
panel/v12_cond,arlene_v4_m31,705,1,96071,87793,8278,0,3,0,0,0,6632.33,3,3,12,17,,
panel/v12_cond,arlene_v4_m31,706,0,138108,97779,40329,0,3,0,0,0,3009.25,3,3,16,8,,
panel/v12_cond,arlene_v4_m31,706,1,136772,97833,38939,0,3,0,0,0,3448.69,3,3,16,8,,
panel/v12_cond,arlene_v4_m31,707,0,160847,140065,20782,0,4,0,0,0,3858.01,3,3,14,17,,
panel/v12_cond,arlene_v4_m31,707,1,160847,140065,20782,0,4,0,0,0,3568.09,3,3,14,17,,
panel/v12_cond,arlene_v4_m31,708,0,90297,84317,5980,0,3,0,0,0,4313.96,3,3,13,17,,
panel/v12_cond,arlene_v4_m31,708,1,90297,84317,5980,0,3,0,0,0,2732.95,3,3,13,17,,
panel/v12_cond,arlene_v4_m31,709,0,82661,73389,9272,0,3,0,1,0,3732.14,3,3,12,17,,
panel/v12_cond,arlene_v4_m31,709,1,82661,73389,9272,0,3,0,1,0,3872.39,3,3,12,17,,
panel/v12_cond,arlene_v4_m31,710,0,93012,76568,16444,0,4,0,0,0,2490.57,3,3,11,17,,
panel/v12_cond,arlene_v4_m31,710,1,93012,76568,16444,0,4,0,0,0,4343.71,3,3,11,17,,
panel/v12_cond,arlene_v4_m31,711,0,121991,113877,8114,0,3,0,0,0,8917.4,3,3,13,17,,
panel/v12_cond,arlene_v4_m31,711,1,121991,113877,8114,0,3,0,0,0,7373.39,3,3,13,17,,
panel/v12_cond,arlene_v4_m31,712,0,82538,65072,17466,0,4,0,0,0,3652.01,3,3,12,17,,
panel/v12_cond,arlene_v4_m31,712,1,82559,65067,17492,0,4,0,0,0,1166.09,3,3,12,17,,
panel/v12_cond,arlene_v4_m31,713,0,116758,114616,2142,0,5,0,0,0,3633.89,3,3,11,17,,
panel/v12_cond,arlene_v4_m31,713,1,116758,114616,2142,0,5,0,0,0,6066.51,3,3,11,17,,
panel/v12_cond,arlene_v4_m31,714,0,89850,70745,19105,0,3,0,0,0,3798.6,3,3,13,8,,
panel/v12_cond,arlene_v4_m31,714,1,89850,70745,19105,0,3,0,0,0,3062.16,3,3,13,8,,
panel/v12_cond,arlene_v4_m31,715,0,160440,149872,10568,0,5,0,0,0,4484.7,3,3,15,17,,
panel/v12_cond,arlene_v4_m31,715,1,160440,149872,10568,0,5,0,0,0,6866.94,3,3,15,17,,
panel/v12_cond,bc_decem,700,0,135177,135258,-81,0,4,0,0,0,11712.5,3,3,16,12,,
panel/v12_cond,bc_decem,700,1,102303,100589,1714,0,3,0,0,0,6428.53,3,3,17,8,,
panel/v12_cond,bc_decem,701,0,140783,130042,10741,0,3,0,0,0,3558.63,3,3,12,12,,
panel/v12_cond,bc_decem,701,1,140566,130080,10486,0,3,0,0,0,4618.63,3,3,12,12,,
panel/v12_cond,bc_decem,702,0,133749,126424,7325,0,2,0,0,0,6456.03,3,3,11,10,,
panel/v12_cond,bc_decem,702,1,133749,126424,7325,0,2,0,0,0,4652.54,3,3,11,10,,
panel/v12_cond,bc_decem,703,0,103115,82705,20410,0,2,0,0,0,9023.7,3,3,15,9,,
panel/v12_cond,bc_decem,703,1,100347,83733,16614,0,2,0,0,0,6520.94,3,3,15,9,,
panel/v12_cond,bc_decem,704,0,108880,109872,-992,0,2,0,0,0,5685.4,3,3,11,12,,
panel/v12_cond,bc_decem,704,1,104782,102014,2768,0,2,0,0,0,7226.44,3,3,10,10,,
panel/v12_cond,bc_decem,705,0,98384,103743,-5359,0,2,0,0,0,5317.6,3,3,8,12,,
panel/v12_cond,bc_decem,705,1,98384,103743,-5359,0,2,0,0,0,6541.06,3,3,8,12,,
panel/v12_cond,bc_decem,706,0,118289,106464,11825,0,5,0,0,0,2545.39,3,3,17,11,,
panel/v12_cond,bc_decem,706,1,118289,106464,11825,0,5,0,0,0,3405.84,3,3,17,11,,
panel/v12_cond,bc_decem,707,0,156565,161279,-4714,0,3,0,0,0,6032.38,3,3,16,11,,
panel/v12_cond,bc_decem,707,1,159755,160000,-245,0,3,0,0,0,3115.6,3,3,16,11,,
panel/v12_cond,bc_decem,708,0,127291,120774,6517,0,4,0,0,0,2788.4,3,3,13,10,,
panel/v12_cond,bc_decem,708,1,127291,120774,6517,0,4,0,0,0,3843.39,3,3,13,10,,
panel/v12_cond,bc_decem,709,0,110350,104747,5603,0,2,0,0,0,5686.27,3,3,13,12,,
panel/v12_cond,bc_decem,709,1,110350,104747,5603,0,2,0,0,0,3318.88,3,3,13,12,,
panel/v12_cond,bc_decem,710,0,104415,112686,-8271,0,5,0,2,0,3519.3,3,3,16,11,,
panel/v12_cond,bc_decem,710,1,104415,112686,-8271,0,5,0,2,0,3834.21,3,3,16,11,,
panel/v12_cond,bc_decem,711,0,78026,80018,-1992,0,2,0,0,0,8327.76,3,3,10,11,,
panel/v12_cond,bc_decem,711,1,78026,80018,-1992,0,2,0,0,0,4664.81,3,3,10,11,,
panel/v12_cond,bc_decem,712,0,118130,114786,3344,0,2,0,0,0,4301.06,3,3,13,11,,
panel/v12_cond,bc_decem,712,1,111991,110768,1223,0,2,0,0,0,6738.43,3,3,10,11,,
panel/v12_cond,bc_decem,713,0,126633,121857,4776,0,3,0,0,0,3557.44,3,3,12,12,,
panel/v12_cond,bc_decem,713,1,128282,123832,4450,0,3,0,0,0,5509.23,3,3,12,12,,
panel/v12_cond,bc_decem,714,0,90548,93552,-3004,0,2,0,0,0,5603.78,3,3,11,9,,
panel/v12_cond,bc_decem,714,1,90548,93552,-3004,0,2,0,0,0,4351.07,3,3,11,9,,
panel/v12_cond,bc_decem,715,0,126655,121703,4952,0,3,0,5,0,9464.7,3,3,13,9,,
panel/v12_cond,bc_decem,715,1,126655,121703,4952,0,3,0,5,0,7505.35,3,3,13,9,,
panel/v12_cond,bc_dsm,700,0,108033,104823,3210,0,3,0,0,0,3755.61,3,3,13,16,,
panel/v12_cond,bc_dsm,700,1,116110,114334,1776,0,3,0,0,0,4578.51,3,3,13,13,,
panel/v12_cond,bc_dsm,701,0,137329,138496,-1167,0,3,0,0,0,4146.79,3,3,13,15,,
panel/v12_cond,bc_dsm,701,1,137221,138548,-1327,0,3,0,0,0,4133.39,3,3,13,15,,
panel/v12_cond,bc_dsm,702,0,112512,108089,4423,0,3,0,0,0,3061.02,3,3,11,12,,
panel/v12_cond,bc_dsm,702,1,112768,108004,4764,0,3,0,0,0,3482.54,3,3,11,12,,
panel/v12_cond,bc_dsm,703,0,92670,96102,-3432,0,2,0,0,0,3523.82,3,3,15,15,,
panel/v12_cond,bc_dsm,703,1,95918,96307,-389,0,2,0,5,0,3739.84,3,3,13,15,,
panel/v12_cond,bc_dsm,704,0,124865,114636,10229,0,2,0,0,0,4795.97,3,3,10,9,,
panel/v12_cond,bc_dsm,704,1,123402,117403,5999,0,2,0,0,0,3691.97,3,3,10,9,,
panel/v12_cond,bc_dsm,705,0,90172,87164,3008,0,4,0,0,0,5357.04,3,3,16,11,,
panel/v12_cond,bc_dsm,705,1,90172,87164,3008,0,4,0,0,0,5229.56,3,3,16,11,,
panel/v12_cond,bc_dsm,706,0,115342,112295,3047,0,4,0,0,0,4551.96,3,3,18,16,,
panel/v12_cond,bc_dsm,706,1,115296,112377,2919,0,4,0,0,0,5601.67,3,3,18,16,,
panel/v12_cond,bc_dsm,707,0,135996,134091,1905,0,2,0,0,0,3166.07,3,3,12,16,,
panel/v12_cond,bc_dsm,707,1,147089,132635,14454,0,3,0,0,2,3364.37,3,3,12,17,,
panel/v12_cond,bc_dsm,708,0,130053,121987,8066,0,4,0,0,0,3508.11,3,3,12,12,,
panel/v12_cond,bc_dsm,708,1,130053,121987,8066,0,4,0,0,0,2341.21,3,3,12,12,,
panel/v12_cond,bc_dsm,709,0,92531,89427,3104,0,2,0,0,2,3712.34,3,3,13,18,,
panel/v12_cond,bc_dsm,709,1,92531,89427,3104,0,2,0,0,2,3190.44,3,3,13,18,,
panel/v12_cond,bc_dsm,710,0,105294,113464,-8170,0,4,0,0,0,4644.98,3,3,16,14,,
panel/v12_cond,bc_dsm,710,1,105150,113372,-8222,0,4,0,0,0,8024.35,3,3,16,14,,
panel/v12_cond,bc_dsm,711,0,78022,78001,21,0,2,0,0,0,4160.88,3,3,11,13,,
panel/v12_cond,bc_dsm,711,1,78022,78001,21,0,2,0,0,0,2856.12,3,3,11,13,,
panel/v12_cond,bc_dsm,712,0,111324,115755,-4431,0,5,0,0,0,2710.23,3,3,11,14,,
panel/v12_cond,bc_dsm,712,1,108836,111853,-3017,0,3,0,0,0,6586.46,3,3,11,12,,
panel/v12_cond,bc_dsm,713,0,107208,105096,2112,0,3,0,0,0,4396.02,3,3,10,15,,
panel/v12_cond,bc_dsm,713,1,105712,103845,1867,0,3,0,0,0,5937.89,3,3,10,15,,
panel/v12_cond,bc_dsm,714,0,102132,101309,823,0,3,0,0,0,5295.86,3,3,12,14,,
panel/v12_cond,bc_dsm,714,1,102132,101309,823,0,3,0,0,0,5993.98,3,3,12,14,,
panel/v12_cond,bc_dsm,715,0,136005,130860,5145,0,3,0,0,0,3850.53,3,3,12,12,,
panel/v12_cond,bc_dsm,715,1,136006,130863,5143,0,3,0,0,0,4235.36,3,3,12,12,,
panel/v12_cond,bc_goose,700,0,112603,97342,15261,0,3,0,0,0,5426.39,3,3,13,11,,
panel/v12_cond,bc_goose,700,1,123067,108099,14968,0,3,0,0,0,5847.66,3,3,13,13,,
panel/v12_cond,bc_goose,701,0,129864,119927,9937,0,3,0,0,0,12583.5,3,3,14,11,,
panel/v12_cond,bc_goose,701,1,130329,119340,10989,0,3,0,0,0,8443.85,3,3,14,11,,
panel/v12_cond,bc_goose,702,0,118290,109760,8530,0,3,0,0,0,4926.72,3,3,13,12,,
panel/v12_cond,bc_goose,702,1,118290,109760,8530,0,3,0,0,0,6668.7,3,3,13,12,,
panel/v12_cond,bc_goose,703,0,111377,112115,-738,0,2,0,0,0,7441.06,3,3,11,10,,
panel/v12_cond,bc_goose,703,1,93122,94293,-1171,0,2,0,0,0,2686,3,3,5,9,,
panel/v12_cond,bc_goose,704,0,122232,114056,8176,0,2,0,0,0,12178.9,3,3,14,12,,
panel/v12_cond,bc_goose,704,1,105448,98308,7140,0,2,0,0,0,8344.23,3,3,13,12,,
panel/v12_cond,bc_goose,705,0,98441,92722,5719,0,2,0,1,0,5397.2,3,3,13,10,,
panel/v12_cond,bc_goose,705,1,98441,92722,5719,0,2,0,1,0,3357.7,3,3,13,10,,
panel/v12_cond,bc_goose,706,0,135833,131894,3939,0,4,0,0,0,5518.06,3,3,13,11,,
panel/v12_cond,bc_goose,706,1,135833,131894,3939,0,4,0,0,0,8627.66,3,3,13,11,,
panel/v12_cond,bc_goose,707,0,153457,152445,1012,0,3,0,0,0,5999.31,3,3,14,13,,
panel/v12_cond,bc_goose,707,1,149655,149744,-89,0,3,0,0,0,6778.45,3,3,14,13,,
panel/v12_cond,bc_goose,708,0,128801,122547,6254,0,4,0,0,0,1512.96,3,3,14,14,,
panel/v12_cond,bc_goose,708,1,128801,122547,6254,0,4,0,0,0,2965.89,3,3,14,14,,
panel/v12_cond,bc_goose,709,0,113610,102358,11252,0,2,0,0,0,2569.46,3,3,13,12,,
panel/v12_cond,bc_goose,709,1,113610,102358,11252,0,2,0,0,0,2212.66,3,3,13,12,,
panel/v12_cond,bc_goose,710,0,124609,109729,14880,0,4,0,0,0,11148.8,3,3,14,9,,
panel/v12_cond,bc_goose,710,1,124609,109729,14880,0,4,0,0,0,10620.9,3,3,14,9,,
panel/v12_cond,bc_goose,711,0,107900,104670,3230,0,4,0,0,0,7074.31,3,3,13,12,,
panel/v12_cond,bc_goose,711,1,107900,104670,3230,0,4,0,0,0,9169.76,3,3,13,12,,
panel/v12_cond,bc_goose,712,0,92893,81036,11857,0,5,0,0,0,8020.77,3,3,12,7,,
panel/v12_cond,bc_goose,712,1,90932,93295,-2363,0,3,0,0,0,3427.25,3,3,12,12,,
panel/v12_cond,bc_goose,713,0,124692,115621,9071,0,5,0,0,0,4303.56,3,3,13,10,,
panel/v12_cond,bc_goose,713,1,124015,116342,7673,0,5,0,0,0,2617.7,3,3,13,10,,
panel/v12_cond,bc_goose,714,0,96761,94094,2667,0,4,0,0,0,4559.95,3,3,11,12,,
panel/v12_cond,bc_goose,714,1,96761,94094,2667,0,4,0,0,0,1358.35,3,3,11,12,,
panel/v12_cond,bc_goose,715,0,140784,138797,1987,0,5,0,0,0,3030.74,3,3,13,10,,
panel/v12_cond,bc_goose,715,1,149296,139889,9407,0,5,0,0,0,5513.53,3,3,11,10,,
panel/v12_cond,bc_majkel,700,0,103697,103161,536,0,2,0,0,0,6512.78,3,3,8,10,,
panel/v12_cond,bc_majkel,700,1,103037,109831,-6794,0,2,0,0,0,7030.8,3,3,10,13,,
panel/v12_cond,bc_majkel,701,0,121060,113097,7963,0,3,0,0,0,3305.38,3,3,12,10,,
panel/v12_cond,bc_majkel,701,1,110394,108715,1679,0,4,0,0,0,9915.82,3,3,12,11,,
panel/v12_cond,bc_majkel,702,0,131130,136925,-5795,0,5,0,0,0,5807.49,3,3,16,7,,
panel/v12_cond,bc_majkel,702,1,131141,136877,-5736,0,5,0,0,0,4038.22,3,3,16,7,,
panel/v12_cond,bc_majkel,703,0,109712,99439,10273,0,2,0,0,1,7390.98,3,3,9,12,,
panel/v12_cond,bc_majkel,703,1,101293,101713,-420,0,2,0,0,0,9405.22,3,3,10,13,,
panel/v12_cond,bc_majkel,704,0,141480,153272,-11792,0,5,0,0,0,4612.25,3,3,13,14,,
panel/v12_cond,bc_majkel,704,1,137031,146307,-9276,0,5,0,0,0,2628.07,3,3,13,15,,
panel/v12_cond,bc_majkel,705,0,86500,89831,-3331,0,5,0,0,0,5122.02,3,3,11,9,,
panel/v12_cond,bc_majkel,705,1,86500,89831,-3331,0,5,0,0,0,1105.4,3,3,11,9,,
panel/v12_cond,bc_majkel,706,0,118569,118342,227,0,3,0,0,0,9193.22,3,3,12,8,,
panel/v12_cond,bc_majkel,706,1,118569,118342,227,0,3,0,0,0,6116.03,3,3,12,8,,
panel/v12_cond,bc_majkel,707,0,115852,127176,-11324,0,5,0,0,0,5688.33,3,3,10,7,,
panel/v12_cond,bc_majkel,707,1,110579,118866,-8287,0,5,0,0,0,1967.51,3,3,10,10,,
panel/v12_cond,bc_majkel,708,0,110044,112529,-2485,0,5,0,0,0,3554.29,3,3,16,14,,
panel/v12_cond,bc_majkel,708,1,110044,112529,-2485,0,5,0,0,0,3672.81,3,3,16,14,,
panel/v12_cond,bc_majkel,709,0,80082,78825,1257,0,2,0,0,0,5312.32,3,3,14,13,,
panel/v12_cond,bc_majkel,709,1,80082,78825,1257,0,2,0,0,0,4424.68,3,3,14,13,,
panel/v12_cond,bc_majkel,710,0,116837,118994,-2157,0,5,0,0,0,3757.75,3,3,14,15,,
panel/v12_cond,bc_majkel,710,1,116837,118994,-2157,0,5,0,0,0,5228.65,3,3,14,15,,
panel/v12_cond,bc_majkel,711,0,115265,120688,-5423,0,5,0,0,0,847.518,3,3,14,8,,
panel/v12_cond,bc_majkel,711,1,115265,120688,-5423,0,5,0,0,0,675.368,3,3,14,8,,
panel/v12_cond,bc_majkel,712,0,95453,95275,178,0,3,0,0,0,6150.49,3,3,14,15,,
panel/v12_cond,bc_majkel,712,1,84033,90848,-6815,0,5,0,0,0,2349.32,3,3,11,8,,
panel/v12_cond,bc_majkel,713,0,94765,83043,11722,0,5,0,0,0,5261.02,3,3,14,5,,
panel/v12_cond,bc_majkel,713,1,94765,83043,11722,0,5,0,0,0,3268.31,3,3,14,5,,
panel/v12_cond,bc_majkel,714,0,111966,113790,-1824,0,4,0,0,0,2851.65,3,3,14,10,,
panel/v12_cond,bc_majkel,714,1,111966,113790,-1824,0,4,0,0,0,2069.78,3,3,14,10,,
panel/v12_cond,bc_majkel,715,0,127366,118502,8864,0,5,0,0,0,2394.02,3,3,17,7,,
panel/v12_cond,bc_majkel,715,1,130972,118536,12436,0,5,0,0,0,4327.06,3,3,13,7,,
panel/v12_cond,bc_mm,700,0,123595,108678,14917,0,2,0,0,0,5057.62,3,3,13,13,,
panel/v12_cond,bc_mm,700,1,117518,113874,3644,0,3,0,0,0,5356.41,3,3,12,8,,
panel/v12_cond,bc_mm,701,0,135428,126220,9208,0,3,0,8,0,4939.01,3,3,17,11,,
panel/v12_cond,bc_mm,701,1,133686,124707,8979,0,3,0,6,0,5775.39,3,3,17,11,,
panel/v12_cond,bc_mm,702,0,133376,124311,9065,0,2,0,0,0,4372.03,3,3,10,10,,
panel/v12_cond,bc_mm,702,1,133376,124311,9065,0,2,0,0,0,5730.48,3,3,10,10,,
panel/v12_cond,bc_mm,703,0,84986,91483,-6497,0,2,0,0,0,3317.72,3,3,13,13,,
panel/v12_cond,bc_mm,703,1,99333,91505,7828,0,2,0,0,0,7508.2,3,3,12,10,,
panel/v12_cond,bc_mm,704,0,83971,81864,2107,0,2,0,0,0,1754.94,3,3,12,9,,
panel/v12_cond,bc_mm,704,1,84938,80630,4308,0,2,0,0,0,2029.65,3,3,12,9,,
panel/v12_cond,bc_mm,705,0,138062,130511,7551,0,2,0,1,0,3195.85,3,3,11,15,,
panel/v12_cond,bc_mm,705,1,114596,113544,1052,0,2,0,0,0,6356.83,3,3,11,16,,
panel/v12_cond,bc_mm,706,0,121044,106972,14072,0,4,0,0,1,3520.34,3,3,16,11,,
panel/v12_cond,bc_mm,706,1,121083,106935,14148,0,4,0,0,1,3453.39,3,3,16,11,,
panel/v12_cond,bc_mm,707,0,127880,129772,-1892,0,4,0,0,0,3987.84,3,3,13,12,,
panel/v12_cond,bc_mm,707,1,142947,143317,-370,0,4,0,0,0,1499.06,3,3,13,11,,
panel/v12_cond,bc_mm,708,0,108352,99073,9279,0,3,0,0,0,2944.15,3,3,11,16,,
panel/v12_cond,bc_mm,708,1,108352,99073,9279,0,3,0,0,0,4690.94,3,3,11,16,,
panel/v12_cond,bc_mm,709,0,83996,80619,3377,0,4,0,0,0,2939.4,3,3,3,6,,
panel/v12_cond,bc_mm,709,1,83996,80619,3377,0,4,0,0,0,2123.01,3,3,3,6,,
panel/v12_cond,bc_mm,710,0,102329,99800,2529,0,5,0,0,3,3674,3,3,16,10,,
panel/v12_cond,bc_mm,710,1,102329,99800,2529,0,5,0,0,3,6766.04,3,3,16,10,,
panel/v12_cond,bc_mm,711,0,178515,110551,67964,0,2,0,0,0,5694.64,3,3,12,9,,
panel/v12_cond,bc_mm,711,1,178515,110551,67964,0,2,0,0,0,4827.68,3,3,12,9,,
panel/v12_cond,bc_mm,712,0,82006,80754,1252,0,2,0,0,0,2994.01,3,3,8,6,,
panel/v12_cond,bc_mm,712,1,106516,101257,5259,0,4,0,0,0,6003.29,3,3,13,10,,
panel/v12_cond,bc_mm,713,0,108496,103756,4740,0,2,0,0,0,3444.29,3,3,11,12,,
panel/v12_cond,bc_mm,713,1,107876,103545,4331,0,2,0,0,0,5301.43,3,3,11,12,,
panel/v12_cond,bc_mm,714,0,101576,89718,11858,0,2,0,0,0,3851.86,3,3,11,11,,
panel/v12_cond,bc_mm,714,1,101576,89718,11858,0,2,0,0,0,7727.85,3,3,11,11,,
panel/v12_cond,bc_mm,715,0,119200,117896,1304,0,2,0,0,0,4918.9,3,3,12,11,,
panel/v12_cond,bc_mm,715,1,116269,108305,7964,0,2,0,0,0,3039,3,3,12,11,,
panel/v12_cond,bc_v11,700,0,97668,95354,2314,0,3,0,0,0,5161.16,3,3,12,15,,
panel/v12_cond,bc_v11,700,1,142176,123235,18941,0,4,0,0,0,3912.04,3,3,14,13,,
panel/v12_cond,bc_v11,701,0,130187,134530,-4343,0,4,0,8,0,7409.53,3,3,14,12,,
panel/v12_cond,bc_v11,701,1,130187,134530,-4343,0,4,0,8,0,2881.21,3,3,14,12,,
panel/v12_cond,bc_v11,702,0,101306,100341,965,0,2,0,0,0,1989.84,3,3,10,11,,
panel/v12_cond,bc_v11,702,1,101306,100341,965,0,2,0,0,0,2730.27,3,3,10,11,,
panel/v12_cond,bc_v11,703,0,89887,88660,1227,0,2,0,2,15,4486.48,3,3,12,12,,
panel/v12_cond,bc_v11,703,1,98395,92760,5635,0,2,0,0,0,3247.28,3,3,12,12,,
panel/v12_cond,bc_v11,704,0,113535,117615,-4080,0,6,0,0,3,5948.53,3,3,13,12,,
panel/v12_cond,bc_v11,704,1,150914,154395,-3481,0,6,0,0,0,3469.76,3,3,15,15,,
panel/v12_cond,bc_v11,705,0,109446,116603,-7157,0,5,0,9,0,4372.82,3,3,12,18,,
panel/v12_cond,bc_v11,705,1,109446,116603,-7157,0,5,0,9,0,7779.46,3,3,12,18,,
panel/v12_cond,bc_v11,706,0,120913,125093,-4180,0,2,0,0,0,5048.08,3,3,15,13,,
panel/v12_cond,bc_v11,706,1,122071,125259,-3188,0,2,0,0,0,4392.01,3,3,15,13,,
panel/v12_cond,bc_v11,707,0,195431,173511,21920,0,2,0,0,0,6825.79,3,3,17,13,,
panel/v12_cond,bc_v11,707,1,195489,174483,21006,0,2,0,0,0,3962.69,3,3,16,13,,
panel/v12_cond,bc_v11,708,0,134085,121411,12674,0,4,0,0,0,5317.97,3,3,15,13,,
panel/v12_cond,bc_v11,708,1,134085,121411,12674,0,4,0,0,0,3914.91,3,3,15,13,,
panel/v12_cond,bc_v11,709,0,71906,65721,6185,0,2,0,0,0,2925.72,3,3,12,10,,
panel/v12_cond,bc_v11,709,1,71906,65721,6185,0,2,0,0,0,3763.71,3,3,12,10,,
panel/v12_cond,bc_v11,710,0,140821,126342,14479,0,2,0,7,0,4825.75,3,3,14,15,,
panel/v12_cond,bc_v11,710,1,140821,126342,14479,0,2,0,7,0,5751.29,3,3,14,15,,
panel/v12_cond,bc_v11,711,0,95881,92233,3648,0,2,0,0,2,5281.07,3,3,12,16,,
panel/v12_cond,bc_v11,711,1,95881,92233,3648,0,2,0,0,2,2884.46,3,3,12,16,,
panel/v12_cond,bc_v11,712,0,114624,110195,4429,0,4,0,0,2,3128.93,3,3,15,12,,
panel/v12_cond,bc_v11,712,1,107470,105713,1757,0,4,0,0,0,6888.58,3,3,12,11,,
panel/v12_cond,bc_v11,713,0,177100,157004,20096,0,4,0,0,0,6598.11,3,3,17,13,,
panel/v12_cond,bc_v11,713,1,178040,156153,21887,0,4,0,0,0,7885.48,3,3,17,13,,
panel/v12_cond,bc_v11,714,0,139613,121034,18579,0,2,0,0,0,8363.91,3,3,15,10,,
panel/v12_cond,bc_v11,714,1,139605,121034,18571,0,2,0,0,0,7468.51,3,3,15,10,,
panel/v12_cond,bc_v11,715,0,181918,146481,35437,0,4,0,0,0,6625.09,3,3,16,8,,
panel/v12_cond,bc_v11,715,1,181918,146481,35437,0,4,0,0,0,4209.7,3,3,16,8,,
panel/v12_cond,bc_v9,700,0,108692,89540,19152,0,2,0,6,0,1406.3,3,2,13,14,,
panel/v12_cond,bc_v9,700,1,85315,71929,13386,0,2,0,0,0,1560.47,3,2,11,12,,
panel/v12_cond,bc_v9,701,0,115447,105169,10278,0,3,0,0,0,5922.02,3,3,11,9,,
panel/v12_cond,bc_v9,701,1,115474,105000,10474,0,3,0,0,0,5283.68,3,3,11,9,,
panel/v12_cond,bc_v9,702,0,122234,114897,7337,0,3,0,0,0,3904.35,3,3,12,11,,
panel/v12_cond,bc_v9,702,1,122234,114897,7337,0,3,0,0,0,5825.5,3,3,12,11,,
panel/v12_cond,bc_v9,703,0,106683,90933,15750,0,2,0,0,0,3763.74,3,3,12,7,,
panel/v12_cond,bc_v9,703,1,110277,108836,1441,0,2,0,0,0,5881.98,3,3,12,7,,
panel/v12_cond,bc_v9,704,0,85222,81514,3708,0,2,0,0,0,3004.73,3,3,8,7,,
panel/v12_cond,bc_v9,704,1,92753,86256,6497,0,2,0,0,0,2707.7,3,3,8,7,,
panel/v12_cond,bc_v9,705,0,155623,140193,15430,0,5,0,0,4,4764.39,3,3,15,12,,
panel/v12_cond,bc_v9,705,1,123110,115834,7276,0,4,0,0,11,5652.51,3,3,13,11,,
panel/v12_cond,bc_v9,706,0,113612,107414,6198,0,4,0,0,0,3389.75,3,3,18,13,,
panel/v12_cond,bc_v9,706,1,113612,107414,6198,0,4,0,0,0,1857.59,3,3,18,13,,
panel/v12_cond,bc_v9,707,0,100387,117442,-17055,0,5,0,0,0,5004.31,3,3,12,14,,
panel/v12_cond,bc_v9,707,1,100387,117442,-17055,0,5,0,0,0,3774.1,3,3,12,14,,
panel/v12_cond,bc_v9,708,0,127787,120612,7175,0,5,0,0,0,3207.28,3,3,9,12,,
panel/v12_cond,bc_v9,708,1,127787,120612,7175,0,5,0,0,0,3985.8,3,3,9,12,,
panel/v12_cond,bc_v9,709,0,105931,105335,596,0,2,0,12,3,3823.81,3,3,9,7,,
panel/v12_cond,bc_v9,709,1,105931,105335,596,0,2,0,12,3,5897.04,3,3,9,7,,
panel/v12_cond,bc_v9,710,0,102114,97358,4756,0,4,0,0,0,5008.84,3,3,12,12,,
panel/v12_cond,bc_v9,710,1,104566,98910,5656,0,4,0,0,0,7403.81,3,3,12,12,,
panel/v12_cond,bc_v9,711,0,98911,94647,4264,0,2,0,0,5,5426.77,3,3,13,7,,
panel/v12_cond,bc_v9,711,1,98911,94647,4264,0,2,0,0,5,3600.54,3,3,13,7,,
panel/v12_cond,bc_v9,712,0,108725,92620,16105,0,4,0,0,0,6007.19,3,3,14,13,,
panel/v12_cond,bc_v9,712,1,153224,131755,21469,0,3,0,0,0,4729.85,3,3,13,9,,
panel/v12_cond,bc_v9,713,0,102889,96194,6695,0,2,0,0,0,4576.43,3,3,9,7,,
panel/v12_cond,bc_v9,713,1,102886,96330,6556,0,2,0,0,0,3378.07,3,3,9,7,,
panel/v12_cond,bc_v9,714,0,94187,91253,2934,0,2,0,0,10,4429.97,3,3,11,17,,
panel/v12_cond,bc_v9,714,1,94187,91253,2934,0,2,0,0,10,2572.37,3,3,11,17,,
panel/v12_cond,bc_v9,715,0,114547,115574,-1027,0,3,0,0,0,5417.99,3,3,13,13,,
panel/v12_cond,bc_v9,715,1,117913,123719,-5806,0,3,0,0,0,7094.14,3,3,13,12,,
panel/v12_cond,bc_vadim,700,0,121267,119574,1693,0,4,0,0,0,4504.58,3,3,15,14,,
panel/v12_cond,bc_vadim,700,1,114755,113283,1472,0,4,0,0,0,5070.4,3,3,14,14,,
panel/v12_cond,bc_vadim,701,0,128567,132491,-3924,0,3,0,0,0,8239.45,3,3,9,11,,
panel/v12_cond,bc_vadim,701,1,127368,135254,-7886,0,3,0,0,0,4205.63,3,3,11,11,,
panel/v12_cond,bc_vadim,702,0,130183,125678,4505,0,5,0,0,0,4253.72,3,3,13,12,,
panel/v12_cond,bc_vadim,702,1,124633,127597,-2964,0,5,0,0,0,4265.89,3,3,13,8,,
panel/v12_cond,bc_vadim,703,0,155038,150755,4283,0,4,0,0,7,3161.3,3,3,19,14,,
panel/v12_cond,bc_vadim,703,1,131928,127806,4122,0,4,0,0,0,1328.3,3,3,16,10,,
panel/v12_cond,bc_vadim,704,0,108407,108476,-69,0,2,0,0,0,3822.08,3,3,8,10,,
panel/v12_cond,bc_vadim,704,1,108287,104985,3302,0,2,0,0,0,2347.45,3,3,10,10,,
panel/v12_cond,bc_vadim,705,0,97395,102958,-5563,0,4,0,0,0,4189.57,3,3,12,12,,
panel/v12_cond,bc_vadim,705,1,110615,117014,-6399,0,6,0,0,0,4057.13,3,3,12,13,,
panel/v12_cond,bc_vadim,706,0,128918,135099,-6181,0,4,0,0,14,2219.33,3,3,14,16,,
panel/v12_cond,bc_vadim,706,1,129055,135178,-6123,0,4,0,0,14,4169.69,3,3,14,16,,
panel/v12_cond,bc_vadim,707,0,84833,85878,-1045,0,2,0,0,0,3210.72,3,3,10,13,,
panel/v12_cond,bc_vadim,707,1,84833,85878,-1045,0,2,0,0,0,4642.75,3,3,10,13,,
panel/v12_cond,bc_vadim,708,0,107127,111137,-4010,0,5,0,0,0,4321.79,3,3,13,16,,
panel/v12_cond,bc_vadim,708,1,107127,111137,-4010,0,5,0,0,0,4774.47,3,3,13,16,,
panel/v12_cond,bc_vadim,709,0,105534,100152,5382,0,5,0,0,0,2370.62,3,3,10,9,,
panel/v12_cond,bc_vadim,709,1,105534,100152,5382,0,5,0,0,0,4691.97,3,3,10,9,,
panel/v12_cond,bc_vadim,710,0,142096,144637,-2541,0,4,0,0,0,3979.15,3,3,15,17,,
panel/v12_cond,bc_vadim,710,1,141967,144673,-2706,0,4,0,0,0,4048.76,3,3,15,17,,
panel/v12_cond,bc_vadim,711,0,94471,94066,405,0,2,0,0,0,4197.27,3,3,12,13,,
panel/v12_cond,bc_vadim,711,1,94471,94066,405,0,2,0,0,0,5617.91,3,3,12,13,,
panel/v12_cond,bc_vadim,712,0,106587,111580,-4993,0,4,0,0,0,3212.87,3,3,13,15,,
panel/v12_cond,bc_vadim,712,1,92981,97878,-4897,0,2,0,0,0,3113.17,3,3,11,15,,
panel/v12_cond,bc_vadim,713,0,115528,124709,-9181,0,4,0,0,0,3926.02,3,3,15,16,,
panel/v12_cond,bc_vadim,713,1,115349,124816,-9467,0,4,0,0,0,4034.11,3,3,15,16,,
panel/v12_cond,bc_vadim,714,0,119496,118113,1383,0,4,0,0,0,4584.92,3,3,11,15,,
panel/v12_cond,bc_vadim,714,1,97084,95427,1657,0,4,0,0,0,4390.02,3,3,9,13,,
panel/v12_cond,bc_vadim,715,0,125685,113878,11807,0,4,0,0,0,4100.29,3,3,7,12,,
panel/v12_cond,bc_vadim,715,1,125683,113880,11803,0,4,0,0,0,4577.6,3,3,7,12,,
panel/v12_cond,investment_context_guarded_001_best,700,0,103370,105836,-2466,0,3,0,0,5,3749.13,3,3,11,17,,
panel/v12_cond,investment_context_guarded_001_best,700,1,103370,105836,-2466,0,3,0,0,5,3804.35,3,3,11,17,,
panel/v12_cond,investment_context_guarded_001_best,701,0,133978,120401,13577,0,3,0,0,5,5664.42,3,3,10,17,,
panel/v12_cond,investment_context_guarded_001_best,701,1,133978,120401,13577,0,3,0,0,5,4280.19,3,3,10,17,,
panel/v12_cond,investment_context_guarded_001_best,702,0,112424,103106,9318,0,3,0,0,5,5194.93,3,3,10,17,,
panel/v12_cond,investment_context_guarded_001_best,702,1,112424,103106,9318,0,3,0,0,5,1923.54,3,3,10,17,,
panel/v12_cond,investment_context_guarded_001_best,703,0,84166,65059,19107,0,2,0,6,5,3593.09,3,3,12,17,,
panel/v12_cond,investment_context_guarded_001_best,703,1,84166,65059,19107,0,2,0,6,5,4752.47,3,3,12,17,,
panel/v12_cond,investment_context_guarded_001_best,704,0,96574,88104,8470,0,2,0,0,5,3041,3,3,8,17,,
panel/v12_cond,investment_context_guarded_001_best,704,1,96574,88104,8470,0,2,0,0,5,3687.64,3,3,8,17,,
panel/v12_cond,investment_context_guarded_001_best,705,0,103029,78831,24198,0,2,0,0,5,4053.11,3,3,11,17,,
panel/v12_cond,investment_context_guarded_001_best,705,1,103029,78831,24198,0,2,0,0,5,1928.84,3,3,11,17,,
panel/v12_cond,investment_context_guarded_001_best,706,0,103683,87336,16347,0,3,0,0,6,6508.88,3,3,15,17,,
panel/v12_cond,investment_context_guarded_001_best,706,1,103546,87351,16195,0,3,0,0,6,4919.38,3,3,15,17,,
panel/v12_cond,investment_context_guarded_001_best,707,0,178202,142907,35295,0,4,0,0,5,6615.86,3,3,14,17,,
panel/v12_cond,investment_context_guarded_001_best,707,1,178202,142907,35295,0,4,0,0,5,5045.46,3,3,14,17,,
panel/v12_cond,investment_context_guarded_001_best,708,0,94378,86824,7554,0,4,0,0,5,3766.07,3,3,13,17,,
panel/v12_cond,investment_context_guarded_001_best,708,1,94378,86824,7554,0,4,0,0,5,2384.61,3,3,13,17,,
panel/v12_cond,investment_context_guarded_001_best,709,0,80788,69963,10825,0,3,0,0,5,6501.93,3,3,12,17,,
panel/v12_cond,investment_context_guarded_001_best,709,1,80788,69963,10825,0,3,0,0,5,4735.94,3,3,12,17,,
panel/v12_cond,investment_context_guarded_001_best,710,0,138786,94327,44459,0,4,0,21,6,8412.58,3,3,21,17,,
panel/v12_cond,investment_context_guarded_001_best,710,1,138774,94322,44452,0,4,0,21,6,3228.64,3,3,21,17,,
panel/v12_cond,investment_context_guarded_001_best,711,0,131369,111667,19702,0,3,0,0,5,4954.7,3,3,13,17,,
panel/v12_cond,investment_context_guarded_001_best,711,1,131369,111667,19702,0,3,0,0,5,5585.71,3,3,13,17,,
panel/v12_cond,investment_context_guarded_001_best,712,0,79806,75932,3874,0,2,0,0,5,2228.5,3,3,11,17,,
panel/v12_cond,investment_context_guarded_001_best,712,1,79806,75932,3874,0,2,0,0,5,4498.14,3,3,11,17,,
panel/v12_cond,investment_context_guarded_001_best,713,0,140782,127707,13075,0,5,0,0,4,3303.87,3,3,12,17,,
panel/v12_cond,investment_context_guarded_001_best,713,1,140782,127707,13075,0,5,0,0,4,2666.14,3,3,12,17,,
panel/v12_cond,investment_context_guarded_001_best,714,0,137501,86699,50802,0,2,0,0,6,5899.05,3,3,15,17,,
panel/v12_cond,investment_context_guarded_001_best,714,1,137501,86699,50802,0,2,0,0,6,3211.16,3,3,15,17,,
panel/v12_cond,investment_context_guarded_001_best,715,0,153283,123600,29683,0,5,0,10,4,5442.13,3,3,18,17,,
panel/v12_cond,investment_context_guarded_001_best,715,1,153283,123600,29683,0,5,0,10,4,3367.61,3,3,18,17,,
panel/v12_cond,king_rc4,700,0,90145,69289,20856,0,3,0,0,0,2610.9,3,3,11,13,,
panel/v12_cond,king_rc4,700,1,90053,69290,20763,0,3,0,0,0,3666.72,3,3,11,13,,
panel/v12_cond,king_rc4,701,0,112967,106299,6668,0,3,0,0,0,2616.14,3,3,10,13,,
panel/v12_cond,king_rc4,701,1,119953,109284,10669,0,3,0,0,3,3649.37,3,3,10,13,,
panel/v12_cond,king_rc4,702,0,103802,96195,7607,0,3,0,0,4,3535.69,3,3,11,14,,
panel/v12_cond,king_rc4,702,1,103802,96195,7607,0,3,0,0,4,4869.31,3,3,11,14,,
panel/v12_cond,king_rc4,703,0,90112,78527,11585,0,2,0,0,3,1270.81,3,3,11,13,,
panel/v12_cond,king_rc4,703,1,78211,56264,21947,0,2,0,0,0,1491.09,3,3,11,13,,
panel/v12_cond,king_rc4,704,0,113044,101626,11418,0,3,0,0,0,3853.61,3,3,14,14,,
panel/v12_cond,king_rc4,704,1,113044,101626,11418,0,3,0,0,0,3287.64,3,3,14,14,,
panel/v12_cond,king_rc4,705,0,101963,70201,31762,0,3,0,0,6,2847.93,3,3,12,14,,
panel/v12_cond,king_rc4,705,1,101963,70201,31762,0,3,0,0,6,1352.52,3,3,12,14,,
panel/v12_cond,king_rc4,706,0,137452,105155,32297,0,2,0,0,0,7028.85,3,3,15,13,,
panel/v12_cond,king_rc4,706,1,137357,105305,32052,0,2,0,0,0,6122.48,3,3,15,13,,
panel/v12_cond,king_rc4,707,0,190530,157481,33049,0,4,0,0,0,5026.04,3,3,15,14,,
panel/v12_cond,king_rc4,707,1,190530,157481,33049,0,4,0,0,0,3066.65,3,3,15,14,,
panel/v12_cond,king_rc4,708,0,85537,77614,7923,0,4,0,0,0,1864.41,3,3,13,14,,
panel/v12_cond,king_rc4,708,1,85537,77614,7923,0,4,0,0,0,1880.19,3,3,13,14,,
panel/v12_cond,king_rc4,709,0,92669,71300,21369,0,3,0,0,0,3332.17,3,3,14,14,,
panel/v12_cond,king_rc4,709,1,92669,71300,21369,0,3,0,0,0,2455.6,3,3,14,14,,
panel/v12_cond,king_rc4,710,0,132683,91615,41068,0,4,0,23,0,7538.95,3,3,21,17,,
panel/v12_cond,king_rc4,710,1,132683,91615,41068,0,4,0,23,0,5906.63,3,3,21,17,,
panel/v12_cond,king_rc4,711,0,130796,119432,11364,0,3,0,0,0,6303.41,3,3,12,14,,
panel/v12_cond,king_rc4,711,1,130796,119432,11364,0,3,0,0,0,7076.83,3,3,12,14,,
panel/v12_cond,king_rc4,712,0,92027,83920,8107,0,3,0,0,1,1929.84,3,3,12,14,,
panel/v12_cond,king_rc4,712,1,92027,83920,8107,0,3,0,0,1,3052.89,3,3,12,14,,
panel/v12_cond,king_rc4,713,0,163881,140082,23799,0,5,0,0,0,3954.41,3,3,15,17,,
panel/v12_cond,king_rc4,713,1,163881,140082,23799,0,5,0,0,0,3455.42,3,3,15,17,,
panel/v12_cond,king_rc4,714,0,89599,73692,15907,0,3,0,0,0,3178.53,3,3,11,17,,
panel/v12_cond,king_rc4,714,1,89599,73692,15907,0,3,0,0,0,2281.22,3,3,11,17,,
panel/v12_cond,king_rc4,715,0,163349,154550,8799,0,5,0,0,0,3221.67,3,3,16,17,,
panel/v12_cond,king_rc4,715,1,169133,158823,10310,0,5,0,0,0,3034.65,3,3,16,17,,
panel/v12_cond,teammate_shoprouter,700,0,116372,109086,7286,0,3,0,0,0,6132.29,3,3,13,17,,
panel/v12_cond,teammate_shoprouter,700,1,116372,109086,7286,0,3,0,0,0,4721.33,3,3,13,17,,
panel/v12_cond,teammate_shoprouter,701,0,120885,107272,13613,0,3,0,0,0,4269.41,3,3,11,17,,
panel/v12_cond,teammate_shoprouter,701,1,120806,106316,14490,0,3,0,0,0,6209.82,3,3,11,17,,
panel/v12_cond,teammate_shoprouter,702,0,102621,96066,6555,0,3,0,0,0,4014.25,3,3,12,17,,
panel/v12_cond,teammate_shoprouter,702,1,102901,96078,6823,0,3,0,1,0,5010.07,3,3,12,17,,
panel/v12_cond,teammate_shoprouter,703,0,81515,56102,25413,0,2,0,0,0,3351.07,3,3,12,17,,
panel/v12_cond,teammate_shoprouter,703,1,81515,56102,25413,0,2,0,0,0,2665.99,3,3,12,17,,
panel/v12_cond,teammate_shoprouter,704,0,86844,64965,21879,0,3,0,0,0,2729.45,3,3,10,17,,
panel/v12_cond,teammate_shoprouter,704,1,86844,64965,21879,0,3,0,0,0,2132.3,3,3,10,17,,
panel/v12_cond,teammate_shoprouter,705,0,96719,84180,12539,0,3,0,3,0,5111.61,3,3,12,17,,
panel/v12_cond,teammate_shoprouter,705,1,96719,84180,12539,0,3,0,3,0,4636.5,3,3,12,17,,
panel/v12_cond,teammate_shoprouter,706,0,136785,94265,42520,0,3,0,5,0,3603.96,3,3,16,17,,
panel/v12_cond,teammate_shoprouter,706,1,136785,94265,42520,0,3,0,5,0,6282.59,3,3,16,17,,
panel/v12_cond,teammate_shoprouter,707,0,167872,137767,30105,0,4,0,0,0,5705.3,3,3,13,17,,
panel/v12_cond,teammate_shoprouter,707,1,167872,137767,30105,0,4,0,0,0,4889.34,3,3,13,17,,
panel/v12_cond,teammate_shoprouter,708,0,90004,75969,14035,0,3,0,0,0,3692.6,3,3,13,17,,
panel/v12_cond,teammate_shoprouter,708,1,90004,75969,14035,0,3,0,0,0,3375.08,3,3,13,17,,
panel/v12_cond,teammate_shoprouter,709,0,77993,55838,22155,0,3,0,1,0,4028.17,3,3,12,17,,
panel/v12_cond,teammate_shoprouter,709,1,77993,55838,22155,0,3,0,1,0,4382.32,3,3,12,17,,
panel/v12_cond,teammate_shoprouter,710,0,91307,65389,25918,0,4,0,2,0,5441.12,3,3,11,17,,
panel/v12_cond,teammate_shoprouter,710,1,91307,65389,25918,0,4,0,2,0,5220.02,3,3,11,17,,
panel/v12_cond,teammate_shoprouter,711,0,135073,110220,24853,0,3,0,0,0,3916.87,3,3,13,17,,
panel/v12_cond,teammate_shoprouter,711,1,135073,110220,24853,0,3,0,0,0,4690.15,3,3,13,17,,
panel/v12_cond,teammate_shoprouter,712,0,91454,68024,23430,0,4,0,1,0,2862.75,3,3,14,17,,
panel/v12_cond,teammate_shoprouter,712,1,91454,68024,23430,0,4,0,1,0,3095.37,3,3,14,17,,
panel/v12_cond,teammate_shoprouter,713,0,134136,126274,7862,0,5,0,0,0,2914.68,3,3,11,17,,
panel/v12_cond,teammate_shoprouter,713,1,134136,126274,7862,0,5,0,0,0,1798.52,3,3,11,17,,
panel/v12_cond,teammate_shoprouter,714,0,89539,71364,18175,0,2,0,0,0,2193.37,3,3,13,17,,
panel/v12_cond,teammate_shoprouter,714,1,89539,71364,18175,0,2,0,0,0,2743.11,3,3,13,17,,
panel/v12_cond,teammate_shoprouter,715,0,151411,138527,12884,0,5,0,0,0,3652.68,3,3,15,17,,
panel/v12_cond,teammate_shoprouter,715,1,151411,138527,12884,0,5,0,0,0,3331.86,3,3,15,17,,
panel/v12_cond,two_random_shop_league_v179,700,0,141232,72045,69187,0,3,0,0,0,5614.7,3,4,11,23,,
panel/v12_cond,two_random_shop_league_v179,700,1,142062,71947,70115,0,3,0,0,0,4712.71,3,4,11,23,,
panel/v12_cond,two_random_shop_league_v179,701,0,195395,91367,104028,0,3,0,0,0,5630.31,3,4,10,23,,
panel/v12_cond,two_random_shop_league_v179,701,1,176252,77476,98776,0,3,0,0,0,4980.74,3,4,9,23,,
panel/v12_cond,two_random_shop_league_v179,702,0,191415,107185,84230,0,2,0,0,0,2298.9,3,4,16,22,,
panel/v12_cond,two_random_shop_league_v179,702,1,193287,109831,83456,0,2,0,0,0,5475.68,3,4,16,22,,
panel/v12_cond,two_random_shop_league_v179,703,0,191526,101497,90029,0,2,0,0,0,6948.65,3,4,11,23,,
panel/v12_cond,two_random_shop_league_v179,703,1,200999,102156,98843,0,3,0,0,0,3005.61,3,4,13,23,,
panel/v12_cond,two_random_shop_league_v179,704,0,135916,90181,45735,0,3,0,0,0,7564.62,3,3,10,22,,
panel/v12_cond,two_random_shop_league_v179,704,1,135916,90181,45735,0,3,0,0,0,3292.33,3,3,10,22,,
panel/v12_cond,two_random_shop_league_v179,705,0,161231,95598,65633,0,4,0,0,0,6423.13,3,4,17,23,,
panel/v12_cond,two_random_shop_league_v179,705,1,155452,95193,60259,0,4,0,0,0,7957.97,3,4,17,23,,
panel/v12_cond,two_random_shop_league_v179,706,0,193476,84485,108991,0,4,0,0,0,6571.31,3,4,17,23,,
panel/v12_cond,two_random_shop_league_v179,706,1,194894,84424,110470,0,4,0,0,0,6357.56,3,4,17,23,,
panel/v12_cond,two_random_shop_league_v179,707,0,164908,85749,79159,0,4,0,0,1,4527.91,3,3,13,23,,
panel/v12_cond,two_random_shop_league_v179,707,1,161410,85418,75992,0,4,0,0,1,4223.89,3,3,13,23,,
panel/v12_cond,two_random_shop_league_v179,708,0,161867,84476,77391,0,5,0,0,21,6713.35,3,3,16,22,,
panel/v12_cond,two_random_shop_league_v179,708,1,161867,84476,77391,0,5,0,0,21,2642.89,3,3,16,22,,
panel/v12_cond,two_random_shop_league_v179,709,0,163359,76553,86806,0,3,0,0,0,3236.54,3,3,15,18,,
panel/v12_cond,two_random_shop_league_v179,709,1,173792,84394,89398,0,3,0,0,0,2569.73,3,3,15,18,,
panel/v12_cond,two_random_shop_league_v179,710,0,194786,123833,70953,0,5,0,0,0,6635.73,3,4,17,23,,
panel/v12_cond,two_random_shop_league_v179,710,1,191925,119209,72716,0,5,0,0,0,6459.93,3,4,17,23,,
panel/v12_cond,two_random_shop_league_v179,711,0,132570,82460,50110,0,3,0,0,0,5601.33,3,4,12,23,,
panel/v12_cond,two_random_shop_league_v179,711,1,132570,82460,50110,0,3,0,0,0,5063.85,3,4,12,23,,
panel/v12_cond,two_random_shop_league_v179,712,0,120714,83926,36788,0,3,0,7,0,4266.93,3,4,16,23,,
panel/v12_cond,two_random_shop_league_v179,712,1,120714,83926,36788,0,3,0,7,0,4349.78,3,4,16,23,,
panel/v12_cond,two_random_shop_league_v179,713,0,219932,121941,97991,0,3,0,0,0,3771.68,3,3,20,23,,
panel/v12_cond,two_random_shop_league_v179,713,1,206257,118740,87517,0,3,0,14,0,4054.23,3,3,20,23,,
panel/v12_cond,two_random_shop_league_v179,714,0,203176,124242,78934,0,5,0,0,0,2505.86,3,4,18,23,,
panel/v12_cond,two_random_shop_league_v179,714,1,203176,124242,78934,0,5,0,0,0,3707.98,3,4,18,23,,
panel/v12_cond,two_random_shop_league_v179,715,0,148145,95272,52873,0,2,0,0,0,3353.38,3,4,18,23,,
panel/v12_cond,two_random_shop_league_v179,715,1,148145,95272,52873,0,2,0,0,0,4148.11,3,4,18,23,,
panel/v12_open6_vadim,agent_sep23,700,0,143637,100831,42806,0,4,0,0,72,2406.58,3,3,14,16,,
panel/v12_open6_vadim,agent_sep23,700,1,143637,100831,42806,0,4,0,0,72,2772.73,3,3,14,16,,
panel/v12_open6_vadim,agent_sep23,701,0,134285,114639,19646,0,4,0,0,68,2361.51,3,3,12,11,,
panel/v12_open6_vadim,agent_sep23,701,1,134285,114639,19646,0,4,0,0,68,2699.93,3,3,12,11,,
panel/v12_open6_vadim,agent_sep23,702,0,144353,129605,14748,0,5,0,0,48,3236.57,3,3,12,11,,
panel/v12_open6_vadim,agent_sep23,702,1,135318,113130,22188,0,5,0,0,115,2142.58,3,3,13,13,,
panel/v12_open6_vadim,agent_sep23,703,0,179459,132755,46704,0,4,0,0,88,2526.38,3,3,20,9,,
panel/v12_open6_vadim,agent_sep23,703,1,159136,107469,51667,0,3,0,0,65,3234.53,3,3,20,9,,
panel/v12_open6_vadim,agent_sep23,704,0,123594,119068,4526,0,8,0,0,63,1853.97,3,3,10,9,,
panel/v12_open6_vadim,agent_sep23,704,1,123594,119068,4526,0,8,0,0,63,2738.51,3,3,10,9,,
panel/v12_open6_vadim,agent_sep23,705,0,135020,104348,30672,0,5,0,0,78,2700.26,3,3,15,12,,
panel/v12_open6_vadim,agent_sep23,705,1,109959,89617,20342,0,4,0,0,56,3028.09,3,3,13,10,,
panel/v12_open6_vadim,agent_sep23,706,0,95157,78655,16502,0,3,0,0,43,1942.31,3,3,13,14,,
panel/v12_open6_vadim,agent_sep23,706,1,95230,78466,16764,0,3,0,0,43,1423.52,3,3,13,14,,
panel/v12_open6_vadim,agent_sep23,707,0,113170,89790,23380,0,3,0,40,38,5410.09,3,3,19,10,,
panel/v12_open6_vadim,agent_sep23,707,1,113170,89790,23380,0,3,0,40,38,5201.44,3,3,19,10,,
panel/v12_open6_vadim,agent_sep23,708,0,104903,81183,23720,0,3,0,18,47,3208.16,3,3,19,10,,
panel/v12_open6_vadim,agent_sep23,708,1,104903,81183,23720,0,3,0,18,47,3252.66,3,3,19,10,,
panel/v12_open6_vadim,agent_sep23,709,0,128063,99390,28673,0,4,0,0,24,2285.63,3,3,11,14,,
panel/v12_open6_vadim,agent_sep23,709,1,128063,99390,28673,0,4,0,0,24,2487.57,3,3,11,14,,
panel/v12_open6_vadim,agent_sep23,710,0,129241,88794,40447,0,3,0,0,31,2684.97,3,3,11,12,,
panel/v12_open6_vadim,agent_sep23,710,1,129241,88794,40447,0,3,0,0,31,2263.86,3,3,11,12,,
panel/v12_open6_vadim,agent_sep23,711,0,99121,92601,6520,0,3,0,0,55,3189.26,3,3,10,12,,
panel/v12_open6_vadim,agent_sep23,711,1,99121,92601,6520,0,3,0,0,55,3685.14,3,3,10,12,,
panel/v12_open6_vadim,agent_sep23,712,0,122025,109169,12856,0,4,0,0,54,3313.69,3,3,16,13,,
panel/v12_open6_vadim,agent_sep23,712,1,133960,99213,34747,0,4,0,0,34,2509.7,3,3,10,9,,
panel/v12_open6_vadim,agent_sep23,713,0,130533,109745,20788,0,5,0,0,79,2279.03,3,3,16,12,,
panel/v12_open6_vadim,agent_sep23,713,1,130533,109745,20788,0,5,0,0,79,2815.18,3,3,16,12,,
panel/v12_open6_vadim,agent_sep23,714,0,155224,119300,35924,0,4,0,0,31,3586.96,3,3,14,8,,
panel/v12_open6_vadim,agent_sep23,714,1,155224,119300,35924,0,4,0,0,31,3235.57,3,3,14,8,,
panel/v12_open6_vadim,agent_sep23,715,0,155053,118031,37022,0,4,0,0,57,2779.27,3,3,15,12,,
panel/v12_open6_vadim,agent_sep23,715,1,155053,118031,37022,0,4,0,0,57,3113.87,3,3,15,12,,
panel/v12_open6_vadim,ahmed_v25,700,0,127250,103515,23735,0,3,0,0,6,1922.91,3,3,12,17,,
panel/v12_open6_vadim,ahmed_v25,700,1,127250,103515,23735,0,3,0,0,6,2461.51,3,3,12,17,,
panel/v12_open6_vadim,ahmed_v25,701,0,130007,123255,6752,0,4,0,0,6,2881.38,3,3,9,17,,
panel/v12_open6_vadim,ahmed_v25,701,1,130007,123255,6752,0,4,0,0,6,2881.21,3,3,9,17,,
panel/v12_open6_vadim,ahmed_v25,702,0,116045,104492,11553,0,4,0,0,6,3165.25,3,3,12,17,,
panel/v12_open6_vadim,ahmed_v25,702,1,116045,104492,11553,0,4,0,0,6,3360.49,3,3,12,17,,
panel/v12_open6_vadim,ahmed_v25,703,0,98983,95909,3074,0,3,0,0,0,1781.82,3,3,10,16,,
panel/v12_open6_vadim,ahmed_v25,703,1,98983,95909,3074,0,3,0,0,0,1598.36,3,3,10,16,,
panel/v12_open6_vadim,ahmed_v25,704,0,90091,56998,33093,0,3,0,0,6,1300.32,3,3,9,17,,
panel/v12_open6_vadim,ahmed_v25,704,1,90091,56998,33093,0,3,0,0,6,1234.21,3,3,9,17,,
panel/v12_open6_vadim,ahmed_v25,705,0,88533,77470,11063,0,3,0,0,6,1215.77,3,3,10,17,,
panel/v12_open6_vadim,ahmed_v25,705,1,88533,77470,11063,0,3,0,0,6,1174.6,3,3,10,17,,
panel/v12_open6_vadim,ahmed_v25,706,0,133884,106112,27772,0,2,0,0,6,2096.85,3,3,14,17,,
panel/v12_open6_vadim,ahmed_v25,706,1,133884,106112,27772,0,2,0,0,6,2242.7,3,3,14,17,,
panel/v12_open6_vadim,ahmed_v25,707,0,169812,138493,31319,0,4,0,0,6,2150.01,3,3,14,17,,
panel/v12_open6_vadim,ahmed_v25,707,1,169812,138493,31319,0,4,0,0,6,2113.12,3,3,14,17,,
panel/v12_open6_vadim,ahmed_v25,708,0,125048,112929,12119,0,2,0,0,2,1719.33,3,3,16,16,,
panel/v12_open6_vadim,ahmed_v25,708,1,125048,112929,12119,0,2,0,0,2,1291.14,3,3,16,16,,
panel/v12_open6_vadim,ahmed_v25,709,0,78385,59884,18501,0,2,0,0,6,1434.96,3,3,13,17,,
panel/v12_open6_vadim,ahmed_v25,709,1,78385,59884,18501,0,2,0,0,6,1028.37,3,3,13,17,,
panel/v12_open6_vadim,ahmed_v25,710,0,148982,126517,22465,0,2,0,0,6,2002.6,3,3,18,17,,
panel/v12_open6_vadim,ahmed_v25,710,1,148982,126517,22465,0,2,0,0,6,2316.62,3,3,18,17,,
panel/v12_open6_vadim,ahmed_v25,711,0,87267,67431,19836,0,2,0,0,6,1332.73,3,3,10,17,,
panel/v12_open6_vadim,ahmed_v25,711,1,87267,67431,19836,0,2,0,0,6,1268.42,3,3,10,17,,
panel/v12_open6_vadim,ahmed_v25,712,0,91222,72483,18739,0,4,0,0,6,1476.73,3,3,10,17,,
panel/v12_open6_vadim,ahmed_v25,712,1,91222,72483,18739,0,4,0,0,6,1951.25,3,3,10,17,,
panel/v12_open6_vadim,ahmed_v25,713,0,116834,113462,3372,0,4,0,0,6,1375.51,3,3,10,17,,
panel/v12_open6_vadim,ahmed_v25,713,1,116834,113462,3372,0,4,0,0,6,1422.07,3,3,10,17,,
panel/v12_open6_vadim,ahmed_v25,714,0,120527,119669,858,0,3,0,0,7,2073.37,3,3,12,17,,
panel/v12_open6_vadim,ahmed_v25,714,1,129268,115560,13708,0,2,0,4,6,2063.12,3,3,14,17,,
panel/v12_open6_vadim,ahmed_v25,715,0,127030,112935,14095,0,4,0,0,6,1970.67,3,3,12,17,,
panel/v12_open6_vadim,ahmed_v25,715,1,127030,112935,14095,0,4,0,0,6,2068.28,3,3,12,17,,
panel/v12_open6_vadim,arlene_v4_m31,700,0,133043,103240,29803,0,3,0,6,0,2449.13,3,3,12,17,,
panel/v12_open6_vadim,arlene_v4_m31,700,1,133043,103240,29803,0,3,0,6,0,2278.73,3,3,12,17,,
panel/v12_open6_vadim,arlene_v4_m31,701,0,116409,111092,5317,0,4,0,0,0,2638.65,3,3,10,17,,
panel/v12_open6_vadim,arlene_v4_m31,701,1,116307,111069,5238,0,4,0,0,0,2866.3,3,3,10,17,,
panel/v12_open6_vadim,arlene_v4_m31,702,0,117096,93470,23626,0,4,0,0,0,3203.82,3,3,10,3,,
panel/v12_open6_vadim,arlene_v4_m31,702,1,117096,93470,23626,0,4,0,0,0,3310.36,3,3,10,3,,
panel/v12_open6_vadim,arlene_v4_m31,703,0,91210,63656,27554,0,3,0,0,0,1365.74,3,3,12,17,,
panel/v12_open6_vadim,arlene_v4_m31,703,1,91210,63656,27554,0,3,0,0,0,1242.94,3,3,12,17,,
panel/v12_open6_vadim,arlene_v4_m31,704,0,81901,62472,19429,0,3,0,0,0,1726.62,3,3,12,17,,
panel/v12_open6_vadim,arlene_v4_m31,704,1,81901,62472,19429,0,3,0,0,0,2105.16,3,3,12,17,,
panel/v12_open6_vadim,arlene_v4_m31,705,0,103910,74590,29320,0,4,0,0,0,3239.91,3,3,11,17,,
panel/v12_open6_vadim,arlene_v4_m31,705,1,103910,74590,29320,0,4,0,0,0,3309.71,3,3,11,17,,
panel/v12_open6_vadim,arlene_v4_m31,706,0,93711,78194,15517,0,3,0,0,0,1413.69,3,3,12,8,,
panel/v12_open6_vadim,arlene_v4_m31,706,1,93711,78194,15517,0,3,0,0,0,1495.72,3,3,12,8,,
panel/v12_open6_vadim,arlene_v4_m31,707,0,133033,116262,16771,0,4,0,0,0,2503.57,3,3,13,17,,
panel/v12_open6_vadim,arlene_v4_m31,707,1,133033,116262,16771,0,4,0,0,0,2123.63,3,3,13,17,,
panel/v12_open6_vadim,arlene_v4_m31,708,0,129521,103255,26266,0,2,0,0,0,3357.92,3,3,18,17,,
panel/v12_open6_vadim,arlene_v4_m31,708,1,129521,103255,26266,0,2,0,0,0,2749.82,3,3,18,17,,
panel/v12_open6_vadim,arlene_v4_m31,709,0,79930,57314,22616,0,2,0,0,0,1514.59,3,3,12,17,,
panel/v12_open6_vadim,arlene_v4_m31,709,1,79930,57314,22616,0,2,0,0,0,1548.59,3,3,12,17,,
panel/v12_open6_vadim,arlene_v4_m31,710,0,99122,89373,9749,0,3,0,0,0,2360.1,3,3,14,17,,
panel/v12_open6_vadim,arlene_v4_m31,710,1,99122,89373,9749,0,3,0,0,0,3604.7,3,3,14,17,,
panel/v12_open6_vadim,arlene_v4_m31,711,0,86788,59247,27541,0,2,0,0,0,1253.87,3,3,10,3,,
panel/v12_open6_vadim,arlene_v4_m31,711,1,86788,59247,27541,0,2,0,0,0,1578.19,3,3,10,3,,
panel/v12_open6_vadim,arlene_v4_m31,712,0,98071,82261,15810,0,4,0,0,0,2263.34,3,3,10,17,,
panel/v12_open6_vadim,arlene_v4_m31,712,1,97928,82253,15675,0,4,0,0,0,2653.56,3,3,10,17,,
panel/v12_open6_vadim,arlene_v4_m31,713,0,109706,101690,8016,0,5,0,0,0,2518.63,3,3,10,17,,
panel/v12_open6_vadim,arlene_v4_m31,713,1,109706,101690,8016,0,5,0,0,0,1941.15,3,3,10,17,,
panel/v12_open6_vadim,arlene_v4_m31,714,0,87190,78829,8361,0,3,0,0,0,1441.68,3,3,13,17,,
panel/v12_open6_vadim,arlene_v4_m31,714,1,107577,95914,11663,0,2,0,1,0,2133.61,3,3,15,17,,
panel/v12_open6_vadim,arlene_v4_m31,715,0,128284,108475,19809,0,4,0,0,0,2407.41,3,3,12,17,,
panel/v12_open6_vadim,arlene_v4_m31,715,1,128284,108475,19809,0,4,0,0,0,2102.69,3,3,12,17,,
panel/v12_open6_vadim,investment_context_guarded_001_best,700,0,122567,101619,20948,0,4,0,0,5,2453.77,3,3,13,17,,
panel/v12_open6_vadim,investment_context_guarded_001_best,700,1,122567,101619,20948,0,4,0,0,5,2291.54,3,3,13,17,,
panel/v12_open6_vadim,investment_context_guarded_001_best,701,0,132348,120651,11697,0,4,0,0,5,1796.33,3,3,10,17,,
panel/v12_open6_vadim,investment_context_guarded_001_best,701,1,132348,120651,11697,0,4,0,0,5,2213.57,3,3,10,17,,
panel/v12_open6_vadim,investment_context_guarded_001_best,702,0,114308,95333,18975,0,4,0,0,5,5001.81,3,3,11,17,,
panel/v12_open6_vadim,investment_context_guarded_001_best,702,1,114308,95333,18975,0,4,0,0,5,4918.78,3,3,11,17,,
panel/v12_open6_vadim,investment_context_guarded_001_best,703,0,101464,100506,958,0,3,0,0,4,1413.29,3,3,9,17,,
panel/v12_open6_vadim,investment_context_guarded_001_best,703,1,101464,100506,958,0,3,0,0,4,1376.18,3,3,9,17,,
panel/v12_open6_vadim,investment_context_guarded_001_best,704,0,83903,65876,18027,0,3,0,0,5,1351.09,3,3,11,17,,
panel/v12_open6_vadim,investment_context_guarded_001_best,704,1,83903,65876,18027,0,3,0,0,5,1647.36,3,3,11,17,,
panel/v12_open6_vadim,investment_context_guarded_001_best,705,0,104692,78847,25845,0,4,0,0,5,1345,3,3,11,17,,
panel/v12_open6_vadim,investment_context_guarded_001_best,705,1,104692,78847,25845,0,4,0,0,5,1717.23,3,3,11,17,,
panel/v12_open6_vadim,investment_context_guarded_001_best,706,0,131260,105279,25981,0,2,0,0,6,2313.94,3,3,14,17,,
panel/v12_open6_vadim,investment_context_guarded_001_best,706,1,131260,105279,25981,0,2,0,0,6,2636.93,3,3,14,17,,
panel/v12_open6_vadim,investment_context_guarded_001_best,707,0,168005,136328,31677,0,4,0,0,5,2361.21,3,3,14,17,,
panel/v12_open6_vadim,investment_context_guarded_001_best,707,1,168005,136328,31677,0,4,0,0,5,2763.51,3,3,14,17,,
panel/v12_open6_vadim,investment_context_guarded_001_best,708,0,144083,115572,28511,0,2,0,2,4,2281.19,3,3,18,17,,
panel/v12_open6_vadim,investment_context_guarded_001_best,708,1,144083,115572,28511,0,2,0,2,4,2106.5,3,3,18,17,,
panel/v12_open6_vadim,investment_context_guarded_001_best,709,0,92494,85755,6739,0,2,0,0,5,947.847,3,3,13,17,,
panel/v12_open6_vadim,investment_context_guarded_001_best,709,1,92494,85755,6739,0,2,0,0,5,985.065,3,3,13,17,,
panel/v12_open6_vadim,investment_context_guarded_001_best,710,0,118107,112139,5968,0,4,0,0,6,3574.8,3,3,17,17,,
panel/v12_open6_vadim,investment_context_guarded_001_best,710,1,118107,112139,5968,0,4,0,0,6,2660.9,3,3,17,17,,
panel/v12_open6_vadim,investment_context_guarded_001_best,711,0,87908,65864,22044,0,2,0,0,5,1124.2,3,3,10,17,,
panel/v12_open6_vadim,investment_context_guarded_001_best,711,1,87908,65864,22044,0,2,0,0,5,1193.1,3,3,10,17,,
panel/v12_open6_vadim,investment_context_guarded_001_best,712,0,90503,73677,16826,0,4,0,0,5,1661.19,3,3,8,17,,
panel/v12_open6_vadim,investment_context_guarded_001_best,712,1,90503,73677,16826,0,4,0,0,5,1640,3,3,8,17,,
panel/v12_open6_vadim,investment_context_guarded_001_best,713,0,119554,112549,7005,0,4,0,0,5,1488.7,3,3,10,17,,
panel/v12_open6_vadim,investment_context_guarded_001_best,713,1,119554,112549,7005,0,4,0,0,5,1539.96,3,3,10,17,,
panel/v12_open6_vadim,investment_context_guarded_001_best,714,0,102964,89840,13124,0,3,0,0,7,1455.66,3,3,12,17,,
panel/v12_open6_vadim,investment_context_guarded_001_best,714,1,128589,113914,14675,0,2,0,4,5,2802.67,3,3,14,17,,
panel/v12_open6_vadim,investment_context_guarded_001_best,715,0,127017,113284,13733,0,5,0,0,5,1979.83,3,3,12,17,,
panel/v12_open6_vadim,investment_context_guarded_001_best,715,1,127017,113284,13733,0,5,0,0,5,1719.02,3,3,12,17,,
panel/v12_open6_vadim,king_rc4,700,0,128281,99768,28513,0,4,0,9,1,3108.34,3,3,12,17,,
panel/v12_open6_vadim,king_rc4,700,1,128281,99768,28513,0,4,0,9,1,2850.72,3,3,12,17,,
panel/v12_open6_vadim,king_rc4,701,0,116988,111425,5563,0,4,0,0,1,2644.12,3,3,10,17,,
panel/v12_open6_vadim,king_rc4,701,1,116887,111412,5475,0,4,0,0,1,2356.17,3,3,10,17,,
panel/v12_open6_vadim,king_rc4,702,0,114172,87749,26423,0,4,0,0,2,3882.86,3,3,11,3,,
panel/v12_open6_vadim,king_rc4,702,1,114172,87749,26423,0,4,0,0,2,3264.19,3,3,11,3,,
panel/v12_open6_vadim,king_rc4,703,0,114783,75857,38926,0,3,0,0,0,1408.56,3,3,14,17,,
panel/v12_open6_vadim,king_rc4,703,1,114783,75857,38926,0,3,0,0,0,1493.27,3,3,14,17,,
panel/v12_open6_vadim,king_rc4,704,0,81907,62449,19458,0,3,0,0,0,2583.26,3,3,12,17,,
panel/v12_open6_vadim,king_rc4,704,1,81907,62449,19458,0,3,0,0,0,1890.47,3,3,12,17,,
panel/v12_open6_vadim,king_rc4,705,0,104601,73348,31253,0,3,0,0,5,1843.27,3,3,11,17,,
panel/v12_open6_vadim,king_rc4,705,1,104601,73348,31253,0,3,0,0,5,2325.69,3,3,11,17,,
panel/v12_open6_vadim,king_rc4,706,0,93157,77600,15557,0,2,0,0,14,1642.24,3,3,12,8,,
panel/v12_open6_vadim,king_rc4,706,1,93157,77600,15557,0,2,0,0,14,1480.99,3,3,12,8,,
panel/v12_open6_vadim,king_rc4,707,0,112722,104833,7889,0,4,0,0,5,2558.98,3,3,11,17,,
panel/v12_open6_vadim,king_rc4,707,1,112722,104833,7889,0,4,0,0,5,3625.29,3,3,11,17,,
panel/v12_open6_vadim,king_rc4,708,0,127758,116447,11311,0,2,0,1,0,2393.83,3,3,18,17,,
panel/v12_open6_vadim,king_rc4,708,1,127758,116447,11311,0,2,0,1,0,1706.35,3,3,18,17,,
panel/v12_open6_vadim,king_rc4,709,0,80035,57374,22661,0,2,0,0,0,1524.6,3,3,12,17,,
panel/v12_open6_vadim,king_rc4,709,1,80035,57374,22661,0,2,0,0,0,2183.03,3,3,12,17,,
panel/v12_open6_vadim,king_rc4,710,0,150068,120914,29154,0,4,0,0,0,2683.33,3,3,18,17,,
panel/v12_open6_vadim,king_rc4,710,1,150068,120914,29154,0,4,0,0,0,2812.59,3,3,18,17,,
panel/v12_open6_vadim,king_rc4,711,0,86792,60875,25917,0,2,0,0,2,2391.23,3,3,10,3,,
panel/v12_open6_vadim,king_rc4,711,1,86792,60875,25917,0,2,0,0,2,2758.46,3,3,10,3,,
panel/v12_open6_vadim,king_rc4,712,0,98797,82585,16212,0,4,0,0,0,1689.86,3,3,10,17,,
panel/v12_open6_vadim,king_rc4,712,1,98596,82060,16536,0,4,0,0,0,2241.8,3,3,10,17,,
panel/v12_open6_vadim,king_rc4,713,0,106793,100841,5952,0,4,0,0,1,2571.96,3,3,10,17,,
panel/v12_open6_vadim,king_rc4,713,1,106793,100841,5952,0,4,0,0,1,2780.67,3,3,10,17,,
panel/v12_open6_vadim,king_rc4,714,0,86438,78963,7475,0,3,0,0,4,2061.35,3,3,13,17,,
panel/v12_open6_vadim,king_rc4,714,1,117895,102971,14924,0,2,0,0,5,1887.95,3,3,15,17,,
panel/v12_open6_vadim,king_rc4,715,0,128800,109066,19734,0,4,0,0,1,2996.08,3,3,12,17,,
panel/v12_open6_vadim,king_rc4,715,1,128800,109066,19734,0,4,0,0,1,2142.14,3,3,12,17,,
panel/v12_open6_vadim,teammate_shoprouter,700,0,116309,86759,29550,0,4,0,1,0,3302.5,3,3,13,17,,
panel/v12_open6_vadim,teammate_shoprouter,700,1,116309,86759,29550,0,4,0,1,0,2527.87,3,3,13,17,,
panel/v12_open6_vadim,teammate_shoprouter,701,0,118369,105227,13142,0,4,0,0,0,2520.84,3,3,10,17,,
panel/v12_open6_vadim,teammate_shoprouter,701,1,117741,106006,11735,0,4,0,0,0,2235.94,3,3,10,17,,
panel/v12_open6_vadim,teammate_shoprouter,702,0,127747,86749,40998,0,4,0,0,0,1804.85,3,3,9,17,,
panel/v12_open6_vadim,teammate_shoprouter,702,1,127747,86749,40998,0,4,0,0,0,1823.15,3,3,9,17,,
panel/v12_open6_vadim,teammate_shoprouter,703,0,89633,63793,25840,0,3,0,0,0,1680.7,3,3,14,17,,
panel/v12_open6_vadim,teammate_shoprouter,703,1,89633,63793,25840,0,3,0,0,0,1239.49,3,3,14,17,,
panel/v12_open6_vadim,teammate_shoprouter,704,0,80440,53693,26747,0,3,0,0,0,1256.65,3,3,12,17,,
panel/v12_open6_vadim,teammate_shoprouter,704,1,80440,53693,26747,0,3,0,0,0,1398.53,3,3,12,17,,
panel/v12_open6_vadim,teammate_shoprouter,705,0,104101,66777,37324,0,3,0,0,0,1499.69,3,3,11,17,,
panel/v12_open6_vadim,teammate_shoprouter,705,1,104101,66777,37324,0,3,0,0,0,1585.39,3,3,11,17,,
panel/v12_open6_vadim,teammate_shoprouter,706,0,91898,76597,15301,0,3,0,0,0,1046.88,3,3,12,17,,
panel/v12_open6_vadim,teammate_shoprouter,706,1,91898,76597,15301,0,3,0,0,0,1196.11,3,3,12,17,,
panel/v12_open6_vadim,teammate_shoprouter,707,0,126508,108451,18057,0,4,0,0,0,2749,3,3,13,17,,
panel/v12_open6_vadim,teammate_shoprouter,707,1,126508,108451,18057,0,4,0,0,0,3346.86,3,3,13,17,,
panel/v12_open6_vadim,teammate_shoprouter,708,0,122423,100594,21829,0,2,0,0,0,2000.06,3,3,13,17,,
panel/v12_open6_vadim,teammate_shoprouter,708,1,122423,100594,21829,0,2,0,0,0,1162.99,3,3,13,17,,
panel/v12_open6_vadim,teammate_shoprouter,709,0,83576,55745,27831,0,3,0,0,0,2961.84,3,3,12,17,,
panel/v12_open6_vadim,teammate_shoprouter,709,1,83576,55745,27831,0,3,0,0,0,3903.32,3,3,12,17,,
panel/v12_open6_vadim,teammate_shoprouter,710,0,102273,72969,29304,0,3,0,0,0,1029.88,3,3,13,17,,
panel/v12_open6_vadim,teammate_shoprouter,710,1,102273,72969,29304,0,3,0,0,0,1531.03,3,3,13,17,,
panel/v12_open6_vadim,teammate_shoprouter,711,0,86014,53664,32350,0,2,0,0,0,1318.66,3,3,10,17,,
panel/v12_open6_vadim,teammate_shoprouter,711,1,86014,53664,32350,0,2,0,0,0,1639.37,3,3,10,17,,
panel/v12_open6_vadim,teammate_shoprouter,712,0,101482,79495,21987,0,5,0,0,0,2351.23,3,3,10,17,,
panel/v12_open6_vadim,teammate_shoprouter,712,1,101548,79458,22090,0,5,0,0,0,3058,3,3,10,17,,
panel/v12_open6_vadim,teammate_shoprouter,713,0,108706,94428,14278,0,4,0,0,0,2323.84,3,3,10,17,,
panel/v12_open6_vadim,teammate_shoprouter,713,1,108706,94428,14278,0,4,0,0,0,2299.65,3,3,10,17,,
panel/v12_open6_vadim,teammate_shoprouter,714,0,111058,91381,19677,0,3,0,0,0,1758.17,3,3,14,17,,
panel/v12_open6_vadim,teammate_shoprouter,714,1,88662,74678,13984,0,2,0,5,0,2552.47,3,3,14,17,,
panel/v12_open6_vadim,teammate_shoprouter,715,0,135178,100503,34675,0,4,0,0,0,2574.98,3,3,12,17,,
panel/v12_open6_vadim,teammate_shoprouter,715,1,135178,100503,34675,0,4,0,0,0,2376.32,3,3,12,17,,
panel/v12_open6_vadim,two_random_shop_league_v179,700,0,137945,93221,44724,0,3,0,0,0,2531.66,3,4,13,23,,
panel/v12_open6_vadim,two_random_shop_league_v179,700,1,137352,92668,44684,0,3,0,0,0,3335.97,3,4,13,23,,
panel/v12_open6_vadim,two_random_shop_league_v179,701,0,144202,73098,71104,0,4,0,0,0,2440.47,3,4,11,23,,
panel/v12_open6_vadim,two_random_shop_league_v179,701,1,144202,73098,71104,0,4,0,0,0,2507.1,3,4,11,23,,
panel/v12_open6_vadim,two_random_shop_league_v179,702,0,168549,107023,61526,0,4,0,0,0,2100.41,3,4,11,23,,
panel/v12_open6_vadim,two_random_shop_league_v179,702,1,168549,107023,61526,0,4,0,0,0,2477.12,3,4,11,23,,
panel/v12_open6_vadim,two_random_shop_league_v179,703,0,112017,71052,40965,0,3,0,0,0,2589.52,3,3,11,22,,
panel/v12_open6_vadim,two_random_shop_league_v179,703,1,119014,72835,46179,0,4,0,0,0,2670.43,3,3,14,22,,
panel/v12_open6_vadim,two_random_shop_league_v179,704,0,137154,83824,53330,0,2,0,2,0,3226.57,3,4,13,23,,
panel/v12_open6_vadim,two_random_shop_league_v179,704,1,144358,86092,58266,0,2,0,0,0,2630.6,3,4,12,23,,
panel/v12_open6_vadim,two_random_shop_league_v179,705,0,146925,94560,52365,0,4,0,0,0,2529.77,3,4,13,23,,
panel/v12_open6_vadim,two_random_shop_league_v179,705,1,150702,99406,51296,0,4,0,0,0,2736.23,3,4,17,23,,
panel/v12_open6_vadim,two_random_shop_league_v179,706,0,200714,96627,104087,0,3,0,0,0,1557.33,3,4,21,23,,
panel/v12_open6_vadim,two_random_shop_league_v179,706,1,200714,96627,104087,0,3,0,0,0,2152.53,3,4,21,23,,
panel/v12_open6_vadim,two_random_shop_league_v179,707,0,222750,136997,85753,0,3,0,0,0,2339.31,3,4,18,23,,
panel/v12_open6_vadim,two_random_shop_league_v179,707,1,222750,136997,85753,0,3,0,0,0,1897.14,3,4,18,23,,
panel/v12_open6_vadim,two_random_shop_league_v179,708,0,197521,110573,86948,0,2,0,0,0,2113.54,3,4,17,22,,
panel/v12_open6_vadim,two_random_shop_league_v179,708,1,197521,110573,86948,0,2,0,0,0,1929.73,3,4,17,22,,
panel/v12_open6_vadim,two_random_shop_league_v179,709,0,130483,90005,40478,0,1,0,0,0,1776.96,3,3,17,23,,
panel/v12_open6_vadim,two_random_shop_league_v179,709,1,130483,90005,40478,0,1,0,0,0,1995.85,3,3,17,23,,
panel/v12_open6_vadim,two_random_shop_league_v179,710,0,177331,110057,67274,0,4,0,0,0,4709.53,3,4,17,23,,
panel/v12_open6_vadim,two_random_shop_league_v179,710,1,176486,109274,67212,0,4,0,0,0,5233.25,3,4,17,23,,
panel/v12_open6_vadim,two_random_shop_league_v179,711,0,134021,89477,44544,0,3,0,0,0,3259.85,3,4,14,23,,
panel/v12_open6_vadim,two_random_shop_league_v179,711,1,134076,89454,44622,0,3,0,0,0,3265.83,3,4,14,23,,
panel/v12_open6_vadim,two_random_shop_league_v179,712,0,130222,76224,53998,0,3,0,0,0,2642.89,3,4,16,23,,
panel/v12_open6_vadim,two_random_shop_league_v179,712,1,164663,101940,62723,0,3,0,0,0,2520.39,3,4,14,23,,
panel/v12_open6_vadim,two_random_shop_league_v179,713,0,164882,114096,50786,0,4,0,0,0,2724.9,3,4,16,23,,
panel/v12_open6_vadim,two_random_shop_league_v179,713,1,164124,113712,50412,0,4,0,0,0,3351.05,3,4,16,23,,
panel/v12_open6_vadim,two_random_shop_league_v179,714,0,146832,75800,71032,0,6,0,0,0,1942.34,3,3,18,23,,
panel/v12_open6_vadim,two_random_shop_league_v179,714,1,146832,75800,71032,0,6,0,0,0,1878.22,3,3,18,23,,
panel/v12_open6_vadim,two_random_shop_league_v179,715,0,142182,67334,74848,0,3,0,0,0,3549.25,3,4,19,23,,
panel/v12_open6_vadim,two_random_shop_league_v179,715,1,142182,67334,74848,0,3,0,0,0,3001.04,3,4,19,23,,
panel/x1_gates,agent_sep23,700,0,131044,110223,20821,0,1,0,0,56,1269.82,3,3,14,14,,
panel/x1_gates,agent_sep23,700,1,121270,95737,25533,0,1,0,1,71,954.148,3,3,14,14,,
panel/x1_gates,agent_sep23,701,0,127981,99858,28123,0,1,0,0,89,836.567,3,3,12,6,,
panel/x1_gates,agent_sep23,701,1,127981,99858,28123,0,1,0,0,89,923.424,3,3,12,6,,
panel/x1_gates,agent_sep23,702,0,104979,91219,13760,0,2,0,1,14,846.358,3,3,11,9,,
panel/x1_gates,agent_sep23,702,1,104979,91219,13760,0,2,0,1,14,755.812,3,3,11,9,,
panel/x1_gates,agent_sep23,703,0,109584,75080,34504,0,3,0,0,92,1290.57,3,3,14,8,,
panel/x1_gates,agent_sep23,703,1,107001,79173,27828,0,3,0,1,72,537.688,3,3,14,8,,
panel/x1_gates,agent_sep23,704,0,89923,72624,17299,0,2,0,5,53,1007.63,3,3,13,10,,
panel/x1_gates,agent_sep23,704,1,97297,85627,11670,0,2,0,5,36,826.358,3,3,13,10,,
panel/x1_gates,agent_sep23,705,0,136401,108300,28101,0,2,0,0,8,1853.24,3,3,13,11,,
panel/x1_gates,agent_sep23,705,1,136401,108300,28101,0,2,0,0,8,1418.54,3,3,13,11,,
panel/x1_gates,agent_sep23,706,0,141829,97565,44264,0,3,0,0,21,713.379,3,3,18,12,,
panel/x1_gates,agent_sep23,706,1,141829,97565,44264,0,3,0,0,21,542.076,3,3,18,12,,
panel/x1_gates,agent_sep23,707,0,127541,101253,26288,0,2,0,0,23,1187.67,3,3,12,10,,
panel/x1_gates,agent_sep23,707,1,127541,101253,26288,0,2,0,0,23,1440.12,3,3,12,10,,
panel/x1_gates,agent_sep23,708,0,123772,96542,27230,0,3,0,0,17,1261.2,3,3,14,13,,
panel/x1_gates,agent_sep23,708,1,123772,96542,27230,0,3,0,0,17,1196.11,3,3,14,13,,
panel/x1_gates,agent_sep23,709,0,85884,65565,20319,0,1,0,0,37,1459.02,3,3,14,10,,
panel/x1_gates,agent_sep23,709,1,85884,65565,20319,0,1,0,0,37,1447.99,3,3,14,10,,
panel/x1_gates,agent_sep23,710,0,134848,107462,27386,0,2,0,13,39,1645.97,3,3,15,12,,
panel/x1_gates,agent_sep23,710,1,134848,107462,27386,0,2,0,13,39,1391.98,3,3,15,12,,
panel/x1_gates,agent_sep23,711,0,120796,115168,5628,0,2,0,0,73,930.57,3,3,13,13,,
panel/x1_gates,agent_sep23,711,1,120796,115168,5628,0,2,0,0,73,788.802,3,3,13,13,,
panel/x1_gates,agent_sep23,712,0,99979,77000,22979,0,2,0,0,8,777.884,3,3,12,12,,
panel/x1_gates,agent_sep23,712,1,124029,98101,25928,0,3,0,0,37,1135.06,3,3,12,9,,
panel/x1_gates,agent_sep23,713,0,130033,92289,37744,0,1,0,0,50,976.569,3,3,12,13,,
panel/x1_gates,agent_sep23,713,1,130033,92289,37744,0,1,0,0,50,918.129,3,3,12,13,,
panel/x1_gates,agent_sep23,714,0,112138,86527,25611,0,3,0,0,28,761.412,3,3,15,13,,
panel/x1_gates,agent_sep23,714,1,112138,86527,25611,0,3,0,0,28,1044.51,3,3,15,13,,
panel/x1_gates,agent_sep23,715,0,144489,116927,27562,0,2,0,0,162,1018.49,3,3,12,11,,
panel/x1_gates,agent_sep23,715,1,144489,116927,27562,0,2,0,0,162,1036.54,3,3,12,11,,
panel/x1_gates,ahmed_v25,700,0,150193,117429,32764,0,4,0,0,6,923.319,3,3,11,17,,
panel/x1_gates,ahmed_v25,700,1,150193,117429,32764,0,4,0,0,6,811.449,3,3,11,17,,
panel/x1_gates,ahmed_v25,701,0,144376,123277,21099,0,1,0,0,6,1217.58,3,3,12,17,,
panel/x1_gates,ahmed_v25,701,1,144376,123277,21099,0,1,0,0,6,1237.24,3,3,12,17,,
panel/x1_gates,ahmed_v25,702,0,111439,96455,14984,0,3,0,0,0,1009.8,3,3,11,16,,
panel/x1_gates,ahmed_v25,702,1,111486,96462,15024,0,3,0,0,0,1034.35,3,3,11,16,,
panel/x1_gates,ahmed_v25,703,0,89898,76766,13132,0,2,0,23,0,750.169,3,3,11,16,,
panel/x1_gates,ahmed_v25,703,1,89898,76766,13132,0,2,0,23,0,851.474,3,3,11,16,,
panel/x1_gates,ahmed_v25,704,0,108351,95531,12820,0,3,0,0,6,1025.91,3,3,12,17,,
panel/x1_gates,ahmed_v25,704,1,108351,95531,12820,0,3,0,0,6,1227.81,3,3,12,17,,
panel/x1_gates,ahmed_v25,705,0,118752,95692,23060,0,1,0,0,6,718.493,3,3,14,17,,
panel/x1_gates,ahmed_v25,705,1,118752,95692,23060,0,1,0,0,6,512.124,3,3,14,17,,
panel/x1_gates,ahmed_v25,706,0,93159,73222,19937,0,3,0,0,6,566.46,3,3,15,17,,
panel/x1_gates,ahmed_v25,706,1,94319,73218,21101,0,3,0,0,6,440.85,3,3,15,17,,
panel/x1_gates,ahmed_v25,707,0,154552,135371,19181,0,1,0,0,6,812.676,3,3,13,17,,
panel/x1_gates,ahmed_v25,707,1,154552,135371,19181,0,1,0,0,6,741.749,3,3,13,17,,
panel/x1_gates,ahmed_v25,708,0,146758,113799,32959,0,3,0,0,0,434.68,3,3,12,16,,
panel/x1_gates,ahmed_v25,708,1,146758,113799,32959,0,3,0,0,0,809.309,3,3,12,16,,
panel/x1_gates,ahmed_v25,709,0,83326,65110,18216,0,4,0,0,6,513.658,3,3,14,17,,
panel/x1_gates,ahmed_v25,709,1,83326,65110,18216,0,4,0,0,6,547.298,3,3,14,17,,
panel/x1_gates,ahmed_v25,710,0,174225,100042,74183,0,1,0,0,6,935.748,3,3,17,17,,
panel/x1_gates,ahmed_v25,710,1,174225,100042,74183,0,1,0,0,6,908.45,3,3,17,17,,
panel/x1_gates,ahmed_v25,711,0,96225,75923,20302,0,2,0,0,6,858.724,3,3,13,17,,
panel/x1_gates,ahmed_v25,711,1,96225,75923,20302,0,2,0,0,6,731.139,3,3,13,17,,
panel/x1_gates,ahmed_v25,712,0,92377,70411,21966,0,2,0,29,6,1119.63,3,3,9,17,,
panel/x1_gates,ahmed_v25,712,1,92377,70411,21966,0,2,0,29,6,1061.21,3,3,9,17,,
panel/x1_gates,ahmed_v25,713,0,148779,126473,22306,0,1,0,2,6,1655.83,3,3,13,17,,
panel/x1_gates,ahmed_v25,713,1,148779,126473,22306,0,1,0,2,6,1181.61,3,3,13,17,,
panel/x1_gates,ahmed_v25,714,0,123477,99725,23752,0,2,0,0,6,1002.73,3,3,15,17,,
panel/x1_gates,ahmed_v25,714,1,123477,99725,23752,0,2,0,0,6,948.389,3,3,15,17,,
panel/x1_gates,ahmed_v25,715,0,127693,117719,9974,0,2,0,0,6,1182.31,3,3,11,17,,
panel/x1_gates,ahmed_v25,715,1,127693,117719,9974,0,2,0,0,6,924.327,3,3,11,17,,
panel/x1_gates,arlene_v4_m31,700,0,130971,94852,36119,0,2,0,0,0,1463.48,3,3,10,3,,
panel/x1_gates,arlene_v4_m31,700,1,130971,94852,36119,0,2,0,0,0,1106.39,3,3,10,3,,
panel/x1_gates,arlene_v4_m31,701,0,106504,88863,17641,0,1,0,0,0,989.64,3,3,11,17,,
panel/x1_gates,arlene_v4_m31,701,1,106317,88779,17538,0,1,0,0,0,1159.22,3,3,11,17,,
panel/x1_gates,arlene_v4_m31,702,0,127763,83576,44187,0,3,0,0,0,1282.93,3,3,11,8,,
panel/x1_gates,arlene_v4_m31,702,1,127763,83576,44187,0,3,0,0,0,1223.41,3,3,11,8,,
panel/x1_gates,arlene_v4_m31,703,0,87741,60471,27270,0,2,0,3,0,688.131,3,3,7,17,,
panel/x1_gates,arlene_v4_m31,703,1,87741,60471,27270,0,2,0,3,0,776.561,3,3,7,17,,
panel/x1_gates,arlene_v4_m31,704,0,102822,88946,13876,0,2,0,7,0,1131.12,3,3,13,17,,
panel/x1_gates,arlene_v4_m31,704,1,102822,88946,13876,0,2,0,7,0,1037.27,3,3,13,17,,
panel/x1_gates,arlene_v4_m31,705,0,113170,82775,30395,0,1,0,0,0,851.169,3,3,14,17,,
panel/x1_gates,arlene_v4_m31,705,1,113170,82775,30395,0,1,0,0,0,1097.1,3,3,14,17,,
panel/x1_gates,arlene_v4_m31,706,0,87302,64522,22780,0,3,0,3,0,793.71,3,3,15,8,,
panel/x1_gates,arlene_v4_m31,706,1,87478,64450,23028,0,3,0,3,0,614.275,3,3,15,8,,
panel/x1_gates,arlene_v4_m31,707,0,146464,130416,16048,0,1,0,0,0,1022.99,3,3,13,17,,
panel/x1_gates,arlene_v4_m31,707,1,146464,130416,16048,0,1,0,0,0,1362.46,3,3,13,17,,
panel/x1_gates,arlene_v4_m31,708,0,131523,111736,19787,0,3,0,0,0,529.351,3,3,14,17,,
panel/x1_gates,arlene_v4_m31,708,1,131523,111736,19787,0,3,0,0,0,662.6,3,3,14,17,,
panel/x1_gates,arlene_v4_m31,709,0,93245,77338,15907,0,4,0,0,0,447.24,3,3,13,17,,
panel/x1_gates,arlene_v4_m31,709,1,93245,77338,15907,0,4,0,0,0,577.506,3,3,13,17,,
panel/x1_gates,arlene_v4_m31,710,0,159395,93810,65585,0,1,0,0,0,880.766,3,3,16,17,,
panel/x1_gates,arlene_v4_m31,710,1,159395,93810,65585,0,1,0,0,0,946.075,3,3,16,17,,
panel/x1_gates,arlene_v4_m31,711,0,94946,71101,23845,0,2,0,5,0,1342.93,3,3,13,3,,
panel/x1_gates,arlene_v4_m31,711,1,94946,71101,23845,0,2,0,5,0,1605.36,3,3,13,3,,
panel/x1_gates,arlene_v4_m31,712,0,91597,65619,25978,0,2,0,0,0,1070.2,3,3,11,3,,
panel/x1_gates,arlene_v4_m31,712,1,91597,65619,25978,0,2,0,0,0,961.118,3,3,11,3,,
panel/x1_gates,arlene_v4_m31,713,0,94239,73699,20540,0,1,0,0,0,869.02,3,3,11,17,,
panel/x1_gates,arlene_v4_m31,713,1,93906,73707,20199,0,1,0,0,0,498.38,3,3,11,17,,
panel/x1_gates,arlene_v4_m31,714,0,107527,76872,30655,0,2,0,0,0,727.139,3,3,16,17,,
panel/x1_gates,arlene_v4_m31,714,1,107527,76872,30655,0,2,0,0,0,830.06,3,3,16,17,,
panel/x1_gates,arlene_v4_m31,715,0,125277,103697,21580,0,1,0,0,0,910.695,3,3,11,17,,
panel/x1_gates,arlene_v4_m31,715,1,125277,103697,21580,0,1,0,0,0,607.674,3,3,11,17,,
panel/x1_gates,investment_context_guarded_001_best,700,0,148271,94165,54106,0,3,0,3,6,795.23,3,3,11,17,,
panel/x1_gates,investment_context_guarded_001_best,700,1,148271,94165,54106,0,3,0,3,6,923.124,3,3,11,17,,
panel/x1_gates,investment_context_guarded_001_best,701,0,138111,119913,18198,0,2,0,10,5,1388.51,3,3,12,17,,
panel/x1_gates,investment_context_guarded_001_best,701,1,138111,119913,18198,0,2,0,10,5,1505.89,3,3,12,17,,
panel/x1_gates,investment_context_guarded_001_best,702,0,141864,126663,15201,0,3,0,0,4,449.292,3,3,9,17,,
panel/x1_gates,investment_context_guarded_001_best,702,1,141864,126663,15201,0,3,0,0,4,527.774,3,3,9,17,,
panel/x1_gates,investment_context_guarded_001_best,703,0,145627,97326,48301,0,3,0,0,4,637.896,3,3,19,17,,
panel/x1_gates,investment_context_guarded_001_best,703,1,145627,97326,48301,0,3,0,0,4,976.814,3,3,19,17,,
panel/x1_gates,investment_context_guarded_001_best,704,0,85755,65100,20655,0,3,0,0,5,530.872,3,3,8,17,,
panel/x1_gates,investment_context_guarded_001_best,704,1,85755,65100,20655,0,3,0,0,5,568.597,3,3,8,17,,
panel/x1_gates,investment_context_guarded_001_best,705,0,95846,77089,18757,0,4,0,22,5,817.115,3,3,12,17,,
panel/x1_gates,investment_context_guarded_001_best,705,1,95846,77089,18757,0,4,0,22,5,1038.08,3,3,12,17,,
panel/x1_gates,investment_context_guarded_001_best,706,0,90833,68247,22586,0,3,0,0,6,609.905,3,3,14,17,,
panel/x1_gates,investment_context_guarded_001_best,706,1,90833,68247,22586,0,3,0,0,6,729.834,3,3,14,17,,
panel/x1_gates,investment_context_guarded_001_best,707,0,85214,50762,34452,0,3,0,9,5,695.219,3,3,12,17,,
panel/x1_gates,investment_context_guarded_001_best,707,1,85214,50762,34452,0,3,0,9,5,785.274,3,3,12,17,,
panel/x1_gates,investment_context_guarded_001_best,708,0,92152,87751,4401,0,2,0,0,5,516.408,3,3,12,17,,
panel/x1_gates,investment_context_guarded_001_best,708,1,92152,87751,4401,0,2,0,0,5,535.231,3,3,12,17,,
panel/x1_gates,investment_context_guarded_001_best,709,0,99290,79965,19325,0,5,0,0,4,590.858,3,3,12,17,,
panel/x1_gates,investment_context_guarded_001_best,709,1,99290,79965,19325,0,5,0,0,4,538.836,3,3,12,17,,
panel/x1_gates,investment_context_guarded_001_best,710,0,91298,69131,22167,0,2,0,0,6,638.185,3,3,13,17,,
panel/x1_gates,investment_context_guarded_001_best,710,1,91298,69131,22167,0,2,0,0,6,665.775,3,3,13,17,,
panel/x1_gates,investment_context_guarded_001_best,711,0,98945,83448,15497,0,2,0,0,5,658.753,3,3,14,17,,
panel/x1_gates,investment_context_guarded_001_best,711,1,98945,83448,15497,0,2,0,0,5,1210.59,3,3,14,17,,
panel/x1_gates,investment_context_guarded_001_best,712,0,91387,66931,24456,0,3,0,0,5,604.714,3,3,9,17,,
panel/x1_gates,investment_context_guarded_001_best,712,1,91387,66931,24456,0,3,0,0,5,582.104,3,3,9,17,,
panel/x1_gates,investment_context_guarded_001_best,713,0,132867,107115,25752,0,4,0,0,5,740.68,3,3,12,17,,
panel/x1_gates,investment_context_guarded_001_best,713,1,132867,107115,25752,0,4,0,0,5,741.784,3,3,12,17,,
panel/x1_gates,investment_context_guarded_001_best,714,0,142040,108163,33877,0,2,0,6,6,680.303,3,3,17,17,,
panel/x1_gates,investment_context_guarded_001_best,714,1,142040,108163,33877,0,2,0,6,6,638.831,3,3,17,17,,
panel/x1_gates,investment_context_guarded_001_best,715,0,141283,118752,22531,0,3,0,0,5,824.43,3,3,14,17,,
panel/x1_gates,investment_context_guarded_001_best,715,1,141283,118752,22531,0,3,0,0,5,825.304,3,3,14,17,,
panel/x1_gates,king_rc4,700,0,119941,81639,38302,0,3,0,0,0,827.375,3,3,9,17,,
panel/x1_gates,king_rc4,700,1,119941,81639,38302,0,3,0,0,0,852.175,3,3,9,17,,
panel/x1_gates,king_rc4,701,0,130437,110840,19597,0,2,0,0,0,1321,3,3,12,17,,
panel/x1_gates,king_rc4,701,1,129974,111344,18630,0,2,0,0,0,1409.67,3,3,12,17,,
panel/x1_gates,king_rc4,702,0,125243,112159,13084,0,3,0,0,0,679.619,3,3,11,17,,
panel/x1_gates,king_rc4,702,1,125243,112159,13084,0,3,0,0,0,742.02,3,3,11,17,,
panel/x1_gates,king_rc4,703,0,132174,97726,34448,0,3,0,4,0,1581.64,3,3,16,17,,
panel/x1_gates,king_rc4,703,1,132174,97726,34448,0,3,0,4,0,1477.31,3,3,16,17,,
panel/x1_gates,king_rc4,704,0,86506,63292,23214,0,3,0,0,2,884.623,3,3,11,3,,
panel/x1_gates,king_rc4,704,1,86506,63292,23214,0,3,0,0,2,1021.73,3,3,11,3,,
panel/x1_gates,king_rc4,705,0,101907,82604,19303,0,3,0,3,5,834.868,3,3,12,17,,
panel/x1_gates,king_rc4,705,1,101907,82604,19303,0,3,0,3,5,841.884,3,3,12,17,,
panel/x1_gates,king_rc4,706,0,104702,74980,29722,0,3,0,0,14,630.646,3,3,13,8,,
panel/x1_gates,king_rc4,706,1,104578,74963,29615,0,3,0,0,14,526.262,3,3,13,8,,
panel/x1_gates,king_rc4,707,0,86736,49864,36872,0,3,0,0,2,676.749,3,3,13,3,,
panel/x1_gates,king_rc4,707,1,86736,49864,36872,0,3,0,0,2,664.814,3,3,13,3,,
panel/x1_gates,king_rc4,708,0,89753,73028,16725,0,2,0,0,0,588.132,3,3,15,17,,
panel/x1_gates,king_rc4,708,1,89753,73028,16725,0,2,0,0,0,643.957,3,3,15,17,,
panel/x1_gates,king_rc4,709,0,91304,67884,23420,0,5,0,0,0,1196.59,3,3,14,17,,
panel/x1_gates,king_rc4,709,1,91304,67884,23420,0,5,0,0,0,1464.32,3,3,14,17,,
panel/x1_gates,king_rc4,710,0,117695,90356,27339,0,2,0,0,6,1302.2,3,3,13,8,,
panel/x1_gates,king_rc4,710,1,117695,90356,27339,0,2,0,0,6,1572.42,3,3,13,8,,
panel/x1_gates,king_rc4,711,0,91735,77272,14463,0,2,0,24,0,860.971,3,3,14,17,,
panel/x1_gates,king_rc4,711,1,91735,77272,14463,0,2,0,24,0,668.21,3,3,14,17,,
panel/x1_gates,king_rc4,712,0,86173,66928,19245,0,3,0,0,2,925.104,3,3,10,3,,
panel/x1_gates,king_rc4,712,1,86173,66928,19245,0,3,0,0,2,645.019,3,3,10,3,,
panel/x1_gates,king_rc4,713,0,139788,115046,24742,0,3,0,0,5,659.624,3,3,16,17,,
panel/x1_gates,king_rc4,713,1,139788,115046,24742,0,3,0,0,5,642.396,3,3,16,17,,
panel/x1_gates,king_rc4,714,0,134185,95907,38278,0,2,0,0,14,932.361,3,3,16,8,,
panel/x1_gates,king_rc4,714,1,134185,95907,38278,0,2,0,0,14,972.105,3,3,16,8,,
panel/x1_gates,king_rc4,715,0,141357,124938,16419,0,3,0,0,5,1464.24,3,3,14,17,,
panel/x1_gates,king_rc4,715,1,141357,124938,16419,0,3,0,0,5,1272.95,3,3,14,17,,
panel/x1_gates,teammate_shoprouter,700,0,144930,107086,37844,0,3,0,0,0,887.642,3,3,9,17,,
panel/x1_gates,teammate_shoprouter,700,1,144930,107086,37844,0,3,0,0,0,982.575,3,3,9,17,,
panel/x1_gates,teammate_shoprouter,701,0,146360,113653,32707,0,1,0,0,16,1834.86,3,3,11,16,,
panel/x1_gates,teammate_shoprouter,701,1,146360,113653,32707,0,1,0,0,16,1970.18,3,3,11,16,,
panel/x1_gates,teammate_shoprouter,702,0,126186,79489,46697,0,3,0,0,0,1121.02,3,3,11,17,,
panel/x1_gates,teammate_shoprouter,702,1,126186,79489,46697,0,3,0,0,0,1173.47,3,3,11,17,,
panel/x1_gates,teammate_shoprouter,703,0,85913,62277,23636,0,2,0,0,0,532.85,3,3,8,17,,
panel/x1_gates,teammate_shoprouter,703,1,85913,62277,23636,0,2,0,0,0,558.701,3,3,8,17,,
panel/x1_gates,teammate_shoprouter,704,0,101933,82700,19233,0,2,0,0,0,1139.34,3,3,13,17,,
panel/x1_gates,teammate_shoprouter,704,1,101933,82700,19233,0,2,0,0,0,1359.39,3,3,13,17,,
panel/x1_gates,teammate_shoprouter,705,0,117552,80559,36993,0,1,0,0,0,923.524,3,3,14,17,,
panel/x1_gates,teammate_shoprouter,705,1,117552,80559,36993,0,1,0,0,0,806.095,3,3,14,17,,
panel/x1_gates,teammate_shoprouter,706,0,90199,61908,28291,0,3,0,0,0,751.871,3,3,15,17,,
panel/x1_gates,teammate_shoprouter,706,1,89909,62006,27903,0,3,0,0,0,740.175,3,3,15,17,,
panel/x1_gates,teammate_shoprouter,707,0,144630,120192,24438,0,1,0,0,0,765.984,3,3,13,17,,
panel/x1_gates,teammate_shoprouter,707,1,144630,120192,24438,0,1,0,0,0,795.618,3,3,13,17,,
panel/x1_gates,teammate_shoprouter,708,0,128274,101368,26906,0,3,0,0,0,707.077,3,3,14,17,,
panel/x1_gates,teammate_shoprouter,708,1,128274,101368,26906,0,3,0,0,0,640.15,3,3,14,17,,
panel/x1_gates,teammate_shoprouter,709,0,90758,66352,24406,0,4,0,0,0,649.206,3,3,13,17,,
panel/x1_gates,teammate_shoprouter,709,1,90758,66352,24406,0,4,0,0,0,812.398,3,3,13,17,,
panel/x1_gates,teammate_shoprouter,710,0,144311,102680,41631,0,1,0,2,0,794.177,3,3,18,17,,
panel/x1_gates,teammate_shoprouter,710,1,144245,102673,41572,0,1,0,2,0,808.756,3,3,18,17,,
panel/x1_gates,teammate_shoprouter,711,0,92592,64544,28048,0,2,0,0,0,1271.97,3,3,13,17,,
panel/x1_gates,teammate_shoprouter,711,1,92592,64544,28048,0,2,0,0,0,706.695,3,3,13,17,,
panel/x1_gates,teammate_shoprouter,712,0,86639,52682,33957,0,2,0,12,0,682.236,3,3,11,17,,
panel/x1_gates,teammate_shoprouter,712,1,86639,52682,33957,0,2,0,12,0,827.766,3,3,11,17,,
panel/x1_gates,teammate_shoprouter,713,0,103320,79308,24012,0,1,0,0,16,727.261,3,3,11,16,,
panel/x1_gates,teammate_shoprouter,713,1,104173,79246,24927,0,1,0,0,16,765.417,3,3,11,16,,
panel/x1_gates,teammate_shoprouter,714,0,112974,85387,27587,0,2,0,0,0,665.179,3,3,15,17,,
panel/x1_gates,teammate_shoprouter,714,1,112974,85387,27587,0,2,0,0,0,756.892,3,3,15,17,,
panel/x1_gates,teammate_shoprouter,715,0,137642,108126,29516,0,2,0,0,16,1177.59,3,3,11,16,,
panel/x1_gates,teammate_shoprouter,715,1,132896,101593,31303,0,1,0,0,16,798.656,3,3,11,16,,
panel/x1_gates,two_random_shop_league_v179,700,0,124885,73237,51648,0,1,0,0,0,566.003,3,4,10,23,,
panel/x1_gates,two_random_shop_league_v179,700,1,123730,72320,51410,0,1,0,0,0,1013.75,3,4,12,23,,
panel/x1_gates,two_random_shop_league_v179,701,0,164390,98785,65605,0,1,0,0,0,1496.77,3,4,11,23,,
panel/x1_gates,two_random_shop_league_v179,701,1,159786,98241,61545,0,1,0,0,0,1153.45,3,4,11,23,,
panel/x1_gates,two_random_shop_league_v179,702,0,141587,87730,53857,0,2,0,0,0,1081.65,3,4,11,23,,
panel/x1_gates,two_random_shop_league_v179,702,1,142281,87126,55155,0,2,0,0,0,681.383,3,4,11,23,,
panel/x1_gates,two_random_shop_league_v179,703,0,126502,73824,52678,0,1,0,0,0,1273.4,3,3,16,22,,
panel/x1_gates,two_random_shop_league_v179,703,1,146858,72443,74415,0,1,0,0,0,1009.23,3,3,12,22,,
panel/x1_gates,two_random_shop_league_v179,704,0,150333,78931,71402,0,2,0,0,0,1114.36,3,3,14,23,,
panel/x1_gates,two_random_shop_league_v179,704,1,141020,75707,65313,0,2,0,0,0,933.871,3,3,14,23,,
panel/x1_gates,two_random_shop_league_v179,705,0,120015,63730,56285,0,1,0,0,0,848.684,3,4,10,23,,
panel/x1_gates,two_random_shop_league_v179,705,1,117944,63336,54608,0,1,0,0,0,1242.67,3,4,12,23,,
panel/x1_gates,two_random_shop_league_v179,706,0,198716,111419,87297,0,1,0,0,0,1346.18,3,4,19,23,,
panel/x1_gates,two_random_shop_league_v179,706,1,198716,111419,87297,0,1,0,0,0,1360.36,3,4,19,23,,
panel/x1_gates,two_random_shop_league_v179,707,0,224580,137325,87255,0,2,0,0,0,595.711,3,4,17,23,,
panel/x1_gates,two_random_shop_league_v179,707,1,224580,137325,87255,0,2,0,0,0,766.203,3,4,17,23,,
panel/x1_gates,two_random_shop_league_v179,708,0,198591,76627,121964,0,2,0,3,0,959.007,3,3,10,17,,
panel/x1_gates,two_random_shop_league_v179,708,1,202578,79140,123438,0,3,0,0,0,488.809,3,3,13,17,,
panel/x1_gates,two_random_shop_league_v179,709,0,126996,86871,40125,0,3,0,0,0,964.157,3,3,15,23,,
panel/x1_gates,two_random_shop_league_v179,709,1,127323,86827,40496,0,3,0,0,0,1250.8,3,3,15,23,,
panel/x1_gates,two_random_shop_league_v179,710,0,169095,106933,62162,0,2,0,0,0,1529.62,3,4,17,23,,
panel/x1_gates,two_random_shop_league_v179,710,1,190077,122264,67813,0,2,0,0,0,1814.95,3,4,17,23,,
panel/x1_gates,two_random_shop_league_v179,711,0,136670,66398,70272,0,1,0,0,0,1150.36,3,4,13,23,,
panel/x1_gates,two_random_shop_league_v179,711,1,136670,66398,70272,0,1,0,0,0,1075.06,3,4,13,23,,
panel/x1_gates,two_random_shop_league_v179,712,0,137255,79550,57705,0,1,0,2,0,1849.78,3,4,16,23,,
panel/x1_gates,two_random_shop_league_v179,712,1,137527,79605,57922,0,1,0,2,0,1687.46,3,4,16,23,,
panel/x1_gates,two_random_shop_league_v179,713,0,164320,86646,77674,0,1,0,0,0,769.692,3,4,12,23,,
panel/x1_gates,two_random_shop_league_v179,713,1,150825,85414,65411,0,1,0,0,0,835.706,3,4,12,23,,
panel/x1_gates,two_random_shop_league_v179,714,0,152903,83723,69180,0,2,0,0,0,827.502,3,3,14,20,,
panel/x1_gates,two_random_shop_league_v179,714,1,152903,83723,69180,0,2,0,0,0,629.875,3,3,14,20,,
panel/x1_gates,two_random_shop_league_v179,715,0,148645,78935,69710,0,1,0,0,0,1119.23,3,4,12,23,,
panel/x1_gates,two_random_shop_league_v179,715,1,143914,93208,50706,0,1,0,0,0,852.224,3,4,12,23,,
screen/d_all10k,ahmed_v25,700,0,102351,96869,5482,0,2,0,0,6,3771.33,3,3,11,17,,
screen/d_all10k,ahmed_v25,700,1,102351,96869,5482,0,2,0,0,6,3748.93,3,3,11,17,,
screen/d_all10k,ahmed_v25,701,0,94442,88007,6435,0,2,0,0,6,6710.41,3,3,10,17,,
screen/d_all10k,ahmed_v25,701,1,94442,88007,6435,0,2,0,0,6,3462.22,3,3,10,17,,
screen/d_all10k,ahmed_v25,702,0,125581,119122,6459,0,3,0,0,6,5872.56,3,3,16,17,,
screen/d_all10k,ahmed_v25,702,1,125581,119122,6459,0,3,0,0,6,1458.55,3,3,16,17,,
screen/d_all10k,ahmed_v25,703,0,93914,82209,11705,0,2,0,0,6,4840.02,3,3,11,17,,
screen/d_all10k,ahmed_v25,703,1,93914,82209,11705,0,2,0,0,6,3403.22,3,3,11,17,,
screen/d_all10k,ahmed_v25,704,0,97465,58956,38509,0,2,0,0,6,2866.12,3,3,8,17,,
screen/d_all10k,ahmed_v25,704,1,97465,58956,38509,0,2,0,0,6,2980.74,3,3,8,17,,
screen/d_all10k,ahmed_v25,705,0,108512,98171,10341,0,2,0,0,6,1354.2,3,3,10,17,,
screen/d_all10k,ahmed_v25,705,1,108512,98171,10341,0,2,0,0,6,5308.84,3,3,10,17,,
screen/d_all10k,ahmed_v25,706,0,128650,98601,30049,0,2,0,1,6,2305.26,3,3,14,17,,
screen/d_all10k,ahmed_v25,706,1,128650,98601,30049,0,2,0,1,6,4948.42,3,3,14,17,,
screen/d_all10k,ahmed_v25,707,0,141223,122828,18395,0,2,0,0,6,2558.52,3,3,13,17,,
screen/d_all10k,ahmed_v25,707,1,141223,122828,18395,0,2,0,0,6,2192.71,3,3,13,17,,
screen/d_all10k,ahmed_v25,708,0,112954,107248,5706,0,2,0,0,0,3901.94,3,3,8,16,,
screen/d_all10k,ahmed_v25,708,1,112954,107248,5706,0,2,0,0,0,2665.12,3,3,8,16,,
screen/d_all10k,ahmed_v25,709,0,78153,93674,-15521,0,2,0,0,6,4667.71,3,3,9,17,,
screen/d_all10k,ahmed_v25,709,1,78153,93674,-15521,0,2,0,0,6,3505.67,3,3,9,17,,
screen/d_all10k,ahmed_v25,710,0,84823,83672,1151,0,2,0,0,6,2021.9,3,3,16,17,,
screen/d_all10k,ahmed_v25,710,1,84823,83672,1151,0,2,0,0,6,2157.25,3,3,16,17,,
screen/d_all10k,ahmed_v25,711,0,117329,130101,-12772,0,2,0,0,6,5216.3,3,3,10,17,,
screen/d_all10k,ahmed_v25,711,1,117329,130101,-12772,0,2,0,0,6,5657.85,3,3,10,17,,
screen/d_all10k,ahmed_v25,712,0,116205,90883,25322,0,3,0,0,6,10684.8,3,3,8,17,,
screen/d_all10k,ahmed_v25,712,1,116205,90883,25322,0,3,0,0,6,11129.1,3,3,8,17,,
screen/d_all10k,ahmed_v25,713,0,137867,128965,8902,0,3,0,0,6,9537.12,3,3,12,17,,
screen/d_all10k,ahmed_v25,713,1,137867,128965,8902,0,3,0,0,6,8523.66,3,3,12,17,,
screen/d_all10k,ahmed_v25,714,0,134269,107581,26688,0,2,0,0,6,4630.91,3,3,9,17,,
screen/d_all10k,ahmed_v25,714,1,134269,107581,26688,0,2,0,0,6,2230.19,3,3,9,17,,
screen/d_all10k,ahmed_v25,715,0,160551,158833,1718,0,3,0,0,6,4096.94,3,3,13,17,,
screen/d_all10k,ahmed_v25,715,1,160551,158833,1718,0,3,0,0,6,4455.07,3,3,13,17,,
screen/d_all10k,arlene_v4_m31,700,0,100063,88860,11203,0,2,0,0,0,4310.8,3,3,11,17,,
screen/d_all10k,arlene_v4_m31,700,1,100063,88860,11203,0,2,0,0,0,3911.54,3,3,11,17,,
screen/d_all10k,arlene_v4_m31,701,0,114075,111077,2998,0,2,0,0,0,10616.9,3,3,12,17,,
screen/d_all10k,arlene_v4_m31,701,1,113924,110707,3217,0,2,0,0,0,5604.74,3,3,12,17,,
screen/d_all10k,arlene_v4_m31,702,0,112271,109152,3119,0,3,0,0,0,3786.61,3,3,16,17,,
screen/d_all10k,arlene_v4_m31,702,1,112271,109152,3119,0,3,0,0,0,919.439,3,3,16,17,,
screen/d_all10k,arlene_v4_m31,703,0,86475,76937,9538,0,2,0,0,0,4707.38,3,3,11,3,,
screen/d_all10k,arlene_v4_m31,703,1,86475,76937,9538,0,2,0,0,0,3477.79,3,3,11,3,,
screen/d_all10k,arlene_v4_m31,704,0,86456,58355,28101,0,2,0,0,0,4313.36,3,3,10,17,,
screen/d_all10k,arlene_v4_m31,704,1,86456,58355,28101,0,2,0,0,0,4236.61,3,3,10,17,,
screen/d_all10k,arlene_v4_m31,705,0,102519,92629,9890,0,2,0,0,0,3286.54,3,3,12,17,,
screen/d_all10k,arlene_v4_m31,705,1,102519,92629,9890,0,2,0,0,0,3374.99,3,3,12,17,,
screen/d_all10k,arlene_v4_m31,706,0,92799,73513,19286,0,2,0,0,0,5019.46,3,3,14,17,,
screen/d_all10k,arlene_v4_m31,706,1,92799,73513,19286,0,2,0,0,0,3451.91,3,3,14,17,,
screen/d_all10k,arlene_v4_m31,707,0,128356,121644,6712,0,2,0,0,0,2213.06,3,3,13,17,,
screen/d_all10k,arlene_v4_m31,707,1,128356,121644,6712,0,2,0,0,0,9682.51,3,3,13,17,,
screen/d_all10k,arlene_v4_m31,708,0,120442,92334,28108,0,2,0,0,0,905.08,3,3,8,8,,
screen/d_all10k,arlene_v4_m31,708,1,120442,92334,28108,0,2,0,0,0,1825.31,3,3,8,8,,
screen/d_all10k,arlene_v4_m31,709,0,80423,89572,-9149,0,2,0,0,0,2361.18,3,3,11,17,,
screen/d_all10k,arlene_v4_m31,709,1,80423,89572,-9149,0,2,0,0,0,3332,3,3,11,17,,
screen/d_all10k,arlene_v4_m31,710,0,112478,96394,16084,0,2,0,0,0,5319.85,3,3,16,17,,
screen/d_all10k,arlene_v4_m31,710,1,112478,96394,16084,0,2,0,0,0,1772.03,3,3,16,17,,
screen/d_all10k,arlene_v4_m31,711,0,108194,110525,-2331,0,3,0,13,0,7997.28,3,3,10,17,,
screen/d_all10k,arlene_v4_m31,711,1,108194,110525,-2331,0,3,0,13,0,6483.8,3,3,10,17,,
screen/d_all10k,arlene_v4_m31,712,0,117025,94012,23013,0,2,0,0,0,5249.18,3,3,11,3,,
screen/d_all10k,arlene_v4_m31,712,1,117025,94012,23013,0,2,0,0,0,7386.45,3,3,11,3,,
screen/d_all10k,arlene_v4_m31,713,0,115573,107017,8556,0,2,0,0,0,5389.42,3,3,13,17,,
screen/d_all10k,arlene_v4_m31,713,1,115573,107017,8556,0,2,0,0,0,4427.65,3,3,13,17,,
screen/d_all10k,arlene_v4_m31,714,0,129730,106795,22935,0,2,0,0,0,1112.08,3,3,9,17,,
screen/d_all10k,arlene_v4_m31,714,1,129730,106795,22935,0,2,0,0,0,1156.17,3,3,9,17,,
screen/d_all10k,arlene_v4_m31,715,0,137207,134519,2688,0,2,0,0,0,2549.54,3,3,11,17,,
screen/d_all10k,arlene_v4_m31,715,1,137207,134519,2688,0,2,0,0,0,5010.76,3,3,11,17,,
screen/d_all10k,king_rc4,700,0,89003,65500,23503,0,2,0,0,3,2104.03,3,3,10,13,,
screen/d_all10k,king_rc4,700,1,88924,65490,23434,0,2,0,0,3,1956.5,3,3,10,13,,
screen/d_all10k,king_rc4,701,0,122539,106241,16298,0,2,0,0,5,4000.37,3,3,10,13,,
screen/d_all10k,king_rc4,701,1,122951,115705,7246,0,2,0,0,0,5626.43,3,3,11,13,,
screen/d_all10k,king_rc4,702,0,134610,123592,11018,0,3,0,0,0,4953.32,3,3,10,13,,
screen/d_all10k,king_rc4,702,1,134610,123592,11018,0,3,0,0,0,4519.79,3,3,10,13,,
screen/d_all10k,king_rc4,703,0,83076,71439,11637,0,2,0,0,13,2700.73,3,3,14,13,,
screen/d_all10k,king_rc4,703,1,78801,60946,17855,0,2,0,0,0,6384.99,3,3,12,13,,
screen/d_all10k,king_rc4,704,0,117660,65741,51919,0,2,0,0,0,4053.1,3,3,11,14,,
screen/d_all10k,king_rc4,704,1,117660,65741,51919,0,2,0,0,0,3952.63,3,3,11,14,,
screen/d_all10k,king_rc4,705,0,131845,105332,26513,0,2,0,0,0,4953.68,3,3,12,14,,
screen/d_all10k,king_rc4,705,1,131845,105332,26513,0,2,0,0,0,2456.51,3,3,12,14,,
screen/d_all10k,king_rc4,706,0,96326,72548,23778,0,2,0,0,0,2558.62,3,3,13,17,,
screen/d_all10k,king_rc4,706,1,96326,72548,23778,0,2,0,0,0,4974.62,3,3,13,17,,
screen/d_all10k,king_rc4,707,0,132433,120586,11847,0,2,0,0,0,5784.16,3,3,14,14,,
screen/d_all10k,king_rc4,707,1,132433,120586,11847,0,2,0,0,0,5949.04,3,3,14,14,,
screen/d_all10k,king_rc4,708,0,113066,113306,-240,0,2,0,0,0,1408.44,3,3,8,17,,
screen/d_all10k,king_rc4,708,1,113066,113306,-240,0,2,0,0,0,1667.67,3,3,8,17,,
screen/d_all10k,king_rc4,709,0,77844,65297,12547,0,2,0,0,0,5422.92,3,3,11,14,,
screen/d_all10k,king_rc4,709,1,77844,65297,12547,0,2,0,0,0,2714.09,3,3,11,14,,
screen/d_all10k,king_rc4,710,0,106632,76912,29720,0,2,0,7,0,2630.27,3,3,18,14,,
screen/d_all10k,king_rc4,710,1,106632,76912,29720,0,2,0,7,0,3622.02,3,3,18,14,,
screen/d_all10k,king_rc4,711,0,108293,109558,-1265,0,2,0,0,3,6299.54,3,3,11,13,,
screen/d_all10k,king_rc4,711,1,108293,109558,-1265,0,2,0,0,3,7176.7,3,3,11,13,,
screen/d_all10k,king_rc4,712,0,112268,92422,19846,0,3,0,0,0,11879.6,3,3,14,13,,
screen/d_all10k,king_rc4,712,1,112268,92422,19846,0,3,0,0,0,2748.32,3,3,14,13,,
screen/d_all10k,king_rc4,713,0,106007,96827,9180,0,3,0,0,3,3518.82,3,3,12,13,,
screen/d_all10k,king_rc4,713,1,110433,99465,10968,0,3,0,0,3,9287.19,3,3,12,13,,
screen/d_all10k,king_rc4,714,0,142232,119559,22673,0,2,0,0,0,5322.21,3,3,10,14,,
screen/d_all10k,king_rc4,714,1,142232,119559,22673,0,2,0,0,0,5027.21,3,3,10,14,,
screen/d_all10k,king_rc4,715,0,155179,137975,17204,0,3,0,0,13,3599.88,3,3,12,13,,
screen/d_all10k,king_rc4,715,1,155179,137975,17204,0,3,0,0,13,5588.64,3,3,12,13,,
screen/d_all10k,teammate_shoprouter,700,0,99814,82292,17522,0,2,0,0,0,5987.62,3,3,11,17,,
screen/d_all10k,teammate_shoprouter,700,1,99814,82292,17522,0,2,0,0,0,4369.87,3,3,11,17,,
screen/d_all10k,teammate_shoprouter,701,0,115583,104718,10865,0,2,0,0,0,8117.22,3,3,12,17,,
screen/d_all10k,teammate_shoprouter,701,1,115453,104848,10605,0,2,0,0,0,12146.1,3,3,12,17,,
screen/d_all10k,teammate_shoprouter,702,0,118689,94012,24677,0,3,0,0,0,7726.51,3,3,11,17,,
screen/d_all10k,teammate_shoprouter,702,1,118689,94012,24677,0,3,0,0,0,7367.92,3,3,11,17,,
screen/d_all10k,teammate_shoprouter,703,0,81444,67183,14261,0,2,0,0,0,3068.99,3,3,11,17,,
screen/d_all10k,teammate_shoprouter,703,1,81444,67183,14261,0,2,0,0,0,2863.53,3,3,11,17,,
screen/d_all10k,teammate_shoprouter,704,0,86264,51214,35050,0,2,0,0,0,899.051,3,3,10,17,,
screen/d_all10k,teammate_shoprouter,704,1,86264,51214,35050,0,2,0,0,0,2481.59,3,3,10,17,,
screen/d_all10k,teammate_shoprouter,705,0,103538,84857,18681,0,2,0,0,0,1799.75,3,3,9,17,,
screen/d_all10k,teammate_shoprouter,705,1,103538,84857,18681,0,2,0,0,0,1854.09,3,3,9,17,,
screen/d_all10k,teammate_shoprouter,706,0,99834,72313,27521,0,2,0,0,0,2533.26,3,3,14,17,,
screen/d_all10k,teammate_shoprouter,706,1,99834,72313,27521,0,2,0,0,0,2854.13,3,3,14,17,,
screen/d_all10k,teammate_shoprouter,707,0,139168,116174,22994,0,2,0,0,0,4624.76,3,3,13,17,,
screen/d_all10k,teammate_shoprouter,707,1,139168,116174,22994,0,2,0,0,0,6728.4,3,3,13,17,,
screen/d_all10k,teammate_shoprouter,708,0,120562,90609,29953,0,2,0,0,0,2588.41,3,3,8,17,,
screen/d_all10k,teammate_shoprouter,708,1,120562,90609,29953,0,2,0,0,0,3494.12,3,3,8,17,,
screen/d_all10k,teammate_shoprouter,709,0,81940,84405,-2465,0,2,0,0,0,4891.76,3,3,11,17,,
screen/d_all10k,teammate_shoprouter,709,1,81940,84405,-2465,0,2,0,0,0,5994.21,3,3,11,17,,
screen/d_all10k,teammate_shoprouter,710,0,92340,77783,14557,0,2,0,13,0,4275.45,3,3,16,17,,
screen/d_all10k,teammate_shoprouter,710,1,92340,77783,14557,0,2,0,13,0,4188.83,3,3,16,17,,
screen/d_all10k,teammate_shoprouter,711,0,108736,103904,4832,0,3,0,14,0,12348.7,3,3,10,17,,
screen/d_all10k,teammate_shoprouter,711,1,108736,103904,4832,0,3,0,14,0,14986.8,3,3,10,17,,
screen/d_all10k,teammate_shoprouter,712,0,99509,75786,23723,0,2,0,0,0,7344.78,3,3,9,17,,
screen/d_all10k,teammate_shoprouter,712,1,99509,75786,23723,0,2,0,0,0,6832.95,3,3,9,17,,
screen/d_all10k,teammate_shoprouter,713,0,115942,98247,17695,0,2,0,0,0,5340.85,3,3,11,17,,
screen/d_all10k,teammate_shoprouter,713,1,115942,98247,17695,0,2,0,0,0,4888.64,3,3,11,17,,
screen/d_all10k,teammate_shoprouter,714,0,127821,101181,26640,0,2,0,0,0,1598.64,3,3,11,17,,
screen/d_all10k,teammate_shoprouter,714,1,127821,101181,26640,0,2,0,0,0,2227.72,3,3,11,17,,
screen/d_all10k,teammate_shoprouter,715,0,132051,130161,1890,0,2,0,0,0,4668.13,3,3,11,17,,
screen/d_all10k,teammate_shoprouter,715,1,132051,130161,1890,0,2,0,0,0,4699.85,3,3,11,17,,
screen/d_recent10k,ahmed_v25,700,0,144383,116960,27423,0,3,0,0,6,9198.74,3,3,12,17,,
screen/d_recent10k,ahmed_v25,700,1,144383,116960,27423,0,3,0,0,6,6377.49,3,3,12,17,,
screen/d_recent10k,ahmed_v25,701,0,103932,101945,1987,0,4,0,0,0,3169.47,3,3,6,16,,
screen/d_recent10k,ahmed_v25,701,1,103932,101945,1987,0,4,0,0,0,3025.56,3,3,6,16,,
screen/d_recent10k,ahmed_v25,702,0,156755,111867,44888,0,3,0,0,0,2702.34,3,3,14,16,,
screen/d_recent10k,ahmed_v25,702,1,156755,111867,44888,0,3,0,0,0,3344.11,3,3,14,16,,
screen/d_recent10k,ahmed_v25,703,0,115174,108802,6372,0,2,0,0,6,3968.84,3,3,11,17,,
screen/d_recent10k,ahmed_v25,703,1,115174,108802,6372,0,2,0,0,6,8273.58,3,3,11,17,,
screen/d_recent10k,ahmed_v25,704,0,71253,73517,-2264,0,1,0,0,6,813.965,3,3,6,17,,
screen/d_recent10k,ahmed_v25,704,1,71253,73517,-2264,0,1,0,0,6,724.171,3,3,6,17,,
screen/d_recent10k,ahmed_v25,705,0,115614,102861,12753,0,2,0,0,6,5393.23,3,3,8,17,,
screen/d_recent10k,ahmed_v25,705,1,115614,102861,12753,0,2,0,0,6,2691.79,3,3,8,17,,
screen/d_recent10k,ahmed_v25,706,0,144153,102057,42096,0,2,0,0,6,2923.41,3,3,12,17,,
screen/d_recent10k,ahmed_v25,706,1,144153,102057,42096,0,2,0,0,6,3606.15,3,3,12,17,,
screen/d_recent10k,ahmed_v25,707,0,94451,103590,-9139,0,2,0,0,6,2306.02,3,3,8,17,,
screen/d_recent10k,ahmed_v25,707,1,94451,103590,-9139,0,2,0,0,6,2545.21,3,3,8,17,,
screen/d_recent10k,ahmed_v25,708,0,76203,82466,-6263,0,1,0,0,6,2699.88,3,3,6,17,,
screen/d_recent10k,ahmed_v25,708,1,76203,82466,-6263,0,1,0,0,6,2848.94,3,3,6,17,,
screen/d_recent10k,ahmed_v25,709,0,102453,99591,2862,0,2,0,0,0,2797.65,3,3,8,16,,
screen/d_recent10k,ahmed_v25,709,1,102453,99591,2862,0,2,0,0,0,2472.45,3,3,8,16,,
screen/d_recent10k,ahmed_v25,710,0,97618,92187,5431,0,1,0,0,6,4875.9,3,3,12,17,,
screen/d_recent10k,ahmed_v25,710,1,97618,92187,5431,0,1,0,0,6,2174.07,3,3,12,17,,
screen/d_recent10k,ahmed_v25,711,0,114150,121288,-7138,0,2,0,0,6,2964.52,3,3,8,17,,
screen/d_recent10k,ahmed_v25,711,1,114150,121288,-7138,0,2,0,0,6,2198.05,3,3,8,17,,
screen/d_recent10k,ahmed_v25,712,0,102120,89699,12421,0,2,0,0,6,3168.17,3,3,7,17,,
screen/d_recent10k,ahmed_v25,712,1,102120,89699,12421,0,2,0,0,6,3114.85,3,3,7,17,,
screen/d_recent10k,ahmed_v25,713,0,127105,111032,16073,0,2,0,0,6,1639.27,3,3,9,17,,
screen/d_recent10k,ahmed_v25,713,1,127105,111032,16073,0,2,0,0,6,3021.81,3,3,9,17,,
screen/d_recent10k,ahmed_v25,714,0,114487,127310,-12823,0,2,0,0,6,4511.76,3,3,13,17,,
screen/d_recent10k,ahmed_v25,714,1,114487,127310,-12823,0,2,0,0,6,5148.24,3,3,13,17,,
screen/d_recent10k,ahmed_v25,715,0,152704,138949,13755,0,3,0,0,6,3779.62,3,3,11,17,,
screen/d_recent10k,ahmed_v25,715,1,152704,138949,13755,0,3,0,0,6,4050.77,3,3,11,17,,
screen/d_recent10k,arlene_v4_m31,700,0,116838,107143,9695,0,2,0,0,0,4329.38,3,3,11,17,,
screen/d_recent10k,arlene_v4_m31,700,1,116838,107143,9695,0,2,0,0,0,5675.17,3,3,11,17,,
screen/d_recent10k,arlene_v4_m31,701,0,89968,89419,549,0,1,0,0,0,3547.32,3,3,6,17,,
screen/d_recent10k,arlene_v4_m31,701,1,89968,89419,549,0,1,0,0,0,3475.47,3,3,6,17,,
screen/d_recent10k,arlene_v4_m31,702,0,113616,93530,20086,0,2,0,0,0,3384.92,3,3,5,8,,
screen/d_recent10k,arlene_v4_m31,702,1,113616,93530,20086,0,2,0,0,0,1043.91,3,3,5,8,,
screen/d_recent10k,arlene_v4_m31,703,0,101476,94634,6842,0,2,0,0,0,2678.87,3,3,11,17,,
screen/d_recent10k,arlene_v4_m31,703,1,101476,94634,6842,0,2,0,0,0,2283.61,3,3,11,17,,
screen/d_recent10k,arlene_v4_m31,704,0,69008,69295,-287,0,1,0,0,0,633.98,3,3,8,17,,
screen/d_recent10k,arlene_v4_m31,704,1,69008,69295,-287,0,1,0,0,0,809.294,3,3,8,17,,
screen/d_recent10k,arlene_v4_m31,705,0,117892,106338,11554,0,2,0,0,0,4584.09,3,3,8,17,,
screen/d_recent10k,arlene_v4_m31,705,1,117892,106338,11554,0,2,0,0,0,5927.17,3,3,8,17,,
screen/d_recent10k,arlene_v4_m31,706,0,140852,101456,39396,0,2,0,0,0,4680.25,3,3,12,17,,
screen/d_recent10k,arlene_v4_m31,706,1,140852,101456,39396,0,2,0,0,0,5435.02,3,3,12,17,,
screen/d_recent10k,arlene_v4_m31,707,0,71064,62536,8528,0,1,0,0,0,573.468,3,3,4,17,,
screen/d_recent10k,arlene_v4_m31,707,1,71064,62536,8528,0,1,0,0,0,386.483,3,3,4,17,,
screen/d_recent10k,arlene_v4_m31,708,0,82371,70638,11733,0,1,0,0,0,1891.66,3,3,11,17,,
screen/d_recent10k,arlene_v4_m31,708,1,82371,70638,11733,0,1,0,0,0,889.084,3,3,11,17,,
screen/d_recent10k,arlene_v4_m31,709,0,99521,90782,8739,0,2,0,0,0,1487.47,3,3,8,17,,
screen/d_recent10k,arlene_v4_m31,709,1,99521,90782,8739,0,2,0,0,0,1020.01,3,3,8,17,,
screen/d_recent10k,arlene_v4_m31,710,0,96440,84627,11813,0,1,0,0,0,4202.29,3,3,10,17,,
screen/d_recent10k,arlene_v4_m31,710,1,96440,84627,11813,0,1,0,0,0,1743.17,3,3,10,17,,
screen/d_recent10k,arlene_v4_m31,711,0,83810,59200,24610,0,1,0,0,0,1050.89,3,3,4,3,,
screen/d_recent10k,arlene_v4_m31,711,1,83810,59200,24610,0,1,0,0,0,2285.78,3,3,4,3,,
screen/d_recent10k,arlene_v4_m31,712,0,94260,88250,6010,0,2,0,0,0,2491.64,3,3,7,17,,
screen/d_recent10k,arlene_v4_m31,712,1,94305,88256,6049,0,2,0,0,0,3842.84,3,3,7,17,,
screen/d_recent10k,arlene_v4_m31,713,0,123340,110154,13186,0,2,0,0,0,1522.18,3,3,11,17,,
screen/d_recent10k,arlene_v4_m31,713,1,123340,110154,13186,0,2,0,0,0,1167.5,3,3,11,17,,
screen/d_recent10k,arlene_v4_m31,714,0,127031,139145,-12114,0,2,0,0,0,3342.08,3,3,9,17,,
screen/d_recent10k,arlene_v4_m31,714,1,127031,139145,-12114,0,2,0,0,0,5096.58,3,3,9,17,,
screen/d_recent10k,arlene_v4_m31,715,0,136450,132569,3881,0,3,0,0,0,4792.13,3,3,14,17,,
screen/d_recent10k,arlene_v4_m31,715,1,136450,132569,3881,0,3,0,0,0,7170.18,3,3,14,17,,
screen/d_recent10k,king_rc4,700,0,91917,74869,17048,0,1,0,0,3,3751.95,3,3,7,13,,
screen/d_recent10k,king_rc4,700,1,87400,72981,14419,0,1,0,0,3,3497.02,3,3,9,13,,
screen/d_recent10k,king_rc4,701,0,85431,78681,6750,0,1,0,0,0,2444.97,3,3,10,17,,
screen/d_recent10k,king_rc4,701,1,85431,78681,6750,0,1,0,0,0,1701.54,3,3,10,17,,
screen/d_recent10k,king_rc4,702,0,125044,108849,16195,0,1,0,0,0,5525.03,3,3,12,13,,
screen/d_recent10k,king_rc4,702,1,125044,108849,16195,0,1,0,0,0,2076.06,3,3,12,13,,
screen/d_recent10k,king_rc4,703,0,75239,60816,14423,0,4,0,0,0,2624.23,3,3,7,13,,
screen/d_recent10k,king_rc4,703,1,83000,72364,10636,0,4,0,0,0,4801.18,3,3,7,13,,
screen/d_recent10k,king_rc4,704,0,88774,79391,9383,0,1,0,0,5,717.715,3,3,6,14,,
screen/d_recent10k,king_rc4,704,1,88774,79391,9383,0,1,0,0,5,792.188,3,3,6,14,,
screen/d_recent10k,king_rc4,705,0,91430,82269,9161,0,4,0,0,0,3013.77,3,3,8,14,,
screen/d_recent10k,king_rc4,705,1,91430,82269,9161,0,4,0,0,0,2243.69,3,3,8,14,,
screen/d_recent10k,king_rc4,706,0,113791,112930,861,0,4,0,0,0,730.533,3,3,13,17,,
screen/d_recent10k,king_rc4,706,1,113791,112930,861,0,4,0,0,0,1546.02,3,3,13,17,,
screen/d_recent10k,king_rc4,707,0,125743,113197,12546,0,2,0,0,0,5011.97,3,3,8,14,,
screen/d_recent10k,king_rc4,707,1,125743,113197,12546,0,2,0,0,0,3224.86,3,3,8,14,,
screen/d_recent10k,king_rc4,708,0,111727,101884,9843,0,4,0,0,0,847.196,3,3,13,17,,
screen/d_recent10k,king_rc4,708,1,111727,101884,9843,0,4,0,0,0,595.344,3,3,13,17,,
screen/d_recent10k,king_rc4,709,0,106865,109041,-2176,0,1,0,0,5,1171.31,3,3,10,14,,
screen/d_recent10k,king_rc4,709,1,106865,109041,-2176,0,1,0,0,5,1134.34,3,3,10,14,,
screen/d_recent10k,king_rc4,710,0,119561,89759,29802,0,4,0,0,0,2017.13,3,3,15,17,,
screen/d_recent10k,king_rc4,710,1,119561,89759,29802,0,4,0,0,0,1251.87,3,3,15,17,,
screen/d_recent10k,king_rc4,711,0,103876,102434,1442,0,1,0,0,0,3292.8,3,3,6,13,,
screen/d_recent10k,king_rc4,711,1,103876,102434,1442,0,1,0,0,0,4012.95,3,3,6,13,,
screen/d_recent10k,king_rc4,712,0,110066,91741,18325,0,2,0,0,0,3705.02,3,3,6,13,,
screen/d_recent10k,king_rc4,712,1,110222,91743,18479,0,2,0,0,0,3465.48,3,3,6,13,,
screen/d_recent10k,king_rc4,713,0,101491,95373,6118,0,1,0,0,3,3473.81,3,3,7,13,,
screen/d_recent10k,king_rc4,713,1,98354,90706,7648,0,1,0,0,3,1896.59,3,3,7,13,,
screen/d_recent10k,king_rc4,714,0,124734,125198,-464,0,4,0,0,0,1950.02,3,3,9,14,,
screen/d_recent10k,king_rc4,714,1,131063,124884,6179,0,4,0,0,0,1359.98,3,3,10,14,,
screen/d_recent10k,king_rc4,715,0,93532,87268,6264,0,1,0,0,3,2133.05,3,3,6,13,,
screen/d_recent10k,king_rc4,715,1,93876,84926,8950,0,1,0,0,3,2278.32,3,3,6,13,,
screen/d_recent10k,teammate_shoprouter,700,0,135365,117514,17851,0,2,0,0,0,2054.44,3,3,11,17,,
screen/d_recent10k,teammate_shoprouter,700,1,135365,117514,17851,0,2,0,0,0,4506.7,3,3,11,17,,
screen/d_recent10k,teammate_shoprouter,701,0,90173,83528,6645,0,1,0,0,0,2463.86,3,3,8,17,,
screen/d_recent10k,teammate_shoprouter,701,1,90173,83528,6645,0,1,0,0,0,4545.39,3,3,8,17,,
screen/d_recent10k,teammate_shoprouter,702,0,116334,90759,25575,0,2,0,0,0,2676.23,3,3,5,17,,
screen/d_recent10k,teammate_shoprouter,702,1,116334,90759,25575,0,2,0,0,0,4383.58,3,3,5,17,,
screen/d_recent10k,teammate_shoprouter,703,0,106653,98603,8050,0,2,0,0,0,748.799,3,3,11,17,,
screen/d_recent10k,teammate_shoprouter,703,1,106653,98603,8050,0,2,0,0,0,697.847,3,3,11,17,,
screen/d_recent10k,teammate_shoprouter,704,0,71056,62363,8693,0,1,0,0,2,949.206,3,3,8,17,,
screen/d_recent10k,teammate_shoprouter,704,1,71056,62363,8693,0,1,0,0,2,1306.3,3,3,8,17,,
screen/d_recent10k,teammate_shoprouter,705,0,114368,94332,20036,0,2,0,0,0,4922.41,3,3,8,17,,
screen/d_recent10k,teammate_shoprouter,705,1,114368,94332,20036,0,2,0,0,0,4191.89,3,3,8,17,,
screen/d_recent10k,teammate_shoprouter,706,0,141897,96081,45816,0,3,0,1,0,5384.03,3,3,12,17,,
screen/d_recent10k,teammate_shoprouter,706,1,141897,96081,45816,0,3,0,1,0,4824.16,3,3,12,17,,
screen/d_recent10k,teammate_shoprouter,707,0,75608,58861,16747,0,1,0,0,0,2017.67,3,3,4,17,,
screen/d_recent10k,teammate_shoprouter,707,1,75608,58861,16747,0,1,0,0,0,1748.82,3,3,4,17,,
screen/d_recent10k,teammate_shoprouter,708,0,77441,76251,1190,0,1,0,0,2,766.194,3,3,10,17,,
screen/d_recent10k,teammate_shoprouter,708,1,77441,76251,1190,0,1,0,0,2,483.254,3,3,10,17,,
screen/d_recent10k,teammate_shoprouter,709,0,98553,90113,8440,0,2,0,0,0,2171.65,3,3,8,17,,
screen/d_recent10k,teammate_shoprouter,709,1,98553,90113,8440,0,2,0,0,0,3264.78,3,3,8,17,,
screen/d_recent10k,teammate_shoprouter,710,0,99144,83459,15685,0,1,0,0,0,4225.08,3,3,10,17,,
screen/d_recent10k,teammate_shoprouter,710,1,99144,83459,15685,0,1,0,0,0,4538.55,3,3,10,17,,
screen/d_recent10k,teammate_shoprouter,711,0,83983,52394,31589,0,1,0,0,0,1200.06,3,3,4,17,,
screen/d_recent10k,teammate_shoprouter,711,1,83983,52394,31589,0,1,0,0,0,977.189,3,3,4,17,,
screen/d_recent10k,teammate_shoprouter,712,0,89596,78620,10976,0,2,0,0,0,4830.88,3,3,7,17,,
screen/d_recent10k,teammate_shoprouter,712,1,89596,78620,10976,0,2,0,0,0,4356.17,3,3,7,17,,
screen/d_recent10k,teammate_shoprouter,713,0,124882,103605,21277,0,2,0,0,0,1447.54,3,3,10,17,,
screen/d_recent10k,teammate_shoprouter,713,1,124882,103605,21277,0,2,0,0,0,988.807,3,3,10,17,,
screen/d_recent10k,teammate_shoprouter,714,0,124555,135160,-10605,0,2,0,0,0,6168.25,3,3,9,17,,
screen/d_recent10k,teammate_shoprouter,714,1,124555,135160,-10605,0,2,0,0,0,6496.52,3,3,9,17,,
screen/d_recent10k,teammate_shoprouter,715,0,139177,127881,11296,0,4,0,0,0,4821.06,3,3,14,17,,
screen/d_recent10k,teammate_shoprouter,715,1,139177,127881,11296,0,4,0,0,0,3529.09,3,3,14,17,,
screen/d_top10k,ahmed_v25,700,0,86760,97349,-10589,0,2,0,0,6,2906.05,3,3,11,17,,
screen/d_top10k,ahmed_v25,700,1,86760,97349,-10589,0,2,0,0,6,3146.59,3,3,11,17,,
screen/d_top10k,ahmed_v25,701,0,141843,140304,1539,0,2,0,0,6,5624.1,3,3,11,17,,
screen/d_top10k,ahmed_v25,701,1,141843,140304,1539,0,2,0,0,6,3901.63,3,3,11,17,,
screen/d_top10k,ahmed_v25,702,0,134798,134111,687,0,4,0,0,0,1710.62,3,3,13,16,,
screen/d_top10k,ahmed_v25,702,1,134798,134111,687,0,4,0,0,0,4606.97,3,3,13,16,,
screen/d_top10k,ahmed_v25,703,0,133949,133029,920,0,2,0,0,6,3020.82,3,3,11,17,,
screen/d_top10k,ahmed_v25,703,1,133949,133029,920,0,2,0,0,6,2568.83,3,3,11,17,,
screen/d_top10k,ahmed_v25,704,0,87397,67041,20356,0,3,0,0,6,4484.04,3,3,12,17,,
screen/d_top10k,ahmed_v25,704,1,87397,67041,20356,0,3,0,0,6,1976.05,3,3,12,17,,
screen/d_top10k,ahmed_v25,705,0,137729,120166,17563,0,2,0,0,6,4330.61,3,3,10,17,,
screen/d_top10k,ahmed_v25,705,1,137729,120166,17563,0,2,0,0,6,3427.82,3,3,10,17,,
screen/d_top10k,ahmed_v25,706,0,123332,113466,9866,0,2,0,0,6,2741.9,3,3,11,17,,
screen/d_top10k,ahmed_v25,706,1,123646,113403,10243,0,2,0,0,6,3437.6,3,3,11,17,,
screen/d_top10k,ahmed_v25,707,0,105096,124851,-19755,0,3,0,0,6,6242.85,3,3,13,17,,
screen/d_top10k,ahmed_v25,707,1,105096,124851,-19755,0,3,0,0,6,6269.85,3,3,13,17,,
screen/d_top10k,ahmed_v25,708,0,84878,81409,3469,0,3,0,0,6,3224.86,3,3,13,17,,
screen/d_top10k,ahmed_v25,708,1,84878,81409,3469,0,3,0,0,6,2052.99,3,3,13,17,,
screen/d_top10k,ahmed_v25,709,0,115366,117188,-1822,0,3,0,0,0,1727.5,3,3,12,16,,
screen/d_top10k,ahmed_v25,709,1,115366,117188,-1822,0,3,0,0,0,3376.22,3,3,12,16,,
screen/d_top10k,ahmed_v25,710,0,103226,104156,-930,0,2,0,15,6,6242.52,4,3,15,17,,
screen/d_top10k,ahmed_v25,710,1,102941,104172,-1231,0,2,0,15,6,8235.79,4,3,15,17,,
screen/d_top10k,ahmed_v25,711,0,113884,122232,-8348,0,3,0,0,6,5689.97,3,3,15,17,,
screen/d_top10k,ahmed_v25,711,1,113884,122232,-8348,0,3,0,0,6,5103.82,3,3,15,17,,
screen/d_top10k,ahmed_v25,712,0,98745,97766,979,0,3,0,0,6,5118.06,3,3,9,17,,
screen/d_top10k,ahmed_v25,712,1,98745,97766,979,0,3,0,0,6,4408.5,3,3,9,17,,
screen/d_top10k,ahmed_v25,713,0,128437,133028,-4591,0,1,0,0,6,1963.84,3,3,14,17,,
screen/d_top10k,ahmed_v25,713,1,128437,133028,-4591,0,1,0,0,6,2340.59,3,3,14,17,,
screen/d_top10k,ahmed_v25,714,0,120352,139195,-18843,0,2,0,0,6,3988.66,3,3,13,17,,
screen/d_top10k,ahmed_v25,714,1,118146,135037,-16891,0,2,0,0,6,2977.46,3,3,13,17,,
screen/d_top10k,ahmed_v25,715,0,132739,133165,-426,0,1,0,0,6,1776.2,3,3,12,17,,
screen/d_top10k,ahmed_v25,715,1,132739,133165,-426,0,1,0,0,6,1787.14,3,3,12,17,,
screen/d_top10k,arlene_v4_m31,700,0,89170,94310,-5140,0,2,0,0,0,3039.64,3,3,11,17,,
screen/d_top10k,arlene_v4_m31,700,1,89170,94310,-5140,0,2,0,0,0,2011.93,3,3,11,17,,
screen/d_top10k,arlene_v4_m31,701,0,121818,130387,-8569,0,2,0,0,0,2665.55,3,3,11,17,,
screen/d_top10k,arlene_v4_m31,701,1,121818,130387,-8569,0,2,0,0,0,3295.08,3,3,11,17,,
screen/d_top10k,arlene_v4_m31,702,0,126954,118865,8089,0,4,0,0,0,2955.97,3,3,13,17,,
screen/d_top10k,arlene_v4_m31,702,1,126954,118865,8089,0,4,0,0,0,3771.03,3,3,13,17,,
screen/d_top10k,arlene_v4_m31,703,0,141733,125667,16066,0,2,0,0,0,5263.91,3,3,11,17,,
screen/d_top10k,arlene_v4_m31,703,1,141733,125667,16066,0,2,0,0,0,4070.49,3,3,11,17,,
screen/d_top10k,arlene_v4_m31,704,0,101572,97867,3705,0,3,0,48,0,6554.56,4,3,12,17,,
screen/d_top10k,arlene_v4_m31,704,1,100861,97845,3016,0,3,0,48,0,8040.7,4,3,12,17,,
screen/d_top10k,arlene_v4_m31,705,0,128671,117987,10684,0,2,0,0,0,4504.38,3,3,11,17,,
screen/d_top10k,arlene_v4_m31,705,1,128671,117987,10684,0,2,0,0,0,4800.6,3,3,11,17,,
screen/d_top10k,arlene_v4_m31,706,0,122281,111086,11195,0,2,0,0,0,3994.11,3,3,13,17,,
screen/d_top10k,arlene_v4_m31,706,1,122105,111062,11043,0,2,0,0,0,3592.94,3,3,13,17,,
screen/d_top10k,arlene_v4_m31,707,0,111597,139838,-28241,0,3,0,1,0,8480.21,3,3,13,17,,
screen/d_top10k,arlene_v4_m31,707,1,111597,139838,-28241,0,3,0,1,0,8774.24,3,3,13,17,,
screen/d_top10k,arlene_v4_m31,708,0,87219,67303,19916,0,3,0,1,0,6224.18,3,3,14,3,,
screen/d_top10k,arlene_v4_m31,708,1,87219,67303,19916,0,3,0,1,0,2847.62,3,3,14,3,,
screen/d_top10k,arlene_v4_m31,709,0,96697,70073,26624,0,4,0,1,0,2590.39,3,3,11,17,,
screen/d_top10k,arlene_v4_m31,709,1,96697,70073,26624,0,4,0,1,0,2653.06,3,3,11,17,,
screen/d_top10k,arlene_v4_m31,710,0,87186,83048,4138,0,2,0,5,0,8621.26,4,3,15,17,,
screen/d_top10k,arlene_v4_m31,710,1,87152,83044,4108,0,2,0,5,0,7257.67,4,3,15,17,,
screen/d_top10k,arlene_v4_m31,711,0,112329,135987,-23658,0,4,0,2,0,1530.28,3,3,15,17,,
screen/d_top10k,arlene_v4_m31,711,1,112329,135987,-23658,0,4,0,2,0,3959.62,3,3,15,17,,
screen/d_top10k,arlene_v4_m31,712,0,95653,91131,4522,0,3,0,0,0,2663.08,3,3,10,17,,
screen/d_top10k,arlene_v4_m31,712,1,95653,91131,4522,0,3,0,0,0,3603.87,3,3,10,17,,
screen/d_top10k,arlene_v4_m31,713,0,124267,128022,-3755,0,1,0,4,0,3773.02,3,3,14,17,,
screen/d_top10k,arlene_v4_m31,713,1,124267,128022,-3755,0,1,0,4,0,2763.16,3,3,14,17,,
screen/d_top10k,arlene_v4_m31,714,0,128039,152159,-24120,0,3,0,0,0,1142.01,3,3,10,17,,
screen/d_top10k,arlene_v4_m31,714,1,110307,133461,-23154,0,3,0,0,0,4075.73,3,3,13,17,,
screen/d_top10k,arlene_v4_m31,715,0,125130,127861,-2731,0,1,0,0,0,3054.82,3,3,12,17,,
screen/d_top10k,arlene_v4_m31,715,1,125130,127861,-2731,0,1,0,0,0,2553.5,3,3,12,17,,
screen/d_top10k,king_rc4,700,0,89194,73502,15692,0,2,0,0,0,2684.84,3,3,11,14,,
screen/d_top10k,king_rc4,700,1,89194,73502,15692,0,2,0,0,0,2011.49,3,3,11,14,,
screen/d_top10k,king_rc4,701,0,116658,121154,-4496,0,2,0,0,0,3627.15,3,3,10,13,,
screen/d_top10k,king_rc4,701,1,116664,121111,-4447,0,2,0,0,0,5108.59,3,3,10,13,,
screen/d_top10k,king_rc4,702,0,100963,107429,-6466,0,4,0,0,0,1513.89,3,3,13,17,,
screen/d_top10k,king_rc4,702,1,100963,107429,-6466,0,4,0,0,0,2099.46,3,3,13,17,,
screen/d_top10k,king_rc4,703,0,103861,98844,5017,0,2,0,0,0,2549.74,3,3,11,14,,
screen/d_top10k,king_rc4,703,1,103861,98844,5017,0,2,0,0,0,3242.63,3,3,11,14,,
screen/d_top10k,king_rc4,704,0,90224,78700,11524,0,2,0,0,2,1836.86,3,3,11,13,,
screen/d_top10k,king_rc4,704,1,90224,78700,11524,0,2,0,0,2,1935.27,3,3,11,13,,
screen/d_top10k,king_rc4,705,0,130116,117772,12344,0,2,0,0,0,2650.03,3,3,10,14,,
screen/d_top10k,king_rc4,705,1,130116,117772,12344,0,2,0,0,0,3836.29,3,3,10,14,,
screen/d_top10k,king_rc4,706,0,124741,111610,13131,0,2,0,0,0,931.871,3,3,11,14,,
screen/d_top10k,king_rc4,706,1,124741,111610,13131,0,2,0,0,0,1019.04,3,3,11,14,,
screen/d_top10k,king_rc4,707,0,98538,122457,-23919,0,3,0,3,5,5243.92,3,3,13,14,,
screen/d_top10k,king_rc4,707,1,98538,122457,-23919,0,3,0,3,5,6818.32,3,3,13,14,,
screen/d_top10k,king_rc4,708,0,83834,61811,22023,0,3,0,5,0,3687.28,3,3,14,13,,
screen/d_top10k,king_rc4,708,1,83834,61811,22023,0,3,0,5,0,3822.74,3,3,14,13,,
screen/d_top10k,king_rc4,709,0,92428,81170,11258,0,4,0,0,0,2696.42,3,3,11,17,,
screen/d_top10k,king_rc4,709,1,90875,79934,10941,0,4,0,0,0,2044.02,3,3,11,17,,
screen/d_top10k,king_rc4,710,0,93860,95186,-1326,0,4,0,6,2,4917.49,3,3,14,13,,
screen/d_top10k,king_rc4,710,1,93860,95186,-1326,0,4,0,6,2,4948.13,3,3,14,13,,
screen/d_top10k,king_rc4,711,0,109768,107778,1990,0,3,0,3,2,6317.31,3,3,15,13,,
screen/d_top10k,king_rc4,711,1,109768,107778,1990,0,3,0,3,2,6715.22,3,3,15,13,,
screen/d_top10k,king_rc4,712,0,98050,93387,4663,0,3,0,0,2,3107.66,3,3,9,13,,
screen/d_top10k,king_rc4,712,1,98020,93368,4652,0,3,0,0,2,3883.43,3,3,9,13,,
screen/d_top10k,king_rc4,713,0,108779,103050,5729,0,1,0,0,0,987.544,3,3,13,14,,
screen/d_top10k,king_rc4,713,1,108779,103050,5729,0,1,0,0,0,1849.69,3,3,13,14,,
screen/d_top10k,king_rc4,714,0,109576,129945,-20369,0,2,0,0,0,1445.84,3,3,13,14,,
screen/d_top10k,king_rc4,714,1,113104,131225,-18121,0,1,0,0,0,3038.07,3,3,13,14,,
screen/d_top10k,king_rc4,715,0,122295,133135,-10840,0,1,0,0,0,4049,3,3,12,14,,
screen/d_top10k,king_rc4,715,1,122295,133135,-10840,0,1,0,0,0,3368.16,3,3,12,14,,
screen/d_top10k,teammate_shoprouter,700,0,86619,96719,-10100,0,2,0,0,0,2611.06,3,3,11,17,,
screen/d_top10k,teammate_shoprouter,700,1,86619,96719,-10100,0,2,0,0,0,4815.91,3,3,11,17,,
screen/d_top10k,teammate_shoprouter,701,0,133700,133043,657,0,2,0,0,0,5716.55,3,3,11,17,,
screen/d_top10k,teammate_shoprouter,701,1,132644,133175,-531,0,2,0,0,0,2958.7,3,3,11,17,,
screen/d_top10k,teammate_shoprouter,702,0,133495,121434,12061,0,4,0,0,0,3032.5,3,3,13,17,,
screen/d_top10k,teammate_shoprouter,702,1,133495,121434,12061,0,4,0,0,0,4258.27,3,3,13,17,,
screen/d_top10k,teammate_shoprouter,703,0,145118,121149,23969,0,2,0,0,0,4614.54,3,3,11,17,,
screen/d_top10k,teammate_shoprouter,703,1,145118,121149,23969,0,2,0,0,0,4407.46,3,3,11,17,,
screen/d_top10k,teammate_shoprouter,704,0,93118,85520,7598,0,2,0,26,0,8909.15,4,3,12,17,,
screen/d_top10k,teammate_shoprouter,704,1,93118,85520,7598,0,2,0,26,0,8962.32,4,3,12,17,,
screen/d_top10k,teammate_shoprouter,705,0,134217,114153,20064,0,2,0,0,0,4145.8,3,3,10,17,,
screen/d_top10k,teammate_shoprouter,705,1,134217,114153,20064,0,2,0,0,0,4678.76,3,3,10,17,,
screen/d_top10k,teammate_shoprouter,706,0,120177,103965,16212,0,2,0,0,0,2367.2,3,3,12,17,,
screen/d_top10k,teammate_shoprouter,706,1,120177,103965,16212,0,2,0,0,0,1424.82,3,3,12,17,,
screen/d_top10k,teammate_shoprouter,707,0,99515,113613,-14098,0,3,0,0,5,6162.13,3,3,13,17,,
screen/d_top10k,teammate_shoprouter,707,1,99515,113613,-14098,0,3,0,0,5,2359.78,3,3,13,17,,
screen/d_top10k,teammate_shoprouter,708,0,88746,71079,17667,0,3,0,11,0,3372.14,3,3,13,17,,
screen/d_top10k,teammate_shoprouter,708,1,88746,71079,17667,0,3,0,11,0,3560.51,3,3,13,17,,
screen/d_top10k,teammate_shoprouter,709,0,108755,88984,19771,0,3,0,1,0,1882.43,3,3,13,17,,
screen/d_top10k,teammate_shoprouter,709,1,108755,88984,19771,0,3,0,1,0,2351.43,3,3,13,17,,
screen/d_top10k,teammate_shoprouter,710,0,93804,87949,5855,0,4,0,10,0,3457.54,3,3,13,17,,
screen/d_top10k,teammate_shoprouter,710,1,93804,87949,5855,0,4,0,10,0,2020.79,3,3,13,17,,
screen/d_top10k,teammate_shoprouter,711,0,106048,111584,-5536,0,4,0,9,0,4155.78,3,3,16,17,,
screen/d_top10k,teammate_shoprouter,711,1,106048,111584,-5536,0,4,0,9,0,7334.61,3,3,16,17,,
screen/d_top10k,teammate_shoprouter,712,0,93413,76814,16599,0,3,0,0,0,4425.31,3,3,10,17,,
screen/d_top10k,teammate_shoprouter,712,1,93432,76810,16622,0,3,0,0,0,4316.47,3,3,10,17,,
screen/d_top10k,teammate_shoprouter,713,0,136338,111005,25333,0,1,0,0,0,1141.35,3,3,14,17,,
screen/d_top10k,teammate_shoprouter,713,1,136338,111005,25333,0,1,0,0,0,3037.36,3,3,14,17,,
screen/d_top10k,teammate_shoprouter,714,0,109296,136229,-26933,0,3,0,0,0,2086.08,3,3,13,17,,
screen/d_top10k,teammate_shoprouter,714,1,109726,135383,-25657,0,3,0,0,0,2942.21,3,3,13,17,,
screen/d_top10k,teammate_shoprouter,715,0,111501,115025,-3524,0,2,0,0,0,2653.86,3,3,12,17,,
screen/d_top10k,teammate_shoprouter,715,1,111501,115025,-3524,0,2,0,0,0,4971.32,3,3,12,17,,
screen/d_win10k,ahmed_v25,700,0,96948,85676,11272,0,3,0,0,6,1921.31,3,3,9,17,,
screen/d_win10k,ahmed_v25,700,1,96948,85676,11272,0,3,0,0,6,2763.85,3,3,9,17,,
screen/d_win10k,ahmed_v25,701,0,119928,100477,19451,0,3,0,0,6,1214.95,3,3,9,17,,
screen/d_win10k,ahmed_v25,701,1,119928,100477,19451,0,3,0,0,6,3027.44,3,3,9,17,,
screen/d_win10k,ahmed_v25,702,0,122992,123532,-540,0,2,0,4,6,1133.36,3,3,15,17,,
screen/d_win10k,ahmed_v25,702,1,122992,123532,-540,0,2,0,4,6,2718.9,3,3,15,17,,
screen/d_win10k,ahmed_v25,703,0,105739,86160,19579,0,4,0,0,6,2267.56,3,3,8,17,,
screen/d_win10k,ahmed_v25,703,1,105739,86160,19579,0,4,0,0,6,2917.42,3,3,8,17,,
screen/d_win10k,ahmed_v25,704,0,102409,95248,7161,0,3,0,0,6,4270.98,3,3,11,17,,
screen/d_win10k,ahmed_v25,704,1,102409,95248,7161,0,3,0,0,6,4325.74,3,3,11,17,,
screen/d_win10k,ahmed_v25,705,0,105922,87647,18275,0,3,0,0,6,2830.07,3,3,8,17,,
screen/d_win10k,ahmed_v25,705,1,105922,87647,18275,0,3,0,0,6,1013.5,3,3,8,17,,
screen/d_win10k,ahmed_v25,706,0,109544,103691,5853,0,3,0,0,6,6439.25,3,3,12,17,,
screen/d_win10k,ahmed_v25,706,1,109544,103691,5853,0,3,0,0,6,2229.06,3,3,12,17,,
screen/d_win10k,ahmed_v25,707,0,126229,119126,7103,0,4,0,0,0,2770.34,3,3,12,16,,
screen/d_win10k,ahmed_v25,707,1,114457,110334,4123,0,4,0,0,0,1993.36,3,3,12,16,,
screen/d_win10k,ahmed_v25,708,0,126984,120886,6098,0,3,0,0,6,2227.63,3,3,13,17,,
screen/d_win10k,ahmed_v25,708,1,126984,120886,6098,0,3,0,0,6,2303.45,3,3,13,17,,
screen/d_win10k,ahmed_v25,709,0,76050,74655,1395,0,2,0,0,6,8855.29,3,3,10,17,,
screen/d_win10k,ahmed_v25,709,1,76050,74655,1395,0,2,0,0,6,8864.02,3,3,10,17,,
screen/d_win10k,ahmed_v25,710,0,173328,142760,30568,0,3,0,0,6,968.302,3,3,16,17,,
screen/d_win10k,ahmed_v25,710,1,173328,142760,30568,0,3,0,0,6,1403.14,3,3,16,17,,
screen/d_win10k,ahmed_v25,711,0,138991,141941,-2950,0,3,0,0,6,7475.63,3,3,10,17,,
screen/d_win10k,ahmed_v25,711,1,138991,141941,-2950,0,3,0,0,6,6328.85,3,3,10,17,,
screen/d_win10k,ahmed_v25,712,0,103008,109425,-6417,0,3,0,0,6,4992.45,3,3,9,17,,
screen/d_win10k,ahmed_v25,712,1,103008,109425,-6417,0,3,0,0,6,4684.22,3,3,9,17,,
screen/d_win10k,ahmed_v25,713,0,96615,91235,5380,0,4,0,0,0,2381.62,3,3,14,16,,
screen/d_win10k,ahmed_v25,713,1,96615,91235,5380,0,4,0,0,0,1984.71,3,3,14,16,,
screen/d_win10k,ahmed_v25,714,0,87097,76399,10698,0,3,0,0,6,1331.82,3,3,6,17,,
screen/d_win10k,ahmed_v25,714,1,70081,53936,16145,0,3,0,0,6,3914.67,3,3,7,17,,
screen/d_win10k,ahmed_v25,715,0,127641,119547,8094,0,4,0,0,0,6147.79,3,3,15,16,,
screen/d_win10k,ahmed_v25,715,1,127641,119547,8094,0,4,0,0,0,4634.31,3,3,15,16,,
screen/d_win10k,arlene_v4_m31,700,0,88917,77363,11554,0,3,0,20,0,4817.08,3,3,12,3,,
screen/d_win10k,arlene_v4_m31,700,1,88917,77363,11554,0,3,0,20,0,5025.35,3,3,12,3,,
screen/d_win10k,arlene_v4_m31,701,0,112690,91678,21012,0,4,0,0,0,6748.59,3,3,9,3,,
screen/d_win10k,arlene_v4_m31,701,1,112690,91678,21012,0,4,0,0,0,7545.09,3,3,9,3,,
screen/d_win10k,arlene_v4_m31,702,0,119388,109508,9880,0,2,0,2,0,2367.56,3,3,16,17,,
screen/d_win10k,arlene_v4_m31,702,1,119388,109508,9880,0,2,0,2,0,2155.9,3,3,16,17,,
screen/d_win10k,arlene_v4_m31,703,0,106157,77803,28354,0,4,0,0,0,5386.43,3,3,8,3,,
screen/d_win10k,arlene_v4_m31,703,1,106157,77803,28354,0,4,0,0,0,4577.97,3,3,8,3,,
screen/d_win10k,arlene_v4_m31,704,0,97672,91939,5733,0,3,0,0,0,2767.38,3,3,11,17,,
screen/d_win10k,arlene_v4_m31,704,1,97672,91939,5733,0,3,0,0,0,2578.01,3,3,11,17,,
screen/d_win10k,arlene_v4_m31,705,0,105120,83834,21286,0,3,0,0,0,3045.37,3,3,8,17,,
screen/d_win10k,arlene_v4_m31,705,1,105120,83834,21286,0,3,0,0,0,2646.17,3,3,8,17,,
screen/d_win10k,arlene_v4_m31,706,0,102687,88406,14281,0,3,0,0,0,5548.66,3,3,10,8,,
screen/d_win10k,arlene_v4_m31,706,1,104085,88372,15713,0,3,0,0,0,3674.91,3,3,10,8,,
screen/d_win10k,arlene_v4_m31,707,0,114920,98462,16458,0,4,0,0,0,2480.71,3,3,13,8,,
screen/d_win10k,arlene_v4_m31,707,1,117631,109174,8457,0,4,0,0,0,6447.68,3,3,13,17,,
screen/d_win10k,arlene_v4_m31,708,0,110058,107705,2353,0,4,0,0,0,1928.52,3,3,13,17,,
screen/d_win10k,arlene_v4_m31,708,1,110058,107705,2353,0,4,0,0,0,1172.14,3,3,13,17,,
screen/d_win10k,arlene_v4_m31,709,0,101696,73204,28492,0,3,0,0,0,2064.79,3,3,14,3,,
screen/d_win10k,arlene_v4_m31,709,1,101696,73204,28492,0,3,0,0,0,1665.9,3,3,14,3,,
screen/d_win10k,arlene_v4_m31,710,0,169922,142839,27083,0,3,0,0,0,1903.79,3,3,16,17,,
screen/d_win10k,arlene_v4_m31,710,1,169922,142839,27083,0,3,0,0,0,1048.46,3,3,16,17,,
screen/d_win10k,arlene_v4_m31,711,0,130465,139810,-9345,0,3,0,0,0,5208.82,3,3,10,17,,
screen/d_win10k,arlene_v4_m31,711,1,130465,139810,-9345,0,3,0,0,0,5148.6,3,3,10,17,,
screen/d_win10k,arlene_v4_m31,712,0,100646,105659,-5013,0,3,0,0,0,2170.62,3,3,9,17,,
screen/d_win10k,arlene_v4_m31,712,1,100540,105670,-5130,0,3,0,0,0,1404.44,3,3,9,17,,
screen/d_win10k,arlene_v4_m31,713,0,99155,87082,12073,0,4,0,0,0,1425.39,3,3,14,17,,
screen/d_win10k,arlene_v4_m31,713,1,99155,87082,12073,0,4,0,0,0,1765.82,3,3,14,17,,
screen/d_win10k,arlene_v4_m31,714,0,82417,66597,15820,0,3,0,0,0,647.25,3,3,6,17,,
screen/d_win10k,arlene_v4_m31,714,1,74000,58345,15655,0,3,0,0,0,1254.98,3,3,7,17,,
screen/d_win10k,arlene_v4_m31,715,0,133498,118283,15215,0,4,0,0,0,1250.51,3,3,15,17,,
screen/d_win10k,arlene_v4_m31,715,1,133498,118283,15215,0,4,0,0,0,1538.93,3,3,15,17,,
screen/d_win10k,king_rc4,700,0,91986,86019,5967,0,4,0,0,3,2799.01,3,3,9,13,,
screen/d_win10k,king_rc4,700,1,89263,83025,6238,0,3,0,0,3,4157.12,3,3,9,13,,
screen/d_win10k,king_rc4,701,0,113722,81330,32392,0,3,0,0,0,2844.96,3,3,8,13,,
screen/d_win10k,king_rc4,701,1,111791,81244,30547,0,3,0,0,0,4601.76,3,3,8,13,,
screen/d_win10k,king_rc4,702,0,131914,106543,25371,0,2,0,0,0,3345.18,3,3,18,14,,
screen/d_win10k,king_rc4,702,1,131914,106543,25371,0,2,0,0,0,3987.45,3,3,18,14,,
screen/d_win10k,king_rc4,703,0,97801,91926,5875,0,4,0,0,3,2000.3,3,3,8,13,,
screen/d_win10k,king_rc4,703,1,102906,75153,27753,0,4,0,0,0,3089.05,3,3,8,13,,
screen/d_win10k,king_rc4,704,0,96815,89803,7012,0,4,0,0,0,1900.45,3,3,12,14,,
screen/d_win10k,king_rc4,704,1,96815,89803,7012,0,4,0,0,0,1102.43,3,3,12,14,,
screen/d_win10k,king_rc4,705,0,113553,79529,34024,0,3,0,0,0,1531.85,3,3,8,14,,
screen/d_win10k,king_rc4,705,1,113553,79529,34024,0,3,0,0,0,1187.12,3,3,8,14,,
screen/d_win10k,king_rc4,706,0,112455,110432,2023,0,3,0,0,0,3979.69,3,3,10,17,,
screen/d_win10k,king_rc4,706,1,112455,110432,2023,0,3,0,0,0,4444.17,3,3,10,17,,
screen/d_win10k,king_rc4,707,0,111859,104978,6881,0,4,0,0,0,3402.8,3,3,12,17,,
screen/d_win10k,king_rc4,707,1,123568,109298,14270,0,4,0,0,1,1668.86,3,3,12,17,,
screen/d_win10k,king_rc4,708,0,110763,110555,208,0,4,0,0,0,737.581,3,3,12,14,,
screen/d_win10k,king_rc4,708,1,110763,110555,208,0,4,0,0,0,801.24,3,3,12,14,,
screen/d_win10k,king_rc4,709,0,67449,51598,15851,0,3,0,0,0,811.568,3,3,7,14,,
screen/d_win10k,king_rc4,709,1,67449,51598,15851,0,3,0,0,0,728.991,3,3,7,14,,
screen/d_win10k,king_rc4,710,0,152044,140419,11625,0,3,0,0,0,1462.42,3,3,17,17,,
screen/d_win10k,king_rc4,710,1,152044,140419,11625,0,3,0,0,0,3951.98,3,3,17,17,,
screen/d_win10k,king_rc4,711,0,105532,100790,4742,0,3,0,0,0,3315.7,3,3,10,14,,
screen/d_win10k,king_rc4,711,1,105532,100790,4742,0,3,0,0,0,2072.17,3,3,10,14,,
screen/d_win10k,king_rc4,712,0,75427,65841,9586,0,3,0,0,0,3385.6,3,3,7,14,,
screen/d_win10k,king_rc4,712,1,75427,65841,9586,0,3,0,0,0,1996.5,3,3,7,14,,
screen/d_win10k,king_rc4,713,0,119217,125426,-6209,0,4,0,0,0,2968.1,3,3,9,17,,
screen/d_win10k,king_rc4,713,1,119217,125426,-6209,0,4,0,0,0,2335.89,3,3,9,17,,
screen/d_win10k,king_rc4,714,0,85076,80416,4660,0,3,0,0,5,1895.97,3,3,6,14,,
screen/d_win10k,king_rc4,714,1,84923,80332,4591,0,3,0,0,5,521.33,3,3,7,14,,
screen/d_win10k,king_rc4,715,0,134590,135475,-885,0,3,0,0,0,2381.96,3,3,13,17,,
screen/d_win10k,king_rc4,715,1,134590,135475,-885,0,3,0,0,0,2011.17,3,3,13,17,,
screen/d_win10k,teammate_shoprouter,700,0,81368,68400,12968,0,3,0,0,0,1291.76,3,3,9,17,,
screen/d_win10k,teammate_shoprouter,700,1,81368,68400,12968,0,3,0,0,0,1198.3,3,3,9,17,,
screen/d_win10k,teammate_shoprouter,701,0,104251,79502,24749,0,4,0,0,0,3782.3,3,3,8,17,,
screen/d_win10k,teammate_shoprouter,701,1,104251,79502,24749,0,4,0,0,0,5257.84,3,3,8,17,,
screen/d_win10k,teammate_shoprouter,702,0,116968,112054,4914,0,2,0,0,0,482.834,3,3,17,17,,
screen/d_win10k,teammate_shoprouter,702,1,116968,112054,4914,0,2,0,0,0,1524.34,3,3,17,17,,
screen/d_win10k,teammate_shoprouter,703,0,102937,69410,33527,0,4,0,0,0,3767.51,3,3,8,17,,
screen/d_win10k,teammate_shoprouter,703,1,102937,69410,33527,0,4,0,0,0,3432.79,3,3,8,17,,
screen/d_win10k,teammate_shoprouter,704,0,97562,84323,13239,0,3,0,0,0,4354.58,3,3,11,17,,
screen/d_win10k,teammate_shoprouter,704,1,97562,84323,13239,0,3,0,0,0,2327.44,3,3,11,17,,
screen/d_win10k,teammate_shoprouter,705,0,111408,73342,38066,0,3,0,0,0,1148.34,3,3,8,17,,
screen/d_win10k,teammate_shoprouter,705,1,111408,73342,38066,0,3,0,0,0,1615.2,3,3,8,17,,
screen/d_win10k,teammate_shoprouter,706,0,101897,86211,15686,0,3,0,0,0,2041.2,3,3,10,17,,
screen/d_win10k,teammate_shoprouter,706,1,101897,86211,15686,0,3,0,0,0,1574.42,3,3,10,17,,
screen/d_win10k,teammate_shoprouter,707,0,113377,110300,3077,0,4,0,0,0,1806.69,3,3,13,17,,
screen/d_win10k,teammate_shoprouter,707,1,108925,105583,3342,0,4,0,0,0,2536.51,3,3,13,17,,
screen/d_win10k,teammate_shoprouter,708,0,107214,98427,8787,0,4,0,0,0,655.864,3,3,12,17,,
screen/d_win10k,teammate_shoprouter,708,1,107214,98427,8787,0,4,0,0,0,1797.92,3,3,12,17,,
screen/d_win10k,teammate_shoprouter,709,0,85532,74771,10761,0,3,0,0,0,957.702,3,3,11,17,,
screen/d_win10k,teammate_shoprouter,709,1,85532,74771,10761,0,3,0,0,0,2674.11,3,3,11,17,,
screen/d_win10k,teammate_shoprouter,710,0,169140,141932,27208,0,3,0,7,0,1883.85,3,3,16,17,,
screen/d_win10k,teammate_shoprouter,710,1,169140,141932,27208,0,3,0,7,0,1295.71,3,3,16,17,,
screen/d_win10k,teammate_shoprouter,711,0,132888,132040,848,0,3,0,0,0,5731.22,3,3,10,17,,
screen/d_win10k,teammate_shoprouter,711,1,132888,132040,848,0,3,0,0,0,3520.86,3,3,10,17,,
screen/d_win10k,teammate_shoprouter,712,0,94308,91832,2476,0,3,0,0,0,1688.74,3,3,9,17,,
screen/d_win10k,teammate_shoprouter,712,1,94308,91832,2476,0,3,0,0,0,2089.56,3,3,9,17,,
screen/d_win10k,teammate_shoprouter,713,0,97340,86857,10483,0,4,0,0,0,2238.73,3,3,14,17,,
screen/d_win10k,teammate_shoprouter,713,1,97340,86857,10483,0,4,0,0,0,2809.68,3,3,14,17,,
screen/d_win10k,teammate_shoprouter,714,0,84346,61998,22348,0,3,0,0,4,1332.91,3,3,6,17,,
screen/d_win10k,teammate_shoprouter,714,1,73531,49011,24520,0,3,0,0,5,1076.34,3,3,7,17,,
screen/d_win10k,teammate_shoprouter,715,0,131318,118539,12779,0,4,0,0,0,3607.72,3,3,15,17,,
screen/d_win10k,teammate_shoprouter,715,1,131318,118539,12779,0,4,0,0,0,2202.32,3,3,15,17,,
screen/ens_v12_majkel_vadim,ahmed_v25,700,0,93549,92844,705,0,3,0,0,6,4377.34,3,3,14,17,,
screen/ens_v12_majkel_vadim,ahmed_v25,700,1,93549,92844,705,0,3,0,0,6,3034.59,3,3,14,17,,
screen/ens_v12_majkel_vadim,ahmed_v25,701,0,133714,123173,10541,0,3,0,0,6,6091.39,3,3,9,17,,
screen/ens_v12_majkel_vadim,ahmed_v25,701,1,133714,123173,10541,0,3,0,0,6,2954.02,3,3,9,17,,
screen/ens_v12_majkel_vadim,ahmed_v25,702,0,130711,130765,-54,0,5,0,0,6,4984.99,3,3,11,17,,
screen/ens_v12_majkel_vadim,ahmed_v25,702,1,130711,130765,-54,0,5,0,0,6,5702.12,3,3,11,17,,
screen/ens_v12_majkel_vadim,ahmed_v25,703,0,83050,68129,14921,0,2,0,0,6,6853.59,3,3,13,17,,
screen/ens_v12_majkel_vadim,ahmed_v25,703,1,83050,68129,14921,0,2,0,0,6,4400.62,3,3,13,17,,
screen/ens_v12_majkel_vadim,ahmed_v25,704,0,81028,64787,16241,0,3,0,0,6,3349.13,3,3,10,17,,
screen/ens_v12_majkel_vadim,ahmed_v25,704,1,81028,64787,16241,0,3,0,0,6,1231.19,3,3,10,17,,
screen/ens_v12_majkel_vadim,ahmed_v25,705,0,135665,110345,25320,0,3,0,0,6,3948.76,3,3,12,17,,
screen/ens_v12_majkel_vadim,ahmed_v25,705,1,135665,110345,25320,0,3,0,0,6,5253.81,3,3,12,17,,
screen/ens_v12_majkel_vadim,ahmed_v25,706,0,130561,96521,34040,0,3,0,0,6,4447.76,3,3,13,17,,
screen/ens_v12_majkel_vadim,ahmed_v25,706,1,130561,96521,34040,0,3,0,0,6,4454.69,3,3,13,17,,
screen/ens_v12_majkel_vadim,ahmed_v25,707,0,119876,106022,13854,0,5,0,0,6,6703.23,3,3,14,17,,
screen/ens_v12_majkel_vadim,ahmed_v25,707,1,119876,106022,13854,0,5,0,0,6,4129.01,3,3,14,17,,
screen/ens_v12_majkel_vadim,ahmed_v25,708,0,102858,96203,6655,0,4,0,0,6,2401.84,3,3,15,17,,
screen/ens_v12_majkel_vadim,ahmed_v25,708,1,102858,96203,6655,0,4,0,0,6,3952.89,3,3,15,17,,
screen/ens_v12_majkel_vadim,ahmed_v25,709,0,96938,89285,7653,0,3,0,0,6,2418.65,3,3,13,17,,
screen/ens_v12_majkel_vadim,ahmed_v25,709,1,96938,89285,7653,0,3,0,0,6,3176.09,3,3,13,17,,
screen/ens_v12_majkel_vadim,ahmed_v25,710,0,90629,93458,-2829,0,3,0,0,6,3225.84,3,3,12,17,,
screen/ens_v12_majkel_vadim,ahmed_v25,710,1,90543,93501,-2958,0,3,0,0,6,3430.68,3,3,12,17,,
screen/ens_v12_majkel_vadim,ahmed_v25,711,0,160963,137473,23490,0,3,0,0,6,4772.23,3,3,14,17,,
screen/ens_v12_majkel_vadim,ahmed_v25,711,1,160963,137473,23490,0,3,0,0,6,4406.01,3,3,14,17,,
screen/ens_v12_majkel_vadim,ahmed_v25,712,0,79078,69652,9426,0,4,0,0,6,1977.14,3,3,14,17,,
screen/ens_v12_majkel_vadim,ahmed_v25,712,1,79078,69652,9426,0,4,0,0,6,1967.4,3,3,14,17,,
screen/ens_v12_majkel_vadim,ahmed_v25,713,0,144424,127336,17088,0,6,0,0,0,5393.76,3,3,11,16,,
screen/ens_v12_majkel_vadim,ahmed_v25,713,1,144424,127336,17088,0,6,0,0,0,3837.73,3,3,11,16,,
screen/ens_v12_majkel_vadim,ahmed_v25,714,0,114156,92141,22015,0,2,0,0,6,3606.55,3,3,15,17,,
screen/ens_v12_majkel_vadim,ahmed_v25,714,1,114156,92141,22015,0,2,0,0,6,1860.36,3,3,15,17,,
screen/ens_v12_majkel_vadim,ahmed_v25,715,0,180139,148089,32050,0,6,0,0,0,4834.17,3,3,15,16,,
screen/ens_v12_majkel_vadim,ahmed_v25,715,1,180139,148089,32050,0,6,0,0,0,4422.87,3,3,15,16,,
screen/ens_v12_majkel_vadim,arlene_v4_m31,700,0,101677,95570,6107,0,3,0,0,0,5658.4,3,3,14,17,,
screen/ens_v12_majkel_vadim,arlene_v4_m31,700,1,101677,95570,6107,0,3,0,0,0,3873.73,3,3,14,17,,
screen/ens_v12_majkel_vadim,arlene_v4_m31,701,0,106295,103883,2412,0,3,0,0,0,4217.97,3,3,9,17,,
screen/ens_v12_majkel_vadim,arlene_v4_m31,701,1,106295,103883,2412,0,3,0,0,0,4475.85,3,3,9,17,,
screen/ens_v12_majkel_vadim,arlene_v4_m31,702,0,129707,129277,430,0,5,0,0,0,2950.85,3,3,12,17,,
screen/ens_v12_majkel_vadim,arlene_v4_m31,702,1,129707,129277,430,0,5,0,0,0,4354.98,3,3,12,17,,
screen/ens_v12_majkel_vadim,arlene_v4_m31,703,0,82469,64075,18394,0,3,0,0,0,4057.75,3,3,12,3,,
screen/ens_v12_majkel_vadim,arlene_v4_m31,703,1,82469,64075,18394,0,3,0,0,0,4062.64,3,3,12,3,,
screen/ens_v12_majkel_vadim,arlene_v4_m31,704,0,81310,62465,18845,0,3,0,0,0,1903.97,3,3,10,17,,
screen/ens_v12_majkel_vadim,arlene_v4_m31,704,1,81310,62465,18845,0,3,0,0,0,2540.89,3,3,10,17,,
screen/ens_v12_majkel_vadim,arlene_v4_m31,705,0,133259,109572,23687,0,3,0,0,0,4046.65,3,3,12,17,,
screen/ens_v12_majkel_vadim,arlene_v4_m31,705,1,133259,109572,23687,0,3,0,0,0,3094.39,3,3,12,17,,
screen/ens_v12_majkel_vadim,arlene_v4_m31,706,0,131008,99518,31490,0,4,0,2,0,3733.89,3,3,14,8,,
screen/ens_v12_majkel_vadim,arlene_v4_m31,706,1,131008,99518,31490,0,4,0,2,0,2224.17,3,3,14,8,,
screen/ens_v12_majkel_vadim,arlene_v4_m31,707,0,139002,122966,16036,0,5,0,0,0,4297.17,3,3,14,17,,
screen/ens_v12_majkel_vadim,arlene_v4_m31,707,1,139002,122966,16036,0,5,0,0,0,6031.45,3,3,14,17,,
screen/ens_v12_majkel_vadim,arlene_v4_m31,708,0,98023,91176,6847,0,4,0,0,0,1613.7,3,3,16,17,,
screen/ens_v12_majkel_vadim,arlene_v4_m31,708,1,98023,91176,6847,0,4,0,0,0,4500.84,3,3,16,17,,
screen/ens_v12_majkel_vadim,arlene_v4_m31,709,0,94006,85701,8305,0,3,0,0,0,3457.58,3,3,13,17,,
screen/ens_v12_majkel_vadim,arlene_v4_m31,709,1,94006,85701,8305,0,3,0,0,0,1484.51,3,3,13,17,,
screen/ens_v12_majkel_vadim,arlene_v4_m31,710,0,100648,89758,10890,0,3,0,0,0,4337.2,3,3,12,8,,
screen/ens_v12_majkel_vadim,arlene_v4_m31,710,1,99872,89500,10372,0,3,0,0,0,3563.47,3,3,12,8,,
screen/ens_v12_majkel_vadim,arlene_v4_m31,711,0,153177,138188,14989,0,4,0,0,0,5418.75,3,3,14,17,,
screen/ens_v12_majkel_vadim,arlene_v4_m31,711,1,153177,138188,14989,0,4,0,0,0,3928.5,3,3,14,17,,
screen/ens_v12_majkel_vadim,arlene_v4_m31,712,0,103727,90371,13356,0,4,0,0,0,4591.7,3,3,15,17,,
screen/ens_v12_majkel_vadim,arlene_v4_m31,712,1,103695,90332,13363,0,4,0,0,0,5606.99,3,3,15,17,,
screen/ens_v12_majkel_vadim,arlene_v4_m31,713,0,142694,135886,6808,0,5,0,0,0,5419.78,3,3,14,17,,
screen/ens_v12_majkel_vadim,arlene_v4_m31,713,1,142694,135886,6808,0,5,0,0,0,4421.49,3,3,14,17,,
screen/ens_v12_majkel_vadim,arlene_v4_m31,714,0,105664,75375,30289,0,2,0,3,0,7897.1,3,3,15,3,,
screen/ens_v12_majkel_vadim,arlene_v4_m31,714,1,105664,75375,30289,0,2,0,3,0,5314.89,3,3,15,3,,
screen/ens_v12_majkel_vadim,arlene_v4_m31,715,0,157080,146410,10670,0,5,0,0,0,4832.85,3,3,12,17,,
screen/ens_v12_majkel_vadim,arlene_v4_m31,715,1,157080,146410,10670,0,5,0,0,0,6169.36,3,3,12,17,,
screen/ens_v12_majkel_vadim,king_rc4,700,0,131651,98813,32838,0,4,0,0,3,5180.03,3,3,13,13,,
screen/ens_v12_majkel_vadim,king_rc4,700,1,130232,98093,32139,0,4,0,0,3,4284.72,3,3,13,13,,
screen/ens_v12_majkel_vadim,king_rc4,701,0,112307,98545,13762,0,3,0,5,3,4849.66,3,3,9,13,,
screen/ens_v12_majkel_vadim,king_rc4,701,1,107547,95505,12042,0,3,0,0,3,4663.14,3,3,9,13,,
screen/ens_v12_majkel_vadim,king_rc4,702,0,136187,124069,12118,0,5,0,0,0,4100.01,3,3,14,14,,
screen/ens_v12_majkel_vadim,king_rc4,702,1,136187,124069,12118,0,5,0,0,0,5117.99,3,3,14,14,,
screen/ens_v12_majkel_vadim,king_rc4,703,0,74472,57945,16527,0,3,0,0,3,2863.76,3,3,11,13,,
screen/ens_v12_majkel_vadim,king_rc4,703,1,74845,57941,16904,0,3,0,0,3,3166.05,3,3,11,13,,
screen/ens_v12_majkel_vadim,king_rc4,704,0,93983,75200,18783,0,3,0,0,0,2349.26,3,3,10,14,,
screen/ens_v12_majkel_vadim,king_rc4,704,1,93983,75200,18783,0,3,0,0,0,3420.88,3,3,10,14,,
screen/ens_v12_majkel_vadim,king_rc4,705,0,127167,105819,21348,0,3,0,0,0,5028.43,3,3,12,14,,
screen/ens_v12_majkel_vadim,king_rc4,705,1,127167,105819,21348,0,3,0,0,0,2863.85,3,3,12,14,,
screen/ens_v12_majkel_vadim,king_rc4,706,0,134615,118519,16096,0,4,0,0,0,5163.73,3,3,14,17,,
screen/ens_v12_majkel_vadim,king_rc4,706,1,134615,118519,16096,0,4,0,0,0,7260.05,3,3,14,17,,
screen/ens_v12_majkel_vadim,king_rc4,707,0,160655,142236,18419,0,5,0,0,0,6955.85,3,3,15,14,,
screen/ens_v12_majkel_vadim,king_rc4,707,1,160655,142236,18419,0,5,0,0,0,5996.78,3,3,15,14,,
screen/ens_v12_majkel_vadim,king_rc4,708,0,108184,92767,15417,0,5,0,0,0,1329,3,3,16,14,,
screen/ens_v12_majkel_vadim,king_rc4,708,1,108184,92767,15417,0,5,0,0,0,1077.13,3,3,16,14,,
screen/ens_v12_majkel_vadim,king_rc4,709,0,86741,59383,27358,0,3,0,0,0,4675.55,3,3,13,14,,
screen/ens_v12_majkel_vadim,king_rc4,709,1,86698,59386,27312,0,3,0,0,0,3083.48,3,3,13,14,,
screen/ens_v12_majkel_vadim,king_rc4,710,0,125132,94969,30163,0,3,0,4,0,5876.82,3,3,17,17,,
screen/ens_v12_majkel_vadim,king_rc4,710,1,125132,94969,30163,0,3,0,4,0,7387.09,3,3,17,17,,
screen/ens_v12_majkel_vadim,king_rc4,711,0,117963,110786,7177,0,4,0,0,0,4990.47,3,3,13,14,,
screen/ens_v12_majkel_vadim,king_rc4,711,1,117963,110786,7177,0,4,0,0,0,6991.76,3,3,13,14,,
screen/ens_v12_majkel_vadim,king_rc4,712,0,87353,66659,20694,0,4,0,0,0,2681.19,3,3,13,14,,
screen/ens_v12_majkel_vadim,king_rc4,712,1,87353,66659,20694,0,4,0,0,0,3762.71,3,3,13,14,,
screen/ens_v12_majkel_vadim,king_rc4,713,0,145864,133365,12499,0,5,0,0,0,2935.49,3,3,11,17,,
screen/ens_v12_majkel_vadim,king_rc4,713,1,145864,133365,12499,0,5,0,0,0,1602.15,3,3,11,17,,
screen/ens_v12_majkel_vadim,king_rc4,714,0,101036,69720,31316,0,2,0,9,0,3212.38,3,3,15,14,,
screen/ens_v12_majkel_vadim,king_rc4,714,1,101036,69720,31316,0,2,0,9,0,2571.57,3,3,15,14,,
screen/ens_v12_majkel_vadim,king_rc4,715,0,147304,142931,4373,0,5,0,0,0,1985.35,3,3,13,17,,
screen/ens_v12_majkel_vadim,king_rc4,715,1,144403,131827,12576,0,5,0,0,0,2387.15,3,3,10,17,,
screen/ens_v12_majkel_vadim,teammate_shoprouter,700,0,91681,85250,6431,0,3,0,0,0,1679,3,3,13,17,,
screen/ens_v12_majkel_vadim,teammate_shoprouter,700,1,91681,85250,6431,0,3,0,0,0,3875.24,3,3,13,17,,
screen/ens_v12_majkel_vadim,teammate_shoprouter,701,0,124442,109536,14906,0,3,0,0,0,5128.4,3,3,9,17,,
screen/ens_v12_majkel_vadim,teammate_shoprouter,701,1,123528,109544,13984,0,3,0,0,0,4072.22,3,3,9,17,,
screen/ens_v12_majkel_vadim,teammate_shoprouter,702,0,126550,124854,1696,0,5,0,0,0,3427.63,3,3,12,17,,
screen/ens_v12_majkel_vadim,teammate_shoprouter,702,1,126550,124854,1696,0,5,0,0,0,3859.16,3,3,12,17,,
screen/ens_v12_majkel_vadim,teammate_shoprouter,703,0,80499,53151,27348,0,3,0,0,0,3469.97,3,3,11,17,,
screen/ens_v12_majkel_vadim,teammate_shoprouter,703,1,80499,53151,27348,0,3,0,0,0,6304.28,3,3,11,17,,
screen/ens_v12_majkel_vadim,teammate_shoprouter,704,0,77065,56475,20590,0,3,0,0,0,1365.48,3,3,10,17,,
screen/ens_v12_majkel_vadim,teammate_shoprouter,704,1,77065,56475,20590,0,3,0,0,0,2694.33,3,3,10,17,,
screen/ens_v12_majkel_vadim,teammate_shoprouter,705,0,101917,84533,17384,0,4,0,1,0,6069.5,3,3,12,17,,
screen/ens_v12_majkel_vadim,teammate_shoprouter,705,1,101917,84533,17384,0,4,0,1,0,4694.66,3,3,12,17,,
screen/ens_v12_majkel_vadim,teammate_shoprouter,706,0,140077,93025,47052,0,3,0,0,0,6384.26,3,3,14,17,,
screen/ens_v12_majkel_vadim,teammate_shoprouter,706,1,140077,93025,47052,0,3,0,0,0,5214.25,3,3,14,17,,
screen/ens_v12_majkel_vadim,teammate_shoprouter,707,0,105192,87019,18173,0,5,0,0,0,5675.01,3,3,14,17,,
screen/ens_v12_majkel_vadim,teammate_shoprouter,707,1,105192,87019,18173,0,5,0,0,0,5428.4,3,3,14,17,,
screen/ens_v12_majkel_vadim,teammate_shoprouter,708,0,99574,91366,8208,0,4,0,0,0,1969.39,3,3,16,17,,
screen/ens_v12_majkel_vadim,teammate_shoprouter,708,1,99574,91366,8208,0,4,0,0,0,2595.32,3,3,16,17,,
screen/ens_v12_majkel_vadim,teammate_shoprouter,709,0,80700,60018,20682,0,3,0,0,0,964.836,3,3,13,17,,
screen/ens_v12_majkel_vadim,teammate_shoprouter,709,1,80700,60018,20682,0,3,0,0,0,1735.56,3,3,13,17,,
screen/ens_v12_majkel_vadim,teammate_shoprouter,710,0,105066,100925,4141,0,3,0,0,0,2184.69,3,3,13,17,,
screen/ens_v12_majkel_vadim,teammate_shoprouter,710,1,105066,100925,4141,0,3,0,0,0,7985.24,3,3,13,17,,
screen/ens_v12_majkel_vadim,teammate_shoprouter,711,0,153844,133481,20363,0,4,0,0,0,1281.87,3,3,13,17,,
screen/ens_v12_majkel_vadim,teammate_shoprouter,711,1,153844,133481,20363,0,4,0,0,0,3429.91,3,3,13,17,,
screen/ens_v12_majkel_vadim,teammate_shoprouter,712,0,78562,55436,23126,0,4,0,0,0,1747.96,3,3,14,17,,
screen/ens_v12_majkel_vadim,teammate_shoprouter,712,1,78562,55436,23126,0,4,0,0,0,1646.78,3,3,14,17,,
screen/ens_v12_majkel_vadim,teammate_shoprouter,713,0,141378,133513,7865,0,5,0,0,0,3287.75,3,3,14,17,,
screen/ens_v12_majkel_vadim,teammate_shoprouter,713,1,141378,133513,7865,0,5,0,0,0,3255.73,3,3,14,17,,
screen/ens_v12_majkel_vadim,teammate_shoprouter,714,0,91416,68636,22780,0,2,0,0,0,3951.69,3,3,15,17,,
screen/ens_v12_majkel_vadim,teammate_shoprouter,714,1,91416,68636,22780,0,2,0,0,0,3701.6,3,3,15,17,,
screen/ens_v12_majkel_vadim,teammate_shoprouter,715,0,165905,150740,15165,0,5,0,0,0,4055.74,3,3,15,17,,
screen/ens_v12_majkel_vadim,teammate_shoprouter,715,1,165905,150740,15165,0,5,0,0,0,4069.25,3,3,15,17,,
screen/majkel_open6_dsm,ahmed_v25,700,0,119147,80710,38437,0,1,0,0,6,1943.23,3,3,11,17,,
screen/majkel_open6_dsm,ahmed_v25,700,1,119147,80710,38437,0,1,0,0,6,3074.22,3,3,11,17,,
screen/majkel_open6_dsm,ahmed_v25,701,0,131421,113458,17963,0,4,0,0,6,4183.14,3,3,10,17,,
screen/majkel_open6_dsm,ahmed_v25,701,1,131421,113458,17963,0,4,0,0,6,2011.74,3,3,10,17,,
screen/majkel_open6_dsm,ahmed_v25,702,0,112096,94497,17599,0,2,0,0,0,2709.86,3,3,7,16,,
screen/majkel_open6_dsm,ahmed_v25,702,1,112096,94497,17599,0,2,0,0,0,5022.8,3,3,7,16,,
screen/majkel_open6_dsm,ahmed_v25,703,0,107859,78344,29515,0,2,0,0,6,2637.65,3,3,11,17,,
screen/majkel_open6_dsm,ahmed_v25,703,1,107859,78344,29515,0,2,0,0,6,4378.26,3,3,11,17,,
screen/majkel_open6_dsm,ahmed_v25,704,0,77566,65580,11986,0,2,0,0,6,1208.1,3,3,8,17,,
screen/majkel_open6_dsm,ahmed_v25,704,1,77566,65580,11986,0,2,0,0,6,1601.88,3,3,8,17,,
screen/majkel_open6_dsm,ahmed_v25,705,0,95477,86513,8964,0,4,0,0,6,4727.26,3,3,11,17,,
screen/majkel_open6_dsm,ahmed_v25,705,1,95477,86513,8964,0,4,0,0,6,3681.85,3,3,11,17,,
screen/majkel_open6_dsm,ahmed_v25,706,0,135162,90343,44819,0,1,0,0,6,3034.2,3,3,15,17,,
screen/majkel_open6_dsm,ahmed_v25,706,1,135162,90343,44819,0,1,0,0,6,2712.47,3,3,15,17,,
screen/majkel_open6_dsm,ahmed_v25,707,0,90659,86420,4239,0,4,0,0,6,1174.93,3,3,10,17,,
screen/majkel_open6_dsm,ahmed_v25,707,1,90659,86420,4239,0,4,0,0,6,2335.36,3,3,10,17,,
screen/majkel_open6_dsm,ahmed_v25,708,0,86860,76997,9863,0,3,0,0,6,4060.4,3,3,12,17,,
screen/majkel_open6_dsm,ahmed_v25,708,1,86860,76997,9863,0,3,0,0,6,2249.95,3,3,12,17,,
screen/majkel_open6_dsm,ahmed_v25,709,0,97973,89915,8058,0,3,0,0,0,3247.34,3,3,2,16,,
screen/majkel_open6_dsm,ahmed_v25,709,1,97973,89915,8058,0,3,0,0,0,2509.66,3,3,2,16,,
screen/majkel_open6_dsm,ahmed_v25,710,0,131565,90001,41564,0,4,0,0,6,8289.87,3,3,12,17,,
screen/majkel_open6_dsm,ahmed_v25,710,1,131565,90001,41564,0,4,0,0,6,5154.32,3,3,12,17,,
screen/majkel_open6_dsm,ahmed_v25,711,0,127749,120988,6761,0,2,0,0,6,3905.79,3,3,12,17,,
screen/majkel_open6_dsm,ahmed_v25,711,1,127749,120988,6761,0,2,0,0,6,4829.86,3,3,12,17,,
screen/majkel_open6_dsm,ahmed_v25,712,0,124992,113372,11620,0,3,0,0,6,8658.83,3,3,9,17,,
screen/majkel_open6_dsm,ahmed_v25,712,1,124992,113372,11620,0,3,0,0,6,7347.17,3,3,9,17,,
screen/majkel_open6_dsm,ahmed_v25,713,0,154908,105647,49261,0,4,0,0,6,4524.67,3,3,16,17,,
screen/majkel_open6_dsm,ahmed_v25,713,1,154908,105647,49261,0,4,0,0,6,2926.21,3,3,16,17,,
screen/majkel_open6_dsm,ahmed_v25,714,0,99541,94565,4976,0,5,0,0,6,11202.6,3,3,10,17,,
screen/majkel_open6_dsm,ahmed_v25,714,1,99541,94565,4976,0,5,0,0,6,7304.67,3,3,10,17,,
screen/majkel_open6_dsm,ahmed_v25,715,0,162399,128274,34125,0,3,0,0,6,6241.83,3,3,15,17,,
screen/majkel_open6_dsm,ahmed_v25,715,1,162399,128274,34125,0,3,0,0,6,7486.54,3,3,15,17,,
screen/majkel_open6_dsm,arlene_v4_m31,700,0,122593,86676,35917,0,1,0,0,0,2781.47,3,3,12,17,,
screen/majkel_open6_dsm,arlene_v4_m31,700,1,122593,86676,35917,0,1,0,0,0,5131.88,3,3,12,17,,
screen/majkel_open6_dsm,arlene_v4_m31,701,0,124962,115273,9689,0,4,0,0,0,2629.04,3,3,10,17,,
screen/majkel_open6_dsm,arlene_v4_m31,701,1,124558,115244,9314,0,4,0,0,0,6523.89,3,3,10,17,,
screen/majkel_open6_dsm,arlene_v4_m31,702,0,128888,91342,37546,0,2,0,0,0,4354.25,3,3,8,8,,
screen/majkel_open6_dsm,arlene_v4_m31,702,1,128888,91342,37546,0,2,0,0,0,3279.68,3,3,8,8,,
screen/majkel_open6_dsm,arlene_v4_m31,703,0,112465,74743,37722,0,2,0,0,0,3420.94,3,3,15,17,,
screen/majkel_open6_dsm,arlene_v4_m31,703,1,112465,74743,37722,0,2,0,0,0,1729.56,3,3,15,17,,
screen/majkel_open6_dsm,arlene_v4_m31,704,0,79530,61655,17875,0,2,0,0,0,2393.68,3,3,8,3,,
screen/majkel_open6_dsm,arlene_v4_m31,704,1,79530,61655,17875,0,2,0,0,0,4106.2,3,3,8,3,,
screen/majkel_open6_dsm,arlene_v4_m31,705,0,102191,93080,9111,0,4,0,0,0,4778.33,3,3,11,17,,
screen/majkel_open6_dsm,arlene_v4_m31,705,1,102191,93080,9111,0,4,0,0,0,5125.13,3,3,11,17,,
screen/majkel_open6_dsm,arlene_v4_m31,706,0,125598,85985,39613,0,1,0,0,0,3143.2,3,3,11,17,,
screen/majkel_open6_dsm,arlene_v4_m31,706,1,125674,85983,39691,0,1,0,0,0,2870.19,3,3,10,17,,
screen/majkel_open6_dsm,arlene_v4_m31,707,0,82455,68566,13889,0,3,0,0,0,3629.78,3,3,11,17,,
screen/majkel_open6_dsm,arlene_v4_m31,707,1,82455,68566,13889,0,3,0,0,0,3677.03,3,3,11,17,,
screen/majkel_open6_dsm,arlene_v4_m31,708,0,85318,65780,19538,0,2,0,0,0,5071.09,3,3,10,3,,
screen/majkel_open6_dsm,arlene_v4_m31,708,1,85318,65780,19538,0,2,0,0,0,5236.98,3,3,10,3,,
screen/majkel_open6_dsm,arlene_v4_m31,709,0,130038,92653,37385,0,2,0,0,0,6677.12,3,3,9,17,,
screen/majkel_open6_dsm,arlene_v4_m31,709,1,130038,92653,37385,0,2,0,0,0,2528.67,3,3,9,17,,
screen/majkel_open6_dsm,arlene_v4_m31,710,0,93208,67051,26157,0,4,0,0,0,2669.18,3,3,13,8,,
screen/majkel_open6_dsm,arlene_v4_m31,710,1,93208,67051,26157,0,4,0,0,0,4731.07,3,3,13,8,,
screen/majkel_open6_dsm,arlene_v4_m31,711,0,120567,114773,5794,0,2,0,0,0,7350.76,3,3,12,17,,
screen/majkel_open6_dsm,arlene_v4_m31,711,1,120567,114773,5794,0,2,0,0,0,4527.01,3,3,12,17,,
screen/majkel_open6_dsm,arlene_v4_m31,712,0,107891,86626,21265,0,3,0,0,0,5886.72,3,3,8,3,,
screen/majkel_open6_dsm,arlene_v4_m31,712,1,107312,87260,20052,0,3,0,0,0,5951.03,3,3,8,3,,
screen/majkel_open6_dsm,arlene_v4_m31,713,0,99262,87529,11733,0,5,0,0,0,5430.63,3,3,12,17,,
screen/majkel_open6_dsm,arlene_v4_m31,713,1,99262,87529,11733,0,5,0,0,0,3973.31,3,3,12,17,,
screen/majkel_open6_dsm,arlene_v4_m31,714,0,105981,105851,130,0,4,0,0,0,3434.94,3,3,13,17,,
screen/majkel_open6_dsm,arlene_v4_m31,714,1,105981,105851,130,0,4,0,0,0,4285.24,3,3,13,17,,
screen/majkel_open6_dsm,arlene_v4_m31,715,0,132519,119545,12974,0,3,0,0,0,7506.84,3,3,11,17,,
screen/majkel_open6_dsm,arlene_v4_m31,715,1,132519,119545,12974,0,3,0,0,0,3081.22,3,3,11,17,,
screen/majkel_open6_dsm,king_rc4,700,0,169242,86803,82439,0,2,0,0,0,1197.39,3,3,16,14,,
screen/majkel_open6_dsm,king_rc4,700,1,169242,86803,82439,0,2,0,0,0,2274.44,3,3,16,14,,
screen/majkel_open6_dsm,king_rc4,701,0,130604,114294,16310,0,3,0,0,3,2715.87,3,3,11,13,,
screen/majkel_open6_dsm,king_rc4,701,1,130613,114242,16371,0,3,0,0,3,4088.3,3,3,11,13,,
screen/majkel_open6_dsm,king_rc4,702,0,116288,113927,2361,0,3,0,0,0,6091.68,3,3,11,17,,
screen/majkel_open6_dsm,king_rc4,702,1,116288,113927,2361,0,3,0,0,0,6074.14,3,3,11,17,,
screen/majkel_open6_dsm,king_rc4,703,0,110295,72405,37890,0,2,0,0,0,2915.52,3,3,11,14,,
screen/majkel_open6_dsm,king_rc4,703,1,110295,72405,37890,0,2,0,0,0,2800.61,3,3,11,14,,
screen/majkel_open6_dsm,king_rc4,704,0,84220,69564,14656,0,2,0,0,3,4141.8,3,3,8,13,,
screen/majkel_open6_dsm,king_rc4,704,1,83020,69226,13794,0,2,0,0,3,1862.16,3,3,8,13,,
screen/majkel_open6_dsm,king_rc4,705,0,88697,73877,14820,0,4,0,0,0,2122.47,3,3,11,14,,
screen/majkel_open6_dsm,king_rc4,705,1,88697,73877,14820,0,4,0,0,0,2793.94,3,3,11,14,,
screen/majkel_open6_dsm,king_rc4,706,0,106350,80211,26139,0,2,0,0,0,2457.75,3,3,9,14,,
screen/majkel_open6_dsm,king_rc4,706,1,106350,80211,26139,0,2,0,0,0,1201.13,3,3,9,14,,
screen/majkel_open6_dsm,king_rc4,707,0,113496,99475,14021,0,3,0,0,5,2099.25,3,3,12,14,,
screen/majkel_open6_dsm,king_rc4,707,1,113496,99475,14021,0,3,0,0,5,3828.61,3,3,12,14,,
screen/majkel_open6_dsm,king_rc4,708,0,79586,60758,18828,0,3,0,0,0,1134.02,3,3,10,13,,
screen/majkel_open6_dsm,king_rc4,708,1,79586,60758,18828,0,3,0,0,0,3349.67,3,3,10,13,,
screen/majkel_open6_dsm,king_rc4,709,0,99381,98580,801,0,2,0,0,0,4270.77,3,3,6,17,,
screen/majkel_open6_dsm,king_rc4,709,1,99381,98580,801,0,2,0,0,0,1345.99,3,3,6,17,,
screen/majkel_open6_dsm,king_rc4,710,0,113925,86743,27182,0,3,0,0,0,3288.07,3,3,11,17,,
screen/majkel_open6_dsm,king_rc4,710,1,113928,86745,27183,0,3,0,0,0,10614.3,3,3,11,17,,
screen/majkel_open6_dsm,king_rc4,711,0,100071,89253,10818,0,2,0,0,3,3891.01,3,3,9,13,,
screen/majkel_open6_dsm,king_rc4,711,1,100071,89253,10818,0,2,0,0,3,4807.14,3,3,9,13,,
screen/majkel_open6_dsm,king_rc4,712,0,104435,80767,23668,0,5,0,0,0,4670.6,3,3,9,13,,
screen/majkel_open6_dsm,king_rc4,712,1,104431,80753,23678,0,5,0,0,0,3203.45,3,3,9,13,,
screen/majkel_open6_dsm,king_rc4,713,0,111919,94908,17011,0,2,0,0,0,1540.39,3,3,12,14,,
screen/majkel_open6_dsm,king_rc4,713,1,111919,94908,17011,0,2,0,0,0,1979.74,3,3,12,14,,
screen/majkel_open6_dsm,king_rc4,714,0,108452,101416,7036,0,4,0,0,0,7243.33,3,3,13,14,,
screen/majkel_open6_dsm,king_rc4,714,1,108452,101416,7036,0,4,0,0,0,6139.43,3,3,13,14,,
screen/majkel_open6_dsm,king_rc4,715,0,165538,126283,39255,0,3,0,0,0,5220.58,3,3,16,14,,
screen/majkel_open6_dsm,king_rc4,715,1,165538,126283,39255,0,3,0,0,0,5798.79,3,3,16,14,,
screen/majkel_open6_dsm,teammate_shoprouter,700,0,114834,78392,36442,0,1,0,0,0,6458.56,3,3,11,17,,
screen/majkel_open6_dsm,teammate_shoprouter,700,1,114834,78392,36442,0,1,0,0,0,5015.16,3,3,11,17,,
screen/majkel_open6_dsm,teammate_shoprouter,701,0,120538,103340,17198,0,4,0,0,0,5432.84,3,3,9,17,,
screen/majkel_open6_dsm,teammate_shoprouter,701,1,120538,103339,17199,0,4,0,0,0,7052.75,3,3,9,17,,
screen/majkel_open6_dsm,teammate_shoprouter,702,0,126313,89030,37283,0,2,0,0,0,4567.48,3,3,8,17,,
screen/majkel_open6_dsm,teammate_shoprouter,702,1,126313,89030,37283,0,2,0,0,0,3527.51,3,3,8,17,,
screen/majkel_open6_dsm,teammate_shoprouter,703,0,109689,76639,33050,0,2,0,0,0,4537.47,3,3,15,17,,
screen/majkel_open6_dsm,teammate_shoprouter,703,1,109689,76639,33050,0,2,0,0,0,4119.88,3,3,15,17,,
screen/majkel_open6_dsm,teammate_shoprouter,704,0,78757,53226,25531,0,2,0,0,0,7061.45,3,3,8,17,,
screen/majkel_open6_dsm,teammate_shoprouter,704,1,78757,53226,25531,0,2,0,0,0,2927.64,3,3,8,17,,
screen/majkel_open6_dsm,teammate_shoprouter,705,0,92026,79943,12083,0,4,0,0,0,2379.53,3,3,11,17,,
screen/majkel_open6_dsm,teammate_shoprouter,705,1,92026,79943,12083,0,4,0,0,0,8557.79,3,3,11,17,,
screen/majkel_open6_dsm,teammate_shoprouter,706,0,129701,85499,44202,0,1,0,0,0,6244.83,3,3,15,17,,
screen/majkel_open6_dsm,teammate_shoprouter,706,1,129762,85499,44263,0,1,0,0,0,3360.27,3,3,15,17,,
screen/majkel_open6_dsm,teammate_shoprouter,707,0,83107,65142,17965,0,3,0,0,2,3375.37,3,3,10,17,,
screen/majkel_open6_dsm,teammate_shoprouter,707,1,83107,65142,17965,0,3,0,0,2,3388.2,3,3,10,17,,
screen/majkel_open6_dsm,teammate_shoprouter,708,0,85654,75417,10237,0,2,0,0,0,4136.75,3,3,13,17,,
screen/majkel_open6_dsm,teammate_shoprouter,708,1,85654,75417,10237,0,2,0,0,0,3237.04,3,3,13,17,,
screen/majkel_open6_dsm,teammate_shoprouter,709,0,129469,91433,38036,0,2,0,0,0,7085.7,3,3,9,17,,
screen/majkel_open6_dsm,teammate_shoprouter,709,1,129469,91433,38036,0,2,0,0,0,2118.84,3,3,9,17,,
screen/majkel_open6_dsm,teammate_shoprouter,710,0,92986,64700,28286,0,4,0,0,0,1164.46,3,3,13,17,,
screen/majkel_open6_dsm,teammate_shoprouter,710,1,92986,64700,28286,0,4,0,0,0,3905.54,3,3,13,17,,
screen/majkel_open6_dsm,teammate_shoprouter,711,0,116886,103065,13821,0,2,0,0,0,6856.75,3,3,13,17,,
screen/majkel_open6_dsm,teammate_shoprouter,711,1,116886,103065,13821,0,2,0,0,0,7076.03,3,3,13,17,,
screen/majkel_open6_dsm,teammate_shoprouter,712,0,105976,95233,10743,0,3,0,0,0,4386.59,3,3,8,17,,
screen/majkel_open6_dsm,teammate_shoprouter,712,1,105672,95278,10394,0,3,0,0,0,4180.04,3,3,8,17,,
screen/majkel_open6_dsm,teammate_shoprouter,713,0,116826,92881,23945,0,5,0,0,0,3282.99,3,3,13,17,,
screen/majkel_open6_dsm,teammate_shoprouter,713,1,116826,92881,23945,0,5,0,0,0,3986.8,3,3,13,17,,
screen/majkel_open6_dsm,teammate_shoprouter,714,0,107245,105583,1662,0,5,0,0,0,4457.64,3,3,12,17,,
screen/majkel_open6_dsm,teammate_shoprouter,714,1,107245,105583,1662,0,5,0,0,0,5844.78,3,3,12,17,,
screen/majkel_open6_dsm,teammate_shoprouter,715,0,133893,111099,22794,0,3,0,1,0,7215.62,3,3,11,17,,
screen/majkel_open6_dsm,teammate_shoprouter,715,1,133893,111099,22794,0,3,0,1,0,3128.85,3,3,11,17,,
screen/v11_noguard,ahmed_v25,700,0,94881,89569,5312,0,3,0,0,6,4900.68,3,3,15,17,,
screen/v11_noguard,ahmed_v25,700,1,94881,89569,5312,0,3,0,0,6,5772.13,3,3,15,17,,
screen/v11_noguard,ahmed_v25,701,0,102069,88921,13148,0,3,0,0,6,5036.43,3,3,6,17,,
screen/v11_noguard,ahmed_v25,701,1,102069,88921,13148,0,3,0,0,6,5863.34,3,3,6,17,,
screen/v11_noguard,ahmed_v25,702,0,144378,112048,32330,0,2,0,0,6,4374,3,3,6,17,,
screen/v11_noguard,ahmed_v25,702,1,144378,112048,32330,0,2,0,0,6,5019.01,3,3,6,17,,
screen/v11_noguard,ahmed_v25,703,0,91215,89603,1612,0,2,0,0,0,967.047,2,3,13,16,,
screen/v11_noguard,ahmed_v25,703,1,91215,89603,1612,0,2,0,0,0,1037.34,2,3,13,16,,
screen/v11_noguard,ahmed_v25,704,0,98361,89546,8815,0,3,0,0,6,3866.86,3,3,11,17,,
screen/v11_noguard,ahmed_v25,704,1,98361,89546,8815,0,3,0,0,6,2956.61,3,3,11,17,,
screen/v11_noguard,ahmed_v25,705,0,143609,131563,12046,0,3,0,0,6,1705.7,3,3,11,17,,
screen/v11_noguard,ahmed_v25,705,1,143609,131563,12046,0,3,0,0,6,2549.3,3,3,11,17,,
screen/v11_noguard,ahmed_v25,706,0,116903,101689,15214,0,6,0,18,6,5554.53,3,3,12,17,,
screen/v11_noguard,ahmed_v25,706,1,116903,101689,15214,0,6,0,18,6,4613.72,3,3,12,17,,
screen/v11_noguard,ahmed_v25,707,0,122439,122936,-497,0,3,0,0,6,2945.49,3,3,10,17,,
screen/v11_noguard,ahmed_v25,707,1,122439,122936,-497,0,3,0,0,6,5749.51,3,3,10,17,,
screen/v11_noguard,ahmed_v25,708,0,130028,122810,7218,0,3,0,0,0,2956.31,3,3,11,16,,
screen/v11_noguard,ahmed_v25,708,1,130028,122810,7218,0,3,0,0,0,5309.68,3,3,11,16,,
screen/v11_noguard,ahmed_v25,709,0,85952,73002,12950,0,4,0,21,6,2840.01,3,3,11,17,,
screen/v11_noguard,ahmed_v25,709,1,85952,73002,12950,0,4,0,21,6,7912,3,3,11,17,,
screen/v11_noguard,ahmed_v25,710,0,144373,112463,31910,0,3,0,0,6,6774.35,3,3,14,17,,
screen/v11_noguard,ahmed_v25,710,1,144373,112463,31910,0,3,0,0,6,11406.3,3,3,14,17,,
screen/v11_noguard,ahmed_v25,711,0,151404,118094,33310,0,3,0,0,6,5039.7,3,3,10,17,,
screen/v11_noguard,ahmed_v25,711,1,151404,118094,33310,0,3,0,0,6,3961.45,3,3,10,17,,
screen/v11_noguard,ahmed_v25,712,0,115091,99656,15435,0,3,0,0,6,6988.82,3,3,12,17,,
screen/v11_noguard,ahmed_v25,712,1,115091,99656,15435,0,3,0,0,6,4708.92,3,3,12,17,,
screen/v11_noguard,ahmed_v25,713,0,113481,107065,6416,0,4,0,0,6,4058.75,3,3,11,17,,
screen/v11_noguard,ahmed_v25,713,1,113481,107065,6416,0,4,0,0,6,3591.93,3,3,11,17,,
screen/v11_noguard,ahmed_v25,714,0,133003,88869,44134,0,3,0,0,6,4869.22,3,3,7,17,,
screen/v11_noguard,ahmed_v25,714,1,98873,89215,9658,0,3,0,0,6,2579,3,3,13,17,,
screen/v11_noguard,ahmed_v25,715,0,86360,77601,8759,0,2,0,0,6,3946.11,3,3,7,17,,
screen/v11_noguard,ahmed_v25,715,1,86360,77601,8759,0,2,0,0,6,4005.17,3,3,7,17,,
screen/v11_noguard,arlene_v4_m31,700,0,126242,98210,28032,0,3,0,0,0,6478.28,3,3,10,17,,
screen/v11_noguard,arlene_v4_m31,700,1,126242,98210,28032,0,3,0,0,0,5405.34,3,3,10,17,,
screen/v11_noguard,arlene_v4_m31,701,0,109577,96117,13460,0,3,0,0,0,8019.71,3,3,11,17,,
screen/v11_noguard,arlene_v4_m31,701,1,109577,96117,13460,0,3,0,0,0,8038.23,3,3,11,17,,
screen/v11_noguard,arlene_v4_m31,702,0,142460,87500,54960,0,3,0,0,0,3393.02,3,3,8,3,,
screen/v11_noguard,arlene_v4_m31,702,1,142460,87500,54960,0,3,0,0,0,3205.2,3,3,8,3,,
screen/v11_noguard,arlene_v4_m31,703,0,84857,64930,19927,0,2,0,0,0,2776.19,3,3,10,17,,
screen/v11_noguard,arlene_v4_m31,703,1,84857,64930,19927,0,2,0,0,0,4970.43,3,3,10,17,,
screen/v11_noguard,arlene_v4_m31,704,0,82938,61441,21497,0,3,0,0,0,5516.52,3,3,11,17,,
screen/v11_noguard,arlene_v4_m31,704,1,82938,61441,21497,0,3,0,0,0,7345.15,3,3,11,17,,
screen/v11_noguard,arlene_v4_m31,705,0,119241,107407,11834,0,3,0,0,0,7988.07,3,3,12,17,,
screen/v11_noguard,arlene_v4_m31,705,1,119241,107407,11834,0,3,0,0,0,6068.28,3,3,12,17,,
screen/v11_noguard,arlene_v4_m31,706,0,138720,103362,35358,0,3,0,1,0,2368.94,3,3,13,17,,
screen/v11_noguard,arlene_v4_m31,706,1,138720,103362,35358,0,3,0,1,0,6045.28,3,3,13,17,,
screen/v11_noguard,arlene_v4_m31,707,0,89721,78400,11321,0,3,0,0,0,4916.19,3,3,13,17,,
screen/v11_noguard,arlene_v4_m31,707,1,89721,78400,11321,0,3,0,0,0,3920.63,3,3,13,17,,
screen/v11_noguard,arlene_v4_m31,708,0,118835,87701,31134,0,4,0,0,0,1568.26,3,3,7,8,,
screen/v11_noguard,arlene_v4_m31,708,1,118835,87701,31134,0,4,0,0,0,2656.26,3,3,7,8,,
screen/v11_noguard,arlene_v4_m31,709,0,110661,90048,20613,0,5,0,33,0,4890.93,3,3,13,8,,
screen/v11_noguard,arlene_v4_m31,709,1,110661,90048,20613,0,5,0,33,0,3539.33,3,3,13,8,,
screen/v11_noguard,arlene_v4_m31,710,0,165437,118517,46920,0,3,0,0,0,2921.53,3,3,14,17,,
screen/v11_noguard,arlene_v4_m31,710,1,165437,118517,46920,0,3,0,0,0,5849.05,3,3,14,17,,
screen/v11_noguard,arlene_v4_m31,711,0,136310,129409,6901,0,4,0,0,0,1616.24,3,3,11,17,,
screen/v11_noguard,arlene_v4_m31,711,1,136310,129409,6901,0,4,0,0,0,4051.73,3,3,11,17,,
screen/v11_noguard,arlene_v4_m31,712,0,96925,85952,10973,0,3,0,0,0,3651.2,3,3,15,3,,
screen/v11_noguard,arlene_v4_m31,712,1,96925,85952,10973,0,3,0,0,0,6404.4,3,3,15,3,,
screen/v11_noguard,arlene_v4_m31,713,0,132062,131114,948,0,2,0,0,0,5055.57,3,3,10,17,,
screen/v11_noguard,arlene_v4_m31,713,1,132062,131114,948,0,2,0,0,0,2788.53,3,3,10,17,,
screen/v11_noguard,arlene_v4_m31,714,0,124740,113401,11339,0,4,0,0,0,4871.94,3,3,10,17,,
screen/v11_noguard,arlene_v4_m31,714,1,106358,85429,20929,0,3,0,1,0,3972.26,3,3,14,17,,
screen/v11_noguard,arlene_v4_m31,715,0,86234,73020,13214,0,2,0,0,0,2421.55,3,3,9,3,,
screen/v11_noguard,arlene_v4_m31,715,1,86234,73020,13214,0,2,0,0,0,3181.81,3,3,9,3,,
screen/v11_noguard,king_rc4,700,0,148361,93524,54837,0,3,0,0,3,4827.05,3,3,12,13,,
screen/v11_noguard,king_rc4,700,1,157383,92001,65382,0,3,0,0,3,4363.92,3,3,11,13,,
screen/v11_noguard,king_rc4,701,0,133364,111616,21748,0,5,0,0,13,7320.87,3,3,15,13,,
screen/v11_noguard,king_rc4,701,1,133618,111703,21915,0,5,0,0,12,9315.28,3,3,15,13,,
screen/v11_noguard,king_rc4,702,0,120338,91031,29307,0,4,0,0,0,4926.82,3,3,14,13,,
screen/v11_noguard,king_rc4,702,1,120338,91031,29307,0,4,0,0,0,4034.06,3,3,14,13,,
screen/v11_noguard,king_rc4,703,0,77504,57881,19623,0,2,0,2,0,1903.25,3,3,9,16,,
screen/v11_noguard,king_rc4,703,1,82250,62640,19610,0,2,0,0,0,1319.37,3,3,9,16,,
screen/v11_noguard,king_rc4,704,0,96508,77941,18567,0,2,0,0,5,3680.04,3,3,11,14,,
screen/v11_noguard,king_rc4,704,1,96508,77941,18567,0,2,0,0,5,4906.11,3,3,11,14,,
screen/v11_noguard,king_rc4,705,0,140584,117635,22949,0,4,0,0,0,2688.9,3,3,12,14,,
screen/v11_noguard,king_rc4,705,1,140584,117635,22949,0,4,0,0,0,2683.39,3,3,12,14,,
screen/v11_noguard,king_rc4,706,0,95508,87632,7876,0,4,0,0,0,7316.08,3,3,11,14,,
screen/v11_noguard,king_rc4,706,1,95508,87632,7876,0,4,0,0,0,2603.64,3,3,11,14,,
screen/v11_noguard,king_rc4,707,0,108791,92810,15981,0,3,0,2,0,2476.23,3,3,13,17,,
screen/v11_noguard,king_rc4,707,1,107254,99818,7436,0,3,0,5,0,7075.06,3,3,13,17,,
screen/v11_noguard,king_rc4,708,0,98180,89964,8216,0,4,0,0,0,3348.03,3,3,6,17,,
screen/v11_noguard,king_rc4,708,1,98180,89964,8216,0,4,0,0,0,3592.5,3,3,6,17,,
screen/v11_noguard,king_rc4,709,0,104032,92896,11136,0,2,0,0,5,1492.15,3,3,11,14,,
screen/v11_noguard,king_rc4,709,1,104032,92896,11136,0,2,0,0,5,572.331,3,3,11,14,,
screen/v11_noguard,king_rc4,710,0,149907,111033,38874,0,3,0,0,0,4603.51,3,3,16,14,,
screen/v11_noguard,king_rc4,710,1,149907,111033,38874,0,3,0,0,0,4081.01,3,3,16,14,,
screen/v11_noguard,king_rc4,711,0,152425,129886,22539,0,6,0,0,3,2293.58,3,3,11,13,,
screen/v11_noguard,king_rc4,711,1,152425,129886,22539,0,6,0,0,3,3203.4,3,3,11,13,,
screen/v11_noguard,king_rc4,712,0,92175,80458,11717,0,3,0,0,3,4657.36,3,3,13,13,,
screen/v11_noguard,king_rc4,712,1,92408,80179,12229,0,3,0,0,3,2448.97,3,3,13,13,,
screen/v11_noguard,king_rc4,713,0,111632,89876,21756,0,5,0,0,3,10702,3,3,15,13,,
screen/v11_noguard,king_rc4,713,1,112555,91552,21003,0,5,0,0,3,9904.88,3,3,15,13,,
screen/v11_noguard,king_rc4,714,0,135559,98152,37407,0,3,0,0,0,2004.79,3,3,9,14,,
screen/v11_noguard,king_rc4,714,1,92727,67886,24841,0,4,0,0,0,3653.86,3,3,14,17,,
screen/v11_noguard,king_rc4,715,0,135281,120069,15212,0,6,0,0,0,6543.21,3,3,13,13,,
screen/v11_noguard,king_rc4,715,1,149339,128154,21185,0,5,0,0,3,9166,3,3,16,13,,
screen/v11_noguard,teammate_shoprouter,700,0,112548,81307,31241,0,3,0,0,0,5222.5,3,3,14,17,,
screen/v11_noguard,teammate_shoprouter,700,1,112548,81307,31241,0,3,0,0,0,5822.88,3,3,14,17,,
screen/v11_noguard,teammate_shoprouter,701,0,108283,82473,25810,0,3,0,0,0,5104.89,3,3,6,17,,
screen/v11_noguard,teammate_shoprouter,701,1,108283,82473,25810,0,3,0,0,0,6623.35,3,3,6,17,,
screen/v11_noguard,teammate_shoprouter,702,0,144249,104288,39961,0,3,0,0,0,3246.85,3,3,15,17,,
screen/v11_noguard,teammate_shoprouter,702,1,144249,104288,39961,0,3,0,0,0,7416.16,3,3,15,17,,
screen/v11_noguard,teammate_shoprouter,703,0,85741,64169,21572,0,2,0,0,0,4236.56,3,3,12,17,,
screen/v11_noguard,teammate_shoprouter,703,1,85741,64169,21572,0,2,0,0,0,2653.8,3,3,12,17,,
screen/v11_noguard,teammate_shoprouter,704,0,92680,71928,20752,0,3,0,0,3,5022.41,3,3,11,17,,
screen/v11_noguard,teammate_shoprouter,704,1,92680,71928,20752,0,3,0,0,3,5248.47,3,3,11,17,,
screen/v11_noguard,teammate_shoprouter,705,0,116756,97811,18945,0,3,0,0,0,8253.36,3,3,12,17,,
screen/v11_noguard,teammate_shoprouter,705,1,116756,97811,18945,0,3,0,0,0,2071.5,3,3,12,17,,
screen/v11_noguard,teammate_shoprouter,706,0,139629,97381,42248,0,3,0,0,0,2331.91,3,3,13,17,,
screen/v11_noguard,teammate_shoprouter,706,1,139629,97381,42248,0,3,0,0,0,5584.83,3,3,13,17,,
screen/v11_noguard,teammate_shoprouter,707,0,85566,73802,11764,0,3,0,0,0,2044.13,3,3,13,17,,
screen/v11_noguard,teammate_shoprouter,707,1,85566,73802,11764,0,3,0,0,0,1705.29,3,3,13,17,,
screen/v11_noguard,teammate_shoprouter,708,0,113991,86654,27337,0,4,0,0,0,2335.1,3,3,6,17,,
screen/v11_noguard,teammate_shoprouter,708,1,113991,86654,27337,0,4,0,0,0,1509.69,3,3,6,17,,
screen/v11_noguard,teammate_shoprouter,709,0,96042,67545,28497,0,4,0,0,3,3211.21,3,3,11,17,,
screen/v11_noguard,teammate_shoprouter,709,1,93453,67584,25869,0,4,0,0,3,2044.51,3,3,11,17,,
screen/v11_noguard,teammate_shoprouter,710,0,123270,103337,19933,0,3,0,0,0,6561.49,3,3,14,17,,
screen/v11_noguard,teammate_shoprouter,710,1,123270,103337,19933,0,3,0,0,0,4783.76,3,3,14,17,,
screen/v11_noguard,teammate_shoprouter,711,0,143939,126061,17878,0,4,0,0,0,4572.68,3,3,11,17,,
screen/v11_noguard,teammate_shoprouter,711,1,143939,126061,17878,0,4,0,0,0,4741.23,3,3,11,17,,
screen/v11_noguard,teammate_shoprouter,712,0,99578,79462,20116,0,3,0,0,0,6591.11,3,3,11,17,,
screen/v11_noguard,teammate_shoprouter,712,1,99578,79462,20116,0,3,0,0,0,1848.25,3,3,11,17,,
screen/v11_noguard,teammate_shoprouter,713,0,125721,115984,9737,0,3,0,0,0,9001.23,3,3,10,17,,
screen/v11_noguard,teammate_shoprouter,713,1,125721,115984,9737,0,3,0,0,0,2561.82,3,3,10,17,,
screen/v11_noguard,teammate_shoprouter,714,0,117259,91186,26073,0,3,0,0,0,5252.11,3,3,14,17,,
screen/v11_noguard,teammate_shoprouter,714,1,79511,52678,26833,0,3,0,6,0,4311.18,3,3,15,17,,
screen/v11_noguard,teammate_shoprouter,715,0,104825,84029,20796,0,2,0,0,0,2518.87,3,3,8,17,,
screen/v11_noguard,teammate_shoprouter,715,1,104825,84029,20796,0,2,0,0,0,1207.08,3,3,8,17,,
screen/v11_noreserve,ahmed_v25,700,0,128104,91329,36775,0,0,0,0,6,2531,3,3,16,17,,
screen/v11_noreserve,ahmed_v25,700,1,128104,91329,36775,0,0,0,0,6,1725.52,3,3,16,17,,
screen/v11_noreserve,ahmed_v25,701,0,119144,97331,21813,0,0,0,0,2,2659.39,3,3,11,16,,
screen/v11_noreserve,ahmed_v25,701,1,119144,97331,21813,0,0,0,0,2,2095.74,3,3,11,16,,
screen/v11_noreserve,ahmed_v25,702,0,131948,85498,46450,0,2,0,0,0,2914.14,3,3,9,16,,
screen/v11_noreserve,ahmed_v25,702,1,131948,85498,46450,0,2,0,0,0,3319.44,3,3,9,16,,
screen/v11_noreserve,ahmed_v25,703,0,151158,91590,59568,0,1,0,0,0,3816.91,3,3,17,16,,
screen/v11_noreserve,ahmed_v25,703,1,151158,91590,59568,0,1,0,0,0,4329.92,3,3,17,16,,
screen/v11_noreserve,ahmed_v25,704,0,85139,67855,17284,0,0,0,0,6,3560.03,3,3,17,17,,
screen/v11_noreserve,ahmed_v25,704,1,85139,67855,17284,0,0,0,0,6,2524.33,3,3,17,17,,
screen/v11_noreserve,ahmed_v25,705,0,158111,129980,28131,0,0,0,0,6,4312.37,3,3,17,17,,
screen/v11_noreserve,ahmed_v25,705,1,158111,129980,28131,0,0,0,0,6,4351.93,3,3,17,17,,
screen/v11_noreserve,ahmed_v25,706,0,121622,84166,37456,0,0,0,10,6,1366.21,3,3,18,17,,
screen/v11_noreserve,ahmed_v25,706,1,121622,84166,37456,0,0,0,10,6,1772,3,3,18,17,,
screen/v11_noreserve,ahmed_v25,707,0,86190,65462,20728,0,0,0,1,6,1602.99,3,3,11,17,,
screen/v11_noreserve,ahmed_v25,707,1,86190,65462,20728,0,0,0,1,6,3668.17,3,3,11,17,,
screen/v11_noreserve,ahmed_v25,708,0,79968,70777,9191,0,1,0,0,6,2653.66,3,3,14,17,,
screen/v11_noreserve,ahmed_v25,708,1,79968,70777,9191,0,1,0,0,6,2694.43,3,3,14,17,,
screen/v11_noreserve,ahmed_v25,709,0,116184,111403,4781,0,2,0,0,0,4373.61,3,3,6,16,,
screen/v11_noreserve,ahmed_v25,709,1,116184,111403,4781,0,2,0,0,0,6143.83,3,3,6,16,,
screen/v11_noreserve,ahmed_v25,710,0,104771,94608,10163,0,1,0,0,6,4209.56,3,3,13,17,,
screen/v11_noreserve,ahmed_v25,710,1,104771,94608,10163,0,1,0,0,6,3663,3,3,13,17,,
screen/v11_noreserve,ahmed_v25,711,0,80643,60476,20167,0,1,0,26,6,1414.84,3,3,12,17,,
screen/v11_noreserve,ahmed_v25,711,1,80643,60476,20167,0,1,0,26,6,1700.39,3,3,12,17,,
screen/v11_noreserve,ahmed_v25,712,0,81995,59309,22686,0,0,0,0,6,2110.93,3,3,14,17,,
screen/v11_noreserve,ahmed_v25,712,1,81995,59309,22686,0,0,0,0,6,2018.22,3,3,14,17,,
screen/v11_noreserve,ahmed_v25,713,0,145146,118572,26574,0,2,0,0,6,5350.7,3,3,12,17,,
screen/v11_noreserve,ahmed_v25,713,1,145146,118572,26574,0,2,0,0,6,4444.26,3,3,12,17,,
screen/v11_noreserve,ahmed_v25,714,0,125020,95795,29225,0,2,0,76,6,3401.74,3,3,17,17,,
screen/v11_noreserve,ahmed_v25,714,1,125020,95795,29225,0,2,0,76,6,3039.72,3,3,17,17,,
screen/v11_noreserve,ahmed_v25,715,0,159510,141538,17972,0,1,0,0,6,2544.87,3,3,10,17,,
screen/v11_noreserve,ahmed_v25,715,1,159510,141538,17972,0,1,0,0,6,3900.53,3,3,10,17,,
screen/v11_noreserve,arlene_v4_m31,700,0,147043,94109,52934,0,0,0,0,0,3054.04,3,3,16,17,,
screen/v11_noreserve,arlene_v4_m31,700,1,147043,94109,52934,0,0,0,0,0,3725.92,3,3,16,17,,
screen/v11_noreserve,arlene_v4_m31,701,0,107022,96617,10405,0,0,0,0,0,2990.2,3,3,7,8,,
screen/v11_noreserve,arlene_v4_m31,701,1,106896,96626,10270,0,0,0,0,0,1954.25,3,3,7,8,,
screen/v11_noreserve,arlene_v4_m31,702,0,158463,84151,74312,0,2,0,0,0,1902.01,3,3,9,17,,
screen/v11_noreserve,arlene_v4_m31,702,1,158463,84151,74312,0,2,0,0,0,1939.12,3,3,9,17,,
screen/v11_noreserve,arlene_v4_m31,703,0,109949,81296,28653,0,1,0,0,0,1202.5,3,3,9,17,,
screen/v11_noreserve,arlene_v4_m31,703,1,109949,81296,28653,0,1,0,0,0,1320.92,3,3,9,17,,
screen/v11_noreserve,arlene_v4_m31,704,0,79486,56665,22821,0,0,0,8,0,2305.57,3,3,14,3,,
screen/v11_noreserve,arlene_v4_m31,704,1,79486,56665,22821,0,0,0,8,0,2243.11,3,3,14,3,,
screen/v11_noreserve,arlene_v4_m31,705,0,138017,126645,11372,0,0,0,14,0,6211.44,3,3,12,17,,
screen/v11_noreserve,arlene_v4_m31,705,1,138017,126645,11372,0,0,0,14,0,6345.01,3,3,12,17,,
screen/v11_noreserve,arlene_v4_m31,706,0,112242,86561,25681,0,0,0,0,0,3541.1,3,3,18,8,,
screen/v11_noreserve,arlene_v4_m31,706,1,112242,86561,25681,0,0,0,0,0,2513.85,3,3,18,8,,
screen/v11_noreserve,arlene_v4_m31,707,0,82535,57080,25455,0,0,0,34,0,5781.73,3,3,13,3,,
screen/v11_noreserve,arlene_v4_m31,707,1,82535,57080,25455,0,0,0,34,0,3669.33,3,3,13,3,,
screen/v11_noreserve,arlene_v4_m31,708,0,91403,76900,14503,0,1,0,0,0,2718.36,3,3,14,17,,
screen/v11_noreserve,arlene_v4_m31,708,1,91403,76900,14503,0,1,0,0,0,1349.26,3,3,14,17,,
screen/v11_noreserve,arlene_v4_m31,709,0,97806,70471,27335,0,2,0,0,0,1394.88,3,3,5,17,,
screen/v11_noreserve,arlene_v4_m31,709,1,97806,70471,27335,0,2,0,0,0,1068.84,3,3,5,17,,
screen/v11_noreserve,arlene_v4_m31,710,0,109939,99455,10484,0,0,0,0,0,3158.1,3,3,13,3,,
screen/v11_noreserve,arlene_v4_m31,710,1,109939,99455,10484,0,0,0,0,0,3797.76,3,3,13,3,,
screen/v11_noreserve,arlene_v4_m31,711,0,87026,62185,24841,0,0,0,18,0,4894.44,3,3,17,3,,
screen/v11_noreserve,arlene_v4_m31,711,1,87026,62185,24841,0,0,0,18,0,5483.98,3,3,17,3,,
screen/v11_noreserve,arlene_v4_m31,712,0,84052,60150,23902,0,0,0,0,0,3049.86,3,3,15,3,,
screen/v11_noreserve,arlene_v4_m31,712,1,84386,60266,24120,0,0,0,0,0,3518.95,3,3,15,3,,
screen/v11_noreserve,arlene_v4_m31,713,0,119758,99023,20735,0,2,0,1,0,2249.13,3,3,14,17,,
screen/v11_noreserve,arlene_v4_m31,713,1,119758,99023,20735,0,2,0,1,0,2794.86,3,3,14,17,,
screen/v11_noreserve,arlene_v4_m31,714,0,96441,72271,24170,0,2,0,37,0,7169.73,3,3,19,8,,
screen/v11_noreserve,arlene_v4_m31,714,1,96441,72271,24170,0,2,0,37,0,4755.5,3,3,19,8,,
screen/v11_noreserve,arlene_v4_m31,715,0,146608,137770,8838,0,1,0,0,0,2964.77,3,3,10,17,,
screen/v11_noreserve,arlene_v4_m31,715,1,146608,137770,8838,0,1,0,0,0,3151.51,3,3,10,17,,
screen/v11_noreserve,king_rc4,700,0,88734,74147,14587,0,1,0,0,0,4111.33,3,3,15,17,,
screen/v11_noreserve,king_rc4,700,1,88734,74147,14587,0,1,0,0,0,4643.94,3,3,15,17,,
screen/v11_noreserve,king_rc4,701,0,84321,69907,14414,0,0,0,0,0,5637.09,3,3,16,17,,
screen/v11_noreserve,king_rc4,701,1,84321,69907,14414,0,0,0,0,0,7530.85,3,3,16,17,,
screen/v11_noreserve,king_rc4,702,0,132049,117546,14503,0,0,0,0,0,2192.49,3,3,16,17,,
screen/v11_noreserve,king_rc4,702,1,132049,117546,14503,0,0,0,0,0,5903.58,3,3,16,17,,
screen/v11_noreserve,king_rc4,703,0,80289,65667,14622,0,2,0,24,0,6738.5,3,3,14,17,,
screen/v11_noreserve,king_rc4,703,1,80289,65667,14622,0,2,0,24,0,3224.26,3,3,14,17,,
screen/v11_noreserve,king_rc4,704,0,88252,65767,22485,0,1,0,0,8,2038.99,3,3,10,8,,
screen/v11_noreserve,king_rc4,704,1,88252,65767,22485,0,1,0,0,8,2994.25,3,3,10,8,,
screen/v11_noreserve,king_rc4,705,0,81592,67788,13804,0,0,0,0,0,3677.71,3,3,13,17,,
screen/v11_noreserve,king_rc4,705,1,81592,67788,13804,0,0,0,0,0,3462.27,3,3,13,17,,
screen/v11_noreserve,king_rc4,706,0,91606,78148,13458,0,0,0,0,5,5253.65,3,3,12,17,,
screen/v11_noreserve,king_rc4,706,1,92189,78125,14064,0,0,0,0,5,4998.61,3,3,12,17,,
screen/v11_noreserve,king_rc4,707,0,151842,131679,20163,0,0,0,0,5,2993.21,3,3,13,17,,
screen/v11_noreserve,king_rc4,707,1,151842,131679,20163,0,0,0,0,5,3696.27,3,3,13,17,,
screen/v11_noreserve,king_rc4,708,0,138201,124429,13772,0,0,0,0,0,3002.04,3,3,12,17,,
screen/v11_noreserve,king_rc4,708,1,138201,124429,13772,0,0,0,0,0,2173.28,3,3,12,17,,
screen/v11_noreserve,king_rc4,709,0,122084,86741,35343,0,0,0,2,6,1855.9,3,3,11,8,,
screen/v11_noreserve,king_rc4,709,1,122084,86741,35343,0,0,0,2,6,2922.41,3,3,11,8,,
screen/v11_noreserve,king_rc4,710,0,138929,107664,31265,0,0,0,0,0,1541.65,3,3,16,17,,
screen/v11_noreserve,king_rc4,710,1,138929,107664,31265,0,0,0,0,0,1046.56,3,3,16,17,,
screen/v11_noreserve,king_rc4,711,0,96814,87646,9168,0,1,0,0,0,5442.86,3,3,12,17,,
screen/v11_noreserve,king_rc4,711,1,96814,87646,9168,0,1,0,0,0,4340.34,3,3,12,17,,
screen/v11_noreserve,king_rc4,712,0,79371,66277,13094,0,0,0,20,0,5358.07,3,3,10,17,,
screen/v11_noreserve,king_rc4,712,1,79371,66277,13094,0,0,0,20,0,3630.51,3,3,10,17,,
screen/v11_noreserve,king_rc4,713,0,117752,101867,15885,0,0,0,0,2,6080.65,3,3,10,3,,
screen/v11_noreserve,king_rc4,713,1,117752,101867,15885,0,0,0,0,2,4999.72,3,3,10,3,,
screen/v11_noreserve,king_rc4,714,0,112407,84652,27755,0,0,0,0,14,3009.28,3,3,14,8,,
screen/v11_noreserve,king_rc4,714,1,112407,84652,27755,0,0,0,0,14,2421.81,3,3,14,8,,
screen/v11_noreserve,king_rc4,715,0,111094,94224,16870,0,0,0,0,2,3365.57,3,3,12,3,,
screen/v11_noreserve,king_rc4,715,1,111094,94224,16870,0,0,0,0,2,2257.36,3,3,12,3,,
screen/v11_noreserve,teammate_shoprouter,700,0,149073,92925,56148,0,0,0,0,0,5335.77,3,3,16,17,,
screen/v11_noreserve,teammate_shoprouter,700,1,149073,92925,56148,0,0,0,0,0,3630.18,3,3,16,17,,
screen/v11_noreserve,teammate_shoprouter,701,0,119631,114786,4845,0,0,0,0,0,2419.19,3,3,10,17,,
screen/v11_noreserve,teammate_shoprouter,701,1,119644,114753,4891,0,0,0,0,0,2539.68,3,3,10,17,,
screen/v11_noreserve,teammate_shoprouter,702,0,158957,79789,79168,0,2,0,0,0,2964.8,3,3,11,17,,
screen/v11_noreserve,teammate_shoprouter,702,1,159005,79781,79224,0,2,0,0,0,4716.11,3,3,9,17,,
screen/v11_noreserve,teammate_shoprouter,703,0,153743,92832,60911,0,1,0,0,0,1646.46,3,3,8,17,,
screen/v11_noreserve,teammate_shoprouter,703,1,153743,92832,60911,0,1,0,0,0,2109.39,3,3,8,17,,
screen/v11_noreserve,teammate_shoprouter,704,0,77381,49723,27658,0,0,0,0,0,2752.45,3,3,14,17,,
screen/v11_noreserve,teammate_shoprouter,704,1,77381,49723,27658,0,0,0,0,0,2862.87,3,3,14,17,,
screen/v11_noreserve,teammate_shoprouter,705,0,127162,107201,19961,0,0,0,0,0,6617.07,3,3,14,17,,
screen/v11_noreserve,teammate_shoprouter,705,1,127162,107201,19961,0,0,0,0,0,4153.91,3,3,14,17,,
screen/v11_noreserve,teammate_shoprouter,706,0,87447,61227,26220,0,0,0,12,0,3960.9,3,3,18,17,,
screen/v11_noreserve,teammate_shoprouter,706,1,87447,61227,26220,0,0,0,12,0,3085.05,3,3,18,17,,
screen/v11_noreserve,teammate_shoprouter,707,0,81087,48973,32114,0,0,0,17,0,3792.94,3,3,13,17,,
screen/v11_noreserve,teammate_shoprouter,707,1,81087,48973,32114,0,0,0,17,0,3238.94,3,3,13,17,,
screen/v11_noreserve,teammate_shoprouter,708,0,79883,60981,18902,0,1,0,0,0,1860.85,3,3,14,17,,
screen/v11_noreserve,teammate_shoprouter,708,1,79883,60981,18902,0,1,0,0,0,3292.02,3,3,14,17,,
screen/v11_noreserve,teammate_shoprouter,709,0,99377,73308,26069,0,2,0,1,0,1147.1,3,3,5,17,,
screen/v11_noreserve,teammate_shoprouter,709,1,99377,73308,26069,0,2,0,1,0,1798.15,3,3,5,17,,
screen/v11_noreserve,teammate_shoprouter,710,0,96128,86064,10064,0,0,0,0,0,3230.8,3,3,13,17,,
screen/v11_noreserve,teammate_shoprouter,710,1,96128,86064,10064,0,0,0,0,0,4401.7,3,3,13,17,,
screen/v11_noreserve,teammate_shoprouter,711,0,87270,57822,29448,0,0,0,0,0,14522.6,3,3,19,17,,
screen/v11_noreserve,teammate_shoprouter,711,1,87270,57822,29448,0,0,0,0,0,7284.81,3,3,19,17,,
screen/v11_noreserve,teammate_shoprouter,712,0,83743,54364,29379,0,0,0,3,0,2036.2,3,3,15,17,,
screen/v11_noreserve,teammate_shoprouter,712,1,83743,54364,29379,0,0,0,3,0,2416.65,3,3,15,17,,
screen/v11_noreserve,teammate_shoprouter,713,0,128619,100299,28320,0,2,0,4,0,3529.6,3,3,14,17,,
screen/v11_noreserve,teammate_shoprouter,713,1,128619,100299,28320,0,2,0,4,0,3477.72,3,3,14,17,,
screen/v11_noreserve,teammate_shoprouter,714,0,90788,68762,22026,0,1,0,0,0,3489.92,3,3,19,17,,
screen/v11_noreserve,teammate_shoprouter,714,1,90788,68762,22026,0,1,0,0,0,1858.98,3,3,19,17,,
screen/v11_noreserve,teammate_shoprouter,715,0,143296,124132,19164,0,1,0,0,0,4257.06,3,3,10,17,,
screen/v11_noreserve,teammate_shoprouter,715,1,143296,124132,19164,0,1,0,0,0,4728.62,3,3,10,17,,
screen/v11_trimcrops,ahmed_v25,700,0,98727,90420,8307,0,1,0,8,6,8389.09,3,3,9,17,,
screen/v11_trimcrops,ahmed_v25,700,1,98727,90420,8307,0,1,0,8,6,8472.13,3,3,9,17,,
screen/v11_trimcrops,ahmed_v25,701,0,98843,100593,-1750,0,1,0,0,6,11170.1,3,3,11,17,,
screen/v11_trimcrops,ahmed_v25,701,1,98843,100593,-1750,0,1,0,0,6,10452.8,3,3,11,17,,
screen/v11_trimcrops,ahmed_v25,702,0,104751,87161,17590,0,1,0,6,6,11159.8,3,3,11,17,,
screen/v11_trimcrops,ahmed_v25,702,1,104751,87161,17590,0,1,0,6,6,9733.4,3,3,11,17,,
screen/v11_trimcrops,ahmed_v25,703,0,133650,122710,10940,0,1,0,0,6,7511.91,3,3,12,17,,
screen/v11_trimcrops,ahmed_v25,703,1,133650,122710,10940,0,1,0,0,6,6722.87,3,3,12,17,,
screen/v11_trimcrops,ahmed_v25,704,0,94274,80822,13452,0,1,0,0,6,6304.89,3,3,15,17,,
screen/v11_trimcrops,ahmed_v25,704,1,94274,80822,13452,0,1,0,0,6,4913.62,3,3,15,17,,
screen/v11_trimcrops,ahmed_v25,705,0,166235,143861,22374,0,1,0,0,6,8354.64,3,3,12,17,,
screen/v11_trimcrops,ahmed_v25,705,1,166235,143861,22374,0,1,0,0,6,5730.69,3,3,12,17,,
screen/v11_trimcrops,ahmed_v25,706,0,141287,117982,23305,0,2,0,0,0,6309.23,3,3,10,16,,
screen/v11_trimcrops,ahmed_v25,706,1,141287,117982,23305,0,2,0,0,0,6515.74,3,3,10,16,,
screen/v11_trimcrops,ahmed_v25,707,0,116787,114121,2666,0,1,0,1,3,5923,3,3,10,15,,
screen/v11_trimcrops,ahmed_v25,707,1,161199,141953,19246,0,2,0,0,0,5412.18,3,3,16,16,,
screen/v11_trimcrops,ahmed_v25,708,0,118164,108467,9697,0,2,0,0,6,5100.16,3,3,14,17,,
screen/v11_trimcrops,ahmed_v25,708,1,118164,108467,9697,0,2,0,0,6,4186.64,3,3,14,17,,
screen/v11_trimcrops,ahmed_v25,709,0,113153,109538,3615,0,2,0,16,6,7533.5,3,3,17,17,,
screen/v11_trimcrops,ahmed_v25,709,1,113153,109538,3615,0,2,0,16,6,3874.75,3,3,17,17,,
screen/v11_trimcrops,ahmed_v25,710,0,139661,117298,22363,0,1,0,0,6,6129.67,3,3,16,17,,
screen/v11_trimcrops,ahmed_v25,710,1,139661,117298,22363,0,1,0,0,6,5347.58,3,3,16,17,,
screen/v11_trimcrops,ahmed_v25,711,0,118353,122650,-4297,0,2,0,0,6,5667.18,3,3,13,17,,
screen/v11_trimcrops,ahmed_v25,711,1,118353,122650,-4297,0,2,0,0,6,6723.88,3,3,13,17,,
screen/v11_trimcrops,ahmed_v25,712,0,89007,71603,17404,0,1,0,0,42,3266.63,3,3,15,16,,
screen/v11_trimcrops,ahmed_v25,712,1,82067,74238,7829,0,1,0,0,6,3038.27,3,3,14,17,,
screen/v11_trimcrops,ahmed_v25,713,0,123870,101040,22830,0,1,0,6,6,4707.64,3,3,16,17,,
screen/v11_trimcrops,ahmed_v25,713,1,123870,101040,22830,0,1,0,6,6,3538.56,3,3,16,17,,
screen/v11_trimcrops,ahmed_v25,714,0,110819,94947,15872,0,1,0,10,6,2048.97,3,3,12,17,,
screen/v11_trimcrops,ahmed_v25,714,1,101655,95307,6348,0,1,0,3,6,3271,3,3,12,17,,
screen/v11_trimcrops,ahmed_v25,715,0,113010,101677,11333,0,3,0,3,6,6963.07,3,3,16,17,,
screen/v11_trimcrops,ahmed_v25,715,1,113010,101677,11333,0,3,0,3,6,9528.97,3,3,16,17,,
screen/v11_trimcrops,arlene_v4_m31,700,0,148296,82328,65968,0,1,0,0,0,2364.02,3,3,10,17,,
screen/v11_trimcrops,arlene_v4_m31,700,1,148296,82328,65968,0,1,0,0,0,2987.45,3,3,10,17,,
screen/v11_trimcrops,arlene_v4_m31,701,0,101317,106228,-4911,0,3,0,0,0,7837.84,3,3,11,17,,
screen/v11_trimcrops,arlene_v4_m31,701,1,101317,106228,-4911,0,3,0,0,0,7946.9,3,3,11,17,,
screen/v11_trimcrops,arlene_v4_m31,702,0,100958,80308,20650,0,1,0,6,0,6978.5,3,3,9,3,,
screen/v11_trimcrops,arlene_v4_m31,702,1,100958,80308,20650,0,1,0,6,0,6841.52,3,3,9,3,,
screen/v11_trimcrops,arlene_v4_m31,703,0,144935,119695,25240,0,1,0,0,0,2520.52,3,3,12,17,,
screen/v11_trimcrops,arlene_v4_m31,703,1,144935,119695,25240,0,1,0,0,0,3291,3,3,12,17,,
screen/v11_trimcrops,arlene_v4_m31,704,0,92242,81230,11012,0,1,0,0,0,3530.35,3,3,12,17,,
screen/v11_trimcrops,arlene_v4_m31,704,1,92242,81230,11012,0,1,0,0,0,6928.59,3,3,12,17,,
screen/v11_trimcrops,arlene_v4_m31,705,0,158898,139602,19296,0,1,0,0,0,8500.71,3,3,12,17,,
screen/v11_trimcrops,arlene_v4_m31,705,1,158898,139602,19296,0,1,0,0,0,7641.25,3,3,12,17,,
screen/v11_trimcrops,arlene_v4_m31,706,0,109180,92662,16518,0,2,0,0,0,3576.77,3,3,10,17,,
screen/v11_trimcrops,arlene_v4_m31,706,1,109180,92662,16518,0,2,0,0,0,6493.55,3,3,10,17,,
screen/v11_trimcrops,arlene_v4_m31,707,0,117121,109277,7844,0,2,0,0,0,3580.83,3,3,11,17,,
screen/v11_trimcrops,arlene_v4_m31,707,1,123005,115141,7864,0,1,0,0,0,6664.5,3,3,13,17,,
screen/v11_trimcrops,arlene_v4_m31,708,0,95028,82262,12766,0,2,0,17,0,6173.94,3,3,13,17,,
screen/v11_trimcrops,arlene_v4_m31,708,1,95028,82262,12766,0,2,0,17,0,6916.49,3,3,13,17,,
screen/v11_trimcrops,arlene_v4_m31,709,0,105784,95002,10782,0,1,0,0,0,4776.31,3,3,14,17,,
screen/v11_trimcrops,arlene_v4_m31,709,1,105784,95002,10782,0,1,0,0,0,4302.83,3,3,14,17,,
screen/v11_trimcrops,arlene_v4_m31,710,0,99255,76334,22921,0,2,0,5,0,3552.73,3,3,12,17,,
screen/v11_trimcrops,arlene_v4_m31,710,1,99255,76334,22921,0,2,0,5,0,4099.56,3,3,12,17,,
screen/v11_trimcrops,arlene_v4_m31,711,0,104831,95207,9624,0,1,0,5,0,7539.46,3,3,15,17,,
screen/v11_trimcrops,arlene_v4_m31,711,1,104831,95207,9624,0,1,0,5,0,9369.49,3,3,15,17,,
screen/v11_trimcrops,arlene_v4_m31,712,0,91540,72465,19075,0,2,0,13,0,5043.51,3,3,13,3,,
screen/v11_trimcrops,arlene_v4_m31,712,1,85862,64379,21483,0,3,0,5,0,6223.46,3,3,15,17,,
screen/v11_trimcrops,arlene_v4_m31,713,0,128148,116594,11554,0,1,0,0,0,6375.4,3,3,15,17,,
screen/v11_trimcrops,arlene_v4_m31,713,1,128148,116594,11554,0,1,0,0,0,3654.72,3,3,15,17,,
screen/v11_trimcrops,arlene_v4_m31,714,0,105215,93490,11725,0,1,0,17,0,2522.45,3,3,12,17,,
screen/v11_trimcrops,arlene_v4_m31,714,1,100342,92193,8149,0,1,0,0,0,2824.08,3,3,12,17,,
screen/v11_trimcrops,arlene_v4_m31,715,0,106054,105077,977,0,2,0,11,0,5450.38,3,3,13,17,,
screen/v11_trimcrops,arlene_v4_m31,715,1,106054,105077,977,0,2,0,11,0,4058.55,3,3,13,17,,
screen/v11_trimcrops,king_rc4,700,0,101458,88912,12546,0,2,0,0,3,3139.3,3,3,10,13,,
screen/v11_trimcrops,king_rc4,700,1,93628,78871,14757,0,1,0,0,3,11775.3,3,3,14,13,,
screen/v11_trimcrops,king_rc4,701,0,114666,110937,3729,0,1,0,0,0,7362.83,3,3,13,14,,
screen/v11_trimcrops,king_rc4,701,1,114666,110937,3729,0,1,0,0,0,5500.37,3,3,13,14,,
screen/v11_trimcrops,king_rc4,702,0,99427,78565,20862,0,1,0,0,0,5842.94,3,3,13,14,,
screen/v11_trimcrops,king_rc4,702,1,99427,78565,20862,0,1,0,0,0,9951.87,3,3,13,14,,
screen/v11_trimcrops,king_rc4,703,0,114703,106642,8061,0,1,0,16,0,7961.72,3,3,15,14,,
screen/v11_trimcrops,king_rc4,703,1,114703,106642,8061,0,1,0,16,0,9359.58,3,3,15,14,,
screen/v11_trimcrops,king_rc4,704,0,93692,84185,9507,0,1,0,0,0,2576.85,3,3,11,14,,
screen/v11_trimcrops,king_rc4,704,1,93692,84185,9507,0,1,0,0,0,1281.19,3,3,11,14,,
screen/v11_trimcrops,king_rc4,705,0,150569,129347,21222,0,2,0,2,0,13800.1,3,3,14,14,,
screen/v11_trimcrops,king_rc4,705,1,150569,129347,21222,0,2,0,2,0,10133.8,3,3,14,14,,
screen/v11_trimcrops,king_rc4,706,0,149976,131872,18104,0,3,0,0,0,4554.81,3,3,11,17,,
screen/v11_trimcrops,king_rc4,706,1,149976,131872,18104,0,3,0,0,0,5041.96,3,3,11,17,,
screen/v11_trimcrops,king_rc4,707,0,135044,98655,36389,0,1,0,6,0,4678.37,3,3,14,17,,
screen/v11_trimcrops,king_rc4,707,1,130441,99554,30887,0,1,0,0,0,5125.74,3,3,13,17,,
screen/v11_trimcrops,king_rc4,708,0,81104,66352,14752,0,2,0,0,13,4187.96,3,3,11,13,,
screen/v11_trimcrops,king_rc4,708,1,81104,66352,14752,0,2,0,0,13,4863.86,3,3,11,13,,
screen/v11_trimcrops,king_rc4,709,0,122168,95404,26764,0,1,0,55,0,12016.4,3,3,18,17,,
screen/v11_trimcrops,king_rc4,709,1,122168,95404,26764,0,1,0,55,0,8900.74,3,3,18,17,,
screen/v11_trimcrops,king_rc4,710,0,140622,112058,28564,0,1,0,0,0,4231.97,3,3,18,17,,
screen/v11_trimcrops,king_rc4,710,1,140622,112058,28564,0,1,0,0,0,3313.77,3,3,18,17,,
screen/v11_trimcrops,king_rc4,711,0,112259,96325,15934,0,1,0,0,3,1839.57,3,3,13,13,,
screen/v11_trimcrops,king_rc4,711,1,112259,96325,15934,0,1,0,0,3,4998.8,3,3,13,13,,
screen/v11_trimcrops,king_rc4,712,0,75654,59508,16146,0,1,0,0,0,5664.2,3,3,13,14,,
screen/v11_trimcrops,king_rc4,712,1,96474,81582,14892,0,1,0,4,3,3812.95,3,3,13,13,,
screen/v11_trimcrops,king_rc4,713,0,102987,92702,10285,0,1,0,0,0,8670.83,3,3,12,14,,
screen/v11_trimcrops,king_rc4,713,1,102987,92702,10285,0,1,0,0,0,3539.88,3,3,12,14,,
screen/v11_trimcrops,king_rc4,714,0,111314,93986,17328,0,1,0,0,0,2508.34,3,3,13,14,,
screen/v11_trimcrops,king_rc4,714,1,105201,87144,18057,0,1,0,0,0,3626.87,3,3,13,14,,
screen/v11_trimcrops,king_rc4,715,0,84938,66644,18294,0,1,0,0,0,4364.62,3,3,10,17,,
screen/v11_trimcrops,king_rc4,715,1,87328,66726,20602,0,1,0,0,0,5170.94,3,3,10,17,,
screen/v11_trimcrops,teammate_shoprouter,700,0,93972,76570,17402,0,2,0,0,0,4184.6,3,3,9,17,,
screen/v11_trimcrops,teammate_shoprouter,700,1,93972,76570,17402,0,2,0,0,0,2976.46,3,3,9,17,,
screen/v11_trimcrops,teammate_shoprouter,701,0,98671,96572,2099,0,3,0,9,0,5487.94,3,3,11,17,,
screen/v11_trimcrops,teammate_shoprouter,701,1,98671,96572,2099,0,3,0,9,0,3800.61,3,3,11,17,,
screen/v11_trimcrops,teammate_shoprouter,702,0,99845,73315,26530,0,2,0,3,0,3884.66,3,3,12,17,,
screen/v11_trimcrops,teammate_shoprouter,702,1,99821,73313,26508,0,2,0,3,0,3713.01,3,3,12,17,,
screen/v11_trimcrops,teammate_shoprouter,703,0,146537,113221,33316,0,1,0,0,0,1881.73,3,3,15,17,,
screen/v11_trimcrops,teammate_shoprouter,703,1,146537,113221,33316,0,1,0,0,0,1860.26,3,3,15,17,,
screen/v11_trimcrops,teammate_shoprouter,704,0,117890,88348,29542,0,1,0,1,0,3292.67,3,3,15,17,,
screen/v11_trimcrops,teammate_shoprouter,704,1,117890,88348,29542,0,1,0,1,0,2719.74,3,3,15,17,,
screen/v11_trimcrops,teammate_shoprouter,705,0,141212,121598,19614,0,1,0,0,0,3619.34,3,3,12,17,,
screen/v11_trimcrops,teammate_shoprouter,705,1,141212,121598,19614,0,1,0,0,0,3416.42,3,3,12,17,,
screen/v11_trimcrops,teammate_shoprouter,706,0,109221,93347,15874,0,2,0,0,0,2686.18,3,3,10,17,,
screen/v11_trimcrops,teammate_shoprouter,706,1,109221,93347,15874,0,2,0,0,0,5068.47,3,3,10,17,,
screen/v11_trimcrops,teammate_shoprouter,707,0,108734,101896,6838,0,2,0,0,0,3891.62,3,3,13,17,,
screen/v11_trimcrops,teammate_shoprouter,707,1,128279,118680,9599,0,1,0,0,0,4120.09,3,3,11,17,,
screen/v11_trimcrops,teammate_shoprouter,708,0,108257,88373,19884,0,3,0,1,0,5503.11,3,3,16,17,,
screen/v11_trimcrops,teammate_shoprouter,708,1,108257,88373,19884,0,3,0,1,0,5886.38,3,3,16,17,,
screen/v11_trimcrops,teammate_shoprouter,709,0,107039,95981,11058,0,1,0,7,0,4383.43,3,3,14,17,,
screen/v11_trimcrops,teammate_shoprouter,709,1,107039,95981,11058,0,1,0,7,0,4921.81,3,3,14,17,,
screen/v11_trimcrops,teammate_shoprouter,710,0,77870,60587,17283,0,2,0,32,0,3524.2,3,3,11,17,,
screen/v11_trimcrops,teammate_shoprouter,710,1,77870,60587,17283,0,2,0,32,0,2783.58,3,3,11,17,,
screen/v11_trimcrops,teammate_shoprouter,711,0,110343,94415,15928,0,1,0,16,0,6410.82,3,3,16,16,,
screen/v11_trimcrops,teammate_shoprouter,711,1,110343,94415,15928,0,1,0,16,0,6377.61,3,3,16,16,,
screen/v11_trimcrops,teammate_shoprouter,712,0,87406,61107,26299,0,3,0,0,14,3146.26,3,3,13,16,,
screen/v11_trimcrops,teammate_shoprouter,712,1,85457,57991,27466,0,1,0,18,0,2602.07,3,3,15,17,,
screen/v11_trimcrops,teammate_shoprouter,713,0,132873,108179,24694,0,1,0,5,0,5551.96,3,3,13,17,,
screen/v11_trimcrops,teammate_shoprouter,713,1,132873,108179,24694,0,1,0,5,0,9370.77,3,3,13,17,,
screen/v11_trimcrops,teammate_shoprouter,714,0,113051,89778,23273,0,1,0,0,0,2961.38,3,3,13,17,,
screen/v11_trimcrops,teammate_shoprouter,714,1,94507,79760,14747,0,1,0,0,0,1109.22,3,3,12,17,,
screen/v11_trimcrops,teammate_shoprouter,715,0,103860,96754,7106,0,4,0,5,0,7816.86,3,3,14,17,,
screen/v11_trimcrops,teammate_shoprouter,715,1,103860,96754,7106,0,4,0,5,0,5100.07,3,3,14,17,,
screen/v12_cond_s0,ahmed_v25,700,0,103043,103187,-144,0,6,0,1,6,15172.5,3,3,12,17,,
screen/v12_cond_s0,ahmed_v25,700,1,103043,103187,-144,0,6,0,1,6,12232.3,3,3,12,17,,
screen/v12_cond_s0,ahmed_v25,701,0,133507,123631,9876,0,5,0,0,6,4808.03,3,3,10,17,,
screen/v12_cond_s0,ahmed_v25,701,1,133507,123631,9876,0,5,0,0,6,4558.99,3,3,10,17,,
screen/v12_cond_s0,ahmed_v25,702,0,111154,108789,2365,0,6,0,0,6,7231.52,3,3,11,17,,
screen/v12_cond_s0,ahmed_v25,702,1,111154,108789,2365,0,6,0,0,6,5941.73,3,3,11,17,,
screen/v12_cond_s0,ahmed_v25,703,0,78458,69151,9307,0,5,0,0,6,8825.73,3,3,11,17,,
screen/v12_cond_s0,ahmed_v25,703,1,78458,69151,9307,0,5,0,0,6,8784.11,3,3,11,17,,
screen/v12_cond_s0,ahmed_v25,704,0,124531,120824,3707,0,6,0,7,6,12691,3,3,14,17,,
screen/v12_cond_s0,ahmed_v25,704,1,124531,120824,3707,0,6,0,7,6,10039.7,3,3,14,17,,
screen/v12_cond_s0,ahmed_v25,705,0,86245,75792,10453,0,6,0,9,6,4434.53,3,3,10,17,,
screen/v12_cond_s0,ahmed_v25,705,1,86245,75792,10453,0,6,0,9,6,2131.98,3,3,10,17,,
screen/v12_cond_s0,ahmed_v25,706,0,102074,95308,6766,0,7,0,5,6,4618.25,3,3,13,17,,
screen/v12_cond_s0,ahmed_v25,706,1,102573,95256,7317,0,7,0,5,6,4893.03,3,3,13,17,,
screen/v12_cond_s0,ahmed_v25,707,0,186624,168406,18218,0,6,0,0,6,4871.05,3,3,14,17,,
screen/v12_cond_s0,ahmed_v25,707,1,186624,168406,18218,0,6,0,0,6,9522.26,3,3,14,17,,
screen/v12_cond_s0,ahmed_v25,708,0,108311,106948,1363,0,5,0,0,6,6891.32,3,3,11,17,,
screen/v12_cond_s0,ahmed_v25,708,1,108311,106948,1363,0,5,0,0,6,7842.08,3,3,11,17,,
screen/v12_cond_s0,ahmed_v25,709,0,84893,75403,9490,0,6,0,0,6,3517.35,3,3,10,17,,
screen/v12_cond_s0,ahmed_v25,709,1,84893,75403,9490,0,6,0,0,6,3318.45,3,3,10,17,,
screen/v12_cond_s0,ahmed_v25,710,0,143928,98262,45666,0,7,0,22,6,3276.12,3,3,17,17,,
screen/v12_cond_s0,ahmed_v25,710,1,143336,98238,45098,0,7,0,22,6,6145.54,3,3,17,17,,
screen/v12_cond_s0,ahmed_v25,711,0,143909,134775,9134,0,6,0,0,6,5547.77,3,3,11,17,,
screen/v12_cond_s0,ahmed_v25,711,1,143909,134775,9134,0,6,0,0,6,3245.38,3,3,11,17,,
screen/v12_cond_s0,ahmed_v25,712,0,107380,106625,755,0,7,0,0,6,2021.35,3,3,12,17,,
screen/v12_cond_s0,ahmed_v25,712,1,107380,106625,755,0,7,0,0,6,2626.14,3,3,12,17,,
screen/v12_cond_s0,ahmed_v25,713,0,126377,120035,6342,0,5,0,0,0,5306.82,3,3,15,16,,
screen/v12_cond_s0,ahmed_v25,713,1,126377,120035,6342,0,5,0,0,0,5609.37,3,3,15,16,,
screen/v12_cond_s0,ahmed_v25,714,0,91523,72163,19360,0,8,0,0,6,3574.64,3,3,8,17,,
screen/v12_cond_s0,ahmed_v25,714,1,94777,93102,1675,0,5,0,0,6,761.78,3,3,8,17,,
screen/v12_cond_s0,ahmed_v25,715,0,130451,113738,16713,0,4,0,2,0,3798.56,3,3,17,16,,
screen/v12_cond_s0,ahmed_v25,715,1,130451,113738,16713,0,4,0,2,0,7543.11,3,3,17,16,,
screen/v12_cond_s0,arlene_v4_m31,700,0,100945,96704,4241,0,6,0,0,0,7928.24,3,3,13,17,,
screen/v12_cond_s0,arlene_v4_m31,700,1,100945,96704,4241,0,6,0,0,0,5433.23,3,3,13,17,,
screen/v12_cond_s0,arlene_v4_m31,701,0,104985,107088,-2103,0,6,0,0,0,5255.55,3,3,10,17,,
screen/v12_cond_s0,arlene_v4_m31,701,1,105010,106993,-1983,0,6,0,0,0,8752.16,3,3,10,17,,
screen/v12_cond_s0,arlene_v4_m31,702,0,105481,100483,4998,0,6,0,1,0,9390.96,3,3,11,17,,
screen/v12_cond_s0,arlene_v4_m31,702,1,105481,100483,4998,0,6,0,1,0,11105.8,3,3,11,17,,
screen/v12_cond_s0,arlene_v4_m31,703,0,76686,64587,12099,0,6,0,0,0,6954.91,3,3,10,17,,
screen/v12_cond_s0,arlene_v4_m31,703,1,76686,64587,12099,0,6,0,0,0,6659.93,3,3,10,17,,
screen/v12_cond_s0,arlene_v4_m31,704,0,92840,86065,6775,0,7,0,0,0,5934.05,3,3,12,17,,
screen/v12_cond_s0,arlene_v4_m31,704,1,92840,86065,6775,0,7,0,0,0,5793.25,3,3,12,17,,
screen/v12_cond_s0,arlene_v4_m31,705,0,94481,82692,11789,0,7,0,0,0,3371.4,3,3,11,17,,
screen/v12_cond_s0,arlene_v4_m31,705,1,94481,82692,11789,0,7,0,0,0,3436.81,3,3,11,17,,
screen/v12_cond_s0,arlene_v4_m31,706,0,93410,87684,5726,0,7,0,0,0,2895.69,3,3,14,8,,
screen/v12_cond_s0,arlene_v4_m31,706,1,94868,87670,7198,0,7,0,0,0,2771.69,3,3,14,8,,
screen/v12_cond_s0,arlene_v4_m31,707,0,136727,132638,4089,0,7,0,6,0,10414.5,3,3,14,17,,
screen/v12_cond_s0,arlene_v4_m31,707,1,136727,132638,4089,0,7,0,6,0,11691.5,3,3,14,17,,
screen/v12_cond_s0,arlene_v4_m31,708,0,103934,97285,6649,0,6,0,0,0,3243.38,3,3,11,17,,
screen/v12_cond_s0,arlene_v4_m31,708,1,103934,97285,6649,0,6,0,0,0,3292.03,3,3,11,17,,
screen/v12_cond_s0,arlene_v4_m31,709,0,75833,59167,16666,0,6,0,0,0,2684.09,3,3,11,3,,
screen/v12_cond_s0,arlene_v4_m31,709,1,75833,59167,16666,0,6,0,0,0,2173.37,3,3,11,3,,
screen/v12_cond_s0,arlene_v4_m31,710,0,136993,101155,35838,0,5,0,4,0,8202.01,3,3,17,8,,
screen/v12_cond_s0,arlene_v4_m31,710,1,136993,101155,35838,0,5,0,4,0,6542.46,3,3,17,8,,
screen/v12_cond_s0,arlene_v4_m31,711,0,131419,130025,1394,0,6,0,0,0,6865.29,3,3,10,17,,
screen/v12_cond_s0,arlene_v4_m31,711,1,131419,130025,1394,0,6,0,0,0,6984.53,3,3,10,17,,
screen/v12_cond_s0,arlene_v4_m31,712,0,99047,104875,-5828,0,7,0,0,0,2870.81,3,3,11,17,,
screen/v12_cond_s0,arlene_v4_m31,712,1,99047,104875,-5828,0,7,0,0,0,5071.46,3,3,11,17,,
screen/v12_cond_s0,arlene_v4_m31,713,0,114715,97246,17469,0,5,0,0,0,7263.42,3,3,15,17,,
screen/v12_cond_s0,arlene_v4_m31,713,1,114715,97246,17469,0,5,0,0,0,8122.45,3,3,15,17,,
screen/v12_cond_s0,arlene_v4_m31,714,0,109055,85190,23865,0,7,0,0,0,1051.29,3,3,10,8,,
screen/v12_cond_s0,arlene_v4_m31,714,1,86769,67832,18937,0,6,0,0,0,4759,3,3,7,8,,
screen/v12_cond_s0,arlene_v4_m31,715,0,121512,89422,32090,0,3,0,3,0,2719.66,3,3,17,17,,
screen/v12_cond_s0,arlene_v4_m31,715,1,121512,89422,32090,0,3,0,3,0,5957.62,3,3,17,17,,
screen/v12_cond_s0,king_rc4,700,0,117496,101015,16481,0,6,0,0,2,4508.31,3,3,14,13,,
screen/v12_cond_s0,king_rc4,700,1,117496,101015,16481,0,6,0,0,2,4876.91,3,3,14,13,,
screen/v12_cond_s0,king_rc4,701,0,106255,112792,-6537,0,6,0,0,12,4254.73,3,3,9,13,,
screen/v12_cond_s0,king_rc4,701,1,106298,112818,-6520,0,6,0,0,11,5543.76,3,3,9,13,,
screen/v12_cond_s0,king_rc4,702,0,116831,112826,4005,0,6,0,0,0,5030.66,3,3,10,14,,
screen/v12_cond_s0,king_rc4,702,1,116831,112826,4005,0,6,0,0,0,5064.69,3,3,10,14,,
screen/v12_cond_s0,king_rc4,703,0,80979,72464,8515,0,5,0,0,3,4572.39,3,3,12,13,,
screen/v12_cond_s0,king_rc4,703,1,80000,68697,11303,0,5,0,0,2,6698.49,3,3,12,13,,
screen/v12_cond_s0,king_rc4,704,0,121764,115918,5846,0,6,0,0,0,10884.1,3,3,13,14,,
screen/v12_cond_s0,king_rc4,704,1,121764,115918,5846,0,6,0,0,0,10724.2,3,3,13,14,,
screen/v12_cond_s0,king_rc4,705,0,88404,68450,19954,0,5,0,3,0,7018.57,3,3,12,14,,
screen/v12_cond_s0,king_rc4,705,1,88404,68450,19954,0,5,0,3,0,6647.09,3,3,12,14,,
screen/v12_cond_s0,king_rc4,706,0,85898,69496,16402,0,6,0,15,0,5912.32,3,3,17,17,,
screen/v12_cond_s0,king_rc4,706,1,85898,69496,16402,0,6,0,15,0,8561.28,3,3,17,17,,
screen/v12_cond_s0,king_rc4,707,0,127094,123327,3767,0,7,0,0,0,4383.15,3,3,14,14,,
screen/v12_cond_s0,king_rc4,707,1,127094,123327,3767,0,7,0,0,0,1904.93,3,3,14,14,,
screen/v12_cond_s0,king_rc4,708,0,78002,73998,4004,0,5,0,0,0,1986.14,3,3,9,14,,
screen/v12_cond_s0,king_rc4,708,1,78002,73998,4004,0,5,0,0,0,2582.99,3,3,9,14,,
screen/v12_cond_s0,king_rc4,709,0,80316,59696,20620,0,6,0,0,0,1861.11,3,3,11,14,,
screen/v12_cond_s0,king_rc4,709,1,80316,59696,20620,0,6,0,0,0,2601.41,3,3,11,14,,
screen/v12_cond_s0,king_rc4,710,0,120967,116399,4568,0,7,0,0,0,6274.42,3,3,14,17,,
screen/v12_cond_s0,king_rc4,710,1,120967,116399,4568,0,7,0,0,0,3426.8,3,3,14,17,,
screen/v12_cond_s0,king_rc4,711,0,126170,120039,6131,0,6,0,0,0,4747.81,3,3,12,14,,
screen/v12_cond_s0,king_rc4,711,1,126170,120039,6131,0,6,0,0,0,6320.37,3,3,12,14,,
screen/v12_cond_s0,king_rc4,712,0,99018,92563,6455,0,6,0,0,0,2821.75,3,3,12,14,,
screen/v12_cond_s0,king_rc4,712,1,99018,92563,6455,0,6,0,0,0,1830.56,3,3,12,14,,
screen/v12_cond_s0,king_rc4,713,0,93629,91999,1630,0,5,0,0,0,2655.62,3,3,14,17,,
screen/v12_cond_s0,king_rc4,713,1,93629,91999,1630,0,5,0,0,0,2569.06,3,3,14,17,,
screen/v12_cond_s0,king_rc4,714,0,88561,72373,16188,0,6,0,1,0,2973.36,3,3,11,14,,
screen/v12_cond_s0,king_rc4,714,1,85856,68794,17062,0,6,0,0,0,2736.01,3,3,10,14,,
screen/v12_cond_s0,king_rc4,715,0,102271,103308,-1037,0,3,0,0,0,4343.07,3,3,14,17,,
screen/v12_cond_s0,king_rc4,715,1,102271,103308,-1037,0,3,0,0,0,2077.17,3,3,14,17,,
screen/v12_cond_s0,teammate_shoprouter,700,0,92419,87711,4708,0,6,0,0,0,6145.67,3,3,13,17,,
screen/v12_cond_s0,teammate_shoprouter,700,1,92419,87711,4708,0,6,0,0,0,5811.29,3,3,13,17,,
screen/v12_cond_s0,teammate_shoprouter,701,0,103690,100099,3591,0,6,0,0,0,7017.02,3,3,10,17,,
screen/v12_cond_s0,teammate_shoprouter,701,1,103690,100099,3591,0,6,0,0,0,8799.95,3,3,10,17,,
screen/v12_cond_s0,teammate_shoprouter,702,0,108137,103536,4601,0,6,0,1,0,17656.6,3,3,11,17,,
screen/v12_cond_s0,teammate_shoprouter,702,1,108137,103536,4601,0,6,0,1,0,16738.2,3,3,11,17,,
screen/v12_cond_s0,teammate_shoprouter,703,0,75401,55653,19748,0,6,0,0,0,5296.77,3,3,9,17,,
screen/v12_cond_s0,teammate_shoprouter,703,1,75401,55653,19748,0,6,0,0,0,3568.67,3,3,9,17,,
screen/v12_cond_s0,teammate_shoprouter,704,0,92610,77214,15396,0,7,0,0,0,2205.25,3,3,12,17,,
screen/v12_cond_s0,teammate_shoprouter,704,1,92610,77214,15396,0,7,0,0,0,2554.82,3,3,12,17,,
screen/v12_cond_s0,teammate_shoprouter,705,0,90732,68204,22528,0,7,0,0,0,2583.44,3,3,11,17,,
screen/v12_cond_s0,teammate_shoprouter,705,1,90732,68204,22528,0,7,0,0,0,2875.99,3,3,11,17,,
screen/v12_cond_s0,teammate_shoprouter,706,0,93093,83660,9433,0,7,0,0,0,4532.03,3,3,14,17,,
screen/v12_cond_s0,teammate_shoprouter,706,1,95458,83610,11848,0,7,0,0,0,3558.58,3,3,14,17,,
screen/v12_cond_s0,teammate_shoprouter,707,0,132894,131907,987,0,7,0,0,0,6589.37,3,3,13,17,,
screen/v12_cond_s0,teammate_shoprouter,707,1,132894,131907,987,0,7,0,0,0,11828.8,3,3,13,17,,
screen/v12_cond_s0,teammate_shoprouter,708,0,83477,85284,-1807,0,6,0,0,0,4494.32,3,3,9,17,,
screen/v12_cond_s0,teammate_shoprouter,708,1,83477,85284,-1807,0,6,0,0,0,4708.91,3,3,9,17,,
screen/v12_cond_s0,teammate_shoprouter,709,0,77061,58459,18602,0,6,0,0,0,7935.72,3,3,8,17,,
screen/v12_cond_s0,teammate_shoprouter,709,1,77061,58459,18602,0,6,0,0,0,8467.84,3,3,8,17,,
screen/v12_cond_s0,teammate_shoprouter,710,0,120865,97046,23819,0,5,0,8,0,7608.09,3,3,17,17,,
screen/v12_cond_s0,teammate_shoprouter,710,1,120865,97046,23819,0,5,0,8,0,8230.38,3,3,17,17,,
screen/v12_cond_s0,teammate_shoprouter,711,0,108211,97455,10756,0,6,0,0,0,9039.95,3,3,11,17,,
screen/v12_cond_s0,teammate_shoprouter,711,1,108211,97455,10756,0,6,0,0,0,8160.32,3,3,11,17,,
screen/v12_cond_s0,teammate_shoprouter,712,0,104534,110700,-6166,0,7,0,0,0,2349.57,3,3,11,17,,
screen/v12_cond_s0,teammate_shoprouter,712,1,105193,110682,-5489,0,7,0,0,0,4108.08,3,3,11,17,,
screen/v12_cond_s0,teammate_shoprouter,713,0,111591,94757,16834,0,5,0,0,0,6774.34,3,3,16,17,,
screen/v12_cond_s0,teammate_shoprouter,713,1,111591,94757,16834,0,5,0,0,0,5850.98,3,3,16,17,,
screen/v12_cond_s0,teammate_shoprouter,714,0,96427,91993,4434,0,6,0,0,0,6102.76,3,3,9,17,,
screen/v12_cond_s0,teammate_shoprouter,714,1,83181,69160,14021,0,6,0,0,0,6820.94,3,3,11,17,,
screen/v12_cond_s0,teammate_shoprouter,715,0,126739,93829,32910,0,3,0,1,0,7979.76,3,3,17,17,,
screen/v12_cond_s0,teammate_shoprouter,715,1,126739,93829,32910,0,3,0,1,0,5044.49,3,3,17,17,,
screen/v12_noreserve,ahmed_v25,700,0,128478,119672,8806,0,2,0,0,6,6603.67,3,3,13,17,,
screen/v12_noreserve,ahmed_v25,700,1,128478,119672,8806,0,2,0,0,6,6914.9,3,3,13,17,,
screen/v12_noreserve,ahmed_v25,701,0,126253,112149,14104,0,3,0,0,6,6518.76,3,3,11,17,,
screen/v12_noreserve,ahmed_v25,701,1,126253,112149,14104,0,3,0,0,6,7093.28,3,3,11,17,,
screen/v12_noreserve,ahmed_v25,702,0,112540,104086,8454,0,3,0,0,6,5428.42,3,3,10,17,,
screen/v12_noreserve,ahmed_v25,702,1,112540,104086,8454,0,3,0,0,6,6688.44,3,3,10,17,,
screen/v12_noreserve,ahmed_v25,703,0,85611,70401,15210,0,3,0,0,6,4944.04,3,3,12,17,,
screen/v12_noreserve,ahmed_v25,703,1,85611,70401,15210,0,3,0,0,6,6938.88,3,3,12,17,,
screen/v12_noreserve,ahmed_v25,704,0,122647,81767,40880,0,3,0,0,6,7586.95,3,3,9,17,,
screen/v12_noreserve,ahmed_v25,704,1,122647,81767,40880,0,3,0,0,6,6519.87,3,3,9,17,,
screen/v12_noreserve,ahmed_v25,705,0,103120,103233,-113,0,2,0,0,6,6035.19,3,3,12,17,,
screen/v12_noreserve,ahmed_v25,705,1,103120,103233,-113,0,2,0,0,6,5222.78,3,3,12,17,,
screen/v12_noreserve,ahmed_v25,706,0,142561,95023,47538,0,2,0,1,6,5136.76,3,3,15,17,,
screen/v12_noreserve,ahmed_v25,706,1,141648,94970,46678,0,2,0,1,6,4283.22,3,3,15,17,,
screen/v12_noreserve,ahmed_v25,707,0,172176,142440,29736,0,4,0,0,6,11923.4,3,3,14,17,,
screen/v12_noreserve,ahmed_v25,707,1,172176,142440,29736,0,4,0,0,6,6495.52,3,3,14,17,,
screen/v12_noreserve,ahmed_v25,708,0,105597,99952,5645,0,3,0,6,6,4306.41,3,3,15,17,,
screen/v12_noreserve,ahmed_v25,708,1,105597,99952,5645,0,3,0,6,6,4809.24,3,3,15,17,,
screen/v12_noreserve,ahmed_v25,709,0,76009,63350,12659,0,1,0,14,6,3825.46,3,3,14,17,,
screen/v12_noreserve,ahmed_v25,709,1,76009,63350,12659,0,1,0,14,6,3335.83,3,3,14,17,,
screen/v12_noreserve,ahmed_v25,710,0,131487,109819,21668,0,2,0,0,6,6708.89,3,3,15,17,,
screen/v12_noreserve,ahmed_v25,710,1,131482,109826,21656,0,2,0,0,6,3459.35,3,3,15,17,,
screen/v12_noreserve,ahmed_v25,711,0,143771,126100,17671,0,2,0,0,6,4269.83,3,3,13,17,,
screen/v12_noreserve,ahmed_v25,711,1,143771,126100,17671,0,2,0,0,6,1653.7,3,3,13,17,,
screen/v12_noreserve,ahmed_v25,712,0,83142,76518,6624,0,2,0,0,6,1665.04,3,3,12,17,,
screen/v12_noreserve,ahmed_v25,712,1,83142,76518,6624,0,2,0,0,6,2646.1,3,3,12,17,,
screen/v12_noreserve,ahmed_v25,713,0,139700,127706,11994,0,5,0,0,0,5712.66,3,3,13,16,,
screen/v12_noreserve,ahmed_v25,713,1,139700,127706,11994,0,5,0,0,0,5484.91,3,3,13,16,,
screen/v12_noreserve,ahmed_v25,714,0,90113,79277,10836,0,3,0,0,6,4520.14,3,3,11,17,,
screen/v12_noreserve,ahmed_v25,714,1,90113,79277,10836,0,3,0,0,6,6573.66,3,3,11,17,,
screen/v12_noreserve,ahmed_v25,715,0,168065,158233,9832,0,5,0,0,0,4472.98,3,3,13,16,,
screen/v12_noreserve,ahmed_v25,715,1,168065,158233,9832,0,5,0,0,0,6992.8,3,3,13,16,,
screen/v12_noreserve,arlene_v4_m31,700,0,117761,99641,18120,0,2,0,4,0,8834.47,3,3,14,17,,
screen/v12_noreserve,arlene_v4_m31,700,1,117761,99641,18120,0,2,0,4,0,4272.12,3,3,14,17,,
screen/v12_noreserve,arlene_v4_m31,701,0,127659,117909,9750,0,2,0,0,0,6860.59,3,3,10,17,,
screen/v12_noreserve,arlene_v4_m31,701,1,127659,117909,9750,0,2,0,0,0,6886.12,3,3,10,17,,
screen/v12_noreserve,arlene_v4_m31,702,0,107849,103043,4806,0,3,0,0,0,7485.66,3,3,10,17,,
screen/v12_noreserve,arlene_v4_m31,702,1,107849,103043,4806,0,3,0,0,0,6486.93,3,3,10,17,,
screen/v12_noreserve,arlene_v4_m31,703,0,80075,61544,18531,0,3,0,0,0,4829.2,3,3,12,3,,
screen/v12_noreserve,arlene_v4_m31,703,1,80075,61544,18531,0,3,0,0,0,5089.41,3,3,12,3,,
screen/v12_noreserve,arlene_v4_m31,704,0,98482,89730,8752,0,2,0,0,0,7538.21,3,3,13,17,,
screen/v12_noreserve,arlene_v4_m31,704,1,98482,89730,8752,0,2,0,0,0,4731.72,3,3,13,17,,
screen/v12_noreserve,arlene_v4_m31,705,0,113357,75260,38097,0,2,0,0,0,4586.3,3,3,13,17,,
screen/v12_noreserve,arlene_v4_m31,705,1,113357,75260,38097,0,2,0,0,0,1424.07,3,3,13,17,,
screen/v12_noreserve,arlene_v4_m31,706,0,99500,83929,15571,0,3,0,0,0,3271.72,3,3,10,8,,
screen/v12_noreserve,arlene_v4_m31,706,1,99363,84122,15241,0,3,0,0,0,9647.17,3,3,10,8,,
screen/v12_noreserve,arlene_v4_m31,707,0,163385,139307,24078,0,3,0,0,0,3021.96,3,3,13,17,,
screen/v12_noreserve,arlene_v4_m31,707,1,163385,139307,24078,0,3,0,0,0,11195.6,3,3,13,17,,
screen/v12_noreserve,arlene_v4_m31,708,0,114711,84135,30576,0,2,0,15,0,6487.24,3,3,19,17,,
screen/v12_noreserve,arlene_v4_m31,708,1,114711,84135,30576,0,2,0,15,0,8110.07,3,3,19,17,,
screen/v12_noreserve,arlene_v4_m31,709,0,77559,55732,21827,0,1,0,0,0,3257.87,3,3,14,3,,
screen/v12_noreserve,arlene_v4_m31,709,1,77559,55732,21827,0,1,0,0,0,5625.7,3,3,14,3,,
screen/v12_noreserve,arlene_v4_m31,710,0,98780,125841,-27061,0,5,0,1,0,4449.13,3,3,16,17,,
screen/v12_noreserve,arlene_v4_m31,710,1,98780,125841,-27061,0,5,0,1,0,9084.55,3,3,16,17,,
screen/v12_noreserve,arlene_v4_m31,711,0,121106,110416,10690,0,2,0,0,0,5894.51,3,3,13,17,,
screen/v12_noreserve,arlene_v4_m31,711,1,121106,110416,10690,0,2,0,0,0,2151.71,3,3,13,17,,
screen/v12_noreserve,arlene_v4_m31,712,0,101684,98387,3297,0,2,0,0,0,12157.8,3,3,13,17,,
screen/v12_noreserve,arlene_v4_m31,712,1,101472,98683,2789,0,2,0,0,0,13074.2,3,3,13,17,,
screen/v12_noreserve,arlene_v4_m31,713,0,115796,115034,762,0,5,0,0,0,6276.09,3,3,10,17,,
screen/v12_noreserve,arlene_v4_m31,713,1,115796,115034,762,0,5,0,0,0,7800,3,3,10,17,,
screen/v12_noreserve,arlene_v4_m31,714,0,113483,83040,30443,0,2,0,8,0,6416.86,3,3,14,3,,
screen/v12_noreserve,arlene_v4_m31,714,1,113483,83040,30443,0,2,0,8,0,9064.48,3,3,14,3,,
screen/v12_noreserve,arlene_v4_m31,715,0,154781,147177,7604,0,5,0,1,0,6767.11,3,3,14,17,,
screen/v12_noreserve,arlene_v4_m31,715,1,154781,147177,7604,0,5,0,1,0,5349.72,3,3,14,17,,
screen/v12_noreserve,king_rc4,700,0,119031,105987,13044,0,5,0,0,0,5526.17,3,3,17,17,,
screen/v12_noreserve,king_rc4,700,1,108363,85262,23101,0,4,0,0,0,6208.77,3,3,18,17,,
screen/v12_noreserve,king_rc4,701,0,112917,106295,6622,0,3,0,0,0,5478.93,3,3,10,13,,
screen/v12_noreserve,king_rc4,701,1,119903,109280,10623,0,3,0,0,3,8230.4,3,3,10,13,,
screen/v12_noreserve,king_rc4,702,0,100935,94388,6547,0,3,0,0,0,7841.43,3,3,12,14,,
screen/v12_noreserve,king_rc4,702,1,100935,94388,6547,0,3,0,0,0,7032.36,3,3,12,14,,
screen/v12_noreserve,king_rc4,703,0,79279,61344,17935,0,3,0,0,3,3115.82,3,3,12,13,,
screen/v12_noreserve,king_rc4,703,1,73229,57303,15926,0,3,0,0,3,4738.4,3,3,12,13,,
screen/v12_noreserve,king_rc4,704,0,171669,100469,71200,0,2,0,0,0,6258.05,3,3,12,14,,
screen/v12_noreserve,king_rc4,704,1,171669,100469,71200,0,2,0,0,0,8953.94,3,3,12,14,,
screen/v12_noreserve,king_rc4,705,0,129601,106222,23379,0,2,0,3,0,2639.25,3,3,12,14,,
screen/v12_noreserve,king_rc4,705,1,129601,106222,23379,0,2,0,3,0,5292.52,3,3,12,14,,
screen/v12_noreserve,king_rc4,706,0,137452,105155,32297,0,2,0,0,0,7712.72,3,3,15,13,,
screen/v12_noreserve,king_rc4,706,1,137357,105305,32052,0,2,0,0,0,9507.79,3,3,15,13,,
screen/v12_noreserve,king_rc4,707,0,160311,136386,23925,0,4,0,0,0,3763.53,3,3,13,14,,
screen/v12_noreserve,king_rc4,707,1,160311,136386,23925,0,4,0,0,0,2776.97,3,3,13,14,,
screen/v12_noreserve,king_rc4,708,0,91192,92055,-863,0,4,0,0,0,5807.29,3,3,9,14,,
screen/v12_noreserve,king_rc4,708,1,91192,92055,-863,0,4,0,0,0,6064.22,3,3,9,14,,
screen/v12_noreserve,king_rc4,709,0,78635,59238,19397,0,1,0,0,0,3769.64,3,3,14,14,,
screen/v12_noreserve,king_rc4,709,1,78635,59238,19397,0,1,0,0,0,4968.74,3,3,14,14,,
screen/v12_noreserve,king_rc4,710,0,140934,90058,50876,0,2,0,0,0,2693,3,3,18,17,,
screen/v12_noreserve,king_rc4,710,1,140934,90058,50876,0,2,0,0,0,4965.18,3,3,18,17,,
screen/v12_noreserve,king_rc4,711,0,99806,91047,8759,0,2,0,0,0,842.826,3,3,12,14,,
screen/v12_noreserve,king_rc4,711,1,99806,91047,8759,0,2,0,0,0,768.386,3,3,12,14,,
screen/v12_noreserve,king_rc4,712,0,86303,62473,23830,0,2,0,0,9,2532.98,3,3,11,14,,
screen/v12_noreserve,king_rc4,712,1,86303,62473,23830,0,2,0,0,9,2532.35,3,3,11,14,,
screen/v12_noreserve,king_rc4,713,0,151119,132610,18509,0,4,0,0,0,7002.35,3,3,11,17,,
screen/v12_noreserve,king_rc4,713,1,151119,132610,18509,0,4,0,0,0,6267.08,3,3,11,17,,
screen/v12_noreserve,king_rc4,714,0,110718,80019,30699,0,2,0,12,0,7524.84,3,3,14,14,,
screen/v12_noreserve,king_rc4,714,1,110718,80019,30699,0,2,0,12,0,5491.14,3,3,14,14,,
screen/v12_noreserve,king_rc4,715,0,161442,156494,4948,0,4,0,0,0,6819.94,3,3,14,17,,
screen/v12_noreserve,king_rc4,715,1,161442,156494,4948,0,4,0,0,0,6176.3,3,3,14,17,,
screen/v12_noreserve,teammate_shoprouter,700,0,90856,83439,7417,0,3,0,0,0,5512.84,3,3,11,17,,
screen/v12_noreserve,teammate_shoprouter,700,1,90856,83439,7417,0,3,0,0,0,3062.7,3,3,11,17,,
screen/v12_noreserve,teammate_shoprouter,701,0,121864,105937,15927,0,2,0,0,0,3135.89,3,3,10,17,,
screen/v12_noreserve,teammate_shoprouter,701,1,121864,105937,15927,0,2,0,0,0,3665.66,3,3,10,17,,
screen/v12_noreserve,teammate_shoprouter,702,0,102621,96066,6555,0,3,0,0,0,5303.81,3,3,12,17,,
screen/v12_noreserve,teammate_shoprouter,702,1,102901,96078,6823,0,3,0,1,0,4252.37,3,3,12,17,,
screen/v12_noreserve,teammate_shoprouter,703,0,81086,48369,32717,0,3,0,0,0,3535.67,3,3,12,17,,
screen/v12_noreserve,teammate_shoprouter,703,1,81086,48369,32717,0,3,0,0,0,3248.42,3,3,12,17,,
screen/v12_noreserve,teammate_shoprouter,704,0,101233,87291,13942,0,2,0,0,0,6827.45,3,3,13,17,,
screen/v12_noreserve,teammate_shoprouter,704,1,101233,87291,13942,0,2,0,0,0,4695.28,3,3,13,17,,
screen/v12_noreserve,teammate_shoprouter,705,0,104208,71418,32790,0,2,0,0,0,4601.78,3,3,13,17,,
screen/v12_noreserve,teammate_shoprouter,705,1,104208,71418,32790,0,2,0,0,0,1303.27,3,3,13,17,,
screen/v12_noreserve,teammate_shoprouter,706,0,97569,79927,17642,0,3,0,0,0,5305.82,3,3,11,17,,
screen/v12_noreserve,teammate_shoprouter,706,1,97569,79927,17642,0,3,0,0,0,4077.97,3,3,11,17,,
screen/v12_noreserve,teammate_shoprouter,707,0,154789,123398,31391,0,3,0,0,0,7499.26,3,3,13,17,,
screen/v12_noreserve,teammate_shoprouter,707,1,154789,123398,31391,0,3,0,0,0,5407.44,3,3,13,17,,
screen/v12_noreserve,teammate_shoprouter,708,0,102981,94241,8740,0,2,0,0,0,5054.38,3,3,15,17,,
screen/v12_noreserve,teammate_shoprouter,708,1,102981,94241,8740,0,2,0,0,0,7057.12,3,3,15,17,,
screen/v12_noreserve,teammate_shoprouter,709,0,78208,48873,29335,0,1,0,3,0,2040.83,3,3,13,17,,
screen/v12_noreserve,teammate_shoprouter,709,1,78208,48873,29335,0,1,0,3,0,1656.67,3,3,13,17,,
screen/v12_noreserve,teammate_shoprouter,710,0,114583,126492,-11909,0,5,0,0,0,3266.74,3,3,22,17,,
screen/v12_noreserve,teammate_shoprouter,710,1,114674,126483,-11809,0,5,0,0,0,2830.4,3,3,22,17,,
screen/v12_noreserve,teammate_shoprouter,711,0,138398,115400,22998,0,2,0,0,0,4179.78,3,3,13,17,,
screen/v12_noreserve,teammate_shoprouter,711,1,138398,115400,22998,0,2,0,0,0,5567.94,3,3,13,17,,
screen/v12_noreserve,teammate_shoprouter,712,0,87368,75483,11885,0,2,0,0,0,4642.48,3,3,13,17,,
screen/v12_noreserve,teammate_shoprouter,712,1,87368,75483,11885,0,2,0,0,0,5434.03,3,3,13,17,,
screen/v12_noreserve,teammate_shoprouter,713,0,142719,143621,-902,0,5,0,0,0,11170.2,3,3,13,17,,
screen/v12_noreserve,teammate_shoprouter,713,1,142719,143621,-902,0,5,0,0,0,6470.37,3,3,13,17,,
screen/v12_noreserve,teammate_shoprouter,714,0,97713,77873,19840,0,2,0,0,0,6868.34,3,3,14,17,,
screen/v12_noreserve,teammate_shoprouter,714,1,97713,77873,19840,0,2,0,0,0,2840.34,3,3,14,17,,
screen/v12_noreserve,teammate_shoprouter,715,0,151268,148346,2922,0,5,0,0,0,12104.7,3,3,14,17,,
screen/v12_noreserve,teammate_shoprouter,715,1,151268,148346,2922,0,5,0,0,0,9672.44,3,3,14,17,,
screen/v12_open12_vadim,ahmed_v25,700,0,123774,97478,26296,0,2,0,0,6,1585.52,3,3,14,17,,
screen/v12_open12_vadim,ahmed_v25,700,1,123774,97478,26296,0,2,0,0,6,1529.2,3,3,14,17,,
screen/v12_open12_vadim,ahmed_v25,701,0,126960,122698,4262,0,5,0,0,6,2991.68,3,3,9,17,,
screen/v12_open12_vadim,ahmed_v25,701,1,126960,122698,4262,0,5,0,0,6,3370.98,3,3,9,17,,
screen/v12_open12_vadim,ahmed_v25,702,0,131273,118644,12629,0,4,0,0,6,2024.47,3,3,6,17,,
screen/v12_open12_vadim,ahmed_v25,702,1,131273,118644,12629,0,4,0,0,6,1840.07,3,3,6,17,,
screen/v12_open12_vadim,ahmed_v25,703,0,107051,89221,17830,0,3,0,1,0,1507.29,3,3,13,16,,
screen/v12_open12_vadim,ahmed_v25,703,1,107051,89221,17830,0,3,0,1,0,1714.43,3,3,13,16,,
screen/v12_open12_vadim,ahmed_v25,704,0,87904,66059,21845,0,2,0,0,6,1152.52,3,3,9,17,,
screen/v12_open12_vadim,ahmed_v25,704,1,87904,66059,21845,0,2,0,0,6,1451.8,3,3,9,17,,
screen/v12_open12_vadim,ahmed_v25,705,0,96457,89004,7453,0,3,0,0,6,1023.25,3,3,13,17,,
screen/v12_open12_vadim,ahmed_v25,705,1,96457,89004,7453,0,3,0,0,6,1211.96,3,3,13,17,,
screen/v12_open12_vadim,ahmed_v25,706,0,125591,91290,34301,0,2,0,0,6,1068.94,3,3,14,17,,
screen/v12_open12_vadim,ahmed_v25,706,1,125599,91283,34316,0,2,0,0,6,1221.31,3,3,14,17,,
screen/v12_open12_vadim,ahmed_v25,707,0,177671,158177,19494,0,2,0,0,6,1715.46,3,3,14,17,,
screen/v12_open12_vadim,ahmed_v25,707,1,177671,158177,19494,0,2,0,0,6,1764.55,3,3,14,17,,
screen/v12_open12_vadim,ahmed_v25,708,0,144684,126831,17853,0,2,0,0,0,1598.53,3,3,16,16,,
screen/v12_open12_vadim,ahmed_v25,708,1,144684,126831,17853,0,2,0,0,0,1575.59,3,3,16,16,,
screen/v12_open12_vadim,ahmed_v25,709,0,86749,72723,14026,0,2,0,2,6,1420.49,3,3,14,17,,
screen/v12_open12_vadim,ahmed_v25,709,1,86749,72723,14026,0,2,0,2,6,1576.23,3,3,14,17,,
screen/v12_open12_vadim,ahmed_v25,710,0,146547,112201,34346,0,3,0,0,6,843.008,3,3,15,17,,
screen/v12_open12_vadim,ahmed_v25,710,1,146547,112201,34346,0,3,0,0,6,882.867,3,3,15,17,,
screen/v12_open12_vadim,ahmed_v25,711,0,92890,80944,11946,0,2,0,0,6,1323.94,3,3,9,17,,
screen/v12_open12_vadim,ahmed_v25,711,1,92890,80944,11946,0,2,0,0,6,1747.23,3,3,9,17,,
screen/v12_open12_vadim,ahmed_v25,712,0,96125,81331,14794,0,2,0,0,6,1206.17,3,3,8,17,,
screen/v12_open12_vadim,ahmed_v25,712,1,96125,81331,14794,0,2,0,0,6,1457.78,3,3,8,17,,
screen/v12_open12_vadim,ahmed_v25,713,0,116263,114184,2079,0,4,0,0,6,1596.62,3,3,10,17,,
screen/v12_open12_vadim,ahmed_v25,713,1,116263,114184,2079,0,4,0,0,6,1589.59,3,3,10,17,,
screen/v12_open12_vadim,ahmed_v25,714,0,119648,79115,40533,0,2,0,0,7,2049.36,3,3,15,17,,
screen/v12_open12_vadim,ahmed_v25,714,1,100430,78824,21606,0,2,0,0,6,1471.66,3,3,17,17,,
screen/v12_open12_vadim,ahmed_v25,715,0,144470,138628,5842,0,4,0,0,6,1139.66,3,3,13,17,,
screen/v12_open12_vadim,ahmed_v25,715,1,144470,138628,5842,0,4,0,0,6,957.17,3,3,13,17,,
screen/v12_open12_vadim,ahmed_v25,716,0,147123,132689,14434,0,3,0,0,6,2563.91,3,3,13,17,,
screen/v12_open12_vadim,ahmed_v25,716,1,147123,132689,14434,0,3,0,0,6,2190.62,3,3,13,17,,
screen/v12_open12_vadim,ahmed_v25,717,0,148432,130815,17617,0,3,0,0,6,1250.3,3,3,13,17,,
screen/v12_open12_vadim,ahmed_v25,717,1,148432,130815,17617,0,3,0,0,6,1353.4,3,3,13,17,,
screen/v12_open12_vadim,ahmed_v25,718,0,159181,125955,33226,0,4,0,1,2,3364.14,3,3,18,16,,
screen/v12_open12_vadim,ahmed_v25,718,1,159181,125955,33226,0,4,0,1,2,2828.56,3,3,18,16,,
screen/v12_open12_vadim,ahmed_v25,719,0,97766,81895,15871,0,2,0,0,6,2611.43,3,3,16,17,,
screen/v12_open12_vadim,ahmed_v25,719,1,97760,81895,15865,0,2,0,0,6,2111.31,3,3,16,17,,
screen/v12_open12_vadim,ahmed_v25,720,0,102353,90085,12268,0,3,0,0,6,1510.77,3,3,9,17,,
screen/v12_open12_vadim,ahmed_v25,720,1,102353,90085,12268,0,3,0,0,6,1605.97,3,3,9,17,,
screen/v12_open12_vadim,ahmed_v25,721,0,102011,80037,21974,0,4,0,0,0,1381.12,3,3,10,16,,
screen/v12_open12_vadim,ahmed_v25,721,1,102011,80037,21974,0,4,0,0,0,1664.07,3,3,10,16,,
screen/v12_open12_vadim,ahmed_v25,722,0,117273,113453,3820,0,2,0,0,6,1612.44,3,3,11,17,,
screen/v12_open12_vadim,ahmed_v25,722,1,113532,100007,13525,0,2,0,0,6,1970.77,3,3,11,17,,
screen/v12_open12_vadim,ahmed_v25,723,0,84590,65330,19260,0,2,0,0,6,1741.94,3,3,11,17,,
screen/v12_open12_vadim,ahmed_v25,723,1,84590,65330,19260,0,2,0,0,6,1921.47,3,3,11,17,,
screen/v12_open12_vadim,ahmed_v25,724,0,145482,114183,31299,0,2,0,0,6,1634.71,3,3,16,17,,
screen/v12_open12_vadim,ahmed_v25,724,1,145459,114175,31284,0,2,0,0,6,2206.47,3,3,16,17,,
screen/v12_open12_vadim,ahmed_v25,725,0,115629,117017,-1388,0,3,0,0,6,2156.06,3,3,13,17,,
screen/v12_open12_vadim,ahmed_v25,725,1,115629,117017,-1388,0,3,0,0,6,1981.41,3,3,13,17,,
screen/v12_open12_vadim,ahmed_v25,726,0,87748,69335,18413,0,2,0,1,6,2988.42,3,3,14,17,,
screen/v12_open12_vadim,ahmed_v25,726,1,87649,69389,18260,0,2,0,1,6,2622.34,3,3,14,17,,
screen/v12_open12_vadim,ahmed_v25,727,0,137865,102576,35289,0,2,0,11,6,1658.17,3,3,11,17,,
screen/v12_open12_vadim,ahmed_v25,727,1,137865,102576,35289,0,2,0,11,6,1799.17,3,3,11,17,,
screen/v12_open12_vadim,ahmed_v25,728,0,108157,94548,13609,0,2,0,0,6,2139.87,3,3,10,17,,
screen/v12_open12_vadim,ahmed_v25,728,1,108157,94548,13609,0,2,0,0,6,2059.58,3,3,10,17,,
screen/v12_open12_vadim,ahmed_v25,729,0,90198,69814,20384,0,2,0,0,6,2948.82,3,3,10,17,,
screen/v12_open12_vadim,ahmed_v25,729,1,90198,69814,20384,0,2,0,0,6,2253.67,3,3,10,17,,
screen/v12_open12_vadim,ahmed_v25,730,0,108515,92104,16411,0,2,0,0,6,1350.03,3,3,15,17,,
screen/v12_open12_vadim,ahmed_v25,730,1,108515,92104,16411,0,2,0,0,6,1294.45,3,3,15,17,,
screen/v12_open12_vadim,ahmed_v25,731,0,150624,137950,12674,0,2,0,0,6,1693.5,3,3,13,17,,
screen/v12_open12_vadim,ahmed_v25,731,1,150624,137950,12674,0,2,0,0,6,1397.07,3,3,13,17,,
screen/v12_open12_vadim,king_rc4,700,0,128493,101759,26734,0,2,0,6,1,2541.61,3,3,15,17,,
screen/v12_open12_vadim,king_rc4,700,1,128493,101759,26734,0,2,0,6,1,2865.37,3,3,15,17,,
screen/v12_open12_vadim,king_rc4,701,0,128053,121278,6775,0,4,0,1,1,3605.12,3,3,11,17,,
screen/v12_open12_vadim,king_rc4,701,1,128110,121195,6915,0,4,0,1,1,3523.91,3,3,11,17,,
screen/v12_open12_vadim,king_rc4,702,0,123938,115440,8498,0,3,0,0,0,2645.94,3,3,11,17,,
screen/v12_open12_vadim,king_rc4,702,1,123938,115440,8498,0,3,0,0,0,2209.31,3,3,11,17,,
screen/v12_open12_vadim,king_rc4,703,0,113412,76666,36746,0,3,0,0,0,1407.94,3,3,13,17,,
screen/v12_open12_vadim,king_rc4,703,1,113412,76666,36746,0,3,0,0,0,1319.07,3,3,13,17,,
screen/v12_open12_vadim,king_rc4,704,0,87660,60589,27071,0,2,0,0,2,1625.99,3,3,9,3,,
screen/v12_open12_vadim,king_rc4,704,1,87660,60589,27071,0,2,0,0,2,1725.92,3,3,9,3,,
screen/v12_open12_vadim,king_rc4,705,0,114128,100510,13618,0,4,0,0,5,2311.82,3,3,13,17,,
screen/v12_open12_vadim,king_rc4,705,1,114128,100510,13618,0,4,0,0,5,2490.48,3,3,13,17,,
screen/v12_open12_vadim,king_rc4,706,0,109954,72870,37084,0,2,0,0,13,959.634,3,3,15,8,,
screen/v12_open12_vadim,king_rc4,706,1,109912,72602,37310,0,2,0,0,13,765.38,3,3,15,8,,
screen/v12_open12_vadim,king_rc4,707,0,138046,115576,22470,0,2,0,0,5,2265.75,3,3,14,17,,
screen/v12_open12_vadim,king_rc4,707,1,138046,115576,22470,0,2,0,0,5,2312.12,3,3,14,17,,
screen/v12_open12_vadim,king_rc4,708,0,139105,115426,23679,0,3,0,0,0,1905.15,3,3,18,17,,
screen/v12_open12_vadim,king_rc4,708,1,139105,115426,23679,0,3,0,0,0,2086.87,3,3,18,17,,
screen/v12_open12_vadim,king_rc4,709,0,95609,70549,25060,0,2,0,0,2,1753.43,3,3,15,3,,
screen/v12_open12_vadim,king_rc4,709,1,95609,70549,25060,0,2,0,0,2,1935.53,3,3,15,3,,
screen/v12_open12_vadim,king_rc4,710,0,154037,110338,43699,0,3,0,4,5,1630.18,3,3,16,17,,
screen/v12_open12_vadim,king_rc4,710,1,154037,110338,43699,0,3,0,4,5,1520.89,3,3,16,17,,
screen/v12_open12_vadim,king_rc4,711,0,87137,57696,29441,0,2,0,0,2,1007.95,3,3,9,3,,
screen/v12_open12_vadim,king_rc4,711,1,87137,57696,29441,0,2,0,0,2,1002.19,3,3,9,3,,
screen/v12_open12_vadim,king_rc4,712,0,117720,88446,29274,0,2,0,0,2,2161.55,3,3,8,3,,
screen/v12_open12_vadim,king_rc4,712,1,117722,88491,29231,0,2,0,0,2,2356.05,3,3,8,3,,
screen/v12_open12_vadim,king_rc4,713,0,117464,104179,13285,0,3,0,0,1,1802.99,3,3,10,17,,
screen/v12_open12_vadim,king_rc4,713,1,117464,104179,13285,0,3,0,0,1,1606.85,3,3,10,17,,
screen/v12_open12_vadim,king_rc4,714,0,99817,68946,30871,0,2,0,0,14,1063.9,3,3,15,8,,
screen/v12_open12_vadim,king_rc4,714,1,128371,122440,5931,0,2,0,0,5,1999.12,3,3,17,17,,
screen/v12_open12_vadim,king_rc4,715,0,117978,108573,9405,0,4,0,0,1,2523.52,3,3,13,17,,
screen/v12_open12_vadim,king_rc4,715,1,117978,108573,9405,0,4,0,0,1,2171.78,3,3,13,17,,
screen/v12_open12_vadim,king_rc4,716,0,166578,147410,19168,0,3,0,0,5,1808.56,3,3,13,17,,
screen/v12_open12_vadim,king_rc4,716,1,166578,147410,19168,0,3,0,0,5,1749.75,3,3,13,17,,
screen/v12_open12_vadim,king_rc4,717,0,145845,130204,15641,0,3,0,0,5,2793.23,3,3,12,17,,
screen/v12_open12_vadim,king_rc4,717,1,145845,130204,15641,0,3,0,0,5,2756.62,3,3,12,17,,
screen/v12_open12_vadim,king_rc4,718,0,103383,72290,31093,0,4,0,0,0,3198.46,3,3,16,17,,
screen/v12_open12_vadim,king_rc4,718,1,103383,72290,31093,0,4,0,0,0,2103.52,3,3,16,17,,
screen/v12_open12_vadim,king_rc4,719,0,115867,96584,19283,0,2,0,0,5,2332.88,3,3,16,17,,
screen/v12_open12_vadim,king_rc4,719,1,115867,96584,19283,0,2,0,0,5,3174.62,3,3,16,17,,
screen/v12_open12_vadim,king_rc4,720,0,96650,72046,24604,0,2,0,0,2,1589.65,3,3,10,3,,
screen/v12_open12_vadim,king_rc4,720,1,96650,72046,24604,0,2,0,0,2,1528.71,3,3,10,3,,
screen/v12_open12_vadim,king_rc4,721,0,94737,74617,20120,0,4,0,11,0,2268.42,3,3,12,17,,
screen/v12_open12_vadim,king_rc4,721,1,94737,74617,20120,0,4,0,11,0,1949.15,3,3,12,17,,
screen/v12_open12_vadim,king_rc4,722,0,108688,94983,13705,0,2,0,0,0,2274.06,3,3,11,17,,
screen/v12_open12_vadim,king_rc4,722,1,112305,95552,16753,0,2,0,0,0,1842.33,3,3,10,17,,
screen/v12_open12_vadim,king_rc4,723,0,74987,50431,24556,0,2,0,0,2,1187.31,3,3,8,3,,
screen/v12_open12_vadim,king_rc4,723,1,74987,50431,24556,0,2,0,0,2,1472.43,3,3,8,3,,
screen/v12_open12_vadim,king_rc4,724,0,124918,95623,29295,0,2,0,0,1,3270.54,3,3,15,17,,
screen/v12_open12_vadim,king_rc4,724,1,124347,95599,28748,0,2,0,0,1,2610.97,3,3,15,17,,
screen/v12_open12_vadim,king_rc4,725,0,99438,88804,10634,0,3,0,0,5,1352.48,3,3,11,17,,
screen/v12_open12_vadim,king_rc4,725,1,99438,88804,10634,0,3,0,0,5,1275.5,3,3,11,17,,
screen/v12_open12_vadim,king_rc4,726,0,90228,63702,26526,0,3,0,0,9,2541.77,3,3,14,3,,
screen/v12_open12_vadim,king_rc4,726,1,90228,63702,26526,0,3,0,0,9,2501.7,3,3,14,3,,
screen/v12_open12_vadim,king_rc4,727,0,136559,102053,34506,0,2,0,0,6,4408,3,3,11,8,,
screen/v12_open12_vadim,king_rc4,727,1,137218,102221,34997,0,2,0,0,6,4620.71,3,3,11,8,,
screen/v12_open12_vadim,king_rc4,728,0,121176,90995,30181,0,2,0,0,2,2389.71,3,3,9,3,,
screen/v12_open12_vadim,king_rc4,728,1,121176,90995,30181,0,2,0,0,2,1760.74,3,3,9,3,,
screen/v12_open12_vadim,king_rc4,729,0,111678,96290,15388,0,3,0,0,2,2091.81,3,3,9,3,,
screen/v12_open12_vadim,king_rc4,729,1,111678,96290,15388,0,3,0,0,2,1965.6,3,3,9,3,,
screen/v12_open12_vadim,king_rc4,730,0,98453,89291,9162,0,2,0,0,5,1400.75,3,3,14,17,,
screen/v12_open12_vadim,king_rc4,730,1,98453,89291,9162,0,2,0,0,5,1701.99,3,3,14,17,,
screen/v12_open12_vadim,king_rc4,731,0,153506,139115,14391,0,2,0,0,5,1813.96,3,3,13,17,,
screen/v12_open12_vadim,king_rc4,731,1,153506,139115,14391,0,2,0,0,5,2007.16,3,3,13,17,,
screen/v12_open3_vadim,ahmed_v25,700,0,113761,89139,24622,0,4,0,0,6,1434.55,3,3,10,17,,
screen/v12_open3_vadim,ahmed_v25,700,1,113761,89139,24622,0,4,0,0,6,1363.24,3,3,10,17,,
screen/v12_open3_vadim,ahmed_v25,701,0,135678,127153,8525,0,4,0,0,6,2326.77,3,3,10,17,,
screen/v12_open3_vadim,ahmed_v25,701,1,135678,127153,8525,0,4,0,0,6,2425.7,3,3,10,17,,
screen/v12_open3_vadim,ahmed_v25,702,0,115809,98310,17499,0,4,0,0,6,2965.13,3,3,8,17,,
screen/v12_open3_vadim,ahmed_v25,702,1,115809,98310,17499,0,4,0,0,6,1853.78,3,3,8,17,,
screen/v12_open3_vadim,ahmed_v25,703,0,115950,92551,23399,0,4,0,0,0,1883.99,3,3,13,16,,
screen/v12_open3_vadim,ahmed_v25,703,1,115950,92551,23399,0,4,0,0,0,1714.67,3,3,13,16,,
screen/v12_open3_vadim,ahmed_v25,704,0,82964,66080,16884,0,3,0,0,6,1525.78,3,3,11,17,,
screen/v12_open3_vadim,ahmed_v25,704,1,82964,66080,16884,0,3,0,0,6,1243.16,3,3,11,17,,
screen/v12_open3_vadim,ahmed_v25,705,0,88349,76026,12323,0,3,0,0,6,2000.58,3,3,12,17,,
screen/v12_open3_vadim,ahmed_v25,705,1,88349,76026,12323,0,3,0,0,6,1681.18,3,3,12,17,,
screen/v12_open3_vadim,ahmed_v25,706,0,161913,121892,40021,0,3,0,7,6,1662.39,3,3,18,17,,
screen/v12_open3_vadim,ahmed_v25,706,1,161977,121898,40079,0,3,0,7,6,1803.53,3,3,18,17,,
screen/v12_open3_vadim,ahmed_v25,707,0,162136,134478,27658,0,4,0,0,6,2022.59,3,3,13,17,,
screen/v12_open3_vadim,ahmed_v25,707,1,162136,134478,27658,0,4,0,0,6,2550.96,3,3,13,17,,
screen/v12_open3_vadim,ahmed_v25,708,0,126306,103462,22844,0,3,0,0,2,1581.34,3,3,14,16,,
screen/v12_open3_vadim,ahmed_v25,708,1,126306,103462,22844,0,3,0,0,2,1548.87,3,3,14,16,,
screen/v12_open3_vadim,ahmed_v25,709,0,87015,79449,7566,0,2,0,0,6,1996.48,3,3,13,17,,
screen/v12_open3_vadim,ahmed_v25,709,1,87015,79449,7566,0,2,0,0,6,3099.08,3,3,13,17,,
screen/v12_open3_vadim,ahmed_v25,710,0,101602,70725,30877,0,2,0,0,6,1638.04,3,3,15,17,,
screen/v12_open3_vadim,ahmed_v25,710,1,101602,70725,30877,0,2,0,0,6,1704.05,3,3,15,17,,
screen/v12_open3_vadim,ahmed_v25,711,0,103657,92011,11646,0,2,0,0,6,3348.1,3,3,13,17,,
screen/v12_open3_vadim,ahmed_v25,711,1,103657,92011,11646,0,2,0,0,6,2555.2,3,3,13,17,,
screen/v12_open3_vadim,ahmed_v25,712,0,93338,88141,5197,0,4,0,0,6,1257.38,3,3,7,17,,
screen/v12_open3_vadim,ahmed_v25,712,1,93338,88141,5197,0,4,0,0,6,938.308,3,3,7,17,,
screen/v12_open3_vadim,ahmed_v25,713,0,134547,122439,12108,0,4,0,0,6,3346.15,3,3,12,17,,
screen/v12_open3_vadim,ahmed_v25,713,1,134547,122439,12108,0,4,0,0,6,2836.44,3,3,12,17,,
screen/v12_open3_vadim,ahmed_v25,714,0,115835,102665,13170,0,3,0,0,6,2070.92,3,3,13,17,,
screen/v12_open3_vadim,ahmed_v25,714,1,115835,102665,13170,0,3,0,0,6,1795.16,3,3,13,17,,
screen/v12_open3_vadim,ahmed_v25,715,0,159173,138180,20993,0,4,0,0,6,2658.69,3,3,12,17,,
screen/v12_open3_vadim,ahmed_v25,715,1,159173,138180,20993,0,4,0,0,6,2068.89,3,3,12,17,,
screen/v12_open3_vadim,ahmed_v25,716,0,161658,147783,13875,0,3,0,0,6,2901.47,3,3,11,17,,
screen/v12_open3_vadim,ahmed_v25,716,1,161658,147783,13875,0,3,0,0,6,3007.14,3,3,11,17,,
screen/v12_open3_vadim,ahmed_v25,717,0,139066,132396,6670,0,4,0,0,6,2594.88,3,3,15,17,,
screen/v12_open3_vadim,ahmed_v25,717,1,139066,132396,6670,0,4,0,0,6,2576.88,3,3,15,17,,
screen/v12_open3_vadim,ahmed_v25,718,0,141654,111251,30403,0,2,0,0,6,2633.33,3,3,17,17,,
screen/v12_open3_vadim,ahmed_v25,718,1,141654,111251,30403,0,2,0,0,6,3678.73,3,3,17,17,,
screen/v12_open3_vadim,ahmed_v25,719,0,102582,74449,28133,0,2,0,0,6,1819.01,3,3,16,17,,
screen/v12_open3_vadim,ahmed_v25,719,1,102582,74449,28133,0,2,0,0,6,2320.33,3,3,16,17,,
screen/v12_open3_vadim,ahmed_v25,720,0,112024,91871,20153,0,4,0,0,6,1483.21,3,3,9,17,,
screen/v12_open3_vadim,ahmed_v25,720,1,112024,91871,20153,0,4,0,0,6,1634.34,3,3,9,17,,
screen/v12_open3_vadim,ahmed_v25,721,0,96362,67574,28788,0,2,0,0,6,2479.57,3,3,12,17,,
screen/v12_open3_vadim,ahmed_v25,721,1,96362,67574,28788,0,2,0,0,6,3142.03,3,3,12,17,,
screen/v12_open3_vadim,ahmed_v25,722,0,111070,116477,-5407,0,3,0,0,6,2572.49,3,3,12,17,,
screen/v12_open3_vadim,ahmed_v25,722,1,111070,116477,-5407,0,3,0,0,6,3409.67,3,3,12,17,,
screen/v12_open3_vadim,ahmed_v25,723,0,75230,55644,19586,0,3,0,0,6,878.692,3,3,11,17,,
screen/v12_open3_vadim,ahmed_v25,723,1,75230,55644,19586,0,3,0,0,6,915.493,3,3,11,17,,
screen/v12_open3_vadim,ahmed_v25,724,0,115535,89021,26514,0,4,0,0,6,1974.69,3,3,12,17,,
screen/v12_open3_vadim,ahmed_v25,724,1,115535,89021,26514,0,4,0,0,6,1633.33,3,3,12,17,,
screen/v12_open3_vadim,ahmed_v25,725,0,133361,116592,16769,0,3,0,0,6,2578.11,3,3,14,17,,
screen/v12_open3_vadim,ahmed_v25,725,1,133361,116592,16769,0,3,0,0,6,2868.14,3,3,14,17,,
screen/v12_open3_vadim,ahmed_v25,726,0,92516,76186,16330,0,3,0,0,6,1944.71,3,3,13,17,,
screen/v12_open3_vadim,ahmed_v25,726,1,92516,76186,16330,0,3,0,0,6,2495.43,3,3,13,17,,
screen/v12_open3_vadim,ahmed_v25,727,0,130135,92941,37194,0,4,0,7,6,2148.58,3,3,11,17,,
screen/v12_open3_vadim,ahmed_v25,727,1,130135,92941,37194,0,4,0,7,6,2626.7,3,3,11,17,,
screen/v12_open3_vadim,ahmed_v25,728,0,89732,72411,17321,0,3,0,0,6,1427.77,3,3,8,17,,
screen/v12_open3_vadim,ahmed_v25,728,1,89732,72411,17321,0,3,0,0,6,1113.52,3,3,8,17,,
screen/v12_open3_vadim,ahmed_v25,729,0,117375,101586,15789,0,3,0,0,6,2690.48,3,3,9,17,,
screen/v12_open3_vadim,ahmed_v25,729,1,117375,101586,15789,0,3,0,0,6,2450.57,3,3,9,17,,
screen/v12_open3_vadim,ahmed_v25,730,0,82231,77791,4440,0,3,0,0,6,1455.47,3,3,10,17,,
screen/v12_open3_vadim,ahmed_v25,730,1,82231,77791,4440,0,3,0,0,6,1141.55,3,3,10,17,,
screen/v12_open3_vadim,ahmed_v25,731,0,139657,122068,17589,0,4,0,0,6,3283.87,3,3,13,17,,
screen/v12_open3_vadim,ahmed_v25,731,1,139657,122068,17589,0,4,0,0,6,2517.3,3,3,13,17,,
screen/v12_open3_vadim,king_rc4,700,0,115834,79916,35918,0,4,0,1,0,2899.55,3,3,10,17,,
screen/v12_open3_vadim,king_rc4,700,1,115834,79916,35918,0,4,0,1,0,3171.19,3,3,10,17,,
screen/v12_open3_vadim,king_rc4,701,0,107633,104672,2961,0,4,0,0,1,3140.42,3,3,10,17,,
screen/v12_open3_vadim,king_rc4,701,1,107631,104498,3133,0,4,0,0,1,2454.47,3,3,10,17,,
screen/v12_open3_vadim,king_rc4,702,0,111804,93270,18534,0,3,0,0,2,3336.2,3,3,10,3,,
screen/v12_open3_vadim,king_rc4,702,1,111804,93270,18534,0,3,0,0,2,3605.35,3,3,10,3,,
screen/v12_open3_vadim,king_rc4,703,0,90112,69007,21105,0,4,0,0,0,1348.1,3,3,7,17,,
screen/v12_open3_vadim,king_rc4,703,1,90112,69007,21105,0,4,0,0,0,1517.66,3,3,7,17,,
screen/v12_open3_vadim,king_rc4,704,0,92287,75582,16705,0,3,0,0,2,3491.77,3,3,11,3,,
screen/v12_open3_vadim,king_rc4,704,1,92287,75582,16705,0,3,0,0,2,3404.61,3,3,11,3,,
screen/v12_open3_vadim,king_rc4,705,0,101145,68973,32172,0,4,0,2,5,2379.58,3,3,12,17,,
screen/v12_open3_vadim,king_rc4,705,1,101145,68973,32172,0,4,0,2,5,2118.05,3,3,12,17,,
screen/v12_open3_vadim,king_rc4,706,0,107543,87155,20388,0,3,0,0,0,1983.87,3,3,12,17,,
screen/v12_open3_vadim,king_rc4,706,1,107543,87155,20388,0,3,0,0,0,1775.34,3,3,12,17,,
screen/v12_open3_vadim,king_rc4,707,0,136351,118402,17949,0,4,0,0,5,2393.83,3,3,14,17,,
screen/v12_open3_vadim,king_rc4,707,1,136351,118402,17949,0,4,0,0,5,3151.31,3,3,14,17,,
screen/v12_open3_vadim,king_rc4,708,0,102492,86338,16154,0,3,0,0,0,1124.98,3,3,12,17,,
screen/v12_open3_vadim,king_rc4,708,1,102492,86338,16154,0,3,0,0,0,1185.26,3,3,12,17,,
screen/v12_open3_vadim,king_rc4,709,0,82523,69950,12573,0,2,0,0,0,1211.59,3,3,13,17,,
screen/v12_open3_vadim,king_rc4,709,1,82523,69950,12573,0,2,0,0,0,1457.12,3,3,13,17,,
screen/v12_open3_vadim,king_rc4,710,0,114128,77700,36428,0,2,0,0,14,2469.64,3,3,15,8,,
screen/v12_open3_vadim,king_rc4,710,1,114359,77735,36624,0,2,0,0,14,2204.88,3,3,15,8,,
screen/v12_open3_vadim,king_rc4,711,0,90212,74932,15280,0,2,0,0,0,1785.62,3,3,10,17,,
screen/v12_open3_vadim,king_rc4,711,1,90212,74932,15280,0,2,0,0,0,2026.55,3,3,10,17,,
screen/v12_open3_vadim,king_rc4,712,0,95529,81620,13909,0,4,0,0,0,3192.5,3,3,8,17,,
screen/v12_open3_vadim,king_rc4,712,1,95344,81619,13725,0,4,0,0,0,3628.1,3,3,7,17,,
screen/v12_open3_vadim,king_rc4,713,0,126898,118309,8589,0,4,0,0,1,3248.55,3,3,12,17,,
screen/v12_open3_vadim,king_rc4,713,1,126898,118309,8589,0,4,0,0,1,3093.9,3,3,12,17,,
screen/v12_open3_vadim,king_rc4,714,0,110157,91161,18996,0,4,0,0,5,1789.54,3,3,12,17,,
screen/v12_open3_vadim,king_rc4,714,1,110157,91161,18996,0,4,0,0,5,1678.58,3,3,12,17,,
screen/v12_open3_vadim,king_rc4,715,0,142196,130573,11623,0,4,0,0,1,2849.14,3,3,10,17,,
screen/v12_open3_vadim,king_rc4,715,1,142196,130573,11623,0,4,0,0,1,2002.93,3,3,10,17,,
screen/v12_open3_vadim,king_rc4,716,0,128445,122400,6045,0,4,0,0,5,2751.97,3,3,13,17,,
screen/v12_open3_vadim,king_rc4,716,1,128445,122400,6045,0,4,0,0,5,3120.53,3,3,13,17,,
screen/v12_open3_vadim,king_rc4,717,0,133953,122122,11831,0,4,0,0,5,2975.29,3,3,14,17,,
screen/v12_open3_vadim,king_rc4,717,1,133953,122122,11831,0,4,0,0,5,4146.74,3,3,14,17,,
screen/v12_open3_vadim,king_rc4,718,0,166839,130931,35908,0,3,0,0,5,2252.88,3,3,15,17,,
screen/v12_open3_vadim,king_rc4,718,1,166839,130931,35908,0,3,0,0,5,2881,3,3,15,17,,
screen/v12_open3_vadim,king_rc4,719,0,87743,77494,10249,0,2,0,17,5,1910.82,3,3,14,17,,
screen/v12_open3_vadim,king_rc4,719,1,87723,77469,10254,0,2,0,17,5,1668.68,3,3,14,17,,
screen/v12_open3_vadim,king_rc4,720,0,117168,96904,20264,0,4,0,0,2,3202.31,3,3,9,3,,
screen/v12_open3_vadim,king_rc4,720,1,117168,96904,20264,0,4,0,0,2,2588.54,3,3,9,3,,
screen/v12_open3_vadim,king_rc4,721,0,97120,73687,23433,0,2,0,2,5,1056.27,3,3,12,17,,
screen/v12_open3_vadim,king_rc4,721,1,97120,73687,23433,0,2,0,2,5,955.142,3,3,12,17,,
screen/v12_open3_vadim,king_rc4,722,0,104634,92471,12163,0,2,0,0,0,2379.2,3,3,10,17,,
screen/v12_open3_vadim,king_rc4,722,1,104634,92471,12163,0,2,0,0,0,1867.83,3,3,10,17,,
screen/v12_open3_vadim,king_rc4,723,0,77071,55905,21166,0,3,0,0,0,1647.44,3,3,10,17,,
screen/v12_open3_vadim,king_rc4,723,1,77071,55905,21166,0,3,0,0,0,1832.22,3,3,10,17,,
screen/v12_open3_vadim,king_rc4,724,0,125082,98649,26433,0,4,0,0,1,3849.49,3,3,14,17,,
screen/v12_open3_vadim,king_rc4,724,1,125082,98649,26433,0,4,0,0,1,4181.4,3,3,14,17,,
screen/v12_open3_vadim,king_rc4,725,0,106687,96097,10590,0,3,0,0,5,1562.1,3,3,11,17,,
screen/v12_open3_vadim,king_rc4,725,1,106687,96097,10590,0,3,0,0,5,2005.07,3,3,11,17,,
screen/v12_open3_vadim,king_rc4,726,0,105387,77414,27973,0,3,0,0,3,2958.68,3,3,13,17,,
screen/v12_open3_vadim,king_rc4,726,1,105387,77414,27973,0,3,0,0,3,2553.57,3,3,13,17,,
screen/v12_open3_vadim,king_rc4,727,0,107128,88241,18887,0,5,0,0,6,3702.65,3,3,11,8,,
screen/v12_open3_vadim,king_rc4,727,1,107246,88279,18967,0,5,0,0,6,3287.37,3,3,11,8,,
screen/v12_open3_vadim,king_rc4,728,0,116037,88340,27697,0,4,0,12,2,2623.91,3,3,10,3,,
screen/v12_open3_vadim,king_rc4,728,1,116037,88340,27697,0,4,0,12,2,2415.81,3,3,10,3,,
screen/v12_open3_vadim,king_rc4,729,0,108674,95038,13636,0,3,0,3,0,2609.94,3,3,9,17,,
screen/v12_open3_vadim,king_rc4,729,1,108674,95038,13636,0,3,0,3,0,2849.43,3,3,9,17,,
screen/v12_open3_vadim,king_rc4,730,0,109571,100496,9075,0,3,0,0,5,1334.03,3,3,11,17,,
screen/v12_open3_vadim,king_rc4,730,1,109571,100496,9075,0,3,0,0,5,1534.33,3,3,11,17,,
screen/v12_open3_vadim,king_rc4,731,0,139401,130087,9314,0,4,0,0,5,2321.39,3,3,10,17,,
screen/v12_open3_vadim,king_rc4,731,1,139401,130087,9314,0,4,0,0,5,2137.2,3,3,10,17,,
screen/v12_open6_style1,ahmed_v25,700,0,104861,86172,18689,0,6,0,2,6,4093.61,3,3,15,17,,
screen/v12_open6_style1,ahmed_v25,700,1,104861,86172,18689,0,6,0,2,6,5186.45,3,3,15,17,,
screen/v12_open6_style1,ahmed_v25,701,0,110020,104566,5454,0,5,0,0,6,4514.57,3,3,9,17,,
screen/v12_open6_style1,ahmed_v25,701,1,110020,104566,5454,0,5,0,0,6,3358.74,3,3,9,17,,
screen/v12_open6_style1,ahmed_v25,702,0,110946,98915,12031,0,4,0,0,6,3922.95,3,3,8,17,,
screen/v12_open6_style1,ahmed_v25,702,1,110946,98915,12031,0,4,0,0,6,4106.89,3,3,8,17,,
screen/v12_open6_style1,ahmed_v25,703,0,71094,60939,10155,0,4,0,0,6,990.813,3,3,10,17,,
screen/v12_open6_style1,ahmed_v25,703,1,71094,60939,10155,0,4,0,0,6,533.055,3,3,10,17,,
screen/v12_open6_style1,ahmed_v25,704,0,109759,105355,4404,0,6,0,0,6,5699.61,3,3,14,17,,
screen/v12_open6_style1,ahmed_v25,704,1,109759,105355,4404,0,6,0,0,6,7071.69,3,3,14,17,,
screen/v12_open6_style1,ahmed_v25,705,0,100452,76017,24435,0,6,0,1,6,4601.08,3,3,12,17,,
screen/v12_open6_style1,ahmed_v25,705,1,100452,76017,24435,0,6,0,1,6,3019.28,3,3,12,17,,
screen/v12_open6_style1,ahmed_v25,706,0,110313,100349,9964,0,7,0,0,6,2777.82,3,3,16,17,,
screen/v12_open6_style1,ahmed_v25,706,1,110313,100349,9964,0,7,0,0,6,5892.56,3,3,16,17,,
screen/v12_open6_style1,ahmed_v25,707,0,150649,129025,21624,0,5,0,0,6,7378.37,3,3,14,17,,
screen/v12_open6_style1,ahmed_v25,707,1,150649,129025,21624,0,5,0,0,6,7622.64,3,3,14,17,,
screen/v12_open6_style1,ahmed_v25,708,0,86180,88737,-2557,0,4,0,0,6,1261,3,3,9,17,,
screen/v12_open6_style1,ahmed_v25,708,1,86180,88737,-2557,0,4,0,0,6,1402.12,3,3,9,17,,
screen/v12_open6_style1,ahmed_v25,709,0,92436,89452,2984,0,4,0,0,6,4124.6,3,3,11,17,,
screen/v12_open6_style1,ahmed_v25,709,1,92436,89452,2984,0,4,0,0,6,4394.63,3,3,11,17,,
screen/v12_open6_style1,ahmed_v25,710,0,137139,90423,46716,0,5,0,0,6,6935.89,3,3,20,17,,
screen/v12_open6_style1,ahmed_v25,710,1,138133,90523,47610,0,5,0,0,6,5070.68,3,3,20,17,,
screen/v12_open6_style1,ahmed_v25,711,0,108917,104909,4008,0,4,0,0,6,5155.18,3,3,13,17,,
screen/v12_open6_style1,ahmed_v25,711,1,108917,104909,4008,0,4,0,0,6,4483.02,3,3,13,17,,
screen/v12_open6_style1,ahmed_v25,712,0,126018,123480,2538,0,6,0,3,6,5299.09,3,3,13,17,,
screen/v12_open6_style1,ahmed_v25,712,1,126018,123480,2538,0,6,0,3,6,5231.59,3,3,13,17,,
screen/v12_open6_style1,ahmed_v25,713,0,137911,124950,12961,0,6,0,0,0,2978.3,3,3,13,16,,
screen/v12_open6_style1,ahmed_v25,713,1,137911,124950,12961,0,6,0,0,0,1288.79,3,3,13,16,,
screen/v12_open6_style1,ahmed_v25,714,0,80645,80116,529,0,5,0,0,6,2007.2,3,3,9,17,,
screen/v12_open6_style1,ahmed_v25,714,1,80645,80116,529,0,5,0,0,6,1982.6,3,3,9,17,,
screen/v12_open6_style1,ahmed_v25,715,0,147078,137755,9323,0,6,0,0,0,4710.49,3,3,16,16,,
screen/v12_open6_style1,ahmed_v25,715,1,147078,137755,9323,0,6,0,0,0,3096.74,3,3,16,16,,
screen/v12_open6_style1,king_rc4,700,0,111360,91126,20234,0,8,0,0,26,8479.98,3,3,7,16,,
screen/v12_open6_style1,king_rc4,700,1,119589,92474,27115,0,7,0,0,24,11084.6,3,3,15,16,,
screen/v12_open6_style1,king_rc4,701,0,135933,130611,5322,0,7,0,0,0,7542.74,3,3,15,16,,
screen/v12_open6_style1,king_rc4,701,1,128926,112958,15968,0,7,0,0,0,4469.34,3,3,13,16,,
screen/v12_open6_style1,king_rc4,702,0,100197,93209,6988,0,6,0,0,0,2302.43,3,3,15,16,,
screen/v12_open6_style1,king_rc4,702,1,100991,94356,6635,0,6,0,0,0,6086.79,3,3,15,16,,
screen/v12_open6_style1,king_rc4,703,0,95705,79657,16048,0,7,0,0,0,2733.78,3,3,15,16,,
screen/v12_open6_style1,king_rc4,703,1,88972,75096,13876,0,7,0,0,0,1868.22,3,3,16,16,,
screen/v12_open6_style1,king_rc4,704,0,86625,61185,25440,0,5,0,0,73,4981.85,3,3,9,10,,
screen/v12_open6_style1,king_rc4,704,1,81107,52189,28918,0,5,0,0,73,2082.19,3,3,9,10,,
screen/v12_open6_style1,king_rc4,705,0,103455,80845,22610,0,5,0,0,19,6028.86,3,3,13,13,,
screen/v12_open6_style1,king_rc4,705,1,127485,87109,40376,0,6,0,0,11,5373.75,3,3,15,13,,
screen/v12_open6_style1,king_rc4,706,0,125629,75352,50277,0,6,0,5,5,2087.51,3,3,12,16,,
screen/v12_open6_style1,king_rc4,706,1,125629,75352,50277,0,6,0,5,5,3767.79,3,3,12,16,,
screen/v12_open6_style1,king_rc4,707,0,118996,109125,9871,0,5,0,0,9,5781.28,3,3,8,13,,
screen/v12_open6_style1,king_rc4,707,1,118742,108763,9979,0,5,0,0,9,4543.55,3,3,8,13,,
screen/v12_open6_style1,king_rc4,708,0,135692,113391,22301,0,6,0,1,12,3765.96,3,3,19,14,,
screen/v12_open6_style1,king_rc4,708,1,135692,113391,22301,0,6,0,1,12,2855.77,3,3,19,14,,
screen/v12_open6_style1,king_rc4,709,0,112466,71104,41362,0,4,0,0,73,6249.34,3,3,14,10,,
screen/v12_open6_style1,king_rc4,709,1,112596,71224,41372,0,4,0,0,73,3247.6,3,3,14,10,,
screen/v12_open6_style1,king_rc4,710,0,152043,139345,12698,0,6,0,0,11,6839.42,3,3,15,16,,
screen/v12_open6_style1,king_rc4,710,1,152043,139345,12698,0,6,0,0,11,3848.74,3,3,15,16,,
screen/v12_open6_style1,king_rc4,711,0,112342,95990,16352,0,5,0,0,35,3580.9,3,3,11,12,,
screen/v12_open6_style1,king_rc4,711,1,112342,95990,16352,0,5,0,0,35,3986.6,3,3,11,12,,
screen/v12_open6_style1,king_rc4,712,0,84651,72393,12258,0,5,0,0,35,3471.59,3,3,11,12,,
screen/v12_open6_style1,king_rc4,712,1,84651,72393,12258,0,5,0,0,35,4464.6,3,3,11,12,,
screen/v12_open6_style1,king_rc4,713,0,130696,83036,47660,0,6,0,0,44,4860.82,3,3,5,8,,
screen/v12_open6_style1,king_rc4,713,1,129615,82759,46856,0,6,0,0,44,2968,3,3,5,8,,
screen/v12_open6_style1,king_rc4,714,0,134861,74702,60159,0,6,0,3,5,2115.89,3,3,16,16,,
screen/v12_open6_style1,king_rc4,714,1,134861,74702,60159,0,6,0,3,5,2958.43,3,3,16,16,,
screen/v12_open6_style1,king_rc4,715,0,169121,94838,74283,0,6,0,0,48,4991.15,3,3,13,8,,
screen/v12_open6_style1,king_rc4,715,1,170837,95976,74861,0,6,0,0,48,3485.52,3,3,13,8,,
screen/v12_open6_style2,ahmed_v25,700,0,104844,97627,7217,0,4,0,0,6,2427.69,3,3,14,17,,
screen/v12_open6_style2,ahmed_v25,700,1,104844,97627,7217,0,4,0,0,6,1247.93,3,3,14,17,,
screen/v12_open6_style2,ahmed_v25,701,0,115886,101721,14165,0,3,0,0,6,2605.25,3,3,11,17,,
screen/v12_open6_style2,ahmed_v25,701,1,115886,101721,14165,0,3,0,0,6,5621.76,3,3,11,17,,
screen/v12_open6_style2,ahmed_v25,702,0,158373,140289,18084,0,3,0,0,2,3478.45,3,3,18,16,,
screen/v12_open6_style2,ahmed_v25,702,1,158373,140289,18084,0,3,0,0,2,3490.57,3,3,18,16,,
screen/v12_open6_style2,ahmed_v25,703,0,79941,77848,2093,0,3,0,0,0,3299.34,3,3,10,16,,
screen/v12_open6_style2,ahmed_v25,703,1,79941,77848,2093,0,3,0,0,0,1574.87,3,3,10,16,,
screen/v12_open6_style2,ahmed_v25,704,0,87211,79274,7937,0,4,0,0,6,1354.65,3,3,10,17,,
screen/v12_open6_style2,ahmed_v25,704,1,87211,79274,7937,0,4,0,0,6,1497.88,3,3,10,17,,
screen/v12_open6_style2,ahmed_v25,705,0,99003,75170,23833,0,3,0,0,6,4850.74,3,3,11,17,,
screen/v12_open6_style2,ahmed_v25,705,1,99003,75170,23833,0,3,0,0,6,3241.6,3,3,11,17,,
screen/v12_open6_style2,ahmed_v25,706,0,92261,71358,20903,0,2,0,0,6,923.948,3,3,12,17,,
screen/v12_open6_style2,ahmed_v25,706,1,91806,71374,20432,0,2,0,0,6,994.958,3,3,12,17,,
screen/v12_open6_style2,ahmed_v25,707,0,130959,104459,26500,0,3,0,0,6,5474.74,3,3,11,17,,
screen/v12_open6_style2,ahmed_v25,707,1,132923,113473,19450,0,3,0,0,6,4506.29,3,3,11,17,,
screen/v12_open6_style2,ahmed_v25,708,0,131192,98935,32257,0,2,0,0,6,1399.85,3,3,19,17,,
screen/v12_open6_style2,ahmed_v25,708,1,131192,98935,32257,0,2,0,0,6,2736.54,3,3,19,17,,
screen/v12_open6_style2,ahmed_v25,709,0,83243,58844,24399,0,2,0,1,6,1455.01,3,3,13,17,,
screen/v12_open6_style2,ahmed_v25,709,1,83243,58844,24399,0,2,0,1,6,1285.38,3,3,13,17,,
screen/v12_open6_style2,ahmed_v25,710,0,175969,152373,23596,0,3,0,0,6,6717.77,3,3,14,17,,
screen/v12_open6_style2,ahmed_v25,710,1,175969,152373,23596,0,3,0,0,6,5635.66,3,3,14,17,,
screen/v12_open6_style2,ahmed_v25,711,0,158276,140752,17524,0,3,0,0,6,3595.99,3,3,13,17,,
screen/v12_open6_style2,ahmed_v25,711,1,158276,140752,17524,0,3,0,0,6,4279.47,3,3,13,17,,
screen/v12_open6_style2,ahmed_v25,712,0,82983,74103,8880,0,2,0,0,6,7031.37,3,3,13,17,,
screen/v12_open6_style2,ahmed_v25,712,1,82983,74103,8880,0,2,0,0,6,3911.3,3,3,13,17,,
screen/v12_open6_style2,ahmed_v25,713,0,162758,135151,27607,0,4,0,0,0,1824.62,3,3,18,16,,
screen/v12_open6_style2,ahmed_v25,713,1,162758,135151,27607,0,4,0,0,0,1609.39,3,3,18,16,,
screen/v12_open6_style2,ahmed_v25,714,0,73915,69923,3992,0,2,0,0,6,546.402,3,3,10,17,,
screen/v12_open6_style2,ahmed_v25,714,1,73915,69923,3992,0,2,0,0,6,506.248,3,3,10,17,,
screen/v12_open6_style2,ahmed_v25,715,0,170015,139111,30904,0,4,0,0,0,1756.03,3,3,18,16,,
screen/v12_open6_style2,ahmed_v25,715,1,170015,139111,30904,0,4,0,0,0,1989.85,3,3,18,16,,
screen/v12_open6_style2,king_rc4,700,0,92275,65981,26294,0,3,0,0,3,1327.07,3,3,10,13,,
screen/v12_open6_style2,king_rc4,700,1,86159,63486,22673,0,3,0,0,3,2367.05,3,3,10,13,,
screen/v12_open6_style2,king_rc4,701,0,102948,94733,8215,0,3,0,0,0,2047.68,3,3,10,16,,
screen/v12_open6_style2,king_rc4,701,1,102991,94882,8109,0,3,0,0,0,2143.88,3,3,11,16,,
screen/v12_open6_style2,king_rc4,702,0,115976,102071,13905,0,3,0,0,0,2572.71,3,3,11,17,,
screen/v12_open6_style2,king_rc4,702,1,115976,102071,13905,0,3,0,0,0,2472.46,3,3,11,17,,
screen/v12_open6_style2,king_rc4,703,0,75243,57521,17722,0,3,0,0,0,996.632,3,3,13,16,,
screen/v12_open6_style2,king_rc4,703,1,75243,57521,17722,0,3,0,0,0,725.046,3,3,13,16,,
screen/v12_open6_style2,king_rc4,704,0,85202,72424,12778,0,3,0,0,0,1134.17,3,3,11,14,,
screen/v12_open6_style2,king_rc4,704,1,85202,72424,12778,0,3,0,0,0,1094.57,3,3,11,14,,
screen/v12_open6_style2,king_rc4,705,0,90572,64879,25693,0,3,0,0,0,4624,3,3,12,14,,
screen/v12_open6_style2,king_rc4,705,1,90572,64879,25693,0,3,0,0,0,3888.61,3,3,12,14,,
screen/v12_open6_style2,king_rc4,706,0,90163,78821,11342,0,2,0,0,0,5759.28,3,3,14,17,,
screen/v12_open6_style2,king_rc4,706,1,90104,78887,11217,0,2,0,0,0,3899.95,3,3,14,17,,
screen/v12_open6_style2,king_rc4,707,0,126597,113583,13014,0,3,0,0,0,2714.3,3,3,12,14,,
screen/v12_open6_style2,king_rc4,707,1,158366,139196,19170,0,3,0,0,0,5534.18,3,3,12,14,,
screen/v12_open6_style2,king_rc4,708,0,112747,100521,12226,0,3,0,0,0,2802.55,3,3,17,14,,
screen/v12_open6_style2,king_rc4,708,1,112747,100521,12226,0,3,0,0,0,2612.74,3,3,17,14,,
screen/v12_open6_style2,king_rc4,709,0,78421,67459,10962,0,2,0,0,0,1558.78,3,3,10,14,,
screen/v12_open6_style2,king_rc4,709,1,78421,67459,10962,0,2,0,0,0,1489.36,3,3,10,14,,
screen/v12_open6_style2,king_rc4,710,0,145768,126211,19557,0,3,0,0,0,5953.29,3,3,17,17,,
screen/v12_open6_style2,king_rc4,710,1,145768,126211,19557,0,3,0,0,0,5508.64,3,3,17,17,,
screen/v12_open6_style2,king_rc4,711,0,126073,111930,14143,0,3,0,0,0,2961.48,3,3,13,14,,
screen/v12_open6_style2,king_rc4,711,1,126073,111930,14143,0,3,0,0,0,3606.52,3,3,13,14,,
screen/v12_open6_style2,king_rc4,712,0,76717,55272,21445,0,3,0,0,0,1449.47,3,3,12,14,,
screen/v12_open6_style2,king_rc4,712,1,76717,55272,21445,0,3,0,0,0,666.738,3,3,12,14,,
screen/v12_open6_style2,king_rc4,713,0,120087,105706,14381,0,4,0,0,0,1425.07,3,3,18,17,,
screen/v12_open6_style2,king_rc4,713,1,120087,105706,14381,0,4,0,0,0,1290.25,3,3,18,17,,
screen/v12_open6_style2,king_rc4,714,0,76931,62492,14439,0,2,0,0,0,709.99,3,3,9,14,,
screen/v12_open6_style2,king_rc4,714,1,76931,62492,14439,0,2,0,0,0,879.755,3,3,9,14,,
screen/v12_open6_style2,king_rc4,715,0,169019,139183,29836,0,4,0,0,0,3214.59,3,3,18,17,,
screen/v12_open6_style2,king_rc4,715,1,168329,156984,11345,0,4,0,0,0,2912.66,3,3,18,17,,
screen/v12_open6_style3,ahmed_v25,700,0,134103,113885,20218,0,5,0,3,6,2767.95,3,3,12,17,,
screen/v12_open6_style3,ahmed_v25,700,1,134103,113885,20218,0,5,0,3,6,2148.59,3,3,12,17,,
screen/v12_open6_style3,ahmed_v25,701,0,120437,112048,8389,0,6,0,0,6,3291.12,3,3,9,17,,
screen/v12_open6_style3,ahmed_v25,701,1,120437,112048,8389,0,6,0,0,6,2984.04,3,3,9,17,,
screen/v12_open6_style3,ahmed_v25,702,0,131733,109000,22733,0,4,0,0,6,3797.91,3,3,9,17,,
screen/v12_open6_style3,ahmed_v25,702,1,131733,109000,22733,0,4,0,0,6,4352.54,3,3,9,17,,
screen/v12_open6_style3,ahmed_v25,703,0,84235,68067,16168,0,3,0,0,6,5741.82,3,3,11,17,,
screen/v12_open6_style3,ahmed_v25,703,1,84235,68067,16168,0,3,0,0,6,4583.63,3,3,11,17,,
screen/v12_open6_style3,ahmed_v25,704,0,84879,68580,16299,0,5,0,0,6,2455.09,3,3,11,17,,
screen/v12_open6_style3,ahmed_v25,704,1,84879,68580,16299,0,5,0,0,6,1774.35,3,3,11,17,,
screen/v12_open6_style3,ahmed_v25,705,0,87756,75938,11818,0,4,0,0,6,2159.28,3,3,10,17,,
screen/v12_open6_style3,ahmed_v25,705,1,87756,75938,11818,0,4,0,0,6,2779.87,3,3,10,17,,
screen/v12_open6_style3,ahmed_v25,706,0,108287,74750,33537,0,6,0,0,6,1389.81,3,3,10,17,,
screen/v12_open6_style3,ahmed_v25,706,1,108260,74671,33589,0,6,0,0,6,2320.05,3,3,10,17,,
screen/v12_open6_style3,ahmed_v25,707,0,182320,144785,37535,0,5,0,0,6,4246.35,3,3,14,17,,
screen/v12_open6_style3,ahmed_v25,707,1,182320,144785,37535,0,5,0,0,6,3514.8,3,3,14,17,,
screen/v12_open6_style3,ahmed_v25,708,0,123458,102467,20991,0,5,0,0,2,1956.05,3,3,12,16,,
screen/v12_open6_style3,ahmed_v25,708,1,123458,102467,20991,0,5,0,0,2,2689.74,3,3,12,16,,
screen/v12_open6_style3,ahmed_v25,709,0,93448,89151,4297,0,6,0,0,6,1176.65,3,3,11,17,,
screen/v12_open6_style3,ahmed_v25,709,1,93448,89151,4297,0,6,0,0,6,1420.88,3,3,11,17,,
screen/v12_open6_style3,ahmed_v25,710,0,114646,90685,23961,0,3,0,0,6,1713.81,3,3,10,17,,
screen/v12_open6_style3,ahmed_v25,710,1,114646,90685,23961,0,3,0,0,6,2191.9,3,3,10,17,,
screen/v12_open6_style3,ahmed_v25,711,0,115302,105936,9366,0,4,0,0,6,2673.26,3,3,13,17,,
screen/v12_open6_style3,ahmed_v25,711,1,115302,105936,9366,0,4,0,0,6,2664.19,3,3,13,17,,
screen/v12_open6_style3,ahmed_v25,712,0,102813,79096,23717,0,4,0,0,6,2796.21,3,3,7,17,,
screen/v12_open6_style3,ahmed_v25,712,1,102813,79096,23717,0,4,0,0,6,2179.21,3,3,7,17,,
screen/v12_open6_style3,ahmed_v25,713,0,115822,114866,956,0,6,0,0,6,2702.53,3,3,9,17,,
screen/v12_open6_style3,ahmed_v25,713,1,115822,114866,956,0,6,0,0,6,3245.1,3,3,9,17,,
screen/v12_open6_style3,ahmed_v25,714,0,113060,101163,11897,0,4,0,0,6,2900.79,3,3,11,17,,
screen/v12_open6_style3,ahmed_v25,714,1,113060,101163,11897,0,4,0,0,6,3599.32,3,3,11,17,,
screen/v12_open6_style3,ahmed_v25,715,0,133733,132020,1713,0,7,0,0,6,2917.91,3,3,15,17,,
screen/v12_open6_style3,ahmed_v25,715,1,133733,132020,1713,0,7,0,0,6,3620.08,3,3,15,17,,
screen/v12_open6_style3,king_rc4,700,0,100540,86169,14371,0,5,0,0,1,1832.09,3,3,12,17,,
screen/v12_open6_style3,king_rc4,700,1,100540,86169,14371,0,5,0,0,1,4407.39,3,3,12,17,,
screen/v12_open6_style3,king_rc4,701,0,120556,112559,7997,0,5,0,0,1,2431.7,3,3,10,17,,
screen/v12_open6_style3,king_rc4,701,1,120556,112559,7997,0,5,0,0,1,3865.25,3,3,10,17,,
screen/v12_open6_style3,king_rc4,702,0,118124,104112,14012,0,5,0,0,0,5232.86,3,3,8,17,,
screen/v12_open6_style3,king_rc4,702,1,118124,104112,14012,0,5,0,0,0,7119.01,3,3,8,17,,
screen/v12_open6_style3,king_rc4,703,0,81322,64084,17238,0,3,0,0,0,6648.05,3,3,13,17,,
screen/v12_open6_style3,king_rc4,703,1,81322,64084,17238,0,3,0,0,0,4990.82,3,3,13,17,,
screen/v12_open6_style3,king_rc4,704,0,94932,70503,24429,0,5,0,0,0,4020.4,3,3,11,17,,
screen/v12_open6_style3,king_rc4,704,1,94932,70503,24429,0,5,0,0,0,6352.37,3,3,11,17,,
screen/v12_open6_style3,king_rc4,705,0,122693,88341,34352,0,5,0,0,5,2872.44,3,3,10,17,,
screen/v12_open6_style3,king_rc4,705,1,122693,88341,34352,0,5,0,0,5,4268.25,3,3,10,17,,
screen/v12_open6_style3,king_rc4,706,0,141892,89774,52118,0,5,0,0,5,4139.74,3,3,18,17,,
screen/v12_open6_style3,king_rc4,706,1,141938,89768,52170,0,5,0,0,5,2258.49,3,3,18,17,,
screen/v12_open6_style3,king_rc4,707,0,175942,147228,28714,0,5,0,0,5,4131.99,3,3,13,17,,
screen/v12_open6_style3,king_rc4,707,1,175942,147228,28714,0,5,0,0,5,4020.4,3,3,13,17,,
screen/v12_open6_style3,king_rc4,708,0,118406,101254,17152,0,5,0,0,0,3169.73,3,3,14,17,,
screen/v12_open6_style3,king_rc4,708,1,118406,101254,17152,0,5,0,0,0,2925.83,3,3,14,17,,
screen/v12_open6_style3,king_rc4,709,0,90371,77276,13095,0,4,0,0,0,2120.81,3,3,13,17,,
screen/v12_open6_style3,king_rc4,709,1,90371,77276,13095,0,4,0,0,0,3003.37,3,3,13,17,,
screen/v12_open6_style3,king_rc4,710,0,138864,85035,53829,0,3,0,1,14,1480.2,3,3,15,8,,
screen/v12_open6_style3,king_rc4,710,1,138864,85035,53829,0,3,0,1,14,1775.42,3,3,15,8,,
screen/v12_open6_style3,king_rc4,711,0,88374,61422,26952,0,3,0,0,2,6342.44,3,3,11,3,,
screen/v12_open6_style3,king_rc4,711,1,88374,61422,26952,0,3,0,0,2,4032.12,3,3,11,3,,
screen/v12_open6_style3,king_rc4,712,0,106011,85797,20214,0,5,0,0,2,4464.5,3,3,8,3,,
screen/v12_open6_style3,king_rc4,712,1,106011,85797,20214,0,5,0,0,2,4471.76,3,3,8,3,,
screen/v12_open6_style3,king_rc4,713,0,109988,116132,-6144,0,6,0,0,1,3415.45,3,3,10,17,,
screen/v12_open6_style3,king_rc4,713,1,109988,116132,-6144,0,6,0,0,1,2533.63,3,3,10,17,,
screen/v12_open6_style3,king_rc4,714,0,124844,110029,14815,0,4,0,2,5,4526.81,3,3,12,17,,
screen/v12_open6_style3,king_rc4,714,1,124844,110029,14815,0,4,0,2,5,4251.93,3,3,12,17,,
screen/v12_open6_style3,king_rc4,715,0,119851,109756,10095,0,5,0,0,1,5004.16,3,3,13,17,,
screen/v12_open6_style3,king_rc4,715,1,119851,109756,10095,0,5,0,0,1,5103.37,3,3,13,17,,
screen/v12_open6_style7,ahmed_v25,700,0,152715,112528,40187,0,2,0,2,6,5636.61,3,3,16,17,,
screen/v12_open6_style7,ahmed_v25,700,1,152715,112528,40187,0,2,0,2,6,1410.26,3,3,16,17,,
screen/v12_open6_style7,ahmed_v25,701,0,137552,116609,20943,0,4,0,0,6,8745.14,3,3,11,17,,
screen/v12_open6_style7,ahmed_v25,701,1,137552,116609,20943,0,4,0,0,6,6055.21,3,3,11,17,,
screen/v12_open6_style7,ahmed_v25,702,0,138215,126164,12051,0,4,0,0,0,3413.55,3,3,12,16,,
screen/v12_open6_style7,ahmed_v25,702,1,137916,126512,11404,0,4,0,0,0,6797.72,3,3,12,16,,
screen/v12_open6_style7,ahmed_v25,703,0,100582,88069,12513,0,2,0,0,6,9522.29,3,3,14,17,,
screen/v12_open6_style7,ahmed_v25,703,1,100582,88069,12513,0,2,0,0,6,6531.05,3,3,14,17,,
screen/v12_open6_style7,ahmed_v25,704,0,105368,73922,31446,0,4,0,0,6,7760.78,3,3,14,17,,
screen/v12_open6_style7,ahmed_v25,704,1,105368,73922,31446,0,4,0,0,6,8806.44,3,3,14,17,,
screen/v12_open6_style7,ahmed_v25,705,0,136348,114974,21374,0,3,0,0,6,2964.25,3,3,12,17,,
screen/v12_open6_style7,ahmed_v25,705,1,136348,114974,21374,0,3,0,0,6,2961.98,3,3,12,17,,
screen/v12_open6_style7,ahmed_v25,706,0,154296,116662,37634,0,3,0,0,6,1310.64,3,3,16,17,,
screen/v12_open6_style7,ahmed_v25,706,1,154324,116655,37669,0,3,0,0,6,1885.94,3,3,16,17,,
screen/v12_open6_style7,ahmed_v25,707,0,95368,87072,8296,0,4,0,0,6,7406.08,3,3,13,17,,
screen/v12_open6_style7,ahmed_v25,707,1,95368,87072,8296,0,4,0,0,6,7577.43,3,3,13,17,,
screen/v12_open6_style7,ahmed_v25,708,0,100413,79067,21346,0,3,0,50,6,7235.47,3,3,13,17,,
screen/v12_open6_style7,ahmed_v25,708,1,100413,79067,21346,0,3,0,50,6,16519.7,3,3,13,17,,
screen/v12_open6_style7,ahmed_v25,709,0,113858,103735,10123,0,3,0,0,0,5416,3,3,13,16,,
screen/v12_open6_style7,ahmed_v25,709,1,113858,103735,10123,0,3,0,0,0,5535.8,3,3,13,16,,
screen/v12_open6_style7,ahmed_v25,710,0,92513,86038,6475,0,2,0,6,6,2513.54,3,3,12,17,,
screen/v12_open6_style7,ahmed_v25,710,1,92770,86186,6584,0,2,0,6,6,8508.79,3,3,12,17,,
screen/v12_open6_style7,ahmed_v25,711,0,97644,82144,15500,0,3,0,0,6,5431.52,3,3,12,17,,
screen/v12_open6_style7,ahmed_v25,711,1,97644,82144,15500,0,3,0,0,6,4892.83,3,3,12,17,,
screen/v12_open6_style7,ahmed_v25,712,0,91124,77270,13854,0,5,0,0,6,7023.5,3,3,10,17,,
screen/v12_open6_style7,ahmed_v25,712,1,91124,77270,13854,0,5,0,0,6,8553.66,3,3,10,17,,
screen/v12_open6_style7,ahmed_v25,713,0,153651,101015,52636,0,4,0,5,6,2356.44,3,3,17,17,,
screen/v12_open6_style7,ahmed_v25,713,1,153651,101015,52636,0,4,0,5,6,3810.74,3,3,17,17,,
screen/v12_open6_style7,ahmed_v25,714,0,139375,101380,37995,0,4,0,2,6,3637.64,3,3,18,17,,
screen/v12_open6_style7,ahmed_v25,714,1,139375,101380,37995,0,4,0,2,6,4132.92,3,3,18,17,,
screen/v12_open6_style7,ahmed_v25,715,0,189086,148975,40111,0,5,0,0,6,3863.84,3,3,14,17,,
screen/v12_open6_style7,ahmed_v25,715,1,189086,148975,40111,0,5,0,0,6,2942.86,3,3,14,17,,
screen/v12_open6_style7,king_rc4,700,0,174261,90313,83948,0,2,0,0,0,10592.5,3,3,19,14,,
screen/v12_open6_style7,king_rc4,700,1,174261,90313,83948,0,2,0,0,0,7125.9,3,3,19,14,,
screen/v12_open6_style7,king_rc4,701,0,145094,129091,16003,0,4,0,0,0,4305.82,3,3,11,13,,
screen/v12_open6_style7,king_rc4,701,1,143206,129026,14180,0,4,0,0,0,9292.99,3,3,11,13,,
screen/v12_open6_style7,king_rc4,702,0,111356,107634,3722,0,4,0,0,0,2395,3,3,14,17,,
screen/v12_open6_style7,king_rc4,702,1,111356,107634,3722,0,4,0,0,0,5292,3,3,14,17,,
screen/v12_open6_style7,king_rc4,703,0,106489,71962,34527,0,2,0,0,0,8364.07,3,3,14,14,,
screen/v12_open6_style7,king_rc4,703,1,103511,71166,32345,0,3,0,1,0,8722.19,3,3,14,14,,
screen/v12_open6_style7,king_rc4,704,0,83493,59663,23830,0,3,0,0,0,4532.17,3,3,10,17,,
screen/v12_open6_style7,king_rc4,704,1,90790,60895,29895,0,3,0,0,0,5205.88,3,3,14,17,,
screen/v12_open6_style7,king_rc4,705,0,128889,109940,18949,0,3,0,0,0,6299.97,3,3,12,14,,
screen/v12_open6_style7,king_rc4,705,1,128889,109940,18949,0,3,0,0,0,5034.27,3,3,12,14,,
screen/v12_open6_style7,king_rc4,706,0,89959,67678,22281,0,2,0,0,0,3949.37,3,3,19,17,,
screen/v12_open6_style7,king_rc4,706,1,89959,67678,22281,0,2,0,0,0,3294.26,3,3,19,17,,
screen/v12_open6_style7,king_rc4,707,0,143087,126465,16622,0,4,0,0,5,4794.88,3,3,14,14,,
screen/v12_open6_style7,king_rc4,707,1,143087,126465,16622,0,4,0,0,5,6544.57,3,3,14,14,,
screen/v12_open6_style7,king_rc4,708,0,86986,62973,24013,0,3,0,0,0,7587.75,3,3,13,13,,
screen/v12_open6_style7,king_rc4,708,1,86986,62973,24013,0,3,0,0,0,3627.9,3,3,13,13,,
screen/v12_open6_style7,king_rc4,709,0,92367,81002,11365,0,4,0,0,0,5208.5,3,3,13,17,,
screen/v12_open6_style7,king_rc4,709,1,92367,81002,11365,0,4,0,0,0,2454.7,3,3,13,17,,
screen/v12_open6_style7,king_rc4,710,0,104755,75035,29720,0,2,0,0,0,2823.66,3,3,13,13,,
screen/v12_open6_style7,king_rc4,710,1,104755,75035,29720,0,2,0,0,0,4889.76,3,3,13,13,,
screen/v12_open6_style7,king_rc4,711,0,122274,113920,8354,0,2,0,0,0,6346.86,3,3,14,13,,
screen/v12_open6_style7,king_rc4,711,1,122274,113920,8354,0,2,0,0,0,7147.6,3,3,14,13,,
screen/v12_open6_style7,king_rc4,712,0,93252,68234,25018,0,4,0,0,3,1689.28,3,3,9,13,,
screen/v12_open6_style7,king_rc4,712,1,93255,67994,25261,0,4,0,0,3,2638.12,3,3,9,13,,
screen/v12_open6_style7,king_rc4,713,0,120731,103164,17567,0,3,0,0,0,1549.85,3,3,13,14,,
screen/v12_open6_style7,king_rc4,713,1,120731,103164,17567,0,3,0,0,0,1087.02,3,3,13,14,,
screen/v12_open6_style7,king_rc4,714,0,87973,76574,11399,0,4,0,0,0,4638.01,3,3,13,17,,
screen/v12_open6_style7,king_rc4,714,1,87973,76574,11399,0,4,0,0,0,4994.02,3,3,13,17,,
screen/v12_open6_style7,king_rc4,715,0,163699,137716,25983,0,4,0,0,0,3907.31,3,3,15,14,,
screen/v12_open6_style7,king_rc4,715,1,163699,137716,25983,0,4,0,0,0,5321.68,3,3,15,14,,
screen/v12_open6_style8,ahmed_v25,700,0,127250,103515,23735,0,3,0,0,6,6290.77,3,3,12,17,,
screen/v12_open6_style8,ahmed_v25,700,1,127250,103515,23735,0,3,0,0,6,3070.2,3,3,12,17,,
screen/v12_open6_style8,ahmed_v25,701,0,130007,123255,6752,0,4,0,0,6,4391.25,3,3,9,17,,
screen/v12_open6_style8,ahmed_v25,701,1,130007,123255,6752,0,4,0,0,6,5439.2,3,3,9,17,,
screen/v12_open6_style8,ahmed_v25,702,0,116045,104492,11553,0,4,0,0,6,8642.08,3,3,12,17,,
screen/v12_open6_style8,ahmed_v25,702,1,116045,104492,11553,0,4,0,0,6,5011.25,3,3,12,17,,
screen/v12_open6_style8,ahmed_v25,703,0,98983,95909,3074,0,3,0,0,0,3541.65,3,3,10,16,,
screen/v12_open6_style8,ahmed_v25,703,1,98983,95909,3074,0,3,0,0,0,1673.43,3,3,10,16,,
screen/v12_open6_style8,ahmed_v25,704,0,90091,56998,33093,0,3,0,0,6,2490.22,3,3,9,17,,
screen/v12_open6_style8,ahmed_v25,704,1,90091,56998,33093,0,3,0,0,6,1482.74,3,3,9,17,,
screen/v12_open6_style8,ahmed_v25,705,0,88533,77470,11063,0,3,0,0,6,2632.74,3,3,10,17,,
screen/v12_open6_style8,ahmed_v25,705,1,88533,77470,11063,0,3,0,0,6,2754.24,3,3,10,17,,
screen/v12_open6_style8,ahmed_v25,706,0,133884,106112,27772,0,2,0,0,6,6195.18,3,3,14,17,,
screen/v12_open6_style8,ahmed_v25,706,1,133884,106112,27772,0,2,0,0,6,3844.57,3,3,14,17,,
screen/v12_open6_style8,ahmed_v25,707,0,169812,138493,31319,0,4,0,0,6,4481.78,3,3,14,17,,
screen/v12_open6_style8,ahmed_v25,707,1,169812,138493,31319,0,4,0,0,6,7582.44,3,3,14,17,,
screen/v12_open6_style8,ahmed_v25,708,0,125048,112929,12119,0,2,0,0,2,4108.13,3,3,16,16,,
screen/v12_open6_style8,ahmed_v25,708,1,125048,112929,12119,0,2,0,0,2,3175.59,3,3,16,16,,
screen/v12_open6_style8,ahmed_v25,709,0,78385,59884,18501,0,2,0,0,6,2980.43,3,3,13,17,,
screen/v12_open6_style8,ahmed_v25,709,1,78385,59884,18501,0,2,0,0,6,4090.13,3,3,13,17,,
screen/v12_open6_style8,ahmed_v25,710,0,148982,126517,22465,0,2,0,0,6,5699.06,3,3,18,17,,
screen/v12_open6_style8,ahmed_v25,710,1,148982,126517,22465,0,2,0,0,6,3230.95,3,3,18,17,,
screen/v12_open6_style8,ahmed_v25,711,0,87267,67431,19836,0,2,0,0,6,3642.4,3,3,10,17,,
screen/v12_open6_style8,ahmed_v25,711,1,87267,67431,19836,0,2,0,0,6,3236.68,3,3,10,17,,
screen/v12_open6_style8,ahmed_v25,712,0,91222,72483,18739,0,4,0,0,6,3022.14,3,3,10,17,,
screen/v12_open6_style8,ahmed_v25,712,1,91222,72483,18739,0,4,0,0,6,3599.63,3,3,10,17,,
screen/v12_open6_style8,ahmed_v25,713,0,116834,113462,3372,0,4,0,0,6,3332.66,3,3,10,17,,
screen/v12_open6_style8,ahmed_v25,713,1,116834,113462,3372,0,4,0,0,6,4349.92,3,3,10,17,,
screen/v12_open6_style8,ahmed_v25,714,0,120527,119669,858,0,3,0,0,7,4819.96,3,3,12,17,,
screen/v12_open6_style8,ahmed_v25,714,1,129268,115560,13708,0,2,0,4,6,6256.45,3,3,14,17,,
screen/v12_open6_style8,ahmed_v25,715,0,127030,112935,14095,0,4,0,0,6,6329.58,3,3,12,17,,
screen/v12_open6_style8,ahmed_v25,715,1,127030,112935,14095,0,4,0,0,6,3406.5,3,3,12,17,,
screen/v12_open6_style8,king_rc4,700,0,128281,99768,28513,0,4,0,9,1,5767.98,3,3,12,17,,
screen/v12_open6_style8,king_rc4,700,1,128281,99768,28513,0,4,0,9,1,6857.34,3,3,12,17,,
screen/v12_open6_style8,king_rc4,701,0,116988,111425,5563,0,4,0,0,1,11272.7,3,3,10,17,,
screen/v12_open6_style8,king_rc4,701,1,116887,111412,5475,0,4,0,0,1,11273.6,3,3,10,17,,
screen/v12_open6_style8,king_rc4,702,0,114172,87749,26423,0,4,0,0,2,8893.75,3,3,11,3,,
screen/v12_open6_style8,king_rc4,702,1,114172,87749,26423,0,4,0,0,2,8491.96,3,3,11,3,,
screen/v12_open6_style8,king_rc4,703,0,114783,75857,38926,0,3,0,0,0,4013.42,3,3,14,17,,
screen/v12_open6_style8,king_rc4,703,1,114783,75857,38926,0,3,0,0,0,4760.32,3,3,14,17,,
screen/v12_open6_style8,king_rc4,704,0,81907,62449,19458,0,3,0,0,0,7750.18,3,3,12,17,,
screen/v12_open6_style8,king_rc4,704,1,81907,62449,19458,0,3,0,0,0,7083.63,3,3,12,17,,
screen/v12_open6_style8,king_rc4,705,0,104601,73348,31253,0,3,0,0,5,3663.18,3,3,11,17,,
screen/v12_open6_style8,king_rc4,705,1,104601,73348,31253,0,3,0,0,5,8610.52,3,3,11,17,,
screen/v12_open6_style8,king_rc4,706,0,93157,77600,15557,0,2,0,0,14,1392.34,3,3,12,8,,
screen/v12_open6_style8,king_rc4,706,1,93157,77600,15557,0,2,0,0,14,2133.11,3,3,12,8,,
screen/v12_open6_style8,king_rc4,707,0,112722,104833,7889,0,4,0,0,5,10400.5,3,3,11,17,,
screen/v12_open6_style8,king_rc4,707,1,112722,104833,7889,0,4,0,0,5,8226.19,3,3,11,17,,
screen/v12_open6_style8,king_rc4,708,0,127758,116447,11311,0,2,0,1,0,5653.29,3,3,18,17,,
screen/v12_open6_style8,king_rc4,708,1,127758,116447,11311,0,2,0,1,0,4473.69,3,3,18,17,,
screen/v12_open6_style8,king_rc4,709,0,80035,57374,22661,0,2,0,0,0,4285.9,3,3,12,17,,
screen/v12_open6_style8,king_rc4,709,1,80035,57374,22661,0,2,0,0,0,6393.75,3,3,12,17,,
screen/v12_open6_style8,king_rc4,710,0,150068,120914,29154,0,4,0,0,0,7558.25,3,3,18,17,,
screen/v12_open6_style8,king_rc4,710,1,150068,120914,29154,0,4,0,0,0,7314.42,3,3,18,17,,
screen/v12_open6_style8,king_rc4,711,0,86792,60875,25917,0,2,0,0,2,5990.02,3,3,10,3,,
screen/v12_open6_style8,king_rc4,711,1,86792,60875,25917,0,2,0,0,2,5260.47,3,3,10,3,,
screen/v12_open6_style8,king_rc4,712,0,98797,82585,16212,0,4,0,0,0,5948.71,3,3,10,17,,
screen/v12_open6_style8,king_rc4,712,1,98596,82060,16536,0,4,0,0,0,4887.61,3,3,10,17,,
screen/v12_open6_style8,king_rc4,713,0,106793,100841,5952,0,4,0,0,1,7026.96,3,3,10,17,,
screen/v12_open6_style8,king_rc4,713,1,106793,100841,5952,0,4,0,0,1,4241.55,3,3,10,17,,
screen/v12_open6_style8,king_rc4,714,0,86438,78963,7475,0,3,0,0,4,5152.28,3,3,13,17,,
screen/v12_open6_style8,king_rc4,714,1,117895,102971,14924,0,2,0,0,5,3601.77,3,3,15,17,,
screen/v12_open6_style8,king_rc4,715,0,128800,109066,19734,0,4,0,0,1,5095.75,3,3,12,17,,
screen/v12_open6_style8,king_rc4,715,1,128800,109066,19734,0,4,0,0,1,7960.38,3,3,12,17,,
screen/v12_open6_style9,ahmed_v25,700,0,105862,96606,9256,0,6,0,2,6,3694.23,3,3,13,17,,
screen/v12_open6_style9,ahmed_v25,700,1,105862,96606,9256,0,6,0,2,6,5180.68,3,3,13,17,,
screen/v12_open6_style9,ahmed_v25,701,0,121001,109591,11410,0,4,0,0,6,6236.18,3,3,10,17,,
screen/v12_open6_style9,ahmed_v25,701,1,121001,109591,11410,0,4,0,0,6,6669.68,3,3,10,17,,
screen/v12_open6_style9,ahmed_v25,702,0,113563,101547,12016,0,2,0,0,6,2319.75,3,3,11,17,,
screen/v12_open6_style9,ahmed_v25,702,1,113563,101547,12016,0,2,0,0,6,2610.46,3,3,11,17,,
screen/v12_open6_style9,ahmed_v25,703,0,84722,65176,19546,0,3,0,5,6,7415.12,3,3,10,17,,
screen/v12_open6_style9,ahmed_v25,703,1,84722,65176,19546,0,3,0,5,6,4673.75,3,3,10,17,,
screen/v12_open6_style9,ahmed_v25,704,0,85601,79823,5778,0,3,0,0,6,3918.91,3,3,9,17,,
screen/v12_open6_style9,ahmed_v25,704,1,85601,79823,5778,0,3,0,0,6,5353.96,3,3,9,17,,
screen/v12_open6_style9,ahmed_v25,705,0,90497,75369,15128,0,3,0,0,6,2894.35,3,3,11,17,,
screen/v12_open6_style9,ahmed_v25,705,1,90497,75369,15128,0,3,0,0,6,1963.57,3,3,11,17,,
screen/v12_open6_style9,ahmed_v25,706,0,133422,88333,45089,0,5,0,0,6,5664.56,3,3,13,17,,
screen/v12_open6_style9,ahmed_v25,706,1,133422,88333,45089,0,5,0,0,6,5749.13,3,3,13,17,,
screen/v12_open6_style9,ahmed_v25,707,0,142035,115914,26121,0,3,0,0,6,5604.04,3,3,14,17,,
screen/v12_open6_style9,ahmed_v25,707,1,142035,115914,26121,0,3,0,0,6,7857,3,3,14,17,,
screen/v12_open6_style9,ahmed_v25,708,0,156826,106818,50008,0,4,0,0,6,2641.76,3,3,15,17,,
screen/v12_open6_style9,ahmed_v25,708,1,156826,106818,50008,0,4,0,0,6,4115.5,3,3,15,17,,
screen/v12_open6_style9,ahmed_v25,709,0,82552,68845,13707,0,3,0,3,6,1479.73,3,3,12,17,,
screen/v12_open6_style9,ahmed_v25,709,1,82552,68845,13707,0,3,0,3,6,2172.25,3,3,12,17,,
screen/v12_open6_style9,ahmed_v25,710,0,146427,104321,42106,0,4,0,1,6,5249.77,3,3,18,17,,
screen/v12_open6_style9,ahmed_v25,710,1,146427,104321,42106,0,4,0,1,6,6735.15,3,3,18,17,,
screen/v12_open6_style9,ahmed_v25,711,0,141685,130542,11143,0,4,0,0,6,4749.51,3,3,13,17,,
screen/v12_open6_style9,ahmed_v25,711,1,141685,130542,11143,0,4,0,0,6,6080.1,3,3,13,17,,
screen/v12_open6_style9,ahmed_v25,712,0,73651,49947,23704,0,2,0,0,6,1668.45,3,3,11,17,,
screen/v12_open6_style9,ahmed_v25,712,1,73651,49947,23704,0,2,0,0,6,1747.42,3,3,11,17,,
screen/v12_open6_style9,ahmed_v25,713,0,138960,118430,20530,0,2,0,0,0,5235.09,3,3,16,16,,
screen/v12_open6_style9,ahmed_v25,713,1,138960,118430,20530,0,2,0,0,0,5083.19,3,3,16,16,,
screen/v12_open6_style9,ahmed_v25,714,0,77629,59878,17751,0,3,0,0,6,3843.24,3,3,11,17,,
screen/v12_open6_style9,ahmed_v25,714,1,77629,59878,17751,0,3,0,0,6,4566.24,3,3,11,17,,
screen/v12_open6_style9,ahmed_v25,715,0,158525,129331,29194,0,2,0,0,0,2584.35,3,3,15,16,,
screen/v12_open6_style9,ahmed_v25,715,1,158525,129331,29194,0,2,0,0,0,3762.01,3,3,15,16,,
screen/v12_open6_style9,king_rc4,700,0,104567,83504,21063,0,6,0,0,3,2522.07,3,3,13,13,,
screen/v12_open6_style9,king_rc4,700,1,138582,97929,40653,0,6,0,1,3,2948.64,3,3,14,13,,
screen/v12_open6_style9,king_rc4,701,0,108533,96447,12086,0,4,0,0,3,2847.2,3,3,9,13,,
screen/v12_open6_style9,king_rc4,701,1,108661,96390,12271,0,4,0,0,3,4705.57,3,3,9,13,,
screen/v12_open6_style9,king_rc4,702,0,101453,90435,11018,0,4,0,0,0,3106.59,3,3,11,14,,
screen/v12_open6_style9,king_rc4,702,1,101453,90435,11018,0,4,0,0,0,2020.22,3,3,11,14,,
screen/v12_open6_style9,king_rc4,703,0,79272,58773,20499,0,2,0,0,5,2253.64,3,3,11,13,,
screen/v12_open6_style9,king_rc4,703,1,80161,56420,23741,0,2,0,0,3,2256.73,3,3,10,13,,
screen/v12_open6_style9,king_rc4,704,0,105279,95727,9552,0,4,0,6,0,5692.64,3,3,13,14,,
screen/v12_open6_style9,king_rc4,704,1,105279,95727,9552,0,4,0,6,0,5517.79,3,3,13,14,,
screen/v12_open6_style9,king_rc4,705,0,100834,63797,37037,0,3,0,0,0,1172.32,3,3,9,14,,
screen/v12_open6_style9,king_rc4,705,1,100834,63797,37037,0,3,0,0,0,2059.49,3,3,9,14,,
screen/v12_open6_style9,king_rc4,706,0,109324,97356,11968,0,5,0,0,0,4840.39,3,3,12,17,,
screen/v12_open6_style9,king_rc4,706,1,109456,97354,12102,0,5,0,0,0,3804.06,3,3,12,17,,
screen/v12_open6_style9,king_rc4,707,0,184193,156589,27604,0,3,0,0,0,1431.3,3,3,14,14,,
screen/v12_open6_style9,king_rc4,707,1,184193,156589,27604,0,3,0,0,0,3688.13,3,3,14,14,,
screen/v12_open6_style9,king_rc4,708,0,133957,100777,33180,0,6,0,0,0,4352.09,3,3,13,17,,
screen/v12_open6_style9,king_rc4,708,1,133957,100777,33180,0,6,0,0,0,2023.81,3,3,13,17,,
screen/v12_open6_style9,king_rc4,709,0,89826,73378,16448,0,2,0,14,0,2272.86,3,3,13,14,,
screen/v12_open6_style9,king_rc4,709,1,89826,73378,16448,0,2,0,14,0,1700.98,3,3,13,14,,
screen/v12_open6_style9,king_rc4,710,0,101786,90996,10790,0,3,0,0,0,4267.39,3,3,11,14,,
screen/v12_open6_style9,king_rc4,710,1,101786,90996,10790,0,3,0,0,0,3811.19,3,3,11,14,,
screen/v12_open6_style9,king_rc4,711,0,98060,84298,13762,0,3,0,0,0,2844.12,3,3,12,14,,
screen/v12_open6_style9,king_rc4,711,1,98060,84298,13762,0,3,0,0,0,1946.69,3,3,12,14,,
screen/v12_open6_style9,king_rc4,712,0,73749,43636,30113,0,2,0,1,0,4930.85,3,3,11,14,,
screen/v12_open6_style9,king_rc4,712,1,73749,43636,30113,0,2,0,1,0,3346.51,3,3,11,14,,
screen/v12_open6_style9,king_rc4,713,0,142460,122321,20139,0,2,0,0,0,2603,3,3,16,17,,
screen/v12_open6_style9,king_rc4,713,1,142460,122321,20139,0,2,0,0,0,3416.36,3,3,16,17,,
screen/v12_open6_style9,king_rc4,714,0,84808,57428,27380,0,3,0,11,0,4458.62,3,3,14,14,,
screen/v12_open6_style9,king_rc4,714,1,84808,57428,27380,0,3,0,11,0,4269.12,3,3,14,14,,
screen/v12_open6_style9,king_rc4,715,0,146422,134475,11947,0,2,0,0,0,1586.36,3,3,16,17,,
screen/v12_open6_style9,king_rc4,715,1,164016,139040,24976,0,2,0,0,0,2008.45,3,3,16,17,,
screen/v12_open9_vadim,ahmed_v25,700,0,128152,107633,20519,0,2,0,0,6,1804.16,3,3,12,17,,
screen/v12_open9_vadim,ahmed_v25,700,1,128152,107633,20519,0,2,0,0,6,2617.34,3,3,12,17,,
screen/v12_open9_vadim,ahmed_v25,701,0,129299,122721,6578,0,4,0,0,6,1978,3,3,10,17,,
screen/v12_open9_vadim,ahmed_v25,701,1,129299,122721,6578,0,4,0,0,6,2614.31,3,3,10,17,,
screen/v12_open9_vadim,ahmed_v25,702,0,127877,116696,11181,0,3,0,0,6,3432.23,3,3,9,17,,
screen/v12_open9_vadim,ahmed_v25,702,1,127877,116696,11181,0,3,0,0,6,2655.88,3,3,9,17,,
screen/v12_open9_vadim,ahmed_v25,703,0,100172,89765,10407,0,3,0,0,0,1444.08,3,3,11,16,,
screen/v12_open9_vadim,ahmed_v25,703,1,100172,89765,10407,0,3,0,0,0,1445.83,3,3,11,16,,
screen/v12_open9_vadim,ahmed_v25,704,0,86785,62655,24130,0,3,0,0,6,1201.5,3,3,10,17,,
screen/v12_open9_vadim,ahmed_v25,704,1,86785,62655,24130,0,3,0,0,6,1145.86,3,3,10,17,,
screen/v12_open9_vadim,ahmed_v25,705,0,137087,114957,22130,0,3,0,0,6,1606.01,3,3,11,17,,
screen/v12_open9_vadim,ahmed_v25,705,1,137087,114957,22130,0,3,0,0,6,1697.07,3,3,11,17,,
screen/v12_open9_vadim,ahmed_v25,706,0,102448,92883,9565,0,2,0,0,6,1090.38,3,3,13,17,,
screen/v12_open9_vadim,ahmed_v25,706,1,102448,92883,9565,0,2,0,0,6,1683.61,3,3,13,17,,
screen/v12_open9_vadim,ahmed_v25,707,0,180482,151026,29456,0,3,0,0,6,1932.82,3,3,15,17,,
screen/v12_open9_vadim,ahmed_v25,707,1,180482,151026,29456,0,3,0,0,6,2121.4,3,3,15,17,,
screen/v12_open9_vadim,ahmed_v25,708,0,150350,104650,45700,0,2,0,0,2,2517.4,3,3,17,16,,
screen/v12_open9_vadim,ahmed_v25,708,1,150350,104650,45700,0,2,0,0,2,2391.49,3,3,17,16,,
screen/v12_open9_vadim,ahmed_v25,709,0,81793,59057,22736,0,2,0,0,6,1690.43,3,3,14,17,,
screen/v12_open9_vadim,ahmed_v25,709,1,81816,59068,22748,0,2,0,0,6,1665.09,3,3,14,17,,
screen/v12_open9_vadim,ahmed_v25,710,0,141844,112383,29461,0,3,0,0,6,2227.69,3,3,16,17,,
screen/v12_open9_vadim,ahmed_v25,710,1,141844,112383,29461,0,3,0,0,6,2466.82,3,3,16,17,,
screen/v12_open9_vadim,ahmed_v25,711,0,85845,67506,18339,0,2,0,0,6,1265.57,3,3,11,17,,
screen/v12_open9_vadim,ahmed_v25,711,1,85845,67506,18339,0,2,0,0,6,1125.11,3,3,11,17,,
screen/v12_open9_vadim,ahmed_v25,712,0,113946,96685,17261,0,3,0,0,6,2240.74,3,3,9,17,,
screen/v12_open9_vadim,ahmed_v25,712,1,113946,96685,17261,0,3,0,0,6,2473.57,3,3,9,17,,
screen/v12_open9_vadim,ahmed_v25,713,0,119589,114251,5338,0,4,0,0,6,1936.62,3,3,10,17,,
screen/v12_open9_vadim,ahmed_v25,713,1,119589,114251,5338,0,4,0,0,6,1742.72,3,3,10,17,,
screen/v12_open9_vadim,ahmed_v25,714,0,117365,88991,28374,0,2,0,0,7,1349.46,3,3,15,17,,
screen/v12_open9_vadim,ahmed_v25,714,1,137037,122105,14932,0,2,0,0,6,1532.69,3,3,15,17,,
screen/v12_open9_vadim,ahmed_v25,715,0,120946,110945,10001,0,4,0,0,6,3009.8,3,3,12,17,,
screen/v12_open9_vadim,ahmed_v25,715,1,120946,110945,10001,0,4,0,0,6,3118.56,3,3,12,17,,
screen/v12_open9_vadim,ahmed_v25,716,0,134522,125197,9325,0,3,0,0,6,1623.7,3,3,11,17,,
screen/v12_open9_vadim,ahmed_v25,716,1,134522,125197,9325,0,3,0,0,6,1506.54,3,3,11,17,,
screen/v12_open9_vadim,ahmed_v25,717,0,153206,122708,30498,0,4,0,0,6,3150.09,3,3,14,17,,
screen/v12_open9_vadim,ahmed_v25,717,1,153206,122708,30498,0,4,0,0,6,2525.59,3,3,14,17,,
screen/v12_open9_vadim,ahmed_v25,718,0,116170,81254,34916,0,4,0,0,0,2266.89,3,3,17,16,,
screen/v12_open9_vadim,ahmed_v25,718,1,116170,81254,34916,0,4,0,0,0,1859.31,3,3,17,16,,
screen/v12_open9_vadim,ahmed_v25,719,0,124847,98500,26347,0,2,0,0,6,1774.68,3,3,17,17,,
screen/v12_open9_vadim,ahmed_v25,719,1,124847,98500,26347,0,2,0,0,6,2061.03,3,3,17,17,,
screen/v12_open9_vadim,ahmed_v25,720,0,122318,105322,16996,0,3,0,0,6,2405.44,3,3,9,17,,
screen/v12_open9_vadim,ahmed_v25,720,1,122318,105322,16996,0,3,0,0,6,2350.62,3,3,9,17,,
screen/v12_open9_vadim,ahmed_v25,721,0,86870,70621,16249,0,4,0,0,0,1615.04,3,3,10,16,,
screen/v12_open9_vadim,ahmed_v25,721,1,86870,70621,16249,0,4,0,0,0,1944.37,3,3,10,16,,
screen/v12_open9_vadim,ahmed_v25,722,0,89969,70531,19438,0,3,0,0,6,2643.45,3,3,10,17,,
screen/v12_open9_vadim,ahmed_v25,722,1,89969,70531,19438,0,3,0,0,6,2550.33,3,3,10,17,,
screen/v12_open9_vadim,ahmed_v25,723,0,77847,52627,25220,0,2,0,0,6,1351.04,3,3,10,17,,
screen/v12_open9_vadim,ahmed_v25,723,1,77847,52627,25220,0,2,0,0,6,1350.3,3,3,10,17,,
screen/v12_open9_vadim,ahmed_v25,724,0,113171,92810,20361,0,2,0,0,6,1565.45,3,3,14,17,,
screen/v12_open9_vadim,ahmed_v25,724,1,113171,92810,20361,0,2,0,0,6,1894.09,3,3,14,17,,
screen/v12_open9_vadim,ahmed_v25,725,0,106608,99748,6860,0,3,0,0,6,1586.95,3,3,11,17,,
screen/v12_open9_vadim,ahmed_v25,725,1,106608,99748,6860,0,3,0,0,6,1646.25,3,3,11,17,,
screen/v12_open9_vadim,ahmed_v25,726,0,91262,75092,16170,0,2,0,5,6,3606.99,3,3,14,17,,
screen/v12_open9_vadim,ahmed_v25,726,1,91262,75092,16170,0,2,0,5,6,3587.77,3,3,14,17,,
screen/v12_open9_vadim,ahmed_v25,727,0,139541,98181,41360,0,3,0,21,6,3872.74,3,3,14,17,,
screen/v12_open9_vadim,ahmed_v25,727,1,139541,98181,41360,0,3,0,21,6,4027.34,3,3,14,17,,
screen/v12_open9_vadim,ahmed_v25,728,0,120619,87907,32712,0,4,0,0,6,2255.87,3,3,10,17,,
screen/v12_open9_vadim,ahmed_v25,728,1,120619,87907,32712,0,4,0,0,6,2822.41,3,3,10,17,,
screen/v12_open9_vadim,ahmed_v25,729,0,94496,80751,13745,0,3,0,1,6,2779.62,3,3,12,17,,
screen/v12_open9_vadim,ahmed_v25,729,1,94496,80751,13745,0,3,0,1,6,2199.01,3,3,12,17,,
screen/v12_open9_vadim,ahmed_v25,730,0,120654,105106,15548,0,2,0,0,6,2402.98,3,3,14,17,,
screen/v12_open9_vadim,ahmed_v25,730,1,120654,105106,15548,0,2,0,0,6,1424.23,3,3,14,17,,
screen/v12_open9_vadim,ahmed_v25,731,0,150250,128423,21827,0,2,0,0,6,2721.24,3,3,14,17,,
screen/v12_open9_vadim,ahmed_v25,731,1,150250,128423,21827,0,2,0,0,6,2330.14,3,3,14,17,,
screen/v12_open9_vadim,king_rc4,700,0,132487,99359,33128,0,2,0,0,1,1552.39,3,3,13,17,,
screen/v12_open9_vadim,king_rc4,700,1,132487,99359,33128,0,2,0,0,1,1382.66,3,3,13,17,,
screen/v12_open9_vadim,king_rc4,701,0,122650,117566,5084,0,4,0,0,1,2915.01,3,3,9,17,,
screen/v12_open9_vadim,king_rc4,701,1,122882,117564,5318,0,4,0,0,1,3117.31,3,3,9,17,,
screen/v12_open9_vadim,king_rc4,702,0,130042,111584,18458,0,3,0,0,0,2395.31,3,3,9,17,,
screen/v12_open9_vadim,king_rc4,702,1,130042,111584,18458,0,3,0,0,0,2352.35,3,3,9,17,,
screen/v12_open9_vadim,king_rc4,703,0,93835,73708,20127,0,3,0,0,0,2505.29,3,3,9,17,,
screen/v12_open9_vadim,king_rc4,703,1,93835,73708,20127,0,3,0,0,0,3307.91,3,3,9,17,,
screen/v12_open9_vadim,king_rc4,704,0,87126,61206,25920,0,3,0,0,2,885.087,3,3,10,3,,
screen/v12_open9_vadim,king_rc4,704,1,87126,61206,25920,0,3,0,0,2,920.772,3,3,10,3,,
screen/v12_open9_vadim,king_rc4,705,0,118566,109613,8953,0,3,0,0,5,2027.16,3,3,11,17,,
screen/v12_open9_vadim,king_rc4,705,1,118566,109613,8953,0,3,0,0,5,1973.33,3,3,11,17,,
screen/v12_open9_vadim,king_rc4,706,0,94829,75574,19255,0,2,0,0,14,1384.85,3,3,13,8,,
screen/v12_open9_vadim,king_rc4,706,1,94829,75574,19255,0,2,0,0,14,1571.92,3,3,13,8,,
screen/v12_open9_vadim,king_rc4,707,0,157179,135018,22161,0,3,0,0,5,1364.09,3,3,14,17,,
screen/v12_open9_vadim,king_rc4,707,1,157179,135018,22161,0,3,0,0,5,1558.34,3,3,14,17,,
screen/v12_open9_vadim,king_rc4,708,0,112829,105847,6982,0,2,0,0,0,2099.68,3,3,16,17,,
screen/v12_open9_vadim,king_rc4,708,1,112829,105847,6982,0,2,0,0,0,1578.25,3,3,16,17,,
screen/v12_open9_vadim,king_rc4,709,0,81103,59538,21565,0,2,0,0,0,1494.29,3,3,13,17,,
screen/v12_open9_vadim,king_rc4,709,1,81103,59538,21565,0,2,0,0,0,1459.37,3,3,13,17,,
screen/v12_open9_vadim,king_rc4,710,0,130248,112946,17302,0,3,0,0,5,3853.18,3,3,17,17,,
screen/v12_open9_vadim,king_rc4,710,1,130248,112946,17302,0,3,0,0,5,2268.79,3,3,17,17,,
screen/v12_open9_vadim,king_rc4,711,0,86678,59803,26875,0,2,0,0,2,1316.91,3,3,11,3,,
screen/v12_open9_vadim,king_rc4,711,1,86678,59803,26875,0,2,0,0,2,1760.33,3,3,11,3,,
screen/v12_open9_vadim,king_rc4,712,0,98045,78234,19811,0,3,0,0,2,2071.95,3,3,9,3,,
screen/v12_open9_vadim,king_rc4,712,1,98045,78234,19811,0,3,0,0,2,2649.98,3,3,9,3,,
screen/v12_open9_vadim,king_rc4,713,0,111677,102752,8925,0,4,0,0,1,3297.86,3,3,10,17,,
screen/v12_open9_vadim,king_rc4,713,1,111677,102752,8925,0,4,0,0,1,3011.27,3,3,10,17,,
screen/v12_open9_vadim,king_rc4,714,0,90298,66878,23420,0,2,0,5,14,1134.05,3,3,13,8,,
screen/v12_open9_vadim,king_rc4,714,1,126797,117524,9273,0,2,0,0,5,1502.96,3,3,14,17,,
screen/v12_open9_vadim,king_rc4,715,0,121808,116928,4880,0,4,0,0,1,3560.32,3,3,11,17,,
screen/v12_open9_vadim,king_rc4,715,1,121808,116928,4880,0,4,0,0,1,3359.19,3,3,11,17,,
screen/v12_open9_vadim,king_rc4,716,0,125046,123885,1161,0,3,0,0,5,2992.38,3,3,11,17,,
screen/v12_open9_vadim,king_rc4,716,1,125046,123885,1161,0,3,0,0,5,2584.62,3,3,11,17,,
screen/v12_open9_vadim,king_rc4,717,0,128381,122305,6076,0,3,0,0,5,3962.86,3,3,13,17,,
screen/v12_open9_vadim,king_rc4,717,1,128381,122305,6076,0,3,0,0,5,3976.49,3,3,13,17,,
screen/v12_open9_vadim,king_rc4,718,0,96537,73583,22954,0,4,0,9,0,3676.03,3,3,17,17,,
screen/v12_open9_vadim,king_rc4,718,1,96537,73583,22954,0,4,0,9,0,5663.02,3,3,17,17,,
screen/v12_open9_vadim,king_rc4,719,0,89240,67177,22063,0,2,0,0,5,2336.05,3,3,17,17,,
screen/v12_open9_vadim,king_rc4,719,1,89216,67174,22042,0,2,0,0,5,2610.87,3,3,17,17,,
screen/v12_open9_vadim,king_rc4,720,0,109269,87256,22013,0,2,0,0,2,2616.08,3,3,9,3,,
screen/v12_open9_vadim,king_rc4,720,1,109269,87256,22013,0,2,0,0,2,1874.26,3,3,9,3,,
screen/v12_open9_vadim,king_rc4,721,0,86991,65565,21426,0,4,0,0,0,1237.84,3,3,11,17,,
screen/v12_open9_vadim,king_rc4,721,1,86991,65565,21426,0,4,0,0,0,971.773,3,3,11,17,,
screen/v12_open9_vadim,king_rc4,722,0,89263,68020,21243,0,3,0,0,2,1178.6,3,3,10,3,,
screen/v12_open9_vadim,king_rc4,722,1,89263,68020,21243,0,3,0,0,2,1407.72,3,3,10,3,,
screen/v12_open9_vadim,king_rc4,723,0,76922,48818,28104,0,2,0,0,2,1018.35,3,3,11,3,,
screen/v12_open9_vadim,king_rc4,723,1,76922,48818,28104,0,2,0,0,2,1208.82,3,3,11,3,,
screen/v12_open9_vadim,king_rc4,724,0,109723,84599,25124,0,2,0,0,1,3103.99,3,3,14,17,,
screen/v12_open9_vadim,king_rc4,724,1,109722,84593,25129,0,2,0,0,1,3171.77,3,3,14,17,,
screen/v12_open9_vadim,king_rc4,725,0,107189,97623,9566,0,3,0,0,5,1388.22,3,3,11,17,,
screen/v12_open9_vadim,king_rc4,725,1,107189,97623,9566,0,3,0,0,5,2086.92,3,3,11,17,,
screen/v12_open9_vadim,king_rc4,726,0,97209,70115,27094,0,2,0,1,9,2405.84,3,3,14,3,,
screen/v12_open9_vadim,king_rc4,726,1,97209,70115,27094,0,2,0,1,9,2261.16,3,3,14,3,,
screen/v12_open9_vadim,king_rc4,727,0,106800,87987,18813,0,2,0,0,6,3064.36,3,3,11,8,,
screen/v12_open9_vadim,king_rc4,727,1,106834,88044,18790,0,2,0,0,6,2380.99,3,3,11,8,,
screen/v12_open9_vadim,king_rc4,728,0,120579,88965,31614,0,3,0,0,2,2140.6,3,3,10,3,,
screen/v12_open9_vadim,king_rc4,728,1,120579,88965,31614,0,3,0,0,2,1756.09,3,3,10,3,,
screen/v12_open9_vadim,king_rc4,729,0,105861,88082,17779,0,3,0,0,2,2500.22,3,3,10,3,,
screen/v12_open9_vadim,king_rc4,729,1,105861,88082,17779,0,3,0,0,2,2735.27,3,3,10,3,,
screen/v12_open9_vadim,king_rc4,730,0,130360,108898,21462,0,2,0,1,5,2503.19,3,3,14,17,,
screen/v12_open9_vadim,king_rc4,730,1,130360,108898,21462,0,2,0,1,5,2436.83,3,3,14,17,,
screen/v12_open9_vadim,king_rc4,731,0,140756,134813,5943,0,2,0,0,5,2120.62,3,3,11,17,,
screen/v12_open9_vadim,king_rc4,731,1,140756,134813,5943,0,2,0,0,5,2301.99,3,3,11,17,,
screen/v12_reserve_from1,ahmed_v25,700,0,110202,106859,3343,0,3,0,0,6,6188.02,3,3,11,17,,
screen/v12_reserve_from1,ahmed_v25,700,1,110202,106859,3343,0,3,0,0,6,4632.88,3,3,11,17,,
screen/v12_reserve_from1,ahmed_v25,701,0,130970,118840,12130,0,3,0,0,6,7472.94,3,3,10,17,,
screen/v12_reserve_from1,ahmed_v25,701,1,130970,118840,12130,0,3,0,0,6,3263.24,3,3,10,17,,
screen/v12_reserve_from1,ahmed_v25,702,0,112540,104086,8454,0,3,0,0,6,7174.2,3,3,10,17,,
screen/v12_reserve_from1,ahmed_v25,702,1,112540,104086,8454,0,3,0,0,6,3462.45,3,3,10,17,,
screen/v12_reserve_from1,ahmed_v25,703,0,85341,70868,14473,0,2,0,0,6,3271.35,3,3,12,17,,
screen/v12_reserve_from1,ahmed_v25,703,1,85341,70868,14473,0,2,0,0,6,8326.86,3,3,12,17,,
screen/v12_reserve_from1,ahmed_v25,704,0,104527,91252,13275,0,3,0,0,6,6853.54,3,3,12,17,,
screen/v12_reserve_from1,ahmed_v25,704,1,104527,91252,13275,0,3,0,0,6,6620.45,3,3,12,17,,
screen/v12_reserve_from1,ahmed_v25,705,0,87025,82975,4050,0,3,0,0,6,4603.94,3,3,12,17,,
screen/v12_reserve_from1,ahmed_v25,705,1,87025,82975,4050,0,3,0,0,6,3458.07,3,3,12,17,,
screen/v12_reserve_from1,ahmed_v25,706,0,101277,81075,20202,0,4,0,0,6,8145.12,3,3,15,17,,
screen/v12_reserve_from1,ahmed_v25,706,1,101222,81100,20122,0,4,0,0,6,5870.68,3,3,15,17,,
screen/v12_reserve_from1,ahmed_v25,707,0,182473,147809,34664,0,4,0,0,6,8905.36,3,3,14,17,,
screen/v12_reserve_from1,ahmed_v25,707,1,182473,147809,34664,0,4,0,0,6,9556.13,3,3,14,17,,
screen/v12_reserve_from1,ahmed_v25,708,0,94154,87684,6470,0,4,0,0,6,9301.74,3,3,13,17,,
screen/v12_reserve_from1,ahmed_v25,708,1,94154,87684,6470,0,4,0,0,6,7471.35,3,3,13,17,,
screen/v12_reserve_from1,ahmed_v25,709,0,97145,90680,6465,0,3,0,0,6,2430.34,3,3,12,17,,
screen/v12_reserve_from1,ahmed_v25,709,1,97145,90680,6465,0,3,0,0,6,1767.66,3,3,12,17,,
screen/v12_reserve_from1,ahmed_v25,710,0,136755,94072,42683,0,3,0,7,6,4827.6,3,3,19,17,,
screen/v12_reserve_from1,ahmed_v25,710,1,136755,94072,42683,0,3,0,7,6,7726.03,3,3,19,17,,
screen/v12_reserve_from1,ahmed_v25,711,0,133081,117375,15706,0,3,0,1,6,6765.09,3,3,13,17,,
screen/v12_reserve_from1,ahmed_v25,711,1,133081,117375,15706,0,3,0,1,6,6320.33,3,3,13,17,,
screen/v12_reserve_from1,ahmed_v25,712,0,84645,75644,9001,0,3,0,2,6,9516.29,3,3,13,17,,
screen/v12_reserve_from1,ahmed_v25,712,1,84645,75644,9001,0,3,0,2,6,7119.64,3,3,13,17,,
screen/v12_reserve_from1,ahmed_v25,713,0,141509,126627,14882,0,5,0,0,0,7387.45,3,3,15,16,,
screen/v12_reserve_from1,ahmed_v25,713,1,141509,126627,14882,0,5,0,0,0,4565.18,3,3,15,16,,
screen/v12_reserve_from1,ahmed_v25,714,0,96663,79015,17648,0,2,0,0,6,10574.9,3,3,12,17,,
screen/v12_reserve_from1,ahmed_v25,714,1,96663,79015,17648,0,2,0,0,6,7361.52,3,3,12,17,,
screen/v12_reserve_from1,ahmed_v25,715,0,167909,140189,27720,0,6,0,0,0,8292.66,3,3,18,16,,
screen/v12_reserve_from1,ahmed_v25,715,1,167909,140189,27720,0,6,0,0,0,12212.8,3,3,18,16,,
screen/v12_reserve_from1,arlene_v4_m31,700,0,106542,99327,7215,0,3,0,0,0,10849.5,3,3,11,17,,
screen/v12_reserve_from1,arlene_v4_m31,700,1,106542,99327,7215,0,3,0,0,0,7180.68,3,3,11,17,,
screen/v12_reserve_from1,arlene_v4_m31,701,0,110607,107007,3600,0,3,0,0,0,5896.63,3,3,9,17,,
screen/v12_reserve_from1,arlene_v4_m31,701,1,110607,107007,3600,0,3,0,0,0,4884.08,3,3,9,17,,
screen/v12_reserve_from1,arlene_v4_m31,702,0,107849,103043,4806,0,3,0,0,0,5726.13,3,3,10,17,,
screen/v12_reserve_from1,arlene_v4_m31,702,1,107849,103043,4806,0,3,0,0,0,4719.08,3,3,10,17,,
screen/v12_reserve_from1,arlene_v4_m31,703,0,80894,59594,21300,0,2,0,0,0,8909.43,3,3,12,17,,
screen/v12_reserve_from1,arlene_v4_m31,703,1,80894,59594,21300,0,2,0,0,0,7370.17,3,3,12,17,,
screen/v12_reserve_from1,arlene_v4_m31,704,0,88249,73540,14709,0,3,0,0,0,6407.33,3,3,10,17,,
screen/v12_reserve_from1,arlene_v4_m31,704,1,88249,73540,14709,0,3,0,0,0,7656.04,3,3,10,17,,
screen/v12_reserve_from1,arlene_v4_m31,705,0,96071,87793,8278,0,3,0,0,0,3168.25,3,3,12,17,,
screen/v12_reserve_from1,arlene_v4_m31,705,1,96071,87793,8278,0,3,0,0,0,3603.63,3,3,12,17,,
screen/v12_reserve_from1,arlene_v4_m31,706,0,138108,97779,40329,0,3,0,0,0,5409.02,3,3,16,8,,
screen/v12_reserve_from1,arlene_v4_m31,706,1,136772,97833,38939,0,3,0,0,0,7513.69,3,3,16,8,,
screen/v12_reserve_from1,arlene_v4_m31,707,0,160847,140065,20782,0,4,0,0,0,4985.39,3,3,14,17,,
screen/v12_reserve_from1,arlene_v4_m31,707,1,160847,140065,20782,0,4,0,0,0,5738.5,3,3,14,17,,
screen/v12_reserve_from1,arlene_v4_m31,708,0,90297,84317,5980,0,3,0,0,0,2783.09,3,3,13,17,,
screen/v12_reserve_from1,arlene_v4_m31,708,1,90297,84317,5980,0,3,0,0,0,2817.09,3,3,13,17,,
screen/v12_reserve_from1,arlene_v4_m31,709,0,82661,73389,9272,0,3,0,1,0,935.858,3,3,12,17,,
screen/v12_reserve_from1,arlene_v4_m31,709,1,82661,73389,9272,0,3,0,1,0,2338.36,3,3,12,17,,
screen/v12_reserve_from1,arlene_v4_m31,710,0,93012,76568,16444,0,4,0,0,0,1845.48,3,3,11,17,,
screen/v12_reserve_from1,arlene_v4_m31,710,1,93012,76568,16444,0,4,0,0,0,2892.86,3,3,11,17,,
screen/v12_reserve_from1,arlene_v4_m31,711,0,121991,113877,8114,0,3,0,0,0,6040.52,3,3,13,17,,
screen/v12_reserve_from1,arlene_v4_m31,711,1,121991,113877,8114,0,3,0,0,0,7938.44,3,3,13,17,,
screen/v12_reserve_from1,arlene_v4_m31,712,0,82538,65072,17466,0,4,0,0,0,2543.65,3,3,12,17,,
screen/v12_reserve_from1,arlene_v4_m31,712,1,82559,65067,17492,0,4,0,0,0,3247.26,3,3,12,17,,
screen/v12_reserve_from1,arlene_v4_m31,713,0,116758,114616,2142,0,5,0,0,0,4568.64,3,3,11,17,,
screen/v12_reserve_from1,arlene_v4_m31,713,1,116758,114616,2142,0,5,0,0,0,6455.12,3,3,11,17,,
screen/v12_reserve_from1,arlene_v4_m31,714,0,89850,70745,19105,0,3,0,0,0,4238.43,3,3,13,8,,
screen/v12_reserve_from1,arlene_v4_m31,714,1,89850,70745,19105,0,3,0,0,0,3485.01,3,3,13,8,,
screen/v12_reserve_from1,arlene_v4_m31,715,0,160440,149872,10568,0,5,0,0,0,5101.74,3,3,15,17,,
screen/v12_reserve_from1,arlene_v4_m31,715,1,160440,149872,10568,0,5,0,0,0,3681.02,3,3,15,17,,
screen/v12_reserve_from1,king_rc4,700,0,90145,69289,20856,0,3,0,0,0,3301.79,3,3,11,13,,
screen/v12_reserve_from1,king_rc4,700,1,90053,69290,20763,0,3,0,0,0,4545.7,3,3,11,13,,
screen/v12_reserve_from1,king_rc4,701,0,112967,106299,6668,0,3,0,0,0,5301.89,3,3,10,13,,
screen/v12_reserve_from1,king_rc4,701,1,119953,109284,10669,0,3,0,0,3,5416.71,3,3,10,13,,
screen/v12_reserve_from1,king_rc4,702,0,103802,96195,7607,0,3,0,0,4,6084.68,3,3,11,14,,
screen/v12_reserve_from1,king_rc4,702,1,103802,96195,7607,0,3,0,0,4,5620.57,3,3,11,14,,
screen/v12_reserve_from1,king_rc4,703,0,90112,78527,11585,0,2,0,0,3,2115.37,3,3,11,13,,
screen/v12_reserve_from1,king_rc4,703,1,78211,56264,21947,0,2,0,0,0,2279.74,3,3,11,13,,
screen/v12_reserve_from1,king_rc4,704,0,113044,101626,11418,0,3,0,0,0,4611.64,3,3,14,14,,
screen/v12_reserve_from1,king_rc4,704,1,113044,101626,11418,0,3,0,0,0,5472.14,3,3,14,14,,
screen/v12_reserve_from1,king_rc4,705,0,101963,70201,31762,0,3,0,0,6,4116.59,3,3,12,14,,
screen/v12_reserve_from1,king_rc4,705,1,101963,70201,31762,0,3,0,0,6,2884.42,3,3,12,14,,
screen/v12_reserve_from1,king_rc4,706,0,137452,105155,32297,0,2,0,0,0,10830,3,3,15,13,,
screen/v12_reserve_from1,king_rc4,706,1,137357,105305,32052,0,2,0,0,0,7082.19,3,3,15,13,,
screen/v12_reserve_from1,king_rc4,707,0,190530,157481,33049,0,4,0,0,0,9810.21,3,3,15,14,,
screen/v12_reserve_from1,king_rc4,707,1,190530,157481,33049,0,4,0,0,0,8943.12,3,3,15,14,,
screen/v12_reserve_from1,king_rc4,708,0,85537,77614,7923,0,4,0,0,0,2367.98,3,3,13,14,,
screen/v12_reserve_from1,king_rc4,708,1,85537,77614,7923,0,4,0,0,0,2729.32,3,3,13,14,,
screen/v12_reserve_from1,king_rc4,709,0,92669,71300,21369,0,3,0,0,0,5127.75,3,3,14,14,,
screen/v12_reserve_from1,king_rc4,709,1,92669,71300,21369,0,3,0,0,0,4147.73,3,3,14,14,,
screen/v12_reserve_from1,king_rc4,710,0,132683,91615,41068,0,4,0,23,0,8006.75,3,3,21,17,,
screen/v12_reserve_from1,king_rc4,710,1,132683,91615,41068,0,4,0,23,0,10927.7,3,3,21,17,,
screen/v12_reserve_from1,king_rc4,711,0,130796,119432,11364,0,3,0,0,0,3213.7,3,3,12,14,,
screen/v12_reserve_from1,king_rc4,711,1,130796,119432,11364,0,3,0,0,0,8021.12,3,3,12,14,,
screen/v12_reserve_from1,king_rc4,712,0,92027,83920,8107,0,3,0,0,1,3887.72,3,3,12,14,,
screen/v12_reserve_from1,king_rc4,712,1,92027,83920,8107,0,3,0,0,1,4300.66,3,3,12,14,,
screen/v12_reserve_from1,king_rc4,713,0,163881,140082,23799,0,5,0,0,0,7124.99,3,3,15,17,,
screen/v12_reserve_from1,king_rc4,713,1,163881,140082,23799,0,5,0,0,0,5283.69,3,3,15,17,,
screen/v12_reserve_from1,king_rc4,714,0,89599,73692,15907,0,3,0,0,0,2294.97,3,3,11,17,,
screen/v12_reserve_from1,king_rc4,714,1,89599,73692,15907,0,3,0,0,0,6950.67,3,3,11,17,,
screen/v12_reserve_from1,king_rc4,715,0,163349,154550,8799,0,5,0,0,0,4404.72,3,3,16,17,,
screen/v12_reserve_from1,king_rc4,715,1,169133,158823,10310,0,5,0,0,0,4555.54,3,3,16,17,,
screen/v12_reserve_from1,teammate_shoprouter,700,0,116372,109086,7286,0,3,0,0,0,4805.73,3,3,13,17,,
screen/v12_reserve_from1,teammate_shoprouter,700,1,116372,109086,7286,0,3,0,0,0,5867.81,3,3,13,17,,
screen/v12_reserve_from1,teammate_shoprouter,701,0,120885,107272,13613,0,3,0,0,0,5047.83,3,3,11,17,,
screen/v12_reserve_from1,teammate_shoprouter,701,1,120806,106316,14490,0,3,0,0,0,5984.31,3,3,11,17,,
screen/v12_reserve_from1,teammate_shoprouter,702,0,102621,96066,6555,0,3,0,0,0,4254.62,3,3,12,17,,
screen/v12_reserve_from1,teammate_shoprouter,702,1,102901,96078,6823,0,3,0,1,0,6582.6,3,3,12,17,,
screen/v12_reserve_from1,teammate_shoprouter,703,0,81515,56102,25413,0,2,0,0,0,3012.69,3,3,12,17,,
screen/v12_reserve_from1,teammate_shoprouter,703,1,81515,56102,25413,0,2,0,0,0,3021.07,3,3,12,17,,
screen/v12_reserve_from1,teammate_shoprouter,704,0,86844,64965,21879,0,3,0,0,0,2570.32,3,3,10,17,,
screen/v12_reserve_from1,teammate_shoprouter,704,1,86844,64965,21879,0,3,0,0,0,3505.03,3,3,10,17,,
screen/v12_reserve_from1,teammate_shoprouter,705,0,96719,84180,12539,0,3,0,3,0,8570.3,3,3,12,17,,
screen/v12_reserve_from1,teammate_shoprouter,705,1,96719,84180,12539,0,3,0,3,0,10165,3,3,12,17,,
screen/v12_reserve_from1,teammate_shoprouter,706,0,136785,94265,42520,0,3,0,5,0,7247.79,3,3,16,17,,
screen/v12_reserve_from1,teammate_shoprouter,706,1,136785,94265,42520,0,3,0,5,0,6352.64,3,3,16,17,,
screen/v12_reserve_from1,teammate_shoprouter,707,0,167872,137767,30105,0,4,0,0,0,5429.32,3,3,13,17,,
screen/v12_reserve_from1,teammate_shoprouter,707,1,167872,137767,30105,0,4,0,0,0,5547.31,3,3,13,17,,
screen/v12_reserve_from1,teammate_shoprouter,708,0,90004,75969,14035,0,3,0,0,0,3929.49,3,3,13,17,,
screen/v12_reserve_from1,teammate_shoprouter,708,1,90004,75969,14035,0,3,0,0,0,2620.3,3,3,13,17,,
screen/v12_reserve_from1,teammate_shoprouter,709,0,77993,55838,22155,0,3,0,1,0,2599.08,3,3,12,17,,
screen/v12_reserve_from1,teammate_shoprouter,709,1,77993,55838,22155,0,3,0,1,0,2203.73,3,3,12,17,,
screen/v12_reserve_from1,teammate_shoprouter,710,0,91307,65389,25918,0,4,0,2,0,4680.13,3,3,11,17,,
screen/v12_reserve_from1,teammate_shoprouter,710,1,91307,65389,25918,0,4,0,2,0,2172.84,3,3,11,17,,
screen/v12_reserve_from1,teammate_shoprouter,711,0,135073,110220,24853,0,3,0,0,0,5807,3,3,13,17,,
screen/v12_reserve_from1,teammate_shoprouter,711,1,135073,110220,24853,0,3,0,0,0,5628.87,3,3,13,17,,
screen/v12_reserve_from1,teammate_shoprouter,712,0,91454,68024,23430,0,4,0,1,0,2621.49,3,3,14,17,,
screen/v12_reserve_from1,teammate_shoprouter,712,1,91454,68024,23430,0,4,0,1,0,2357.7,3,3,14,17,,
screen/v12_reserve_from1,teammate_shoprouter,713,0,134136,126274,7862,0,5,0,0,0,3615.81,3,3,11,17,,
screen/v12_reserve_from1,teammate_shoprouter,713,1,134136,126274,7862,0,5,0,0,0,2461.59,3,3,11,17,,
screen/v12_reserve_from1,teammate_shoprouter,714,0,89539,71364,18175,0,2,0,0,0,4979.36,3,3,13,17,,
screen/v12_reserve_from1,teammate_shoprouter,714,1,89539,71364,18175,0,2,0,0,0,2424.66,3,3,13,17,,
screen/v12_reserve_from1,teammate_shoprouter,715,0,151411,138527,12884,0,5,0,0,0,2430.27,3,3,15,17,,
screen/v12_reserve_from1,teammate_shoprouter,715,1,151411,138527,12884,0,5,0,0,0,3091.5,3,3,15,17,,
screen/v12_str-100,ahmed_v25,700,0,123008,104901,18107,0,4,0,0,6,3414.66,3,3,11,17,,
screen/v12_str-100,ahmed_v25,700,1,123008,104901,18107,0,4,0,0,6,5144.61,3,3,11,17,,
screen/v12_str-100,ahmed_v25,701,0,154422,137797,16625,0,4,0,0,6,6880.84,3,3,10,17,,
screen/v12_str-100,ahmed_v25,701,1,154422,137797,16625,0,4,0,0,6,4641.67,3,3,10,17,,
screen/v12_str-100,ahmed_v25,702,0,127568,122326,5242,0,3,0,0,6,5622.06,3,3,8,17,,
screen/v12_str-100,ahmed_v25,702,1,127568,122326,5242,0,3,0,0,6,8240.08,3,3,8,17,,
screen/v12_str-100,ahmed_v25,703,0,86828,74133,12695,0,2,0,0,6,2791.07,3,3,14,17,,
screen/v12_str-100,ahmed_v25,703,1,86828,74133,12695,0,2,0,0,6,3506.9,3,3,14,17,,
screen/v12_str-100,ahmed_v25,704,0,96657,74020,22637,0,3,0,0,6,3775.23,3,3,9,17,,
screen/v12_str-100,ahmed_v25,704,1,96657,74020,22637,0,3,0,0,6,2441.05,3,3,9,17,,
screen/v12_str-100,ahmed_v25,705,0,82102,69820,12282,0,3,0,0,6,3148.01,3,3,11,17,,
screen/v12_str-100,ahmed_v25,705,1,82102,69820,12282,0,3,0,0,6,2251.51,3,3,11,17,,
screen/v12_str-100,ahmed_v25,706,0,114760,94858,19902,0,3,0,0,6,4142.43,3,3,14,17,,
screen/v12_str-100,ahmed_v25,706,1,114760,94858,19902,0,3,0,0,6,2353.84,3,3,14,17,,
screen/v12_str-100,ahmed_v25,707,0,169358,142323,27035,0,4,0,0,6,5849.95,3,3,13,17,,
screen/v12_str-100,ahmed_v25,707,1,169358,142323,27035,0,4,0,0,6,3398.41,3,3,13,17,,
screen/v12_str-100,ahmed_v25,708,0,137877,112085,25792,0,3,0,0,0,3712.58,3,3,10,16,,
screen/v12_str-100,ahmed_v25,708,1,137877,112085,25792,0,3,0,0,0,4481.71,3,3,10,16,,
screen/v12_str-100,ahmed_v25,709,0,91699,87262,4437,0,2,0,6,6,2318.05,3,3,12,17,,
screen/v12_str-100,ahmed_v25,709,1,91699,87262,4437,0,2,0,6,6,2910.59,3,3,12,17,,
screen/v12_str-100,ahmed_v25,710,0,135195,112673,22522,0,4,0,0,6,6025.23,3,3,17,17,,
screen/v12_str-100,ahmed_v25,710,1,135195,112673,22522,0,4,0,0,6,2424.54,3,3,17,17,,
screen/v12_str-100,ahmed_v25,711,0,87073,67663,19410,0,2,0,0,6,1517.58,3,3,11,17,,
screen/v12_str-100,ahmed_v25,711,1,87073,67663,19410,0,2,0,0,6,1809.19,3,3,11,17,,
screen/v12_str-100,ahmed_v25,712,0,106075,88517,17558,0,3,0,0,6,7973.03,3,3,7,17,,
screen/v12_str-100,ahmed_v25,712,1,106075,88517,17558,0,3,0,0,6,4366.18,3,3,7,17,,
screen/v12_str-100,ahmed_v25,713,0,129167,120140,9027,0,4,0,0,6,5914.59,3,3,10,17,,
screen/v12_str-100,ahmed_v25,713,1,129167,120140,9027,0,4,0,0,6,2557.56,3,3,10,17,,
screen/v12_str-100,ahmed_v25,714,0,144024,129042,14982,0,3,0,0,6,6179.02,3,3,11,17,,
screen/v12_str-100,ahmed_v25,714,1,144024,129042,14982,0,3,0,0,6,2649.99,3,3,11,17,,
screen/v12_str-100,ahmed_v25,715,0,110899,114153,-3254,0,4,0,0,6,2527.6,3,3,11,17,,
screen/v12_str-100,ahmed_v25,715,1,110899,114153,-3254,0,4,0,0,6,5020.04,3,3,11,17,,
screen/v12_str-100,arlene_v4_m31,700,0,113401,96376,17025,0,3,0,0,0,2621.36,3,3,11,17,,
screen/v12_str-100,arlene_v4_m31,700,1,113401,96376,17025,0,3,0,0,0,4911.2,3,3,11,17,,
screen/v12_str-100,arlene_v4_m31,701,0,127438,117558,9880,0,4,0,0,0,5384.43,3,3,10,17,,
screen/v12_str-100,arlene_v4_m31,701,1,127438,117558,9880,0,4,0,0,0,3827.36,3,3,10,17,,
screen/v12_str-100,arlene_v4_m31,702,0,115330,101454,13876,0,3,0,0,0,9993.7,3,3,8,17,,
screen/v12_str-100,arlene_v4_m31,702,1,115330,101454,13876,0,3,0,0,0,3001.22,3,3,8,17,,
screen/v12_str-100,arlene_v4_m31,703,0,82363,67355,15008,0,2,0,0,0,2083.87,3,3,14,17,,
screen/v12_str-100,arlene_v4_m31,703,1,82363,67355,15008,0,2,0,0,0,4877.32,3,3,14,17,,
screen/v12_str-100,arlene_v4_m31,704,0,92842,62388,30454,0,2,0,0,0,1338.66,3,3,9,3,,
screen/v12_str-100,arlene_v4_m31,704,1,92842,62388,30454,0,2,0,0,0,1430.83,3,3,9,3,,
screen/v12_str-100,arlene_v4_m31,705,0,81209,64399,16810,0,3,0,0,0,3783.12,3,3,11,17,,
screen/v12_str-100,arlene_v4_m31,705,1,81209,64399,16810,0,3,0,0,0,1701.46,3,3,11,17,,
screen/v12_str-100,arlene_v4_m31,706,0,100545,74466,26079,0,2,0,0,0,3363.54,3,3,14,17,,
screen/v12_str-100,arlene_v4_m31,706,1,100545,74466,26079,0,2,0,0,0,1983.78,3,3,14,17,,
screen/v12_str-100,arlene_v4_m31,707,0,124645,114792,9853,0,4,0,0,0,5787.38,3,3,13,17,,
screen/v12_str-100,arlene_v4_m31,707,1,124645,114792,9853,0,4,0,0,0,5919.94,3,3,13,17,,
screen/v12_str-100,arlene_v4_m31,708,0,118496,89714,28782,0,3,0,0,0,1555.45,3,3,10,8,,
screen/v12_str-100,arlene_v4_m31,708,1,118496,89714,28782,0,3,0,0,0,889.256,3,3,10,8,,
screen/v12_str-100,arlene_v4_m31,709,0,84096,74770,9326,0,2,0,0,0,3257.27,3,3,12,17,,
screen/v12_str-100,arlene_v4_m31,709,1,84096,74770,9326,0,2,0,0,0,1660.53,3,3,12,17,,
screen/v12_str-100,arlene_v4_m31,710,0,92000,70188,21812,0,2,0,1,0,2035.14,3,3,13,8,,
screen/v12_str-100,arlene_v4_m31,710,1,92003,70180,21823,0,2,0,0,0,3403.8,3,3,13,8,,
screen/v12_str-100,arlene_v4_m31,711,0,86701,65502,21199,0,2,0,0,0,3334.23,3,3,11,3,,
screen/v12_str-100,arlene_v4_m31,711,1,86701,65502,21199,0,2,0,0,0,1656.12,3,3,11,3,,
screen/v12_str-100,arlene_v4_m31,712,0,105818,83285,22533,0,3,0,0,0,3290.67,3,3,7,3,,
screen/v12_str-100,arlene_v4_m31,712,1,105480,83244,22236,0,3,0,0,0,2399.01,3,3,7,3,,
screen/v12_str-100,arlene_v4_m31,713,0,99005,90246,8759,0,4,0,0,0,3654.86,3,3,10,17,,
screen/v12_str-100,arlene_v4_m31,713,1,99005,90246,8759,0,4,0,0,0,3604.47,3,3,10,17,,
screen/v12_str-100,arlene_v4_m31,714,0,114960,97074,17886,0,3,0,0,0,1372.38,3,3,11,17,,
screen/v12_str-100,arlene_v4_m31,714,1,114960,97074,17886,0,3,0,0,0,3364.63,3,3,11,17,,
screen/v12_str-100,arlene_v4_m31,715,0,123808,100471,23337,0,4,0,2,0,3130.62,3,3,11,17,,
screen/v12_str-100,arlene_v4_m31,715,1,123808,100471,23337,0,4,0,2,0,2584.37,3,3,11,17,,
screen/v12_str-100,king_rc4,700,0,141604,97325,44279,0,3,0,0,2,4942.92,3,3,13,13,,
screen/v12_str-100,king_rc4,700,1,141604,97325,44279,0,3,0,0,2,8153.93,3,3,13,13,,
screen/v12_str-100,king_rc4,701,0,109172,96265,12907,0,5,0,0,0,2883.11,3,3,12,13,,
screen/v12_str-100,king_rc4,701,1,109172,96265,12907,0,5,0,0,0,12035.4,3,3,12,13,,
screen/v12_str-100,king_rc4,702,0,113115,79209,33906,0,3,0,0,0,3240.37,3,3,11,13,,
screen/v12_str-100,king_rc4,702,1,113115,79209,33906,0,3,0,0,0,2003.82,3,3,11,13,,
screen/v12_str-100,king_rc4,703,0,80810,56964,23846,0,2,0,0,0,2100.54,3,3,12,13,,
screen/v12_str-100,king_rc4,703,1,80810,56964,23846,0,2,0,0,0,2099.91,3,3,12,13,,
screen/v12_str-100,king_rc4,704,0,109519,62885,46634,0,2,0,5,0,5999.66,3,3,10,14,,
screen/v12_str-100,king_rc4,704,1,109519,62885,46634,0,2,0,5,0,8149.09,3,3,10,14,,
screen/v12_str-100,king_rc4,705,0,96651,68056,28595,0,3,0,0,7,1777.47,3,3,11,14,,
screen/v12_str-100,king_rc4,705,1,96651,68056,28595,0,3,0,0,7,6251.12,3,3,11,14,,
screen/v12_str-100,king_rc4,706,0,127334,97906,29428,0,4,0,6,0,11839.2,3,3,16,14,,
screen/v12_str-100,king_rc4,706,1,127334,97906,29428,0,4,0,6,0,4791.56,3,3,16,14,,
screen/v12_str-100,king_rc4,707,0,158919,136387,22532,0,4,0,0,0,1778.37,3,3,13,14,,
screen/v12_str-100,king_rc4,707,1,158919,136387,22532,0,4,0,0,0,5403.68,3,3,13,14,,
screen/v12_str-100,king_rc4,708,0,112004,106783,5221,0,3,0,0,0,857.128,3,3,10,17,,
screen/v12_str-100,king_rc4,708,1,112004,106783,5221,0,3,0,0,0,2668.77,3,3,10,17,,
screen/v12_str-100,king_rc4,709,0,84455,59258,25197,0,2,0,13,0,5902.42,3,3,14,14,,
screen/v12_str-100,king_rc4,709,1,84455,59258,25197,0,2,0,13,0,1307,3,3,14,14,,
screen/v12_str-100,king_rc4,710,0,130391,81738,48653,0,2,0,3,0,2315.46,3,3,15,17,,
screen/v12_str-100,king_rc4,710,1,130391,81738,48653,0,2,0,3,0,4564.4,3,3,15,17,,
screen/v12_str-100,king_rc4,711,0,89176,60074,29102,0,3,0,9,2,3100.96,3,3,11,13,,
screen/v12_str-100,king_rc4,711,1,89176,60074,29102,0,3,0,9,2,2923.86,3,3,11,13,,
screen/v12_str-100,king_rc4,712,0,107869,99266,8603,0,3,0,0,0,2487.6,3,3,9,13,,
screen/v12_str-100,king_rc4,712,1,107869,99266,8603,0,3,0,0,0,1953.26,3,3,9,13,,
screen/v12_str-100,king_rc4,713,0,101320,95505,5815,0,5,0,0,2,1691.91,3,3,9,13,,
screen/v12_str-100,king_rc4,713,1,101320,95505,5815,0,5,0,0,2,3593.52,3,3,9,13,,
screen/v12_str-100,king_rc4,714,0,119259,101448,17811,0,3,0,0,0,6088.76,3,3,13,14,,
screen/v12_str-100,king_rc4,714,1,119259,101448,17811,0,3,0,0,0,2436.24,3,3,13,14,,
screen/v12_str-100,king_rc4,715,0,144725,128548,16177,0,4,0,0,2,3696.52,3,3,12,13,,
screen/v12_str-100,king_rc4,715,1,144725,128548,16177,0,4,0,0,2,4215.25,3,3,12,13,,
screen/v12_str-100,teammate_shoprouter,700,0,110803,93698,17105,0,3,0,2,0,6575.53,3,3,14,17,,
screen/v12_str-100,teammate_shoprouter,700,1,110803,93698,17105,0,3,0,2,0,6149.54,3,3,14,17,,
screen/v12_str-100,teammate_shoprouter,701,0,133580,115791,17789,0,4,0,0,0,8248.35,3,3,10,17,,
screen/v12_str-100,teammate_shoprouter,701,1,133580,115791,17789,0,4,0,0,0,4883.51,3,3,10,17,,
screen/v12_str-100,teammate_shoprouter,702,0,114169,90209,23960,0,3,0,0,0,8398.27,3,3,8,17,,
screen/v12_str-100,teammate_shoprouter,702,1,114169,90209,23960,0,3,0,0,0,6563.85,3,3,8,17,,
screen/v12_str-100,teammate_shoprouter,703,0,81032,60979,20053,0,2,0,0,0,6176.02,3,3,13,17,,
screen/v12_str-100,teammate_shoprouter,703,1,81032,60979,20053,0,2,0,0,0,4110.77,3,3,13,17,,
screen/v12_str-100,teammate_shoprouter,704,0,113874,49541,64333,0,2,0,0,0,1763.28,3,3,10,17,,
screen/v12_str-100,teammate_shoprouter,704,1,113874,49541,64333,0,2,0,0,0,3137.79,3,3,10,17,,
screen/v12_str-100,teammate_shoprouter,705,0,99103,66377,32726,0,3,0,0,0,4975.31,3,3,11,17,,
screen/v12_str-100,teammate_shoprouter,705,1,99103,66377,32726,0,3,0,0,0,6152.4,3,3,11,17,,
screen/v12_str-100,teammate_shoprouter,706,0,100443,65988,34455,0,3,0,0,0,4860.17,3,3,14,17,,
screen/v12_str-100,teammate_shoprouter,706,1,100443,65988,34455,0,3,0,0,0,4439.89,3,3,14,17,,
screen/v12_str-100,teammate_shoprouter,707,0,163627,135306,28321,0,4,0,0,0,4071.76,3,3,13,17,,
screen/v12_str-100,teammate_shoprouter,707,1,163627,135306,28321,0,4,0,0,0,2295.21,3,3,13,17,,
screen/v12_str-100,teammate_shoprouter,708,0,117439,84192,33247,0,3,0,0,0,2170.04,3,3,9,17,,
screen/v12_str-100,teammate_shoprouter,708,1,117439,84192,33247,0,3,0,0,0,2798.41,3,3,9,17,,
screen/v12_str-100,teammate_shoprouter,709,0,92925,72915,20010,0,2,0,0,0,5229.76,3,3,12,17,,
screen/v12_str-100,teammate_shoprouter,709,1,92925,72915,20010,0,2,0,0,0,2810.18,3,3,12,17,,
screen/v12_str-100,teammate_shoprouter,710,0,98815,71374,27441,0,2,0,4,0,9272.96,3,3,13,17,,
screen/v12_str-100,teammate_shoprouter,710,1,98798,71377,27421,0,2,0,4,0,4284.92,3,3,13,17,,
screen/v12_str-100,teammate_shoprouter,711,0,95123,79077,16046,0,2,0,0,0,4533.17,3,3,12,17,,
screen/v12_str-100,teammate_shoprouter,711,1,95123,79077,16046,0,2,0,0,0,4124.09,3,3,12,17,,
screen/v12_str-100,teammate_shoprouter,712,0,105978,85543,20435,0,3,0,0,0,8049.83,3,3,7,17,,
screen/v12_str-100,teammate_shoprouter,712,1,105175,85435,19740,0,3,0,0,0,9199.97,3,3,7,17,,
screen/v12_str-100,teammate_shoprouter,713,0,107443,93705,13738,0,5,0,0,0,4395.25,3,3,10,17,,
screen/v12_str-100,teammate_shoprouter,713,1,107443,93705,13738,0,5,0,0,0,5714.28,3,3,10,17,,
screen/v12_str-100,teammate_shoprouter,714,0,121882,103604,18278,0,3,0,0,0,1406.23,3,3,13,17,,
screen/v12_str-100,teammate_shoprouter,714,1,121882,103604,18278,0,3,0,0,0,5824.16,3,3,13,17,,
screen/v12_str-100,teammate_shoprouter,715,0,121636,104725,16911,0,4,0,0,0,4529.67,3,3,11,17,,
screen/v12_str-100,teammate_shoprouter,715,1,121636,104725,16911,0,4,0,0,0,2862.51,3,3,11,17,,
screen/v12_str300,ahmed_v25,700,0,93048,94568,-1520,0,4,0,0,6,7988.57,3,3,11,17,,
screen/v12_str300,ahmed_v25,700,1,93048,94568,-1520,0,4,0,0,6,12597.1,3,3,11,17,,
screen/v12_str300,ahmed_v25,701,0,125627,114672,10955,0,3,0,0,6,17907.8,3,3,11,17,,
screen/v12_str300,ahmed_v25,701,1,125627,114672,10955,0,3,0,0,6,12389.3,3,3,11,17,,
screen/v12_str300,ahmed_v25,702,0,117368,103308,14060,0,2,0,0,6,6402.67,3,3,10,17,,
screen/v12_str300,ahmed_v25,702,1,117368,103308,14060,0,2,0,0,6,9665.13,3,3,10,17,,
screen/v12_str300,ahmed_v25,703,0,85411,68460,16951,0,3,0,0,6,2470.23,3,3,13,17,,
screen/v12_str300,ahmed_v25,703,1,85411,68460,16951,0,3,0,0,6,28473.4,3,3,13,17,,
screen/v12_str300,ahmed_v25,704,0,87435,71529,15906,0,2,0,0,6,3817.17,3,3,10,17,,
screen/v12_str300,ahmed_v25,704,1,87435,71529,15906,0,2,0,0,6,2918.09,3,3,10,17,,
screen/v12_str300,ahmed_v25,705,0,120645,104980,15665,0,2,0,0,6,13187,3,3,11,17,,
screen/v12_str300,ahmed_v25,705,1,120645,104980,15665,0,2,0,0,6,11893.8,3,3,11,17,,
screen/v12_str300,ahmed_v25,706,0,115069,95871,19198,0,3,0,0,6,24967.8,3,3,17,17,,
screen/v12_str300,ahmed_v25,706,1,115069,95871,19198,0,3,0,0,6,15128.7,3,3,17,17,,
screen/v12_str300,ahmed_v25,707,0,113507,102401,11106,0,3,0,0,6,18611.4,3,3,11,17,,
screen/v12_str300,ahmed_v25,707,1,113507,102401,11106,0,3,0,0,6,11736,3,3,11,17,,
screen/v12_str300,ahmed_v25,708,0,117674,87204,30470,0,3,0,24,6,3088.62,3,3,16,17,,
screen/v12_str300,ahmed_v25,708,1,117674,87204,30470,0,3,0,24,6,19637.7,3,3,16,17,,
screen/v12_str300,ahmed_v25,709,0,96541,89112,7429,0,2,0,0,6,8056.8,3,3,15,17,,
screen/v12_str300,ahmed_v25,709,1,96541,89112,7429,0,2,0,0,6,5349.02,3,3,15,17,,
screen/v12_str300,ahmed_v25,710,0,105294,88619,16675,0,2,0,0,6,21071.3,3,3,11,17,,
screen/v12_str300,ahmed_v25,710,1,105294,88619,16675,0,2,0,0,6,9992.73,3,3,11,17,,
screen/v12_str300,ahmed_v25,711,0,118459,108792,9667,0,2,0,0,6,10592,3,3,15,17,,
screen/v12_str300,ahmed_v25,711,1,118459,108792,9667,0,2,0,0,6,16125.1,3,3,15,17,,
screen/v12_str300,ahmed_v25,712,0,105636,86990,18646,0,2,0,0,6,3814.59,3,3,8,17,,
screen/v12_str300,ahmed_v25,712,1,105636,86990,18646,0,2,0,0,6,8470.11,3,3,8,17,,
screen/v12_str300,ahmed_v25,713,0,153510,127291,26219,0,3,0,0,0,1688.13,3,3,11,16,,
screen/v12_str300,ahmed_v25,713,1,153510,127291,26219,0,3,0,0,0,7177.23,3,3,11,16,,
screen/v12_str300,ahmed_v25,714,0,89454,70513,18941,0,2,0,0,6,26290.1,3,3,10,17,,
screen/v12_str300,ahmed_v25,714,1,89454,70513,18941,0,2,0,0,6,6760.59,3,3,10,17,,
screen/v12_str300,ahmed_v25,715,0,168570,136568,32002,0,3,0,0,0,6693.39,3,3,12,16,,
screen/v12_str300,ahmed_v25,715,1,168570,136568,32002,0,3,0,0,0,3585.23,3,3,12,16,,
screen/v12_str300,arlene_v4_m31,700,0,96925,90334,6591,0,4,0,0,0,12160.6,3,3,13,17,,
screen/v12_str300,arlene_v4_m31,700,1,96925,90334,6591,0,4,0,0,0,4973.28,3,3,13,17,,
screen/v12_str300,arlene_v4_m31,701,0,121184,107411,13773,0,3,0,0,0,23772.5,3,3,12,17,,
screen/v12_str300,arlene_v4_m31,701,1,121312,107415,13897,0,3,0,0,0,7416.44,3,3,12,17,,
screen/v12_str300,arlene_v4_m31,702,0,112636,102827,9809,0,2,0,0,0,12953.9,3,3,11,17,,
screen/v12_str300,arlene_v4_m31,702,1,112636,102827,9809,0,2,0,0,0,2448.98,3,3,11,17,,
screen/v12_str300,arlene_v4_m31,703,0,84494,63696,20798,0,2,0,6,0,18607.7,3,3,14,3,,
screen/v12_str300,arlene_v4_m31,703,1,84494,63696,20798,0,2,0,6,0,7982.61,3,3,14,3,,
screen/v12_str300,arlene_v4_m31,704,0,90421,81418,9003,0,2,0,0,0,17371.3,3,3,10,17,,
screen/v12_str300,arlene_v4_m31,704,1,90421,81418,9003,0,2,0,0,0,9434.59,3,3,10,17,,
screen/v12_str300,arlene_v4_m31,705,0,81160,73800,7360,0,2,0,0,0,6796.7,3,3,10,17,,
screen/v12_str300,arlene_v4_m31,705,1,81160,73800,7360,0,2,0,0,0,2030.81,3,3,10,17,,
screen/v12_str300,arlene_v4_m31,706,0,94704,69192,25512,0,3,0,0,0,8155.55,3,3,9,8,,
screen/v12_str300,arlene_v4_m31,706,1,94266,69187,25079,0,3,0,0,0,13257,3,3,9,8,,
screen/v12_str300,arlene_v4_m31,707,0,160290,136411,23879,0,4,0,0,0,2132.02,3,3,15,17,,
screen/v12_str300,arlene_v4_m31,707,1,160290,136411,23879,0,4,0,0,0,2070.15,3,3,15,17,,
screen/v12_str300,arlene_v4_m31,708,0,116266,81989,34277,0,3,0,0,0,3708.89,3,3,17,8,,
screen/v12_str300,arlene_v4_m31,708,1,116266,81989,34277,0,3,0,0,0,23607.8,3,3,17,8,,
screen/v12_str300,arlene_v4_m31,709,0,101777,80202,21575,0,2,0,0,0,8083.21,3,3,15,17,,
screen/v12_str300,arlene_v4_m31,709,1,101777,80202,21575,0,2,0,0,0,7366.39,3,3,15,17,,
screen/v12_str300,arlene_v4_m31,710,0,87399,84450,2949,0,2,0,0,0,13992.3,3,3,12,17,,
screen/v12_str300,arlene_v4_m31,710,1,87399,84450,2949,0,2,0,0,0,17190,3,3,12,17,,
screen/v12_str300,arlene_v4_m31,711,0,129141,115875,13266,0,2,0,0,0,15314.2,3,3,16,17,,
screen/v12_str300,arlene_v4_m31,711,1,129141,115875,13266,0,2,0,0,0,22501.3,3,3,16,17,,
screen/v12_str300,arlene_v4_m31,712,0,97208,90076,7132,0,2,0,0,0,16990.4,3,3,12,17,,
screen/v12_str300,arlene_v4_m31,712,1,97199,90644,6555,0,2,0,0,0,16127.8,3,3,12,17,,
screen/v12_str300,arlene_v4_m31,713,0,115665,111617,4048,0,3,0,0,0,13870.2,3,3,12,17,,
screen/v12_str300,arlene_v4_m31,713,1,115665,111617,4048,0,3,0,0,0,12394.9,3,3,12,17,,
screen/v12_str300,arlene_v4_m31,714,0,100674,71453,29221,0,2,0,4,0,9736.44,3,3,10,3,,
screen/v12_str300,arlene_v4_m31,714,1,100674,71453,29221,0,2,0,4,0,15562.8,3,3,10,3,,
screen/v12_str300,arlene_v4_m31,715,0,163651,147602,16049,0,3,0,0,0,13780.5,3,3,16,17,,
screen/v12_str300,arlene_v4_m31,715,1,163651,147602,16049,0,3,0,0,0,9888.6,3,3,16,17,,
screen/v12_str300,king_rc4,700,0,116173,90843,25330,0,3,0,0,0,6936.87,3,3,14,13,,
screen/v12_str300,king_rc4,700,1,96379,82863,13516,0,3,0,0,3,6105.47,3,3,13,13,,
screen/v12_str300,king_rc4,701,0,134294,121164,13130,0,3,0,2,3,13012.2,3,3,11,13,,
screen/v12_str300,king_rc4,701,1,134274,121100,13174,0,3,0,0,3,19413.9,3,3,11,13,,
screen/v12_str300,king_rc4,702,0,101790,97408,4382,0,2,0,0,0,18083.5,3,3,12,14,,
screen/v12_str300,king_rc4,702,1,101790,97408,4382,0,2,0,0,0,26619.2,3,3,12,14,,
screen/v12_str300,king_rc4,703,0,78436,60261,18175,0,3,0,0,3,7922.83,3,3,12,13,,
screen/v12_str300,king_rc4,703,1,72697,51960,20737,0,3,0,4,3,9610.86,3,3,12,13,,
screen/v12_str300,king_rc4,704,0,104220,87382,16838,0,2,0,0,0,7618.11,3,3,10,14,,
screen/v12_str300,king_rc4,704,1,104220,87382,16838,0,2,0,0,0,6474.74,3,3,10,14,,
screen/v12_str300,king_rc4,705,0,100291,87574,12717,0,2,0,0,0,13911,3,3,9,14,,
screen/v12_str300,king_rc4,705,1,100291,87574,12717,0,2,0,0,0,12482.7,3,3,9,14,,
screen/v12_str300,king_rc4,706,0,111088,100019,11069,0,3,0,0,0,18330.4,3,3,13,17,,
screen/v12_str300,king_rc4,706,1,111088,100019,11069,0,3,0,0,0,13025.3,3,3,13,17,,
screen/v12_str300,king_rc4,707,0,164594,135866,28728,0,4,0,0,0,4266.56,3,3,15,14,,
screen/v12_str300,king_rc4,707,1,164594,135866,28728,0,4,0,0,0,12016,3,3,15,14,,
screen/v12_str300,king_rc4,708,0,125517,86852,38665,0,3,0,0,0,12150.5,3,3,16,17,,
screen/v12_str300,king_rc4,708,1,125517,86852,38665,0,3,0,0,0,11174,3,3,16,17,,
screen/v12_str300,king_rc4,709,0,82995,63362,19633,0,2,0,3,0,13413.5,3,3,15,14,,
screen/v12_str300,king_rc4,709,1,82995,63362,19633,0,2,0,3,0,10880.7,3,3,15,14,,
screen/v12_str300,king_rc4,710,0,100829,86769,14060,0,2,0,0,0,1679.81,3,3,13,17,,
screen/v12_str300,king_rc4,710,1,100829,86769,14060,0,2,0,0,0,6844.77,3,3,13,17,,
screen/v12_str300,king_rc4,711,0,102136,90851,11285,0,2,0,0,0,12206,3,3,15,14,,
screen/v12_str300,king_rc4,711,1,102136,90851,11285,0,2,0,0,0,9481.88,3,3,15,14,,
screen/v12_str300,king_rc4,712,0,85685,58900,26785,0,2,0,0,0,6650.57,3,3,11,14,,
screen/v12_str300,king_rc4,712,1,85685,58900,26785,0,2,0,0,0,4959.6,3,3,11,14,,
screen/v12_str300,king_rc4,713,0,151128,129172,21956,0,3,0,0,0,14897,3,3,13,17,,
screen/v12_str300,king_rc4,713,1,151128,129172,21956,0,3,0,0,0,11105.6,3,3,13,17,,
screen/v12_str300,king_rc4,714,0,98581,66737,31844,0,2,0,0,0,8433.27,3,3,10,14,,
screen/v12_str300,king_rc4,714,1,98581,66737,31844,0,2,0,0,0,9754.07,3,3,10,14,,
screen/v12_str300,king_rc4,715,0,158754,136572,22182,0,3,0,0,0,18619,3,3,13,17,,
screen/v12_str300,king_rc4,715,1,163638,135826,27812,0,3,0,0,0,25193.8,3,3,13,17,,
screen/v12_str300,teammate_shoprouter,700,0,84450,80549,3901,0,4,0,0,0,10024.5,3,3,13,17,,
screen/v12_str300,teammate_shoprouter,700,1,84450,80549,3901,0,4,0,0,0,7824.97,3,3,13,17,,
screen/v12_str300,teammate_shoprouter,701,0,123549,103558,19991,0,3,0,0,0,11758.4,3,3,11,17,,
screen/v12_str300,teammate_shoprouter,701,1,123549,103558,19991,0,3,0,0,0,18055.6,3,3,11,17,,
screen/v12_str300,teammate_shoprouter,702,0,106580,99610,6970,0,2,0,0,0,20303.2,3,3,13,17,,
screen/v12_str300,teammate_shoprouter,702,1,106580,99610,6970,0,2,0,0,0,15989.3,3,3,13,17,,
screen/v12_str300,teammate_shoprouter,703,0,86446,57547,28899,0,2,0,0,0,9592.96,3,3,14,17,,
screen/v12_str300,teammate_shoprouter,703,1,86446,57547,28899,0,2,0,0,0,13480.4,3,3,14,17,,
screen/v12_str300,teammate_shoprouter,704,0,87666,69298,18368,0,2,0,0,0,7044.48,3,3,10,17,,
screen/v12_str300,teammate_shoprouter,704,1,87666,69298,18368,0,2,0,0,0,12850.4,3,3,10,17,,
screen/v12_str300,teammate_shoprouter,705,0,80051,64874,15177,0,2,0,0,0,8469.23,3,3,9,17,,
screen/v12_str300,teammate_shoprouter,705,1,80051,64874,15177,0,2,0,0,0,9221.44,3,3,9,17,,
screen/v12_str300,teammate_shoprouter,706,0,136038,94503,41535,0,3,0,0,0,26965.6,3,3,11,17,,
screen/v12_str300,teammate_shoprouter,706,1,136666,94514,42152,0,3,0,0,0,15098.6,3,3,11,17,,
screen/v12_str300,teammate_shoprouter,707,0,125956,101101,24855,0,4,0,0,0,25144.1,3,3,15,17,,
screen/v12_str300,teammate_shoprouter,707,1,125956,101101,24855,0,4,0,0,0,23543.1,3,3,15,17,,
screen/v12_str300,teammate_shoprouter,708,0,111301,80410,30891,0,3,0,1,0,18767.7,3,3,17,17,,
screen/v12_str300,teammate_shoprouter,708,1,111301,80410,30891,0,3,0,1,0,15795,3,3,17,17,,
screen/v12_str300,teammate_shoprouter,709,0,91830,79466,12364,0,2,0,0,0,13054.6,3,3,14,17,,
screen/v12_str300,teammate_shoprouter,709,1,91830,79466,12364,0,2,0,0,0,10226.7,3,3,14,17,,
screen/v12_str300,teammate_shoprouter,710,0,86057,65803,20254,0,2,0,0,0,2670.79,3,3,12,17,,
screen/v12_str300,teammate_shoprouter,710,1,86057,65803,20254,0,2,0,0,0,13857.1,3,3,12,17,,
screen/v12_str300,teammate_shoprouter,711,0,116271,96412,19859,0,2,0,3,0,17965.1,3,3,18,17,,
screen/v12_str300,teammate_shoprouter,711,1,116271,96412,19859,0,2,0,3,0,6634.71,3,3,18,17,,
screen/v12_str300,teammate_shoprouter,712,0,97614,98028,-414,0,2,0,0,0,3922.33,3,3,12,17,,
screen/v12_str300,teammate_shoprouter,712,1,97576,98024,-448,0,2,0,0,0,4545.27,3,3,12,17,,
screen/v12_str300,teammate_shoprouter,713,0,134836,124052,10784,0,2,0,0,0,15132.5,3,3,13,17,,
screen/v12_str300,teammate_shoprouter,713,1,134836,124052,10784,0,2,0,0,0,18469.9,3,3,13,17,,
screen/v12_str300,teammate_shoprouter,714,0,91614,67523,24091,0,2,0,0,0,4647.85,3,3,8,17,,
screen/v12_str300,teammate_shoprouter,714,1,91614,67523,24091,0,2,0,0,0,5740.73,3,3,8,17,,
screen/v12_str300,teammate_shoprouter,715,0,163904,146417,17487,0,2,0,0,0,3528.91,3,3,16,17,,
screen/v12_str300,teammate_shoprouter,715,1,163904,146417,17487,0,2,0,0,0,4981.25,3,3,16,17,,
screen/v12_style1,ahmed_v25,700,0,92629,84195,8434,0,5,0,4,6,2732.72,3,3,15,17,,
screen/v12_style1,ahmed_v25,700,1,92629,84195,8434,0,5,0,4,6,2255.24,3,3,15,17,,
screen/v12_style1,ahmed_v25,701,0,115286,105673,9613,0,5,0,0,6,4571.25,3,3,12,17,,
screen/v12_style1,ahmed_v25,701,1,115286,105673,9613,0,5,0,0,6,4656.37,3,3,12,17,,
screen/v12_style1,ahmed_v25,702,0,109089,105360,3729,0,4,0,0,6,2660.11,3,3,12,17,,
screen/v12_style1,ahmed_v25,702,1,109089,105360,3729,0,4,0,0,6,2794.25,3,3,12,17,,
screen/v12_style1,ahmed_v25,703,0,67390,69319,-1929,0,4,0,0,6,1911.31,3,3,9,17,,
screen/v12_style1,ahmed_v25,703,1,67390,69319,-1929,0,4,0,0,6,1786.78,3,3,9,17,,
screen/v12_style1,ahmed_v25,704,0,109885,101766,8119,0,4,0,0,6,3068.85,3,3,14,17,,
screen/v12_style1,ahmed_v25,704,1,109885,101766,8119,0,4,0,0,6,3104,3,3,14,17,,
screen/v12_style1,ahmed_v25,705,0,124981,94163,30818,0,6,0,0,6,996.691,3,3,8,17,,
screen/v12_style1,ahmed_v25,705,1,124981,94163,30818,0,6,0,0,6,2667.13,3,3,8,17,,
screen/v12_style1,ahmed_v25,706,0,120858,83052,37806,0,6,0,0,6,5854.07,3,3,18,17,,
screen/v12_style1,ahmed_v25,706,1,120858,83052,37806,0,6,0,0,6,5023.69,3,3,18,17,,
screen/v12_style1,ahmed_v25,707,0,177296,163273,14023,0,4,0,0,6,2865.74,3,3,13,17,,
screen/v12_style1,ahmed_v25,707,1,177296,163273,14023,0,4,0,0,6,7381.28,3,3,13,17,,
screen/v12_style1,ahmed_v25,708,0,101448,101171,277,0,4,0,0,6,1922.49,3,3,15,17,,
screen/v12_style1,ahmed_v25,708,1,101448,101171,277,0,4,0,0,6,2160.19,3,3,15,17,,
screen/v12_style1,ahmed_v25,709,0,89485,85339,4146,0,4,0,0,6,1556.43,3,3,10,17,,
screen/v12_style1,ahmed_v25,709,1,89485,85339,4146,0,4,0,0,6,3129.19,3,3,10,17,,
screen/v12_style1,ahmed_v25,710,0,138219,129079,9140,0,7,0,0,6,1997.61,3,3,16,17,,
screen/v12_style1,ahmed_v25,710,1,138219,129079,9140,0,7,0,0,6,2332.79,3,3,16,17,,
screen/v12_style1,ahmed_v25,711,0,138175,128159,10016,0,4,0,0,6,4476.76,3,3,13,17,,
screen/v12_style1,ahmed_v25,711,1,138175,128159,10016,0,4,0,0,6,4961.26,3,3,13,17,,
screen/v12_style1,ahmed_v25,712,0,87514,86854,660,0,5,0,0,6,3801.11,3,3,13,17,,
screen/v12_style1,ahmed_v25,712,1,87514,86854,660,0,5,0,0,6,3432.8,3,3,13,17,,
screen/v12_style1,ahmed_v25,713,0,150434,137370,13064,0,5,0,0,0,3031.57,3,3,11,16,,
screen/v12_style1,ahmed_v25,713,1,150434,137370,13064,0,5,0,0,0,3474.5,3,3,11,16,,
screen/v12_style1,ahmed_v25,714,0,78637,81305,-2668,0,4,0,0,6,732.639,3,3,8,17,,
screen/v12_style1,ahmed_v25,714,1,78637,81305,-2668,0,4,0,0,6,845.26,3,3,8,17,,
screen/v12_style1,ahmed_v25,715,0,154441,138740,15701,0,6,0,0,0,4813.34,3,3,15,16,,
screen/v12_style1,ahmed_v25,715,1,154441,138740,15701,0,6,0,0,0,3599.45,3,3,15,16,,
screen/v12_style1,king_rc4,700,0,113075,94496,18579,0,5,0,0,24,5566.64,3,3,16,16,,
screen/v12_style1,king_rc4,700,1,110470,94653,15817,0,5,0,0,24,4829.34,3,3,12,16,,
screen/v12_style1,king_rc4,701,0,117644,111336,6308,0,5,0,0,0,1643.89,3,3,17,16,,
screen/v12_style1,king_rc4,701,1,118442,110669,7773,0,5,0,0,0,3741.94,3,3,17,16,,
screen/v12_style1,king_rc4,702,0,120675,112395,8280,0,7,0,0,0,3119.44,3,3,11,16,,
screen/v12_style1,king_rc4,702,1,124227,112915,11312,0,7,0,0,0,3444.66,3,3,11,16,,
screen/v12_style1,king_rc4,703,0,98122,77113,21009,0,5,0,0,0,3994.42,3,3,18,16,,
screen/v12_style1,king_rc4,703,1,92720,82561,10159,0,6,0,0,0,2611.31,3,3,15,16,,
screen/v12_style1,king_rc4,704,0,114733,81892,32841,0,5,0,0,73,2576.61,3,3,16,10,,
screen/v12_style1,king_rc4,704,1,101747,72875,28872,0,5,0,0,73,3078.93,3,3,15,10,,
screen/v12_style1,king_rc4,705,0,121729,87502,34227,0,5,0,2,18,3606.41,3,3,13,13,,
screen/v12_style1,king_rc4,705,1,106364,84341,22023,0,5,0,0,10,2526.69,3,3,11,13,,
screen/v12_style1,king_rc4,706,0,110256,63611,46645,0,5,0,0,5,1467.12,3,3,16,16,,
screen/v12_style1,king_rc4,706,1,110256,63611,46645,0,5,0,0,5,1514.08,3,3,16,16,,
screen/v12_style1,king_rc4,707,0,113795,101047,12748,0,5,0,3,13,3293.28,3,3,9,13,,
screen/v12_style1,king_rc4,707,1,113112,100469,12643,0,5,0,0,13,4019.14,3,3,9,13,,
screen/v12_style1,king_rc4,708,0,151214,117310,33904,0,6,0,0,12,4102.76,3,3,17,14,,
screen/v12_style1,king_rc4,708,1,151214,117310,33904,0,6,0,0,12,3090.26,3,3,17,14,,
screen/v12_style1,king_rc4,709,0,71647,34013,37634,0,4,0,0,73,682.633,3,3,11,10,,
screen/v12_style1,king_rc4,709,1,71211,33976,37235,0,4,0,0,73,334.078,3,3,11,10,,
screen/v12_style1,king_rc4,710,0,118048,90128,27920,0,6,0,30,10,3685.92,3,3,20,13,,
screen/v12_style1,king_rc4,710,1,118048,90128,27920,0,6,0,30,10,5619.56,3,3,20,13,,
screen/v12_style1,king_rc4,711,0,104623,91701,12922,0,5,0,0,35,1783.31,3,3,9,12,,
screen/v12_style1,king_rc4,711,1,104623,91701,12922,0,5,0,0,35,2477.28,3,3,9,12,,
screen/v12_style1,king_rc4,712,0,87777,76184,11593,0,5,0,0,35,1948.19,3,3,11,12,,
screen/v12_style1,king_rc4,712,1,87777,76184,11593,0,5,0,0,35,2122.28,3,3,11,12,,
screen/v12_style1,king_rc4,713,0,142820,124492,18328,0,5,0,0,27,5804.33,3,3,12,12,,
screen/v12_style1,king_rc4,713,1,145059,120501,24558,0,5,0,0,35,5215.51,3,3,12,12,,
screen/v12_style1,king_rc4,714,0,89543,60660,28883,0,5,0,0,5,1857.28,3,3,15,16,,
screen/v12_style1,king_rc4,714,1,89543,60660,28883,0,5,0,0,5,2506.98,3,3,15,16,,
screen/v12_style1,king_rc4,715,0,164720,122502,42218,0,6,0,0,47,3158.6,3,3,15,12,,
screen/v12_style1,king_rc4,715,1,164720,122502,42218,0,6,0,0,47,2294.96,3,3,15,12,,
screen/v12_style2,ahmed_v25,700,0,93767,94920,-1153,0,2,0,0,6,1809.14,3,3,7,17,,
screen/v12_style2,ahmed_v25,700,1,93767,94920,-1153,0,2,0,0,6,2964.52,3,3,7,17,,
screen/v12_style2,ahmed_v25,701,0,140472,117311,23161,0,2,0,0,6,4477.88,3,3,12,17,,
screen/v12_style2,ahmed_v25,701,1,140472,117311,23161,0,2,0,0,6,3843.31,3,3,12,17,,
screen/v12_style2,ahmed_v25,702,0,125067,121388,3679,0,2,0,0,0,2828.45,3,3,8,16,,
screen/v12_style2,ahmed_v25,702,1,125067,121388,3679,0,2,0,0,0,1751.55,3,3,8,16,,
screen/v12_style2,ahmed_v25,703,0,82569,60783,21786,0,2,0,0,0,2428.63,3,3,14,16,,
screen/v12_style2,ahmed_v25,703,1,82569,60783,21786,0,2,0,0,0,1046.66,3,3,14,16,,
screen/v12_style2,ahmed_v25,704,0,82811,81635,1176,0,2,0,0,6,1944.51,3,3,7,17,,
screen/v12_style2,ahmed_v25,704,1,82811,81635,1176,0,2,0,0,6,1253.74,3,3,7,17,,
screen/v12_style2,ahmed_v25,705,0,96034,93765,2269,0,3,0,0,6,5775.09,3,3,9,17,,
screen/v12_style2,ahmed_v25,705,1,96034,93765,2269,0,3,0,0,6,6102.51,3,3,9,17,,
screen/v12_style2,ahmed_v25,706,0,96414,64747,31667,0,3,0,0,6,1395.41,3,3,10,17,,
screen/v12_style2,ahmed_v25,706,1,96414,64747,31667,0,3,0,0,6,1967.17,3,3,10,17,,
screen/v12_style2,ahmed_v25,707,0,151281,127229,24052,0,2,0,0,6,6512.8,3,3,12,17,,
screen/v12_style2,ahmed_v25,707,1,151281,127229,24052,0,2,0,0,6,3039.32,3,3,12,17,,
screen/v12_style2,ahmed_v25,708,0,89851,81713,8138,0,2,0,1,6,5221.6,3,3,8,17,,
screen/v12_style2,ahmed_v25,708,1,89851,81713,8138,0,2,0,1,6,2311.8,3,3,8,17,,
screen/v12_style2,ahmed_v25,709,0,73991,80016,-6025,0,2,0,0,6,1409.09,3,3,7,17,,
screen/v12_style2,ahmed_v25,709,1,73991,80016,-6025,0,2,0,0,6,2337.51,3,3,7,17,,
screen/v12_style2,ahmed_v25,710,0,157181,138024,19157,0,2,0,0,6,7233.67,3,3,13,17,,
screen/v12_style2,ahmed_v25,710,1,157181,138024,19157,0,2,0,0,6,5374.47,3,3,13,17,,
screen/v12_style2,ahmed_v25,711,0,122397,107989,14408,0,2,0,0,6,6431.24,3,3,15,17,,
screen/v12_style2,ahmed_v25,711,1,122397,107989,14408,0,2,0,0,6,7443.02,3,3,15,17,,
screen/v12_style2,ahmed_v25,712,0,88399,86392,2007,0,3,0,0,6,2424.19,3,3,15,17,,
screen/v12_style2,ahmed_v25,712,1,88399,86392,2007,0,3,0,0,6,2318.28,3,3,15,17,,
screen/v12_style2,ahmed_v25,713,0,120458,109874,10584,0,4,0,0,0,2767.03,3,3,7,16,,
screen/v12_style2,ahmed_v25,713,1,120458,109874,10584,0,4,0,0,0,3841.88,3,3,7,16,,
screen/v12_style2,ahmed_v25,714,0,70219,60588,9631,0,2,0,0,6,814.498,3,3,9,17,,
screen/v12_style2,ahmed_v25,714,1,70219,60588,9631,0,2,0,0,6,351.258,3,3,9,17,,
screen/v12_style2,ahmed_v25,715,0,140295,115292,25003,0,3,0,0,0,5559.01,3,3,13,16,,
screen/v12_style2,ahmed_v25,715,1,140295,115292,25003,0,3,0,0,0,2080.14,3,3,13,16,,
screen/v12_style2,king_rc4,700,0,83468,71443,12025,0,2,0,0,3,5908.19,3,3,9,13,,
screen/v12_style2,king_rc4,700,1,83468,71443,12025,0,2,0,0,3,7208.66,3,3,9,13,,
screen/v12_style2,king_rc4,701,0,121789,107331,14458,0,2,0,1,0,4858.03,3,3,10,16,,
screen/v12_style2,king_rc4,701,1,121064,107259,13805,0,2,0,0,0,4349.44,3,3,10,16,,
screen/v12_style2,king_rc4,702,0,116775,100703,16072,0,2,0,0,0,4089.99,3,3,12,17,,
screen/v12_style2,king_rc4,702,1,116775,100703,16072,0,2,0,0,0,2181.27,3,3,12,17,,
screen/v12_style2,king_rc4,703,0,102806,78353,24453,0,3,0,0,0,1080.88,3,3,13,16,,
screen/v12_style2,king_rc4,703,1,102806,78353,24453,0,3,0,0,0,775.182,3,3,13,16,,
screen/v12_style2,king_rc4,704,0,89751,83810,5941,0,2,0,0,0,4456.04,3,3,7,14,,
screen/v12_style2,king_rc4,704,1,89751,83810,5941,0,2,0,0,0,5127.75,3,3,7,14,,
screen/v12_style2,king_rc4,705,0,102030,89843,12187,0,2,0,0,0,3826.63,3,3,9,14,,
screen/v12_style2,king_rc4,705,1,102030,89843,12187,0,2,0,0,0,4775.11,3,3,9,14,,
screen/v12_style2,king_rc4,706,0,82025,71488,10537,0,2,0,0,3,6057.43,3,3,8,13,,
screen/v12_style2,king_rc4,706,1,82025,71488,10537,0,2,0,0,3,2701.08,3,3,8,13,,
screen/v12_style2,king_rc4,707,0,114539,112954,1585,0,2,0,0,0,2358.97,3,3,10,14,,
screen/v12_style2,king_rc4,707,1,114539,112954,1585,0,2,0,0,0,3090.65,3,3,10,14,,
screen/v12_style2,king_rc4,708,0,89440,72329,17111,0,2,0,0,8,2609.64,3,3,13,14,,
screen/v12_style2,king_rc4,708,1,89440,72329,17111,0,2,0,0,8,1517,3,3,13,14,,
screen/v12_style2,king_rc4,709,0,81988,66899,15089,0,2,0,0,0,1855.33,3,3,14,14,,
screen/v12_style2,king_rc4,709,1,81988,66899,15089,0,2,0,0,0,1470.56,3,3,14,14,,
screen/v12_style2,king_rc4,710,0,159436,130725,28711,0,2,0,0,0,9230.92,3,3,13,17,,
screen/v12_style2,king_rc4,710,1,159436,130725,28711,0,2,0,0,0,4762.96,3,3,13,17,,
screen/v12_style2,king_rc4,711,0,114253,104482,9771,0,2,0,0,0,3931.18,3,3,13,14,,
screen/v12_style2,king_rc4,711,1,114253,104482,9771,0,2,0,0,0,2617.12,3,3,13,14,,
screen/v12_style2,king_rc4,712,0,83268,78509,4759,0,3,0,0,0,979.032,3,3,11,14,,
screen/v12_style2,king_rc4,712,1,83268,78509,4759,0,3,0,0,0,915.514,3,3,11,14,,
screen/v12_style2,king_rc4,713,0,118395,112793,5602,0,3,0,0,0,8465.96,3,3,14,17,,
screen/v12_style2,king_rc4,713,1,118395,112793,5602,0,3,0,0,0,4090.79,3,3,14,17,,
screen/v12_style2,king_rc4,714,0,76976,61464,15512,0,2,0,0,0,678.569,3,3,10,17,,
screen/v12_style2,king_rc4,714,1,104548,61136,43412,0,2,0,0,0,1243.04,3,3,12,17,,
screen/v12_style2,king_rc4,715,0,169919,157320,12599,0,3,0,0,0,4286.67,3,3,17,17,,
screen/v12_style2,king_rc4,715,1,169919,157320,12599,0,3,0,0,0,7757.39,3,3,17,17,,
screen/v12_style3,ahmed_v25,700,0,127119,104411,22708,0,3,0,0,6,2208.06,3,3,7,17,,
screen/v12_style3,ahmed_v25,700,1,127119,104411,22708,0,3,0,0,6,2852.2,3,3,7,17,,
screen/v12_style3,ahmed_v25,701,0,124379,115806,8573,0,6,0,0,6,7034.05,3,3,9,17,,
screen/v12_style3,ahmed_v25,701,1,124379,115806,8573,0,6,0,0,6,4609.36,3,3,9,17,,
screen/v12_style3,ahmed_v25,702,0,130719,116075,14644,0,4,0,0,6,6679.41,3,3,8,17,,
screen/v12_style3,ahmed_v25,702,1,130719,116075,14644,0,4,0,0,6,3006.6,3,3,8,17,,
screen/v12_style3,ahmed_v25,703,0,76923,65237,11686,0,2,0,0,6,1565.76,3,3,9,17,,
screen/v12_style3,ahmed_v25,703,1,76923,65237,11686,0,2,0,0,6,1938.38,3,3,9,17,,
screen/v12_style3,ahmed_v25,704,0,98282,66285,31997,0,4,0,0,6,1195.09,3,3,10,17,,
screen/v12_style3,ahmed_v25,704,1,98282,66285,31997,0,4,0,0,6,2605.16,3,3,10,17,,
screen/v12_style3,ahmed_v25,705,0,133078,108557,24521,0,3,0,0,6,2439.23,3,3,12,17,,
screen/v12_style3,ahmed_v25,705,1,133078,108557,24521,0,3,0,0,6,1414.17,3,3,12,17,,
screen/v12_style3,ahmed_v25,706,0,122405,102380,20025,0,3,0,0,6,1958.74,3,3,10,17,,
screen/v12_style3,ahmed_v25,706,1,122405,102380,20025,0,3,0,0,6,5454.52,3,3,10,17,,
screen/v12_style3,ahmed_v25,707,0,167546,140642,26904,0,6,0,0,6,5275.28,3,3,13,17,,
screen/v12_style3,ahmed_v25,707,1,167546,140642,26904,0,6,0,0,6,5289.69,3,3,13,17,,
screen/v12_style3,ahmed_v25,708,0,112396,112311,85,0,5,0,0,0,2156.05,3,3,7,16,,
screen/v12_style3,ahmed_v25,708,1,112396,112311,85,0,5,0,0,0,3842.53,3,3,7,16,,
screen/v12_style3,ahmed_v25,709,0,95932,88858,7074,0,5,0,0,6,3184.42,3,3,14,17,,
screen/v12_style3,ahmed_v25,709,1,95932,88858,7074,0,5,0,0,6,2805.38,3,3,14,17,,
screen/v12_style3,ahmed_v25,710,0,108308,95606,12702,0,3,0,0,6,6503.2,3,3,13,17,,
screen/v12_style3,ahmed_v25,710,1,108308,95606,12702,0,3,0,0,6,3657.84,3,3,13,17,,
screen/v12_style3,ahmed_v25,711,0,91935,71029,20906,0,3,0,0,6,2260.16,3,3,11,17,,
screen/v12_style3,ahmed_v25,711,1,91935,71029,20906,0,3,0,0,6,6068.27,3,3,11,17,,
screen/v12_style3,ahmed_v25,712,0,103195,75403,27792,0,4,0,2,6,4162.38,3,3,10,17,,
screen/v12_style3,ahmed_v25,712,1,103195,75403,27792,0,4,0,2,6,2098.03,3,3,10,17,,
screen/v12_style3,ahmed_v25,713,0,103162,100834,2328,0,6,0,0,6,4242.7,3,3,9,17,,
screen/v12_style3,ahmed_v25,713,1,103162,100834,2328,0,6,0,0,6,5597.5,3,3,9,17,,
screen/v12_style3,ahmed_v25,714,0,122032,113829,8203,0,3,0,0,6,2653,3,3,11,17,,
screen/v12_style3,ahmed_v25,714,1,122032,113829,8203,0,3,0,0,6,3142.6,3,3,11,17,,
screen/v12_style3,ahmed_v25,715,0,142555,117056,25499,0,6,0,0,6,4255.63,3,3,10,17,,
screen/v12_style3,ahmed_v25,715,1,142555,117056,25499,0,6,0,0,6,3880.25,3,3,10,17,,
screen/v12_style3,king_rc4,700,0,131435,101681,29754,0,3,0,0,1,3551.12,3,3,7,17,,
screen/v12_style3,king_rc4,700,1,131435,101681,29754,0,3,0,0,1,3048.46,3,3,7,17,,
screen/v12_style3,king_rc4,701,0,111119,110548,571,0,5,0,0,1,6990.75,3,3,9,17,,
screen/v12_style3,king_rc4,701,1,111119,110548,571,0,5,0,0,1,5393.44,3,3,9,17,,
screen/v12_style3,king_rc4,702,0,127075,114209,12866,0,4,0,0,0,4763.56,3,3,9,17,,
screen/v12_style3,king_rc4,702,1,127075,114209,12866,0,4,0,0,0,5780.48,3,3,9,17,,
screen/v12_style3,king_rc4,703,0,79616,57397,22219,0,2,0,0,2,1371.77,3,3,10,3,,
screen/v12_style3,king_rc4,703,1,79616,57397,22219,0,2,0,0,2,2009.23,3,3,10,3,,
screen/v12_style3,king_rc4,704,0,100651,63248,37403,0,4,0,0,2,6190.95,3,3,10,3,,
screen/v12_style3,king_rc4,704,1,100651,63248,37403,0,4,0,0,2,1743.89,3,3,10,3,,
screen/v12_style3,king_rc4,705,0,109329,95357,13972,0,3,0,0,5,3733.09,3,3,12,17,,
screen/v12_style3,king_rc4,705,1,109329,95357,13972,0,3,0,0,5,4903.39,3,3,12,17,,
screen/v12_style3,king_rc4,706,0,132260,95844,36416,0,3,0,0,0,2204.5,3,3,11,17,,
screen/v12_style3,king_rc4,706,1,132260,95844,36416,0,3,0,0,0,2476.56,3,3,11,17,,
screen/v12_style3,king_rc4,707,0,158796,136678,22118,0,6,0,0,5,5666.64,3,3,13,17,,
screen/v12_style3,king_rc4,707,1,158796,136678,22118,0,6,0,0,5,2575.68,3,3,13,17,,
screen/v12_style3,king_rc4,708,0,118263,103109,15154,0,4,0,0,0,3311.94,3,3,12,17,,
screen/v12_style3,king_rc4,708,1,118263,103109,15154,0,4,0,0,0,3649.36,3,3,12,17,,
screen/v12_style3,king_rc4,709,0,89754,84366,5388,0,5,0,0,0,2554.07,3,3,14,17,,
screen/v12_style3,king_rc4,709,1,89754,84366,5388,0,5,0,0,0,2462.66,3,3,14,17,,
screen/v12_style3,king_rc4,710,0,105557,81288,24269,0,3,0,0,5,3059.09,3,3,13,17,,
screen/v12_style3,king_rc4,710,1,105575,81295,24280,0,3,0,0,5,2760.27,3,3,13,17,,
screen/v12_style3,king_rc4,711,0,101934,83672,18262,0,3,0,0,0,6971.17,3,3,13,17,,
screen/v12_style3,king_rc4,711,1,101934,83672,18262,0,3,0,0,0,5304.53,3,3,13,17,,
screen/v12_style3,king_rc4,712,0,99284,81238,18046,0,4,0,9,2,9292.25,3,3,7,3,,
screen/v12_style3,king_rc4,712,1,99284,81238,18046,0,4,0,9,2,4657.5,3,3,7,3,,
screen/v12_style3,king_rc4,713,0,99761,92449,7312,0,5,0,0,1,3986.69,3,3,9,17,,
screen/v12_style3,king_rc4,713,1,99761,92449,7312,0,5,0,0,1,2802.47,3,3,9,17,,
screen/v12_style3,king_rc4,714,0,108469,99345,9124,0,3,0,0,5,4736.27,3,3,12,17,,
screen/v12_style3,king_rc4,714,1,108469,99345,9124,0,3,0,0,5,3450.6,3,3,12,17,,
screen/v12_style3,king_rc4,715,0,132232,106310,25922,0,6,0,0,1,2031.22,3,3,10,17,,
screen/v12_style3,king_rc4,715,1,132232,106310,25922,0,6,0,0,1,3308.89,3,3,10,17,,
screen/v12_style7,ahmed_v25,700,0,128775,106548,22227,0,2,0,0,6,4179.57,3,3,15,17,,
screen/v12_style7,ahmed_v25,700,1,128775,106548,22227,0,2,0,0,6,3902.75,3,3,15,17,,
screen/v12_style7,ahmed_v25,701,0,146489,132809,13680,0,4,0,2,6,4183.06,3,3,12,17,,
screen/v12_style7,ahmed_v25,701,1,146489,132809,13680,0,4,0,2,6,4733.78,3,3,12,17,,
screen/v12_style7,ahmed_v25,702,0,128168,113639,14529,0,4,0,0,0,1642.22,3,3,6,16,,
screen/v12_style7,ahmed_v25,702,1,128168,113639,14529,0,4,0,0,0,2031.55,3,3,6,16,,
screen/v12_style7,ahmed_v25,703,0,99120,87040,12080,0,2,0,0,6,1923.56,3,3,16,17,,
screen/v12_style7,ahmed_v25,703,1,99120,87040,12080,0,2,0,0,6,2772.38,3,3,16,17,,
screen/v12_style7,ahmed_v25,704,0,111108,105190,5918,0,2,0,0,6,2498.77,3,3,14,17,,
screen/v12_style7,ahmed_v25,704,1,111108,105190,5918,0,2,0,0,6,3035.24,3,3,14,17,,
screen/v12_style7,ahmed_v25,705,0,137678,124043,13635,0,5,0,0,6,3995.01,3,3,11,17,,
screen/v12_style7,ahmed_v25,705,1,137678,124043,13635,0,5,0,0,6,3858.59,3,3,11,17,,
screen/v12_style7,ahmed_v25,706,0,105638,84784,20854,0,2,0,0,6,1722.99,3,3,12,17,,
screen/v12_style7,ahmed_v25,706,1,105638,84784,20854,0,2,0,0,6,1930.74,3,3,12,17,,
screen/v12_style7,ahmed_v25,707,0,108515,96757,11758,0,3,0,0,6,2443.76,3,3,15,17,,
screen/v12_style7,ahmed_v25,707,1,108515,96757,11758,0,3,0,0,6,2497.32,3,3,15,17,,
screen/v12_style7,ahmed_v25,708,0,92653,78759,13894,0,3,0,0,6,2045.49,3,3,12,17,,
screen/v12_style7,ahmed_v25,708,1,92653,78759,13894,0,3,0,0,6,2473.23,3,3,12,17,,
screen/v12_style7,ahmed_v25,709,0,95245,73305,21940,0,3,0,0,0,3506.02,3,3,9,16,,
screen/v12_style7,ahmed_v25,709,1,95245,73305,21940,0,3,0,0,0,2398.18,3,3,9,16,,
screen/v12_style7,ahmed_v25,710,0,132099,83018,49081,0,3,0,0,6,3520.54,3,3,14,17,,
screen/v12_style7,ahmed_v25,710,1,132099,83018,49081,0,3,0,0,6,2075.7,3,3,14,17,,
screen/v12_style7,ahmed_v25,711,0,107612,100843,6769,0,3,0,0,6,3290.18,3,3,11,17,,
screen/v12_style7,ahmed_v25,711,1,107612,100843,6769,0,3,0,0,6,3845.21,3,3,11,17,,
screen/v12_style7,ahmed_v25,712,0,105641,99957,5684,0,4,0,0,6,3492.88,3,3,8,17,,
screen/v12_style7,ahmed_v25,712,1,105641,99957,5684,0,4,0,0,6,2630.06,3,3,8,17,,
screen/v12_style7,ahmed_v25,713,0,104324,94544,9780,0,3,0,0,6,2713.44,3,3,16,17,,
screen/v12_style7,ahmed_v25,713,1,104324,94544,9780,0,3,0,0,6,3666.71,3,3,16,17,,
screen/v12_style7,ahmed_v25,714,0,114014,102054,11960,0,5,0,0,6,4324.52,3,3,10,17,,
screen/v12_style7,ahmed_v25,714,1,114014,102054,11960,0,5,0,0,6,2754.88,3,3,10,17,,
screen/v12_style7,ahmed_v25,715,0,183016,140828,42188,0,5,0,0,6,2285.86,3,3,14,17,,
screen/v12_style7,ahmed_v25,715,1,183016,140828,42188,0,5,0,0,6,4391.08,3,3,14,17,,
screen/v12_style7,king_rc4,700,0,134966,83445,51521,0,4,0,0,0,3285.32,3,3,16,14,,
screen/v12_style7,king_rc4,700,1,134966,83445,51521,0,4,0,0,0,2507.68,3,3,16,14,,
screen/v12_style7,king_rc4,701,0,141008,130569,10439,0,5,0,0,0,2292.38,3,3,9,13,,
screen/v12_style7,king_rc4,701,1,141187,130485,10702,0,5,0,0,0,2442.9,3,3,9,13,,
screen/v12_style7,king_rc4,702,0,123785,115625,8160,0,5,0,0,0,2735.81,3,3,10,17,,
screen/v12_style7,king_rc4,702,1,123785,115625,8160,0,5,0,0,0,3916.97,3,3,10,17,,
screen/v12_style7,king_rc4,703,0,79377,60303,19074,0,2,0,0,0,2822.43,3,3,10,14,,
screen/v12_style7,king_rc4,703,1,79377,60303,19074,0,2,0,0,0,2266.38,3,3,10,14,,
screen/v12_style7,king_rc4,704,0,85805,71065,14740,0,3,0,0,3,1389.06,3,3,11,13,,
screen/v12_style7,king_rc4,704,1,89852,76843,13009,0,2,0,0,3,2056.32,3,3,13,13,,
screen/v12_style7,king_rc4,705,0,120634,109339,11295,0,5,0,1,0,2973.68,3,3,13,14,,
screen/v12_style7,king_rc4,705,1,120634,109339,11295,0,5,0,1,0,3504.5,3,3,13,14,,
screen/v12_style7,king_rc4,706,0,102035,78353,23682,0,5,0,0,0,1963.06,3,3,12,17,,
screen/v12_style7,king_rc4,706,1,102035,78353,23682,0,5,0,0,0,2028.47,3,3,12,17,,
screen/v12_style7,king_rc4,707,0,91416,78841,12575,0,2,0,0,5,2022.69,3,3,12,14,,
screen/v12_style7,king_rc4,707,1,91416,78841,12575,0,2,0,0,5,1486.45,3,3,12,14,,
screen/v12_style7,king_rc4,708,0,97758,67766,29992,0,3,0,0,0,5533.85,3,3,15,13,,
screen/v12_style7,king_rc4,708,1,97758,67766,29992,0,3,0,0,0,4444.67,3,3,15,13,,
screen/v12_style7,king_rc4,709,0,90963,77091,13872,0,4,0,0,0,2130.35,3,3,6,17,,
screen/v12_style7,king_rc4,709,1,90963,77091,13872,0,4,0,0,0,1599.22,3,3,6,17,,
screen/v12_style7,king_rc4,710,0,94150,64035,30115,0,2,0,0,0,2803.85,3,3,11,13,,
screen/v12_style7,king_rc4,710,1,94150,64035,30115,0,2,0,0,0,3923.08,3,3,11,13,,
screen/v12_style7,king_rc4,711,0,88870,70188,18682,0,2,0,0,3,3486.37,3,3,13,13,,
screen/v12_style7,king_rc4,711,1,88870,70188,18682,0,2,0,0,3,3287.89,3,3,13,13,,
screen/v12_style7,king_rc4,712,0,104275,84291,19984,0,4,0,0,0,3763.85,3,3,11,13,,
screen/v12_style7,king_rc4,712,1,104275,84291,19984,0,4,0,0,0,1750.14,3,3,11,13,,
screen/v12_style7,king_rc4,713,0,106970,90708,16262,0,3,0,0,0,1911.92,3,3,15,14,,
screen/v12_style7,king_rc4,713,1,106970,90708,16262,0,3,0,0,0,2217.02,3,3,15,14,,
screen/v12_style7,king_rc4,714,0,118236,95319,22917,0,4,0,0,0,2327.12,3,3,14,17,,
screen/v12_style7,king_rc4,714,1,118236,95319,22917,0,4,0,0,0,1192.19,3,3,14,17,,
screen/v12_style7,king_rc4,715,0,186575,149959,36616,0,4,0,0,0,2329.34,3,3,15,14,,
screen/v12_style7,king_rc4,715,1,186575,149959,36616,0,4,0,0,0,3182.36,3,3,15,14,,
screen/v12_style8,ahmed_v25,700,0,113785,103773,10012,0,2,0,0,6,3557.34,3,3,10,17,,
screen/v12_style8,ahmed_v25,700,1,113785,103773,10012,0,2,0,0,6,2895.09,3,3,10,17,,
screen/v12_style8,ahmed_v25,701,0,129298,118666,10632,0,4,0,0,6,3572.49,3,3,11,17,,
screen/v12_style8,ahmed_v25,701,1,129298,118666,10632,0,4,0,0,6,6718.52,3,3,11,17,,
screen/v12_style8,ahmed_v25,702,0,131735,112820,18915,0,4,0,0,6,4862.97,3,3,6,17,,
screen/v12_style8,ahmed_v25,702,1,131735,112820,18915,0,4,0,0,6,7728.95,3,3,6,17,,
screen/v12_style8,ahmed_v25,703,0,106186,94423,11763,0,3,0,0,0,5055.53,3,3,12,16,,
screen/v12_style8,ahmed_v25,703,1,106186,94423,11763,0,3,0,0,0,5056.73,3,3,12,16,,
screen/v12_style8,ahmed_v25,704,0,86364,64309,22055,0,2,0,0,6,2335.82,3,3,9,17,,
screen/v12_style8,ahmed_v25,704,1,86364,64309,22055,0,2,0,0,6,5087.59,3,3,9,17,,
screen/v12_style8,ahmed_v25,705,0,133822,107605,26217,0,3,0,0,6,3900.48,3,3,8,17,,
screen/v12_style8,ahmed_v25,705,1,133822,107605,26217,0,3,0,0,6,4237.28,3,3,8,17,,
screen/v12_style8,ahmed_v25,706,0,90702,73289,17413,0,2,0,1,6,8385.89,3,3,7,17,,
screen/v12_style8,ahmed_v25,706,1,90702,73289,17413,0,2,0,1,6,10791.7,3,3,7,17,,
screen/v12_style8,ahmed_v25,707,0,152411,134187,18224,0,2,0,0,6,2790.39,3,3,13,17,,
screen/v12_style8,ahmed_v25,707,1,152411,134187,18224,0,2,0,0,6,5192.73,3,3,13,17,,
screen/v12_style8,ahmed_v25,708,0,133755,119828,13927,0,2,0,0,2,4240.37,3,3,17,16,,
screen/v12_style8,ahmed_v25,708,1,133755,119828,13927,0,2,0,0,2,2442.96,3,3,17,16,,
screen/v12_style8,ahmed_v25,709,0,93898,86432,7466,0,2,0,0,6,2314.64,3,3,14,17,,
screen/v12_style8,ahmed_v25,709,1,93898,86432,7466,0,2,0,0,6,4423.67,3,3,14,17,,
screen/v12_style8,ahmed_v25,710,0,144254,124221,20033,0,3,0,0,6,3406.29,3,3,15,17,,
screen/v12_style8,ahmed_v25,710,1,144254,124221,20033,0,3,0,0,6,3699.59,3,3,15,17,,
screen/v12_style8,ahmed_v25,711,0,90108,79188,10920,0,2,0,0,6,2835.27,3,3,9,17,,
screen/v12_style8,ahmed_v25,711,1,90108,79188,10920,0,2,0,0,6,4414.37,3,3,9,17,,
screen/v12_style8,ahmed_v25,712,0,102688,81213,21475,0,2,0,0,6,5477.7,3,3,8,17,,
screen/v12_style8,ahmed_v25,712,1,102688,81213,21475,0,2,0,0,6,5794.58,3,3,8,17,,
screen/v12_style8,ahmed_v25,713,0,114117,109488,4629,0,4,0,0,6,6065.18,3,3,11,17,,
screen/v12_style8,ahmed_v25,713,1,114117,109488,4629,0,4,0,0,6,4166.51,3,3,11,17,,
screen/v12_style8,ahmed_v25,714,0,82573,59280,23293,0,2,0,0,7,1012.8,3,3,9,17,,
screen/v12_style8,ahmed_v25,714,1,116160,88053,28107,0,2,0,10,6,6836.36,3,3,17,17,,
screen/v12_style8,ahmed_v25,715,0,148976,134018,14958,0,4,0,0,6,5745.34,3,3,14,17,,
screen/v12_style8,ahmed_v25,715,1,148976,134018,14958,0,4,0,0,6,7692.98,3,3,14,17,,
screen/v12_style8,king_rc4,700,0,107640,97252,10388,0,2,0,6,1,8587.52,3,3,11,17,,
screen/v12_style8,king_rc4,700,1,107640,97252,10388,0,2,0,6,1,9318.73,3,3,11,17,,
screen/v12_style8,king_rc4,701,0,118782,111945,6837,0,3,0,0,1,6432.3,3,3,11,17,,
screen/v12_style8,king_rc4,701,1,119754,112618,7136,0,3,0,0,1,2248.42,3,3,11,17,,
screen/v12_style8,king_rc4,702,0,123485,114518,8967,0,3,0,0,0,6660.96,3,3,9,17,,
screen/v12_style8,king_rc4,702,1,123463,114519,8944,0,3,0,0,0,4844.43,3,3,9,17,,
screen/v12_style8,king_rc4,703,0,108650,77030,31620,0,3,0,0,0,3615.69,3,3,12,17,,
screen/v12_style8,king_rc4,703,1,108650,77030,31620,0,3,0,0,0,2775.52,3,3,12,17,,
screen/v12_style8,king_rc4,704,0,85063,60989,24074,0,2,0,0,2,4562.89,3,3,9,3,,
screen/v12_style8,king_rc4,704,1,85063,60989,24074,0,2,0,0,2,3642.81,3,3,9,3,,
screen/v12_style8,king_rc4,705,0,130180,102682,27498,0,3,0,0,5,2385.34,3,3,9,17,,
screen/v12_style8,king_rc4,705,1,130180,102682,27498,0,3,0,0,5,5782.98,3,3,9,17,,
screen/v12_style8,king_rc4,706,0,80902,55658,25244,0,2,0,0,13,785.5,3,3,7,8,,
screen/v12_style8,king_rc4,706,1,81246,55641,25605,0,2,0,0,13,802.058,3,3,7,8,,
screen/v12_style8,king_rc4,707,0,131854,112185,19669,0,2,0,0,5,6877.51,3,3,14,17,,
screen/v12_style8,king_rc4,707,1,131854,112185,19669,0,2,0,0,5,9298.36,3,3,14,17,,
screen/v12_style8,king_rc4,708,0,138865,117206,21659,0,3,0,0,0,2343.51,3,3,17,17,,
screen/v12_style8,king_rc4,708,1,138865,117206,21659,0,3,0,0,0,2822.09,3,3,17,17,,
screen/v12_style8,king_rc4,709,0,87779,71977,15802,0,2,0,0,0,3806.11,3,3,16,17,,
screen/v12_style8,king_rc4,709,1,87779,71977,15802,0,2,0,0,0,6102.49,3,3,16,17,,
screen/v12_style8,king_rc4,710,0,138457,112640,25817,0,3,0,2,5,3161.27,3,3,15,17,,
screen/v12_style8,king_rc4,710,1,138796,112635,26161,0,3,0,2,5,4189.9,3,3,15,17,,
screen/v12_style8,king_rc4,711,0,87463,69205,18258,0,2,0,0,2,2133.87,3,3,9,3,,
screen/v12_style8,king_rc4,711,1,87463,69205,18258,0,2,0,0,2,2417.29,3,3,9,3,,
screen/v12_style8,king_rc4,712,0,113751,91953,21798,0,2,0,0,2,4155.71,3,3,9,3,,
screen/v12_style8,king_rc4,712,1,113133,91888,21245,0,2,0,0,2,2701.61,3,3,9,3,,
screen/v12_style8,king_rc4,713,0,116518,103640,12878,0,3,0,0,1,5402.7,3,3,10,17,,
screen/v12_style8,king_rc4,713,1,116518,103640,12878,0,3,0,0,1,3928.64,3,3,10,17,,
screen/v12_style8,king_rc4,714,0,81069,53975,27094,0,2,0,0,13,1113.75,3,3,11,8,,
screen/v12_style8,king_rc4,714,1,110126,94094,16032,0,2,0,3,5,7522.25,3,3,18,17,,
screen/v12_style8,king_rc4,715,0,127619,113955,13664,0,4,0,0,1,5475.92,3,3,14,17,,
screen/v12_style8,king_rc4,715,1,127619,113955,13664,0,4,0,0,1,7506.68,3,3,14,17,,
screen/v12_style9,ahmed_v25,700,0,110923,103746,7177,0,3,0,0,6,4073.12,3,3,12,17,,
screen/v12_style9,ahmed_v25,700,1,110923,103746,7177,0,3,0,0,6,7324.67,3,3,12,17,,
screen/v12_style9,ahmed_v25,701,0,120612,113587,7025,0,2,0,0,6,3582.69,3,3,8,17,,
screen/v12_style9,ahmed_v25,701,1,120612,113587,7025,0,2,0,0,6,3365.23,3,3,8,17,,
screen/v12_style9,ahmed_v25,702,0,110852,106755,4097,0,3,0,0,6,1077.36,3,3,9,17,,
screen/v12_style9,ahmed_v25,702,1,110852,106755,4097,0,3,0,0,6,3177.81,3,3,9,17,,
screen/v12_style9,ahmed_v25,703,0,75192,73630,1562,0,2,0,0,6,450.503,2,3,8,17,,
screen/v12_style9,ahmed_v25,703,1,75192,73630,1562,0,2,0,0,6,246.453,2,3,8,17,,
screen/v12_style9,ahmed_v25,704,0,99679,102553,-2874,0,3,0,0,6,4536.16,3,3,11,17,,
screen/v12_style9,ahmed_v25,704,1,99679,102553,-2874,0,3,0,0,6,8423.01,3,3,11,17,,
screen/v12_style9,ahmed_v25,705,0,85462,74768,10694,0,3,0,0,6,2426.74,3,3,8,17,,
screen/v12_style9,ahmed_v25,705,1,85462,74768,10694,0,3,0,0,6,2634.36,3,3,8,17,,
screen/v12_style9,ahmed_v25,706,0,121953,99344,22609,0,3,0,0,6,3512.35,3,3,13,17,,
screen/v12_style9,ahmed_v25,706,1,121953,99344,22609,0,3,0,0,6,3716.77,3,3,13,17,,
screen/v12_style9,ahmed_v25,707,0,105559,100724,4835,0,3,0,0,6,4195.27,3,3,11,17,,
screen/v12_style9,ahmed_v25,707,1,105559,100724,4835,0,3,0,0,6,6176.34,3,3,11,17,,
screen/v12_style9,ahmed_v25,708,0,131279,110103,21176,0,2,0,0,6,3273.22,3,3,14,17,,
screen/v12_style9,ahmed_v25,708,1,131279,110103,21176,0,2,0,0,6,3695.56,3,3,14,17,,
screen/v12_style9,ahmed_v25,709,0,83645,71887,11758,0,2,0,2,6,2312.31,3,3,11,17,,
screen/v12_style9,ahmed_v25,709,1,83645,71887,11758,0,2,0,2,6,1729.64,3,3,11,17,,
screen/v12_style9,ahmed_v25,710,0,132104,100141,31963,0,2,0,0,6,3980.13,3,3,12,17,,
screen/v12_style9,ahmed_v25,710,1,132104,100141,31963,0,2,0,0,6,3968.65,3,3,12,17,,
screen/v12_style9,ahmed_v25,711,0,111319,103434,7885,0,3,0,0,6,7271,3,3,12,17,,
screen/v12_style9,ahmed_v25,711,1,111319,103434,7885,0,3,0,0,6,2213.42,3,3,12,17,,
screen/v12_style9,ahmed_v25,712,0,77081,66173,10908,0,3,0,0,6,3583.23,3,3,11,17,,
screen/v12_style9,ahmed_v25,712,1,77081,66173,10908,0,3,0,0,6,2062.81,3,3,11,17,,
screen/v12_style9,ahmed_v25,713,0,133007,120881,12126,0,2,0,0,0,5041.76,3,3,11,16,,
screen/v12_style9,ahmed_v25,713,1,133007,120881,12126,0,2,0,0,0,4383.8,3,3,11,16,,
screen/v12_style9,ahmed_v25,714,0,103020,105598,-2578,0,3,0,0,6,2288.84,3,3,11,17,,
screen/v12_style9,ahmed_v25,714,1,103020,105598,-2578,0,3,0,0,6,853.999,3,3,11,17,,
screen/v12_style9,ahmed_v25,715,0,156296,136802,19494,0,2,0,0,0,3794.45,3,3,8,16,,
screen/v12_style9,ahmed_v25,715,1,156296,136802,19494,0,2,0,0,0,1568.42,3,3,8,16,,
screen/v12_style9,king_rc4,700,0,130221,106517,23704,0,3,0,0,1,3945.18,3,3,12,13,,
screen/v12_style9,king_rc4,700,1,132460,106655,25805,0,3,0,0,0,2839.97,3,3,12,13,,
screen/v12_style9,king_rc4,701,0,115276,106275,9001,0,2,0,0,3,4126.22,3,3,8,13,,
screen/v12_style9,king_rc4,701,1,115089,106199,8890,0,2,0,0,3,4072.08,3,3,8,13,,
screen/v12_style9,king_rc4,702,0,110822,115123,-4301,0,3,0,0,0,5143.9,3,3,8,14,,
screen/v12_style9,king_rc4,702,1,110822,115123,-4301,0,3,0,0,0,5971.42,3,3,8,14,,
screen/v12_style9,king_rc4,703,0,96775,73545,23230,0,2,0,0,1,4460.72,3,3,13,13,,
screen/v12_style9,king_rc4,703,1,69269,63758,5511,0,2,0,0,0,1814.86,2,3,8,13,,
screen/v12_style9,king_rc4,704,0,113106,106860,6246,0,2,0,0,3,2977.75,3,3,10,14,,
screen/v12_style9,king_rc4,704,1,113106,106860,6246,0,2,0,0,3,2731.87,3,3,10,14,,
screen/v12_style9,king_rc4,705,0,86004,69775,16229,0,2,0,0,0,2039.88,3,3,9,14,,
screen/v12_style9,king_rc4,705,1,86004,69775,16229,0,2,0,0,0,2141.92,3,3,9,14,,
screen/v12_style9,king_rc4,706,0,140121,79900,60221,0,3,0,0,0,1868.61,3,3,10,17,,
screen/v12_style9,king_rc4,706,1,140121,79900,60221,0,3,0,0,0,2026.19,3,3,10,17,,
screen/v12_style9,king_rc4,707,0,124757,121619,3138,0,3,0,0,0,3393.97,3,3,10,14,,
screen/v12_style9,king_rc4,707,1,124757,121619,3138,0,3,0,0,0,4426.41,3,3,10,14,,
screen/v12_style9,king_rc4,708,0,150388,118542,31846,0,2,0,0,0,1211.87,3,3,14,14,,
screen/v12_style9,king_rc4,708,1,150388,118542,31846,0,2,0,0,0,3213.32,3,3,14,14,,
screen/v12_style9,king_rc4,709,0,82119,62649,19470,0,2,0,0,0,2299.91,3,3,11,14,,
screen/v12_style9,king_rc4,709,1,82119,62649,19470,0,2,0,0,0,1225.96,3,3,11,14,,
screen/v12_style9,king_rc4,710,0,125150,89239,35911,0,2,0,0,0,3092.1,3,3,12,17,,
screen/v12_style9,king_rc4,710,1,125150,89239,35911,0,2,0,0,0,1415.94,3,3,12,17,,
screen/v12_style9,king_rc4,711,0,130647,125600,5047,0,3,0,0,0,3880.84,3,3,11,14,,
screen/v12_style9,king_rc4,711,1,130647,125600,5047,0,3,0,0,0,5877.45,3,3,11,14,,
screen/v12_style9,king_rc4,712,0,81697,78283,3414,0,2,0,0,0,2138.74,3,3,13,14,,
screen/v12_style9,king_rc4,712,1,81697,78283,3414,0,2,0,0,0,1851.78,3,3,13,14,,
screen/v12_style9,king_rc4,713,0,114279,107974,6305,0,2,0,0,0,3073.82,3,3,8,17,,
screen/v12_style9,king_rc4,713,1,114279,107974,6305,0,2,0,0,0,1501.45,3,3,8,17,,
screen/v12_style9,king_rc4,714,0,93117,73598,19519,0,3,0,0,0,2114.78,3,3,11,14,,
screen/v12_style9,king_rc4,714,1,93117,73598,19519,0,3,0,0,0,2576,3,3,11,14,,
screen/v12_style9,king_rc4,715,0,145512,142815,2697,0,2,0,0,0,3009.06,3,3,14,17,,
screen/v12_style9,king_rc4,715,1,145664,144163,1501,0,2,0,0,0,4171.26,3,3,14,17,,
screen/v13_w384_s29k,ahmed_v25,700,0,102784,99271,3513,0,4,0,0,6,1670.33,3,3,15,17,,
screen/v13_w384_s29k,ahmed_v25,700,1,102784,99271,3513,0,4,0,0,6,1497.49,3,3,15,17,,
screen/v13_w384_s29k,ahmed_v25,701,0,148108,139315,8793,0,2,0,0,6,1967.57,3,3,13,17,,
screen/v13_w384_s29k,ahmed_v25,701,1,148108,139315,8793,0,2,0,0,6,1677.47,3,3,13,17,,
screen/v13_w384_s29k,ahmed_v25,702,0,141461,133307,8154,0,4,0,0,6,2435.3,3,3,11,17,,
screen/v13_w384_s29k,ahmed_v25,702,1,141461,133307,8154,0,4,0,0,6,2866.02,3,3,11,17,,
screen/v13_w384_s29k,ahmed_v25,703,0,135463,119639,15824,0,3,0,1,6,2147.24,3,3,16,17,,
screen/v13_w384_s29k,ahmed_v25,703,1,135463,119639,15824,0,3,0,1,6,2000.72,3,3,16,17,,
screen/v13_w384_s29k,ahmed_v25,704,0,93321,68855,24466,0,2,0,0,6,3056.52,3,3,10,17,,
screen/v13_w384_s29k,ahmed_v25,704,1,93321,68855,24466,0,2,0,0,6,2367.78,3,3,10,17,,
screen/v13_w384_s29k,ahmed_v25,705,0,102218,94628,7590,0,1,0,0,6,1845.76,3,3,13,17,,
screen/v13_w384_s29k,ahmed_v25,705,1,102218,94628,7590,0,1,0,0,6,1757.28,3,3,13,17,,
screen/v13_w384_s29k,ahmed_v25,706,0,108375,82787,25588,0,3,0,0,6,1423.82,3,3,9,17,,
screen/v13_w384_s29k,ahmed_v25,706,1,108496,82792,25704,0,3,0,0,6,1324.82,3,3,9,17,,
screen/v13_w384_s29k,ahmed_v25,707,0,128810,116134,12676,0,5,0,0,6,1704.38,3,3,13,17,,
screen/v13_w384_s29k,ahmed_v25,707,1,147734,134321,13413,0,6,0,3,6,3004.68,3,3,16,17,,
screen/v13_w384_s29k,ahmed_v25,708,0,86551,71397,15154,0,1,0,0,6,1150.46,3,3,11,17,,
screen/v13_w384_s29k,ahmed_v25,708,1,86551,71397,15154,0,1,0,0,6,1347.47,3,3,11,17,,
screen/v13_w384_s29k,ahmed_v25,709,0,119684,79537,40147,0,4,0,10,6,2343.98,3,3,13,17,,
screen/v13_w384_s29k,ahmed_v25,709,1,119684,79537,40147,0,4,0,10,6,2166.46,3,3,13,17,,
screen/v13_w384_s29k,ahmed_v25,710,0,171944,134268,37676,0,6,0,23,6,3033.97,3,3,17,17,,
screen/v13_w384_s29k,ahmed_v25,710,1,171944,134268,37676,0,6,0,23,6,3281.4,3,3,17,17,,
screen/v13_w384_s29k,ahmed_v25,711,0,133487,119299,14188,0,5,0,0,6,2529.67,3,3,19,17,,
screen/v13_w384_s29k,ahmed_v25,711,1,133487,119299,14188,0,5,0,0,6,1909.1,3,3,19,17,,
screen/v13_w384_s29k,ahmed_v25,712,0,85164,79036,6128,0,1,0,0,6,1229.74,3,3,11,17,,
screen/v13_w384_s29k,ahmed_v25,712,1,85164,79036,6128,0,1,0,0,6,1615.15,3,3,11,17,,
screen/v13_w384_s29k,ahmed_v25,713,0,119958,113124,6834,0,6,0,0,0,1974.35,3,3,18,16,,
screen/v13_w384_s29k,ahmed_v25,713,1,119958,113124,6834,0,6,0,0,0,2066.77,3,3,18,16,,
screen/v13_w384_s29k,ahmed_v25,714,0,100708,86362,14346,0,3,0,41,6,2734.86,3,3,14,17,,
screen/v13_w384_s29k,ahmed_v25,714,1,100708,86362,14346,0,3,0,41,6,3043.93,3,3,14,17,,
screen/v13_w384_s29k,ahmed_v25,715,0,142505,110709,31796,0,6,0,0,0,2005.48,3,3,19,16,,
screen/v13_w384_s29k,ahmed_v25,715,1,142505,110709,31796,0,6,0,0,0,2063.05,3,3,19,16,,
screen/v13_w384_s29k,arlene_v4_m31,700,0,102290,91943,10347,0,3,0,0,0,2020.82,3,3,17,17,,
screen/v13_w384_s29k,arlene_v4_m31,700,1,102290,91943,10347,0,3,0,0,0,1727.7,3,3,17,17,,
screen/v13_w384_s29k,arlene_v4_m31,701,0,154858,139532,15326,0,2,0,0,0,2657.65,3,3,13,17,,
screen/v13_w384_s29k,arlene_v4_m31,701,1,154810,139523,15287,0,2,0,0,0,2121.33,3,3,13,17,,
screen/v13_w384_s29k,arlene_v4_m31,702,0,146168,133689,12479,0,4,0,0,0,3490.37,3,3,15,17,,
screen/v13_w384_s29k,arlene_v4_m31,702,1,146168,133689,12479,0,4,0,0,0,2258.93,3,3,15,17,,
screen/v13_w384_s29k,arlene_v4_m31,703,0,99571,87291,12280,0,2,0,5,0,3314.47,3,3,13,17,,
screen/v13_w384_s29k,arlene_v4_m31,703,1,99571,87291,12280,0,2,0,5,0,3232.51,3,3,13,17,,
screen/v13_w384_s29k,arlene_v4_m31,704,0,91144,64731,26413,0,2,0,0,0,2122.11,3,3,9,17,,
screen/v13_w384_s29k,arlene_v4_m31,704,1,91144,64731,26413,0,2,0,0,0,2455.39,3,3,9,17,,
screen/v13_w384_s29k,arlene_v4_m31,705,0,88484,77381,11103,0,2,0,11,0,1241.83,3,3,8,17,,
screen/v13_w384_s29k,arlene_v4_m31,705,1,88484,77381,11103,0,2,0,11,0,963.906,3,3,8,17,,
screen/v13_w384_s29k,arlene_v4_m31,706,0,111819,98907,12912,0,4,0,0,0,2477.51,3,3,12,17,,
screen/v13_w384_s29k,arlene_v4_m31,706,1,111819,98907,12912,0,4,0,0,0,3855.82,3,3,12,17,,
screen/v13_w384_s29k,arlene_v4_m31,707,0,116501,96074,20427,0,2,0,3,0,2125.79,3,3,15,17,,
screen/v13_w384_s29k,arlene_v4_m31,707,1,116501,96074,20427,0,2,0,3,0,2331.25,3,3,15,17,,
screen/v13_w384_s29k,arlene_v4_m31,708,0,100499,68843,31656,0,2,0,0,0,3855.71,3,3,15,17,,
screen/v13_w384_s29k,arlene_v4_m31,708,1,100499,68843,31656,0,2,0,0,0,4017.27,3,3,15,17,,
screen/v13_w384_s29k,arlene_v4_m31,709,0,117006,74468,42538,0,4,0,33,0,4614.22,3,3,14,8,,
screen/v13_w384_s29k,arlene_v4_m31,709,1,117006,74468,42538,0,4,0,33,0,4052.34,3,3,14,8,,
screen/v13_w384_s29k,arlene_v4_m31,710,0,144585,130363,14222,0,6,0,14,0,2801.93,3,3,16,17,,
screen/v13_w384_s29k,arlene_v4_m31,710,1,144585,130363,14222,0,6,0,14,0,2693.51,3,3,16,17,,
screen/v13_w384_s29k,arlene_v4_m31,711,0,176182,139392,36790,0,2,0,0,0,2890.32,3,3,16,17,,
screen/v13_w384_s29k,arlene_v4_m31,711,1,176182,139392,36790,0,2,0,0,0,2305.89,3,3,16,17,,
screen/v13_w384_s29k,arlene_v4_m31,712,0,87541,80646,6895,0,2,0,0,0,1785.71,3,3,10,17,,
screen/v13_w384_s29k,arlene_v4_m31,712,1,87541,80646,6895,0,2,0,0,0,1837.25,3,3,10,17,,
screen/v13_w384_s29k,arlene_v4_m31,713,0,120986,126910,-5924,0,6,0,1,0,1894.05,3,3,17,17,,
screen/v13_w384_s29k,arlene_v4_m31,713,1,120986,126910,-5924,0,6,0,1,0,1780.08,3,3,17,17,,
screen/v13_w384_s29k,arlene_v4_m31,714,0,106980,99877,7103,0,3,0,8,0,2332.99,3,3,15,17,,
screen/v13_w384_s29k,arlene_v4_m31,714,1,106980,99877,7103,0,3,0,8,0,2323.95,3,3,15,17,,
screen/v13_w384_s29k,arlene_v4_m31,715,0,126830,125197,1633,0,6,0,0,0,1248.78,3,3,18,17,,
screen/v13_w384_s29k,arlene_v4_m31,715,1,126830,125197,1633,0,6,0,0,0,903.197,3,3,18,17,,
screen/v13_w384_s29k,king_rc4,700,0,101370,82907,18463,0,2,0,0,2,1995.68,3,3,11,13,,
screen/v13_w384_s29k,king_rc4,700,1,101370,82907,18463,0,2,0,0,2,1928.26,3,3,11,13,,
screen/v13_w384_s29k,king_rc4,701,0,124371,102709,21662,0,3,0,0,0,3456.49,3,3,14,13,,
screen/v13_w384_s29k,king_rc4,701,1,124238,102581,21657,0,3,0,0,0,3015.55,3,3,14,13,,
screen/v13_w384_s29k,king_rc4,702,0,144882,137954,6928,0,7,0,0,0,2442.29,3,3,12,14,,
screen/v13_w384_s29k,king_rc4,702,1,144882,137954,6928,0,7,0,0,0,1918.71,3,3,12,14,,
screen/v13_w384_s29k,king_rc4,703,0,82239,74453,7786,0,2,0,0,3,1372.56,3,3,11,13,,
screen/v13_w384_s29k,king_rc4,703,1,82834,57547,25287,0,2,0,0,0,4695.25,3,3,11,13,,
screen/v13_w384_s29k,king_rc4,704,0,86583,57808,28775,0,3,0,0,0,1678.59,3,3,9,14,,
screen/v13_w384_s29k,king_rc4,704,1,86583,57808,28775,0,3,0,0,0,2216.53,3,3,9,14,,
screen/v13_w384_s29k,king_rc4,705,0,110795,99717,11078,0,3,0,22,0,2267.85,3,3,12,14,,
screen/v13_w384_s29k,king_rc4,705,1,110795,99717,11078,0,3,0,22,0,2492.92,3,3,12,14,,
screen/v13_w384_s29k,king_rc4,706,0,115227,102720,12507,0,3,0,0,2,1213.81,3,3,14,13,,
screen/v13_w384_s29k,king_rc4,706,1,115227,102720,12507,0,3,0,0,2,1034.44,3,3,14,13,,
screen/v13_w384_s29k,king_rc4,707,0,131161,120357,10804,0,6,0,0,0,2091.73,3,3,16,14,,
screen/v13_w384_s29k,king_rc4,707,1,131161,120357,10804,0,6,0,0,0,2208.45,3,3,16,14,,
screen/v13_w384_s29k,king_rc4,708,0,88706,75437,13269,0,2,0,0,0,1107.75,3,3,13,14,,
screen/v13_w384_s29k,king_rc4,708,1,88706,75437,13269,0,2,0,0,0,1180.46,3,3,13,14,,
screen/v13_w384_s29k,king_rc4,709,0,86146,70322,15824,0,1,0,0,0,1760.19,3,3,9,14,,
screen/v13_w384_s29k,king_rc4,709,1,86146,70322,15824,0,1,0,0,0,1481.91,3,3,9,14,,
screen/v13_w384_s29k,king_rc4,710,0,150697,136221,14476,0,3,0,0,0,2396.3,3,3,17,14,,
screen/v13_w384_s29k,king_rc4,710,1,150697,136221,14476,0,3,0,0,0,2368.3,3,3,17,14,,
screen/v13_w384_s29k,king_rc4,711,0,155644,140640,15004,0,6,0,3,0,1265.89,3,3,16,14,,
screen/v13_w384_s29k,king_rc4,711,1,155644,140640,15004,0,6,0,3,0,1393.76,3,3,16,14,,
screen/v13_w384_s29k,king_rc4,712,0,112784,92255,20529,0,4,0,18,0,3616.66,3,3,12,14,,
screen/v13_w384_s29k,king_rc4,712,1,112784,92255,20529,0,4,0,18,0,3073.19,3,3,12,14,,
screen/v13_w384_s29k,king_rc4,713,0,110205,103078,7127,0,3,0,0,0,1736.96,3,3,19,17,,
screen/v13_w384_s29k,king_rc4,713,1,110205,103078,7127,0,3,0,0,0,1315.92,3,3,19,17,,
screen/v13_w384_s29k,king_rc4,714,0,94470,75361,19109,0,4,0,0,0,1050.27,3,3,12,17,,
screen/v13_w384_s29k,king_rc4,714,1,94470,75361,19109,0,4,0,0,0,1130.61,3,3,12,17,,
screen/v13_w384_s29k,king_rc4,715,0,129009,118782,10227,0,3,0,0,0,1655.35,3,3,15,17,,
screen/v13_w384_s29k,king_rc4,715,1,129009,118782,10227,0,3,0,0,0,1628.93,3,3,15,17,,
screen/v13_w384_s29k,teammate_shoprouter,700,0,89829,68278,21551,0,2,0,0,0,2728.47,3,3,10,17,,
screen/v13_w384_s29k,teammate_shoprouter,700,1,89829,68278,21551,0,2,0,0,0,1976.9,3,3,10,17,,
screen/v13_w384_s29k,teammate_shoprouter,701,0,77372,59354,18018,0,4,0,1,0,1220.81,3,3,7,17,,
screen/v13_w384_s29k,teammate_shoprouter,701,1,77372,59354,18018,0,4,0,1,0,1323.74,3,3,7,17,,
screen/v13_w384_s29k,teammate_shoprouter,702,0,152407,123903,28504,0,4,0,0,0,2797.53,3,3,17,17,,
screen/v13_w384_s29k,teammate_shoprouter,702,1,152407,123903,28504,0,4,0,0,0,2551.88,3,3,17,17,,
screen/v13_w384_s29k,teammate_shoprouter,703,0,130548,109335,21213,0,2,0,0,3,2809.84,3,3,16,17,,
screen/v13_w384_s29k,teammate_shoprouter,703,1,130548,109335,21213,0,2,0,0,3,2088.74,3,3,16,17,,
screen/v13_w384_s29k,teammate_shoprouter,704,0,87400,60121,27279,0,2,0,0,0,1988,3,3,9,17,,
screen/v13_w384_s29k,teammate_shoprouter,704,1,87811,60167,27644,0,2,0,0,0,2547.5,3,3,9,17,,
screen/v13_w384_s29k,teammate_shoprouter,705,0,93954,78369,15585,0,2,0,13,0,1345.35,3,3,13,17,,
screen/v13_w384_s29k,teammate_shoprouter,705,1,93954,78369,15585,0,2,0,13,0,1077.45,3,3,13,17,,
screen/v13_w384_s29k,teammate_shoprouter,706,0,113954,94264,19690,0,3,0,2,0,2719.63,3,3,14,17,,
screen/v13_w384_s29k,teammate_shoprouter,706,1,113954,94264,19690,0,3,0,2,0,3270.08,3,3,14,17,,
screen/v13_w384_s29k,teammate_shoprouter,707,0,116679,87352,29327,0,2,0,0,0,2771.12,3,3,15,17,,
screen/v13_w384_s29k,teammate_shoprouter,707,1,116679,87352,29327,0,2,0,0,0,3602.1,3,3,15,17,,
screen/v13_w384_s29k,teammate_shoprouter,708,0,98556,63518,35038,0,4,0,26,0,4655.41,3,3,15,17,,
screen/v13_w384_s29k,teammate_shoprouter,708,1,98556,63518,35038,0,4,0,26,0,5953.65,3,3,15,17,,
screen/v13_w384_s29k,teammate_shoprouter,709,0,115289,73523,41766,0,5,0,26,0,1859.74,3,3,14,17,,
screen/v13_w384_s29k,teammate_shoprouter,709,1,115289,73523,41766,0,5,0,26,0,1390.23,3,3,14,17,,
screen/v13_w384_s29k,teammate_shoprouter,710,0,153483,149067,4416,0,6,0,0,0,1969.37,3,3,15,17,,
screen/v13_w384_s29k,teammate_shoprouter,710,1,153483,149067,4416,0,6,0,0,0,1718.13,3,3,15,17,,
screen/v13_w384_s29k,teammate_shoprouter,711,0,176966,135013,41953,0,2,0,0,0,2592.87,3,3,16,17,,
screen/v13_w384_s29k,teammate_shoprouter,711,1,176966,135013,41953,0,2,0,0,0,1879.91,3,3,16,17,,
screen/v13_w384_s29k,teammate_shoprouter,712,0,83375,68444,14931,0,2,0,0,0,1449.78,3,3,10,17,,
screen/v13_w384_s29k,teammate_shoprouter,712,1,83375,68444,14931,0,2,0,0,0,1346.78,3,3,10,17,,
screen/v13_w384_s29k,teammate_shoprouter,713,0,125415,126035,-620,0,6,0,8,0,2314.05,3,3,17,17,,
screen/v13_w384_s29k,teammate_shoprouter,713,1,125415,126035,-620,0,6,0,8,0,2004.49,3,3,17,17,,
screen/v13_w384_s29k,teammate_shoprouter,714,0,101356,90562,10794,0,3,0,26,0,2648.78,3,3,15,17,,
screen/v13_w384_s29k,teammate_shoprouter,714,1,101356,90562,10794,0,3,0,26,0,2383.82,3,3,15,17,,
screen/v13_w384_s29k,teammate_shoprouter,715,0,122320,123428,-1108,0,6,0,0,0,1234.46,3,3,16,17,,
screen/v13_w384_s29k,teammate_shoprouter,715,1,122320,123428,-1108,0,6,0,0,0,1309.25,3,3,16,17,,
screen/zoo_majkel,ahmed_v25,700,0,116946,104449,12497,0,2,0,0,6,4516.34,3,3,12,17,,
screen/zoo_majkel,ahmed_v25,700,1,116946,104449,12497,0,2,0,0,6,5005.73,3,3,12,17,,
screen/zoo_majkel,ahmed_v25,701,0,113777,105313,8464,0,2,0,0,0,4055.78,3,3,7,16,,
screen/zoo_majkel,ahmed_v25,701,1,113777,105313,8464,0,2,0,0,0,4833.99,3,3,7,16,,
screen/zoo_majkel,ahmed_v25,702,0,156803,128316,28487,0,2,0,0,6,4294.53,3,3,15,17,,
screen/zoo_majkel,ahmed_v25,702,1,156803,128316,28487,0,2,0,0,6,5216.19,3,3,15,17,,
screen/zoo_majkel,ahmed_v25,703,0,90845,73893,16952,0,1,0,0,0,2472.13,3,3,7,16,,
screen/zoo_majkel,ahmed_v25,703,1,90845,73893,16952,0,1,0,0,0,3571.12,3,3,7,16,,
screen/zoo_majkel,ahmed_v25,704,0,95255,74224,21031,0,2,0,0,6,1684.14,3,3,8,17,,
screen/zoo_majkel,ahmed_v25,704,1,95255,74224,21031,0,2,0,0,6,1735.64,3,3,8,17,,
screen/zoo_majkel,ahmed_v25,705,0,110828,91081,19747,0,2,0,0,6,2392.6,3,3,14,17,,
screen/zoo_majkel,ahmed_v25,705,1,110828,91081,19747,0,2,0,0,6,3053.71,3,3,14,17,,
screen/zoo_majkel,ahmed_v25,706,0,107740,101924,5816,0,2,0,0,6,1809.39,3,3,8,17,,
screen/zoo_majkel,ahmed_v25,706,1,107740,101924,5816,0,2,0,0,6,4526.37,3,3,8,17,,
screen/zoo_majkel,ahmed_v25,707,0,87521,81456,6065,0,1,0,0,0,2260.6,3,3,4,16,,
screen/zoo_majkel,ahmed_v25,707,1,87521,81456,6065,0,1,0,0,0,1242.55,3,3,4,16,,
screen/zoo_majkel,ahmed_v25,708,0,107408,76755,30653,0,1,0,0,6,903.732,3,3,12,17,,
screen/zoo_majkel,ahmed_v25,708,1,107408,76755,30653,0,1,0,0,6,1278.57,3,3,12,17,,
screen/zoo_majkel,ahmed_v25,709,0,83960,68926,15034,0,1,0,0,6,3429.98,3,3,11,17,,
screen/zoo_majkel,ahmed_v25,709,1,83960,68926,15034,0,1,0,0,6,2413.73,3,3,11,17,,
screen/zoo_majkel,ahmed_v25,710,0,170305,151258,19047,0,3,0,20,6,6702.77,3,3,17,17,,
screen/zoo_majkel,ahmed_v25,710,1,170305,151258,19047,0,3,0,20,6,3808.13,3,3,17,17,,
screen/zoo_majkel,ahmed_v25,711,0,122885,112716,10169,0,2,0,0,6,5599.54,3,3,11,17,,
screen/zoo_majkel,ahmed_v25,711,1,122885,112716,10169,0,2,0,0,6,3079.27,3,3,11,17,,
screen/zoo_majkel,ahmed_v25,712,0,94009,82370,11639,0,2,0,0,6,755.131,3,3,10,17,,
screen/zoo_majkel,ahmed_v25,712,1,94009,82370,11639,0,2,0,0,6,1017.75,3,3,10,17,,
screen/zoo_majkel,ahmed_v25,713,0,91798,78126,13672,0,1,0,0,0,2169.93,3,3,6,16,,
screen/zoo_majkel,ahmed_v25,713,1,91798,78126,13672,0,1,0,0,0,1772.08,3,3,6,16,,
screen/zoo_majkel,ahmed_v25,714,0,76532,58928,17604,0,1,0,0,6,1055.15,3,3,12,17,,
screen/zoo_majkel,ahmed_v25,714,1,76532,58928,17604,0,1,0,0,6,1499.6,3,3,12,17,,
screen/zoo_majkel,ahmed_v25,715,0,143601,103683,39918,0,2,0,0,0,1298.56,3,3,11,16,,
screen/zoo_majkel,ahmed_v25,715,1,143601,103683,39918,0,2,0,0,0,1185.02,3,3,11,16,,
screen/zoo_majkel,arlene_v4_m31,700,0,111891,92958,18933,0,2,0,0,0,5997.15,3,3,10,3,,
screen/zoo_majkel,arlene_v4_m31,700,1,111891,92958,18933,0,2,0,0,0,5200.68,3,3,10,3,,
screen/zoo_majkel,arlene_v4_m31,701,0,108875,100461,8414,0,2,0,0,0,4724.06,3,3,8,17,,
screen/zoo_majkel,arlene_v4_m31,701,1,108842,100456,8386,0,2,0,0,0,3647.15,3,3,8,17,,
screen/zoo_majkel,arlene_v4_m31,702,0,140720,123513,17207,0,3,0,0,0,4088.11,3,3,12,17,,
screen/zoo_majkel,arlene_v4_m31,702,1,140720,123513,17207,0,3,0,0,0,5082.6,3,3,12,17,,
screen/zoo_majkel,arlene_v4_m31,703,0,90812,67033,23779,0,1,0,0,0,2330.45,3,3,7,17,,
screen/zoo_majkel,arlene_v4_m31,703,1,90812,67033,23779,0,1,0,0,0,3059.07,3,3,7,17,,
screen/zoo_majkel,arlene_v4_m31,704,0,81413,71957,9456,0,2,0,0,0,2264.35,3,3,8,17,,
screen/zoo_majkel,arlene_v4_m31,704,1,81413,71957,9456,0,2,0,0,0,1644.53,3,3,8,17,,
screen/zoo_majkel,arlene_v4_m31,705,0,89516,72168,17348,0,1,0,0,0,3294.63,3,3,11,17,,
screen/zoo_majkel,arlene_v4_m31,705,1,89516,72168,17348,0,1,0,0,0,2568.01,3,3,11,17,,
screen/zoo_majkel,arlene_v4_m31,706,0,101282,92787,8495,0,2,0,0,0,3734.16,3,3,10,8,,
screen/zoo_majkel,arlene_v4_m31,706,1,101282,92787,8495,0,2,0,0,0,4198.78,3,3,10,8,,
screen/zoo_majkel,arlene_v4_m31,707,0,103327,93269,10058,0,1,0,0,0,3178.7,3,3,5,17,,
screen/zoo_majkel,arlene_v4_m31,707,1,103327,93269,10058,0,1,0,0,0,3242.66,3,3,5,17,,
screen/zoo_majkel,arlene_v4_m31,708,0,129589,87860,41729,0,3,0,0,0,2348.77,3,3,12,17,,
screen/zoo_majkel,arlene_v4_m31,708,1,129589,87860,41729,0,3,0,0,0,4338.05,3,3,12,17,,
screen/zoo_majkel,arlene_v4_m31,709,0,86646,67752,18894,0,1,0,0,0,1680.02,3,3,13,3,,
screen/zoo_majkel,arlene_v4_m31,709,1,86646,67752,18894,0,1,0,0,0,1871.91,3,3,13,3,,
screen/zoo_majkel,arlene_v4_m31,710,0,155408,136220,19188,0,3,0,4,0,3028.78,3,3,18,17,,
screen/zoo_majkel,arlene_v4_m31,710,1,155406,136218,19188,0,3,0,4,0,3636.73,3,3,18,17,,
screen/zoo_majkel,arlene_v4_m31,711,0,100336,88872,11464,0,2,0,0,0,2027.39,3,3,7,17,,
screen/zoo_majkel,arlene_v4_m31,711,1,100336,88872,11464,0,2,0,0,0,3542.02,3,3,7,17,,
screen/zoo_majkel,arlene_v4_m31,712,0,79278,61601,17677,0,1,0,0,0,1749.25,3,3,12,17,,
screen/zoo_majkel,arlene_v4_m31,712,1,79068,61605,17463,0,1,0,0,0,1985.76,3,3,12,17,,
screen/zoo_majkel,arlene_v4_m31,713,0,101345,82861,18484,0,1,0,0,0,1684.36,3,3,5,17,,
screen/zoo_majkel,arlene_v4_m31,713,1,101345,82861,18484,0,1,0,0,0,2286.41,3,3,5,17,,
screen/zoo_majkel,arlene_v4_m31,714,0,85914,59230,26684,0,1,0,0,0,1227.33,3,3,14,3,,
screen/zoo_majkel,arlene_v4_m31,714,1,85914,59230,26684,0,1,0,0,0,1316.45,3,3,14,3,,
screen/zoo_majkel,arlene_v4_m31,715,0,142207,109728,32479,0,2,0,2,0,1773.98,3,3,10,17,,
screen/zoo_majkel,arlene_v4_m31,715,1,142207,109728,32479,0,2,0,2,0,1708.79,3,3,10,17,,
screen/zoo_majkel,king_rc4,700,0,122728,101656,21072,0,1,0,0,0,6011.4,3,3,13,17,,
screen/zoo_majkel,king_rc4,700,1,98127,75851,22276,0,2,0,0,0,2212.15,3,3,9,17,,
screen/zoo_majkel,king_rc4,701,0,122076,104401,17675,0,2,0,0,0,4160.48,3,3,8,16,,
screen/zoo_majkel,king_rc4,701,1,122059,106145,15914,0,2,0,0,0,3882.7,3,3,9,16,,
screen/zoo_majkel,king_rc4,702,0,135413,118476,16937,0,2,0,0,0,6025.8,3,3,16,14,,
screen/zoo_majkel,king_rc4,702,1,135413,118476,16937,0,2,0,0,0,4897.5,3,3,16,14,,
screen/zoo_majkel,king_rc4,703,0,85396,59427,25969,0,2,0,0,0,1171.42,3,3,7,16,,
screen/zoo_majkel,king_rc4,703,1,85396,59427,25969,0,2,0,0,0,1465.96,3,3,7,16,,
screen/zoo_majkel,king_rc4,704,0,111452,92503,18949,0,2,0,0,0,2750.67,3,3,9,14,,
screen/zoo_majkel,king_rc4,704,1,111452,92503,18949,0,2,0,0,0,1421.38,3,3,9,14,,
screen/zoo_majkel,king_rc4,705,0,102866,85493,17373,0,2,0,0,0,1746.65,3,3,11,14,,
screen/zoo_majkel,king_rc4,705,1,102866,85493,17373,0,2,0,0,0,2138.61,3,3,11,14,,
screen/zoo_majkel,king_rc4,706,0,113662,103233,10429,0,3,0,0,0,4123.03,3,3,11,17,,
screen/zoo_majkel,king_rc4,706,1,113662,103233,10429,0,3,0,0,0,3535.41,3,3,11,17,,
screen/zoo_majkel,king_rc4,707,0,160033,113763,46270,0,1,0,0,0,4995.85,3,3,15,17,,
screen/zoo_majkel,king_rc4,707,1,160033,113763,46270,0,1,0,0,0,4335.38,3,3,15,17,,
screen/zoo_majkel,king_rc4,708,0,94982,65567,29415,0,1,0,0,0,1745.05,3,3,14,17,,
screen/zoo_majkel,king_rc4,708,1,94982,65567,29415,0,1,0,0,0,1050.3,3,3,14,17,,
screen/zoo_majkel,king_rc4,709,0,80525,58406,22119,0,1,0,0,0,3337.35,3,3,12,14,,
screen/zoo_majkel,king_rc4,709,1,80525,58406,22119,0,1,0,0,0,1673.39,3,3,12,14,,
screen/zoo_majkel,king_rc4,710,0,138409,121961,16448,0,3,0,17,0,9347.45,3,3,17,17,,
screen/zoo_majkel,king_rc4,710,1,138409,121961,16448,0,3,0,17,0,6948.42,3,3,17,17,,
screen/zoo_majkel,king_rc4,711,0,120732,103664,17068,0,2,0,0,0,4782.48,3,3,13,14,,
screen/zoo_majkel,king_rc4,711,1,120732,103664,17068,0,2,0,0,0,5531.07,3,3,13,14,,
screen/zoo_majkel,king_rc4,712,0,76422,55197,21225,0,2,0,0,0,1210.07,3,3,10,14,,
screen/zoo_majkel,king_rc4,712,1,76422,55197,21225,0,2,0,0,0,1249.92,3,3,10,14,,
screen/zoo_majkel,king_rc4,713,0,89284,80955,8329,0,1,0,0,0,2677.91,3,3,9,17,,
screen/zoo_majkel,king_rc4,713,1,89284,80955,8329,0,1,0,0,0,2262.8,3,3,9,17,,
screen/zoo_majkel,king_rc4,714,0,80456,55375,25081,0,1,0,0,0,2265.72,3,3,14,14,,
screen/zoo_majkel,king_rc4,714,1,80456,55375,25081,0,1,0,0,0,2296.35,3,3,14,14,,
screen/zoo_majkel,king_rc4,715,0,140510,115964,24546,0,2,0,0,0,3782.25,3,3,11,17,,
screen/zoo_majkel,king_rc4,715,1,140510,115964,24546,0,2,0,0,0,2735.97,3,3,11,17,,
screen/zoo_majkel,teammate_shoprouter,700,0,109340,98285,11055,0,2,0,1,0,4504.84,3,3,11,17,,
screen/zoo_majkel,teammate_shoprouter,700,1,109340,98285,11055,0,2,0,1,0,4967.24,3,3,11,17,,
screen/zoo_majkel,teammate_shoprouter,701,0,113455,99511,13944,0,2,0,0,0,2724.39,3,3,6,17,,
screen/zoo_majkel,teammate_shoprouter,701,1,113511,99432,14079,0,2,0,0,0,1927.74,3,3,6,17,,
screen/zoo_majkel,teammate_shoprouter,702,0,145411,115502,29909,0,2,0,0,0,4340.06,3,3,15,17,,
screen/zoo_majkel,teammate_shoprouter,702,1,145411,115502,29909,0,2,0,0,0,4292.53,3,3,15,17,,
screen/zoo_majkel,teammate_shoprouter,703,0,90683,66192,24491,0,1,0,0,0,3620.54,3,3,7,17,,
screen/zoo_majkel,teammate_shoprouter,703,1,90683,66192,24491,0,1,0,0,0,2961.78,3,3,7,17,,
screen/zoo_majkel,teammate_shoprouter,704,0,88584,71961,16623,0,2,0,0,0,2001.6,3,3,12,17,,
screen/zoo_majkel,teammate_shoprouter,704,1,88584,71961,16623,0,2,0,0,0,3380.64,3,3,12,17,,
screen/zoo_majkel,teammate_shoprouter,705,0,85336,63831,21505,0,3,0,0,0,2156.65,3,3,9,17,,
screen/zoo_majkel,teammate_shoprouter,705,1,85336,63831,21505,0,3,0,0,0,2572.16,3,3,9,17,,
screen/zoo_majkel,teammate_shoprouter,706,0,99943,91054,8889,0,2,0,0,0,4689.15,3,3,12,17,,
screen/zoo_majkel,teammate_shoprouter,706,1,99943,91054,8889,0,2,0,0,0,3819.22,3,3,12,17,,
screen/zoo_majkel,teammate_shoprouter,707,0,104089,91557,12532,0,1,0,0,0,3842.72,3,3,5,17,,
screen/zoo_majkel,teammate_shoprouter,707,1,104089,91557,12532,0,1,0,0,0,2664.11,3,3,5,17,,
screen/zoo_majkel,teammate_shoprouter,708,0,88572,77619,10953,0,2,0,0,0,2305.71,3,3,14,17,,
screen/zoo_majkel,teammate_shoprouter,708,1,88572,77619,10953,0,2,0,0,0,3460.36,3,3,14,17,,
screen/zoo_majkel,teammate_shoprouter,709,0,87105,61181,25924,0,1,0,0,0,2337.65,3,3,11,17,,
screen/zoo_majkel,teammate_shoprouter,709,1,87105,61181,25924,0,1,0,0,0,1189.53,3,3,11,17,,
screen/zoo_majkel,teammate_shoprouter,710,0,158909,134193,24716,0,3,0,2,0,3274.08,3,3,18,17,,
screen/zoo_majkel,teammate_shoprouter,710,1,158911,134212,24699,0,3,0,2,0,5136.97,3,3,18,17,,
screen/zoo_majkel,teammate_shoprouter,711,0,97068,80380,16688,0,2,0,0,0,3518.66,3,3,7,17,,
screen/zoo_majkel,teammate_shoprouter,711,1,97068,80380,16688,0,2,0,0,0,2647.97,3,3,7,17,,
screen/zoo_majkel,teammate_shoprouter,712,0,72454,42160,30294,0,1,0,2,0,1725.74,3,3,12,17,,
screen/zoo_majkel,teammate_shoprouter,712,1,72576,42155,30421,0,1,0,0,0,1124.79,3,3,12,17,,
screen/zoo_majkel,teammate_shoprouter,713,0,104801,84937,19864,0,1,0,0,0,1890.03,3,3,5,17,,
screen/zoo_majkel,teammate_shoprouter,713,1,104801,84937,19864,0,1,0,0,0,2008.55,3,3,5,17,,
screen/zoo_majkel,teammate_shoprouter,714,0,75119,54486,20633,0,1,0,0,0,591.99,3,3,13,17,,
screen/zoo_majkel,teammate_shoprouter,714,1,75119,54486,20633,0,1,0,0,0,1167.7,3,3,13,17,,
screen/zoo_majkel,teammate_shoprouter,715,0,154063,125705,28358,0,2,0,0,0,1707.85,3,3,12,17,,
screen/zoo_majkel,teammate_shoprouter,715,1,154063,125705,28358,0,2,0,0,0,2388.24,3,3,12,17,,
screen/zoo_vadim,ahmed_v25,700,0,108927,107355,1572,0,3,0,0,6,2723.39,3,3,14,17,,
screen/zoo_vadim,ahmed_v25,700,1,108927,107355,1572,0,3,0,0,6,5372.16,3,3,14,17,,
screen/zoo_vadim,ahmed_v25,701,0,114181,99854,14327,0,5,0,0,0,2644.69,3,3,6,16,,
screen/zoo_vadim,ahmed_v25,701,1,114181,99854,14327,0,5,0,0,0,3933.69,3,3,6,16,,
screen/zoo_vadim,ahmed_v25,702,0,151886,85703,66183,0,4,0,0,0,1170.75,3,3,20,16,,
screen/zoo_vadim,ahmed_v25,702,1,151871,85705,66166,0,4,0,0,0,928.663,3,3,20,16,,
screen/zoo_vadim,ahmed_v25,703,0,136643,112941,23702,0,3,0,0,6,2375.36,3,3,14,17,,
screen/zoo_vadim,ahmed_v25,703,1,136643,112941,23702,0,3,0,0,6,5583.3,3,3,14,17,,
screen/zoo_vadim,ahmed_v25,704,0,80681,62138,18543,0,2,0,0,6,1759.78,3,3,11,17,,
screen/zoo_vadim,ahmed_v25,704,1,80681,62138,18543,0,2,0,0,6,4824.87,3,3,11,17,,
screen/zoo_vadim,ahmed_v25,705,0,135085,119332,15753,0,3,0,0,6,3424.26,3,3,10,17,,
screen/zoo_vadim,ahmed_v25,705,1,135085,119332,15753,0,3,0,0,6,2153.13,3,3,10,17,,
screen/zoo_vadim,ahmed_v25,706,0,96455,83652,12803,0,3,0,0,6,3068.95,3,3,5,17,,
screen/zoo_vadim,ahmed_v25,706,1,96455,83652,12803,0,3,0,0,6,1518.8,3,3,5,17,,
screen/zoo_vadim,ahmed_v25,707,0,94880,72820,22060,0,2,0,0,6,8533.72,3,3,11,17,,
screen/zoo_vadim,ahmed_v25,707,1,94880,72820,22060,0,2,0,0,6,6707.56,3,3,11,17,,
screen/zoo_vadim,ahmed_v25,708,0,85426,81259,4167,0,2,0,0,6,2008.12,3,3,15,17,,
screen/zoo_vadim,ahmed_v25,708,1,85426,81259,4167,0,2,0,0,6,5093.78,3,3,15,17,,
screen/zoo_vadim,ahmed_v25,709,0,133983,106496,27487,0,4,0,0,2,7781.17,3,3,14,16,,
screen/zoo_vadim,ahmed_v25,709,1,133983,106496,27487,0,4,0,0,2,5325.86,3,3,14,16,,
screen/zoo_vadim,ahmed_v25,710,0,150718,120245,30473,0,4,0,0,6,3163.21,3,3,15,17,,
screen/zoo_vadim,ahmed_v25,710,1,150718,120245,30473,0,4,0,0,6,7104.23,3,3,15,17,,
screen/zoo_vadim,ahmed_v25,711,0,126048,124739,1309,0,2,0,0,6,3819.66,3,3,15,17,,
screen/zoo_vadim,ahmed_v25,711,1,126048,124739,1309,0,2,0,0,6,10222,3,3,15,17,,
screen/zoo_vadim,ahmed_v25,712,0,84228,71505,12723,0,2,0,0,6,2477.74,3,3,11,17,,
screen/zoo_vadim,ahmed_v25,712,1,84228,71505,12723,0,2,0,0,6,4299.96,3,3,11,17,,
screen/zoo_vadim,ahmed_v25,713,0,133659,99126,34533,0,2,0,0,6,4974.06,3,3,16,17,,
screen/zoo_vadim,ahmed_v25,713,1,133659,99126,34533,0,2,0,0,6,6775.14,3,3,16,17,,
screen/zoo_vadim,ahmed_v25,714,0,98487,95820,2667,0,3,0,0,7,3419.24,3,3,11,17,,
screen/zoo_vadim,ahmed_v25,714,1,143952,94086,49866,0,3,0,14,6,9810.69,3,3,17,17,,
screen/zoo_vadim,ahmed_v25,715,0,166175,129041,37134,0,2,0,0,6,5559.81,3,3,16,17,,
screen/zoo_vadim,ahmed_v25,715,1,166175,129041,37134,0,2,0,0,6,2759.49,3,3,16,17,,
screen/zoo_vadim,arlene_v4_m31,700,0,105586,100954,4632,0,3,0,0,0,8403.9,3,3,14,17,,
screen/zoo_vadim,arlene_v4_m31,700,1,105586,100954,4632,0,3,0,0,0,4363.4,3,3,14,17,,
screen/zoo_vadim,arlene_v4_m31,701,0,116059,74347,41712,0,4,0,0,0,1888.89,3,3,4,8,,
screen/zoo_vadim,arlene_v4_m31,701,1,116059,74347,41712,0,4,0,0,0,2298.1,3,3,4,8,,
screen/zoo_vadim,arlene_v4_m31,702,0,153545,73647,79898,0,4,0,0,0,2797.3,3,3,23,8,,
screen/zoo_vadim,arlene_v4_m31,702,1,153545,73647,79898,0,4,0,0,0,1742.16,3,3,23,8,,
screen/zoo_vadim,arlene_v4_m31,703,0,107929,80471,27458,0,3,0,0,0,3904.91,3,3,11,17,,
screen/zoo_vadim,arlene_v4_m31,703,1,107929,80471,27458,0,3,0,0,0,3232.94,3,3,11,17,,
screen/zoo_vadim,arlene_v4_m31,704,0,81760,59739,22021,0,2,0,2,0,2893.94,3,3,11,3,,
screen/zoo_vadim,arlene_v4_m31,704,1,81760,59739,22021,0,2,0,2,0,2184.29,3,3,11,3,,
screen/zoo_vadim,arlene_v4_m31,705,0,143622,133595,10027,0,3,0,0,0,5382.85,3,3,12,17,,
screen/zoo_vadim,arlene_v4_m31,705,1,143622,133595,10027,0,3,0,0,0,7023.71,3,3,12,17,,
screen/zoo_vadim,arlene_v4_m31,706,0,87819,77661,10158,0,4,0,0,0,2682.04,3,3,11,17,,
screen/zoo_vadim,arlene_v4_m31,706,1,87970,77661,10309,0,4,0,0,0,2366.37,3,3,11,17,,
screen/zoo_vadim,arlene_v4_m31,707,0,95821,72342,23479,0,2,0,0,0,6548.45,3,3,11,3,,
screen/zoo_vadim,arlene_v4_m31,707,1,95821,72342,23479,0,2,0,0,0,4289.62,3,3,11,3,,
screen/zoo_vadim,arlene_v4_m31,708,0,83343,75300,8043,0,2,0,0,0,2934.89,3,3,14,17,,
screen/zoo_vadim,arlene_v4_m31,708,1,83343,75300,8043,0,2,0,0,0,3428.29,3,3,14,17,,
screen/zoo_vadim,arlene_v4_m31,709,0,131822,90706,41116,0,4,0,0,0,2322.25,3,3,14,17,,
screen/zoo_vadim,arlene_v4_m31,709,1,131822,90706,41116,0,4,0,0,0,4556.94,3,3,14,17,,
screen/zoo_vadim,arlene_v4_m31,710,0,142062,110296,31766,0,3,0,0,0,1536.82,3,3,18,17,,
screen/zoo_vadim,arlene_v4_m31,710,1,142062,110296,31766,0,3,0,0,0,2270.27,3,3,18,17,,
screen/zoo_vadim,arlene_v4_m31,711,0,118076,118145,-69,0,2,0,0,0,5980.68,3,3,15,17,,
screen/zoo_vadim,arlene_v4_m31,711,1,118076,118145,-69,0,2,0,0,0,4922.34,3,3,15,17,,
screen/zoo_vadim,arlene_v4_m31,712,0,84288,68831,15457,0,2,0,0,0,2864.81,3,3,15,17,,
screen/zoo_vadim,arlene_v4_m31,712,1,84288,68831,15457,0,2,0,0,0,3407.4,3,3,15,17,,
screen/zoo_vadim,arlene_v4_m31,713,0,125206,93847,31359,0,2,0,0,0,2610.53,3,3,16,17,,
screen/zoo_vadim,arlene_v4_m31,713,1,125206,93847,31359,0,2,0,0,0,1359.8,3,3,16,17,,
screen/zoo_vadim,arlene_v4_m31,714,0,99998,95666,4332,0,3,0,0,0,5130.13,3,3,10,8,,
screen/zoo_vadim,arlene_v4_m31,714,1,108625,104015,4610,0,2,0,15,0,5206.14,3,3,16,17,,
screen/zoo_vadim,arlene_v4_m31,715,0,156570,133007,23563,0,2,0,2,0,7307.25,3,3,15,17,,
screen/zoo_vadim,arlene_v4_m31,715,1,156570,133007,23563,0,2,0,2,0,4883.45,3,3,15,17,,
screen/zoo_vadim,king_rc4,700,0,104952,101068,3884,0,3,0,0,5,5841.42,3,3,13,17,,
screen/zoo_vadim,king_rc4,700,1,104952,101068,3884,0,3,0,0,5,5497.32,3,3,13,17,,
screen/zoo_vadim,king_rc4,701,0,96635,70788,25847,0,4,0,0,7,2201.07,3,3,6,8,,
screen/zoo_vadim,king_rc4,701,1,96635,70788,25847,0,4,0,0,7,1581.08,3,3,6,8,,
screen/zoo_vadim,king_rc4,702,0,121152,90093,31059,0,4,0,0,0,6923.63,3,3,6,17,,
screen/zoo_vadim,king_rc4,702,1,121152,90093,31059,0,4,0,0,0,4772.29,3,3,6,17,,
screen/zoo_vadim,king_rc4,703,0,108488,79960,28528,0,3,0,0,5,2026.38,3,3,11,17,,
screen/zoo_vadim,king_rc4,703,1,108488,79960,28528,0,3,0,0,5,3581.09,3,3,11,17,,
screen/zoo_vadim,king_rc4,704,0,80883,59723,21160,0,2,0,0,2,4565.52,3,3,11,3,,
screen/zoo_vadim,king_rc4,704,1,80883,59723,21160,0,2,0,0,2,2300.42,3,3,11,3,,
screen/zoo_vadim,king_rc4,705,0,129521,117563,11958,0,3,0,0,5,5327.3,3,3,9,17,,
screen/zoo_vadim,king_rc4,705,1,129521,117563,11958,0,3,0,0,5,2217.37,3,3,9,17,,
screen/zoo_vadim,king_rc4,706,0,89634,76581,13053,0,4,0,0,0,4539.53,3,3,9,17,,
screen/zoo_vadim,king_rc4,706,1,89634,76581,13053,0,4,0,0,0,3632.75,3,3,9,17,,
screen/zoo_vadim,king_rc4,707,0,95897,72186,23711,0,2,0,0,2,5333.45,3,3,11,3,,
screen/zoo_vadim,king_rc4,707,1,95897,72186,23711,0,2,0,0,2,5289.43,3,3,11,3,,
screen/zoo_vadim,king_rc4,708,0,84600,75510,9090,0,2,0,0,3,3755.74,3,3,15,17,,
screen/zoo_vadim,king_rc4,708,1,84600,75510,9090,0,2,0,0,3,2303.25,3,3,15,17,,
screen/zoo_vadim,king_rc4,709,0,112285,99679,12606,0,5,0,0,0,4510.91,3,3,10,17,,
screen/zoo_vadim,king_rc4,709,1,112285,99679,12606,0,5,0,0,0,4194.05,3,3,10,17,,
screen/zoo_vadim,king_rc4,710,0,96192,93339,2853,0,3,0,0,3,3690.39,3,3,14,17,,
screen/zoo_vadim,king_rc4,710,1,96192,93339,2853,0,3,0,0,3,6187.02,3,3,14,17,,
screen/zoo_vadim,king_rc4,711,0,118271,118507,-236,0,2,0,0,0,7342.02,3,3,15,17,,
screen/zoo_vadim,king_rc4,711,1,118271,118507,-236,0,2,0,0,0,7216.19,3,3,15,17,,
screen/zoo_vadim,king_rc4,712,0,84707,68776,15931,0,2,0,0,0,4688.97,3,3,15,17,,
screen/zoo_vadim,king_rc4,712,1,84707,68776,15931,0,2,0,0,0,3352.39,3,3,15,17,,
screen/zoo_vadim,king_rc4,713,0,126959,94761,32198,0,2,0,0,5,2762.68,3,3,16,17,,
screen/zoo_vadim,king_rc4,713,1,126959,94761,32198,0,2,0,0,5,4634.28,3,3,16,17,,
screen/zoo_vadim,king_rc4,714,0,107748,103969,3779,0,2,0,0,14,7393.12,3,3,10,8,,
screen/zoo_vadim,king_rc4,714,1,108659,104233,4426,0,2,0,32,5,6269.31,3,3,16,17,,
screen/zoo_vadim,king_rc4,715,0,158378,133323,25055,0,2,0,9,5,2724.86,3,3,15,17,,
screen/zoo_vadim,king_rc4,715,1,158378,133323,25055,0,2,0,9,5,7027.72,3,3,15,17,,
screen/zoo_vadim,teammate_shoprouter,700,0,95026,90582,4444,0,3,0,0,0,4377,3,3,13,17,,
screen/zoo_vadim,teammate_shoprouter,700,1,95026,90582,4444,0,3,0,0,0,4286.08,3,3,13,17,,
screen/zoo_vadim,teammate_shoprouter,701,0,104473,84506,19967,0,4,0,0,0,4363.49,3,3,5,17,,
screen/zoo_vadim,teammate_shoprouter,701,1,104576,85064,19512,0,4,0,0,0,2634.15,3,3,5,17,,
screen/zoo_vadim,teammate_shoprouter,702,0,152244,70805,81439,0,4,0,0,0,2361.72,3,3,23,17,,
screen/zoo_vadim,teammate_shoprouter,702,1,152244,70805,81439,0,4,0,0,0,2930.25,3,3,23,17,,
screen/zoo_vadim,teammate_shoprouter,703,0,108705,69664,39041,0,3,0,0,0,6706.51,3,3,11,17,,
screen/zoo_vadim,teammate_shoprouter,703,1,108705,69664,39041,0,3,0,0,0,5032.29,3,3,11,17,,
screen/zoo_vadim,teammate_shoprouter,704,0,80869,52088,28781,0,2,0,0,0,2289.73,3,3,11,17,,
screen/zoo_vadim,teammate_shoprouter,704,1,80869,52088,28781,0,2,0,0,0,3288.45,3,3,11,17,,
screen/zoo_vadim,teammate_shoprouter,705,0,144330,126892,17438,0,3,0,0,0,5440.38,3,3,12,17,,
screen/zoo_vadim,teammate_shoprouter,705,1,144330,126892,17438,0,3,0,0,0,4067.57,3,3,12,17,,
screen/zoo_vadim,teammate_shoprouter,706,0,87941,75719,12222,0,4,0,0,0,2501.7,3,3,11,17,,
screen/zoo_vadim,teammate_shoprouter,706,1,87941,75719,12222,0,4,0,0,0,4207.91,3,3,11,17,,
screen/zoo_vadim,teammate_shoprouter,707,0,93453,63688,29765,0,2,0,0,0,5220.19,3,3,11,17,,
screen/zoo_vadim,teammate_shoprouter,707,1,93453,63688,29765,0,2,0,0,0,6418.92,3,3,11,17,,
screen/zoo_vadim,teammate_shoprouter,708,0,82066,65361,16705,0,2,0,0,2,2905.97,3,3,15,17,,
screen/zoo_vadim,teammate_shoprouter,708,1,82066,65361,16705,0,2,0,0,2,4530.49,3,3,15,17,,
screen/zoo_vadim,teammate_shoprouter,709,0,132271,89917,42354,0,4,0,1,0,4137.31,3,3,14,17,,
screen/zoo_vadim,teammate_shoprouter,709,1,132271,89917,42354,0,4,0,1,0,5437.1,3,3,14,17,,
screen/zoo_vadim,teammate_shoprouter,710,0,141181,103794,37387,0,3,0,0,0,4097.44,3,3,18,17,,
screen/zoo_vadim,teammate_shoprouter,710,1,141171,103809,37362,0,3,0,0,0,5196.58,3,3,18,17,,
screen/zoo_vadim,teammate_shoprouter,711,0,121817,114698,7119,0,2,0,0,0,7879.66,3,3,15,17,,
screen/zoo_vadim,teammate_shoprouter,711,1,121817,114698,7119,0,2,0,0,0,4577.33,3,3,15,17,,
screen/zoo_vadim,teammate_shoprouter,712,0,84159,62143,22016,0,2,0,0,0,2330.75,3,3,11,17,,
screen/zoo_vadim,teammate_shoprouter,712,1,83935,62155,21780,0,2,0,0,0,3679,3,3,11,17,,
screen/zoo_vadim,teammate_shoprouter,713,0,128675,86770,41905,0,2,0,0,0,3757.12,3,3,16,17,,
screen/zoo_vadim,teammate_shoprouter,713,1,128675,86770,41905,0,2,0,0,0,4915.74,3,3,16,17,,
screen/zoo_vadim,teammate_shoprouter,714,0,88144,81129,7015,0,2,0,1,0,3582.83,3,3,15,17,,
screen/zoo_vadim,teammate_shoprouter,714,1,102018,97137,4881,0,2,0,38,0,9865.12,3,3,15,17,,
screen/zoo_vadim,teammate_shoprouter,715,0,157771,127015,30756,0,2,0,0,0,4633.74,3,3,15,17,,
screen/zoo_vadim,teammate_shoprouter,715,1,157771,127015,30756,0,2,0,0,0,3987.68,3,3,15,17,,
zoo/so2,zoo_decem,1300,0,80534,78296,2238,0,2,0,0,0,960.917,3,3,12,8,,
zoo/so2,zoo_decem,1300,1,80566,78296,2270,0,2,0,0,0,971.778,3,3,12,8,,
zoo/so2,zoo_decem,1301,0,154164,127968,26196,0,2,0,0,0,1404.85,3,3,17,12,,
zoo/so2,zoo_decem,1301,1,154164,127968,26196,0,2,0,0,0,1241.23,3,3,17,12,,
zoo/so2,zoo_decem,1302,0,99791,94525,5266,0,1,0,0,0,565.058,3,3,13,13,,
zoo/so2,zoo_decem,1302,1,99791,94525,5266,0,1,0,0,0,873.177,3,3,13,13,,
zoo/so2,zoo_decem,1303,0,127546,121877,5669,0,2,0,2,0,1350.5,3,3,8,2,,
zoo/so2,zoo_decem,1303,1,127884,125196,2688,0,2,0,0,0,566.634,3,3,11,8,,
zoo/so2,zoo_decem,1304,0,101749,84513,17236,0,3,0,0,0,1315.6,3,3,14,2,,
zoo/so2,zoo_decem,1304,1,101749,84513,17236,0,3,0,0,0,1165.83,3,3,14,2,,
zoo/so2,zoo_decem,1305,0,123966,108605,15361,0,1,0,0,0,836.648,3,3,10,8,,
zoo/so2,zoo_decem,1305,1,123966,108605,15361,0,1,0,0,0,599.778,3,3,10,8,,
zoo/so2,zoo_decem,1306,0,82270,75955,6315,0,1,0,0,0,797.243,3,3,14,12,,
zoo/so2,zoo_decem,1306,1,82270,75955,6315,0,1,0,0,0,854.802,3,3,14,12,,
zoo/so2,zoo_decem,1307,0,108326,88907,19419,0,3,0,0,0,1023.86,3,3,14,7,,
zoo/so2,zoo_decem,1307,1,75496,73832,1664,0,2,0,0,0,771.606,3,3,9,6,,
zoo/so2,zoo_decem,1308,0,120285,102724,17561,0,2,0,0,0,1796.05,3,3,15,7,,
zoo/so2,zoo_decem,1308,1,120285,102724,17561,0,2,0,0,0,1444.63,3,3,15,7,,
zoo/so2,zoo_decem,1309,0,106599,91319,15280,0,1,0,0,2,1242.45,3,3,12,12,,
zoo/so2,zoo_decem,1309,1,106599,91319,15280,0,1,0,0,2,1831.3,3,3,12,12,,
zoo/so2,zoo_decem,1310,0,129875,122219,7656,0,2,0,0,0,776.129,3,3,11,9,,
zoo/so2,zoo_decem,1310,1,129875,122219,7656,0,2,0,0,0,942.087,3,3,11,9,,
zoo/so2,zoo_decem,1311,0,109838,91872,17966,0,3,0,0,1,1152.28,3,3,13,13,,
zoo/so2,zoo_decem,1311,1,109838,91872,17966,0,3,0,0,1,1301.22,3,3,13,13,,
zoo/so2,zoo_decem,1312,0,147553,131351,16202,0,2,0,0,5,1212.31,3,3,14,15,,
zoo/so2,zoo_decem,1312,1,163454,138448,25006,0,2,0,0,0,1131.72,3,3,14,14,,
zoo/so2,zoo_decem,1313,0,119648,100610,19038,0,1,0,0,0,1574.71,3,3,13,12,,
zoo/so2,zoo_decem,1313,1,129333,114573,14760,0,1,0,0,0,1086.2,3,3,14,13,,
zoo/so2,zoo_decem,1314,0,95597,86940,8657,0,3,0,0,0,969.264,3,3,15,13,,
zoo/so2,zoo_decem,1314,1,84542,75558,8984,0,4,0,32,0,1146.64,3,3,15,12,,
zoo/so2,zoo_decem,1315,0,99530,87947,11583,0,2,0,0,0,830.108,3,3,13,10,,
zoo/so2,zoo_decem,1315,1,99530,87947,11583,0,2,0,0,0,879.714,3,3,13,10,,
zoo/so2,zoo_dsm,1300,0,78856,76821,2035,0,2,0,0,0,741.275,3,3,10,12,,
zoo/so2,zoo_dsm,1300,1,96207,86955,9252,0,1,0,0,0,713.45,3,3,12,12,,
zoo/so2,zoo_dsm,1301,0,128495,112736,15759,0,3,0,0,0,666.595,3,3,16,12,,
zoo/so2,zoo_dsm,1301,1,128495,112736,15759,0,3,0,0,0,670.345,3,3,16,12,,
zoo/so2,zoo_dsm,1302,0,92272,81160,11112,0,1,0,0,0,970.938,3,3,13,11,,
zoo/so2,zoo_dsm,1302,1,92272,81160,11112,0,1,0,0,0,1342.88,3,3,13,11,,
zoo/so2,zoo_dsm,1303,0,136105,118623,17482,0,2,0,0,0,803.632,3,3,9,5,,
zoo/so2,zoo_dsm,1303,1,135274,115116,20158,0,2,0,0,0,801.924,3,3,5,3,,
zoo/so2,zoo_dsm,1304,0,122291,106679,15612,0,2,0,0,0,1117.7,3,3,15,14,,
zoo/so2,zoo_dsm,1304,1,122291,106679,15612,0,2,0,0,0,1004.01,3,3,15,14,,
zoo/so2,zoo_dsm,1305,0,126468,109313,17155,0,2,0,0,0,847.151,3,3,9,7,,
zoo/so2,zoo_dsm,1305,1,126468,109313,17155,0,2,0,0,0,905.961,3,3,9,7,,
zoo/so2,zoo_dsm,1306,0,136939,122025,14914,0,1,0,0,0,1311.52,3,3,12,12,,
zoo/so2,zoo_dsm,1306,1,154714,142706,12008,0,1,0,0,0,856.935,3,3,14,12,,
zoo/so2,zoo_dsm,1307,0,130815,116285,14530,0,2,0,0,0,1248.08,3,3,12,13,,
zoo/so2,zoo_dsm,1307,1,126381,114485,11896,0,2,0,0,0,1669.84,3,3,11,13,,
zoo/so2,zoo_dsm,1308,0,112723,100813,11910,0,2,0,0,0,1190.4,3,3,14,9,,
zoo/so2,zoo_dsm,1308,1,112723,100813,11910,0,2,0,0,0,965.19,3,3,14,9,,
zoo/so2,zoo_dsm,1309,0,114333,93451,20882,0,1,0,0,0,1214.54,3,3,12,12,,
zoo/so2,zoo_dsm,1309,1,114333,93451,20882,0,1,0,0,0,1285.56,3,3,12,12,,
zoo/so2,zoo_dsm,1310,0,113028,105535,7493,0,2,0,0,0,661.879,3,3,12,15,,
zoo/so2,zoo_dsm,1310,1,113028,105535,7493,0,2,0,0,0,703.346,3,3,12,15,,
zoo/so2,zoo_dsm,1311,0,87264,79220,8044,0,1,0,0,0,2094.05,3,3,12,13,,
zoo/so2,zoo_dsm,1311,1,87262,79212,8050,0,1,0,0,0,1978.62,3,3,12,13,,
zoo/so2,zoo_dsm,1312,0,174860,142189,32671,0,2,0,0,7,1278.81,3,3,16,12,,
zoo/so2,zoo_dsm,1312,1,153614,144333,9281,0,2,0,5,0,1216.78,3,3,16,10,,
zoo/so2,zoo_dsm,1313,0,115975,97992,17983,0,1,0,3,0,1810.59,3,3,13,12,,
zoo/so2,zoo_dsm,1313,1,111048,92556,18492,0,1,0,0,4,1365.12,3,3,13,15,,
zoo/so2,zoo_dsm,1314,0,133342,118571,14771,0,1,0,0,0,1403.6,3,3,11,14,,
zoo/so2,zoo_dsm,1314,1,120934,114114,6820,0,1,0,0,0,1680.44,3,3,11,14,,
zoo/so2,zoo_dsm,1315,0,103977,95938,8039,0,1,0,0,0,1062.17,3,3,9,9,,
zoo/so2,zoo_dsm,1315,1,103977,95938,8039,0,1,0,0,0,1142.91,3,3,9,9,,
zoo/so2,zoo_goose,1300,0,101690,90216,11474,0,2,0,0,0,1221.02,3,3,9,12,,
zoo/so2,zoo_goose,1300,1,133956,118830,15126,0,3,0,7,0,2118.55,3,3,14,11,,
zoo/so2,zoo_goose,1301,0,118608,95107,23501,0,3,0,0,0,1095.3,3,3,11,10,,
zoo/so2,zoo_goose,1301,1,118608,95107,23501,0,3,0,0,0,890.637,3,3,11,10,,
zoo/so2,zoo_goose,1302,0,89227,81509,7718,0,1,0,1,0,770.208,3,3,10,12,,
zoo/so2,zoo_goose,1302,1,89227,81509,7718,0,1,0,1,0,661.847,3,3,10,12,,
zoo/so2,zoo_goose,1303,0,88591,77828,10763,0,3,0,0,0,904.672,3,3,13,13,,
zoo/so2,zoo_goose,1303,1,88591,77828,10763,0,3,0,0,0,1098.32,3,3,13,13,,
zoo/so2,zoo_goose,1304,0,83890,75357,8533,0,1,0,0,0,617.093,3,3,14,10,,
zoo/so2,zoo_goose,1304,1,83890,75357,8533,0,1,0,0,0,677.253,3,3,14,10,,
zoo/so2,zoo_goose,1305,0,116580,117200,-620,0,2,0,13,0,1360.48,3,3,17,13,,
zoo/so2,zoo_goose,1305,1,116580,117200,-620,0,2,0,13,0,1270.03,3,3,17,13,,
zoo/so2,zoo_goose,1306,0,107662,89624,18038,0,1,0,0,0,751.234,3,3,15,13,,
zoo/so2,zoo_goose,1306,1,102438,85715,16723,0,1,0,0,0,983.076,3,3,15,13,,
zoo/so2,zoo_goose,1307,0,96255,81522,14733,0,3,0,0,3,1007.26,3,3,12,12,,
zoo/so2,zoo_goose,1307,1,85858,79298,6560,0,2,0,0,0,687.375,3,3,11,12,,
zoo/so2,zoo_goose,1308,0,109696,100715,8981,0,1,0,0,0,622.897,3,3,11,10,,
zoo/so2,zoo_goose,1308,1,109696,100715,8981,0,1,0,0,0,467.896,3,3,11,10,,
zoo/so2,zoo_goose,1309,0,93462,80083,13379,0,2,0,0,0,534.481,3,3,7,7,,
zoo/so2,zoo_goose,1309,1,93462,80083,13379,0,2,0,0,0,536.246,3,3,7,7,,
zoo/so2,zoo_goose,1310,0,117207,110582,6625,0,1,0,0,0,2610.06,3,3,12,13,,
zoo/so2,zoo_goose,1310,1,115558,106436,9122,0,1,0,0,0,903.734,3,3,12,12,,
zoo/so2,zoo_goose,1311,0,124012,112564,11448,0,2,0,0,0,692.603,3,3,14,14,,
zoo/so2,zoo_goose,1311,1,124012,112564,11448,0,2,0,0,0,1187.06,3,3,14,14,,
zoo/so2,zoo_goose,1312,0,165412,157537,7875,0,3,0,0,0,908.309,3,3,15,15,,
zoo/so2,zoo_goose,1312,1,165440,157471,7969,0,3,0,0,0,799.719,3,3,15,15,,
zoo/so2,zoo_goose,1313,0,147803,121809,25994,0,2,0,0,0,721.827,3,3,15,11,,
zoo/so2,zoo_goose,1313,1,106883,96706,10177,0,3,0,1,0,702.259,3,3,14,11,,
zoo/so2,zoo_goose,1314,0,125486,109951,15535,0,1,0,8,0,1012.46,3,3,12,11,,
zoo/so2,zoo_goose,1314,1,123817,108390,15427,0,1,0,0,9,925.061,3,3,13,11,,
zoo/so2,zoo_goose,1315,0,100450,88334,12116,0,3,0,0,0,763.042,3,3,14,12,,
zoo/so2,zoo_goose,1315,1,100450,88334,12116,0,3,0,0,0,728.836,3,3,14,12,,
zoo/so2,zoo_majkel,1300,0,93734,83862,9872,0,4,0,0,0,846.719,3,3,11,8,,
zoo/so2,zoo_majkel,1300,1,87149,74104,13045,0,2,0,0,0,986.121,3,3,11,9,,
zoo/so2,zoo_majkel,1301,0,89024,79166,9858,0,2,0,0,0,1419.72,3,3,12,9,,
zoo/so2,zoo_majkel,1301,1,89024,79166,9858,0,2,0,0,0,811.741,3,3,12,9,,
zoo/so2,zoo_majkel,1302,0,90638,77423,13215,0,1,0,0,0,864.804,3,3,13,11,,
zoo/so2,zoo_majkel,1302,1,90638,77423,13215,0,1,0,0,0,1143.72,3,3,13,11,,
zoo/so2,zoo_majkel,1303,0,102392,85647,16745,0,2,0,0,0,1609.81,3,3,15,9,,
zoo/so2,zoo_majkel,1303,1,102371,85689,16682,0,2,0,0,0,2066.35,3,3,15,9,,
zoo/so2,zoo_majkel,1304,0,78189,65402,12787,0,1,0,0,0,685.932,3,3,10,9,,
zoo/so2,zoo_majkel,1304,1,78189,65402,12787,0,1,0,0,0,821.374,3,3,10,9,,
zoo/so2,zoo_majkel,1305,0,97609,92578,5031,0,1,0,0,6,497.89,3,3,13,11,,
zoo/so2,zoo_majkel,1305,1,97609,92578,5031,0,1,0,0,6,883.242,3,3,13,11,,
zoo/so2,zoo_majkel,1306,0,96922,85085,11837,0,1,0,0,0,1119.47,3,3,13,12,,
zoo/so2,zoo_majkel,1306,1,90510,75169,15341,0,1,0,0,0,868.82,3,3,13,11,,
zoo/so2,zoo_majkel,1307,0,122016,102581,19435,0,2,0,0,3,1119.25,3,3,14,10,,
zoo/so2,zoo_majkel,1307,1,100510,85381,15129,0,2,0,0,0,777.089,3,3,13,10,,
zoo/so2,zoo_majkel,1308,0,120920,104589,16331,0,3,0,0,0,1211.14,3,3,13,13,,
zoo/so2,zoo_majkel,1308,1,120920,104589,16331,0,3,0,0,0,974.876,3,3,13,13,,
zoo/so2,zoo_majkel,1309,0,114649,88326,26323,0,1,0,8,0,1430.25,3,3,12,8,,
zoo/so2,zoo_majkel,1309,1,114649,88326,26323,0,1,0,8,0,2292.89,3,3,12,8,,
zoo/so2,zoo_majkel,1310,0,119976,104067,15909,0,2,0,0,0,1248.23,3,3,11,10,,
zoo/so2,zoo_majkel,1310,1,116131,105735,10396,0,2,0,0,0,741.27,3,3,10,8,,
zoo/so2,zoo_majkel,1311,0,112680,107409,5271,0,2,0,0,0,498.993,3,3,13,12,,
zoo/so2,zoo_majkel,1311,1,112680,107409,5271,0,2,0,0,0,558.027,3,3,13,12,,
zoo/so2,zoo_majkel,1312,0,136893,130734,6159,0,3,0,0,0,1447.03,3,3,14,16,,
zoo/so2,zoo_majkel,1312,1,127928,121650,6278,0,3,0,0,0,1458.03,3,3,13,11,,
zoo/so2,zoo_majkel,1313,0,149121,121878,27243,0,3,0,0,8,1429.75,3,3,15,12,,
zoo/so2,zoo_majkel,1313,1,127354,113664,13690,0,2,0,0,0,1704.33,3,3,15,13,,
zoo/so2,zoo_majkel,1314,0,78525,72940,5585,0,2,0,0,0,1145.79,3,3,9,10,,
zoo/so2,zoo_majkel,1314,1,80207,72313,7894,0,2,0,0,0,609.743,3,3,9,10,,
zoo/so2,zoo_majkel,1315,0,102821,86529,16292,0,2,0,0,0,3398.87,3,3,15,15,,
zoo/so2,zoo_majkel,1315,1,102821,86529,16292,0,2,0,0,0,1915.7,3,3,15,15,,
zoo/so2,zoo_mm,1300,0,95244,74819,20425,0,1,0,0,0,1018.51,3,3,10,6,,
zoo/so2,zoo_mm,1300,1,118350,95379,22971,0,1,0,0,0,1485.65,3,3,13,14,,
zoo/so2,zoo_mm,1301,0,74699,60787,13912,0,1,0,5,0,1033.96,3,3,12,5,,
zoo/so2,zoo_mm,1301,1,74629,60793,13836,0,1,0,5,0,508.028,3,3,12,5,,
zoo/so2,zoo_mm,1302,0,71737,60543,11194,0,1,0,0,0,852.366,3,3,12,5,,
zoo/so2,zoo_mm,1302,1,71737,60543,11194,0,1,0,0,0,679.707,3,3,12,5,,
zoo/so2,zoo_mm,1303,0,113090,98449,14641,0,1,0,0,0,745.313,3,3,12,9,,
zoo/so2,zoo_mm,1303,1,113090,98449,14641,0,1,0,0,0,757.091,3,3,12,9,,
zoo/so2,zoo_mm,1304,0,128395,118647,9748,0,1,0,4,4,1240.11,3,3,17,7,,
zoo/so2,zoo_mm,1304,1,128395,118647,9748,0,1,0,4,4,1274.95,3,3,17,7,,
zoo/so2,zoo_mm,1305,0,98886,83286,15600,0,2,0,11,0,1474.74,3,3,13,9,,
zoo/so2,zoo_mm,1305,1,98886,83286,15600,0,2,0,11,0,1360.08,3,3,13,9,,
zoo/so2,zoo_mm,1306,0,75643,67436,8207,0,3,0,0,1,652.498,3,3,15,13,,
zoo/so2,zoo_mm,1306,1,82425,72295,10130,0,3,0,0,0,693.627,3,3,14,11,,
zoo/so2,zoo_mm,1307,0,83828,71058,12770,0,2,0,0,0,583.634,3,3,9,10,,
zoo/so2,zoo_mm,1307,1,82510,71855,10655,0,2,0,0,0,498.959,3,3,11,10,,
zoo/so2,zoo_mm,1308,0,94090,79499,14591,0,1,0,0,0,583.855,3,3,12,6,,
zoo/so2,zoo_mm,1308,1,94090,79499,14591,0,1,0,0,0,722.545,3,3,12,6,,
zoo/so2,zoo_mm,1309,0,93701,88158,5543,0,2,0,0,0,563.434,3,3,9,13,,
zoo/so2,zoo_mm,1309,1,93701,88158,5543,0,2,0,0,0,574.613,3,3,9,13,,
zoo/so2,zoo_mm,1310,0,103298,95127,8171,0,1,0,0,0,656.585,3,3,10,8,,
zoo/so2,zoo_mm,1310,1,95414,83614,11800,0,2,0,0,0,732.076,3,3,11,8,,
zoo/so2,zoo_mm,1311,0,103252,89840,13412,0,1,0,0,0,359.973,3,3,10,9,,
zoo/so2,zoo_mm,1311,1,103252,89840,13412,0,1,0,0,0,583.151,3,3,10,9,,
zoo/so2,zoo_mm,1312,0,126841,111871,14970,0,1,0,0,0,1264.21,3,3,14,13,,
zoo/so2,zoo_mm,1312,1,126841,111871,14970,0,1,0,0,0,1743.82,3,3,14,13,,
zoo/so2,zoo_mm,1313,0,99619,86677,12942,0,3,0,0,0,961.469,3,3,13,16,,
zoo/so2,zoo_mm,1313,1,98440,93060,5380,0,2,0,0,1,1120.33,3,3,14,16,,
zoo/so2,zoo_mm,1314,0,96879,74655,22224,0,3,0,0,0,418.448,3,3,9,5,,
zoo/so2,zoo_mm,1314,1,89408,76788,12620,0,3,0,0,0,466.37,3,3,11,7,,
zoo/so2,zoo_mm,1315,0,108176,98762,9414,0,3,0,0,0,565.202,3,3,14,16,,
zoo/so2,zoo_mm,1315,1,104804,88861,15943,0,3,0,0,5,586.322,3,3,14,18,,
zoo/so2,zoo_vadim,1300,0,89124,88258,866,0,2,0,0,0,910.166,3,3,10,12,,
zoo/so2,zoo_vadim,1300,1,97683,80077,17606,0,2,0,0,0,1371.1,3,3,12,9,,
zoo/so2,zoo_vadim,1301,0,101427,87160,14267,0,1,0,0,0,1795.99,3,3,9,9,,
zoo/so2,zoo_vadim,1301,1,101427,87160,14267,0,1,0,0,0,1757.62,3,3,9,9,,
zoo/so2,zoo_vadim,1302,0,84501,76399,8102,0,1,0,0,0,1960.49,3,3,12,14,,
zoo/so2,zoo_vadim,1302,1,84501,76399,8102,0,1,0,0,0,1463.54,3,3,12,14,,
zoo/so2,zoo_vadim,1303,0,120759,117334,3425,0,3,0,0,0,1108.24,3,3,13,14,,
zoo/so2,zoo_vadim,1303,1,122161,116841,5320,0,3,0,0,0,1337.99,3,3,13,17,,
zoo/so2,zoo_vadim,1304,0,103339,88715,14624,0,2,0,0,5,1242.09,3,3,13,15,,
zoo/so2,zoo_vadim,1304,1,103339,88715,14624,0,2,0,0,5,985.423,3,3,13,15,,
zoo/so2,zoo_vadim,1305,0,106432,97888,8544,0,2,0,5,0,1044.58,3,3,13,15,,
zoo/so2,zoo_vadim,1305,1,106432,97888,8544,0,2,0,5,0,2871.07,3,3,13,15,,
zoo/so2,zoo_vadim,1306,0,110970,94116,16854,0,1,0,0,9,1261.15,3,3,13,16,,
zoo/so2,zoo_vadim,1306,1,110970,94116,16854,0,1,0,0,9,970.779,3,3,13,16,,
zoo/so2,zoo_vadim,1307,0,95165,80942,14223,0,2,0,7,0,773.497,3,3,15,12,,
zoo/so2,zoo_vadim,1307,1,76164,63150,13014,0,2,0,0,0,584.268,3,3,8,10,,
zoo/so2,zoo_vadim,1308,0,114068,102912,11156,0,2,0,0,0,2577.48,3,3,12,8,,
zoo/so2,zoo_vadim,1308,1,114068,102912,11156,0,2,0,0,0,1968.74,3,3,12,8,,
zoo/so2,zoo_vadim,1309,0,99568,89227,10341,0,2,0,6,3,1399.1,3,3,9,9,,
zoo/so2,zoo_vadim,1309,1,99568,89227,10341,0,2,0,6,3,1301.16,3,3,9,9,,
zoo/so2,zoo_vadim,1310,0,110816,105307,5509,0,1,0,0,0,1369.25,3,3,12,8,,
zoo/so2,zoo_vadim,1310,1,110815,105307,5508,0,1,0,0,0,1260.56,3,3,12,8,,
zoo/so2,zoo_vadim,1311,0,111000,94563,16437,0,2,0,0,0,1242.44,3,3,13,13,,
zoo/so2,zoo_vadim,1311,1,111000,94563,16437,0,2,0,0,0,1201.47,3,3,13,13,,
zoo/so2,zoo_vadim,1312,0,98540,88495,10045,0,2,0,0,0,681.087,3,3,15,12,,
zoo/so2,zoo_vadim,1312,1,98540,88495,10045,0,2,0,0,0,672.39,3,3,15,12,,
zoo/so2,zoo_vadim,1313,0,132318,120029,12289,0,3,0,9,7,3041.74,3,3,16,12,,
zoo/so2,zoo_vadim,1313,1,119736,106391,13345,0,3,0,14,0,1071.85,3,3,14,11,,
zoo/so2,zoo_vadim,1314,0,128958,115015,13943,0,1,0,0,0,1846.23,3,3,13,14,,
zoo/so2,zoo_vadim,1314,1,125057,112115,12942,0,1,0,0,0,1893.2,3,3,16,14,,
zoo/so2,zoo_vadim,1315,0,102921,96406,6515,0,3,0,0,0,1020.4,3,3,13,15,,
zoo/so2,zoo_vadim,1315,1,102921,96406,6515,0,3,0,0,0,1587.74,3,3,13,15,,
zoo/so2rw,zoo_decem,1300,0,82251,79124,3127,0,2,0,0,0,1248.15,3,3,10,12,,
zoo/so2rw,zoo_decem,1300,1,82251,79124,3127,0,2,0,0,0,1056.63,3,3,10,12,,
zoo/so2rw,zoo_decem,1301,0,149792,125960,23832,0,2,0,0,0,1311.96,3,3,16,11,,
zoo/so2rw,zoo_decem,1301,1,149792,125960,23832,0,2,0,0,0,1144.18,3,3,16,11,,
zoo/so2rw,zoo_decem,1302,0,101306,95008,6298,0,1,0,0,0,1810.22,3,3,13,13,,
zoo/so2rw,zoo_decem,1302,1,101306,95008,6298,0,1,0,0,0,2526.87,3,3,13,13,,
zoo/so2rw,zoo_decem,1303,0,122818,94624,28194,0,2,0,4,4,931.296,3,3,13,6,,
zoo/so2rw,zoo_decem,1303,1,134287,105325,28962,0,2,0,0,3,439.734,3,3,13,4,,
zoo/so2rw,zoo_decem,1304,0,102882,89577,13305,0,2,0,0,0,978.039,3,3,14,5,,
zoo/so2rw,zoo_decem,1304,1,102882,89577,13305,0,2,0,0,0,921.85,3,3,14,5,,
zoo/so2rw,zoo_decem,1305,0,116133,103322,12811,0,1,0,0,0,835.001,3,3,8,7,,
zoo/so2rw,zoo_decem,1305,1,116133,103322,12811,0,1,0,0,0,763.068,3,3,8,7,,
zoo/so2rw,zoo_decem,1306,0,88772,78606,10166,0,1,0,0,0,1014.25,3,3,13,6,,
zoo/so2rw,zoo_decem,1306,1,88772,78606,10166,0,1,0,0,0,736.051,3,3,13,6,,
zoo/so2rw,zoo_decem,1307,0,108326,88907,19419,0,3,0,0,0,701.495,3,3,14,7,,
zoo/so2rw,zoo_decem,1307,1,92268,74426,17842,0,2,0,2,0,737.148,3,3,12,8,,
zoo/so2rw,zoo_decem,1308,0,115954,101752,14202,0,2,0,0,8,1153.22,3,3,15,10,,
zoo/so2rw,zoo_decem,1308,1,115954,101752,14202,0,2,0,0,8,1673.29,3,3,15,10,,
zoo/so2rw,zoo_decem,1309,0,106599,91319,15280,0,1,0,0,2,1061.42,3,3,12,12,,
zoo/so2rw,zoo_decem,1309,1,106599,91319,15280,0,1,0,0,2,1084.59,3,3,12,12,,
zoo/so2rw,zoo_decem,1310,0,137254,129929,7325,0,2,0,0,2,810.238,3,3,11,9,,
zoo/so2rw,zoo_decem,1310,1,137254,129929,7325,0,2,0,0,2,759.438,3,3,11,9,,
zoo/so2rw,zoo_decem,1311,0,110451,92136,18315,0,3,0,0,1,913.234,3,3,13,13,,
zoo/so2rw,zoo_decem,1311,1,110451,92136,18315,0,3,0,0,1,947.72,3,3,13,13,,
zoo/so2rw,zoo_decem,1312,0,162567,138654,23913,0,2,0,0,0,956.34,3,3,14,15,,
zoo/so2rw,zoo_decem,1312,1,163808,138535,25273,0,2,0,0,0,806.856,3,3,14,14,,
zoo/so2rw,zoo_decem,1313,0,119648,100610,19038,0,1,0,0,0,908.987,3,3,13,12,,
zoo/so2rw,zoo_decem,1313,1,129333,114573,14760,0,1,0,0,0,1159.51,3,3,14,13,,
zoo/so2rw,zoo_decem,1314,0,111469,100542,10927,0,3,0,0,21,708.293,3,3,16,13,,
zoo/so2rw,zoo_decem,1314,1,98398,87288,11110,0,3,0,22,7,1564.82,3,3,15,13,,
zoo/so2rw,zoo_decem,1315,0,116050,101242,14808,0,2,0,0,0,1040.43,3,3,13,10,,
zoo/so2rw,zoo_decem,1315,1,116050,101242,14808,0,2,0,0,0,649.14,3,3,13,10,,
zoo/so2rw,zoo_dsm,1300,0,81078,78604,2474,0,2,0,0,0,1638.49,3,3,10,12,,
zoo/so2rw,zoo_dsm,1300,1,95818,90566,5252,0,1,0,0,0,991.576,3,3,12,12,,
zoo/so2rw,zoo_dsm,1301,0,128863,112875,15988,0,3,0,0,4,881.177,3,3,16,12,,
zoo/so2rw,zoo_dsm,1301,1,128863,112875,15988,0,3,0,0,4,485.075,3,3,16,12,,
zoo/so2rw,zoo_dsm,1302,0,88691,79266,9425,0,1,0,0,0,1217.61,3,3,12,11,,
zoo/so2rw,zoo_dsm,1302,1,88691,79266,9425,0,1,0,0,0,1174.95,3,3,12,11,,
zoo/so2rw,zoo_dsm,1303,0,133646,108688,24958,0,2,0,0,2,1426.12,3,3,12,7,,
zoo/so2rw,zoo_dsm,1303,1,116144,103886,12258,0,2,0,0,0,1169.81,3,3,7,6,,
zoo/so2rw,zoo_dsm,1304,0,122291,106679,15612,0,2,0,0,0,1647.86,3,3,15,14,,
zoo/so2rw,zoo_dsm,1304,1,122291,106679,15612,0,2,0,0,0,1681.05,3,3,15,14,,
zoo/so2rw,zoo_dsm,1305,0,134275,129224,5051,0,2,0,0,0,1565.49,3,3,11,10,,
zoo/so2rw,zoo_dsm,1305,1,134221,129009,5212,0,2,0,0,0,1620.04,3,3,11,10,,
zoo/so2rw,zoo_dsm,1306,0,136958,122360,14598,0,1,0,0,0,2051.78,3,3,12,12,,
zoo/so2rw,zoo_dsm,1306,1,154733,143041,11692,0,1,0,0,0,1228.77,3,3,14,12,,
zoo/so2rw,zoo_dsm,1307,0,123746,113818,9928,0,2,0,0,0,1700.81,3,3,12,10,,
zoo/so2rw,zoo_dsm,1307,1,126535,114658,11877,0,2,0,0,0,1314.02,3,3,11,13,,
zoo/so2rw,zoo_dsm,1308,0,114383,101420,12963,0,2,0,0,0,1489.57,3,3,14,9,,
zoo/so2rw,zoo_dsm,1308,1,114383,101420,12963,0,2,0,0,0,1324.56,3,3,14,9,,
zoo/so2rw,zoo_dsm,1309,0,113516,95614,17902,0,1,0,0,0,893.304,3,3,12,13,,
zoo/so2rw,zoo_dsm,1309,1,113516,95614,17902,0,1,0,0,0,952.921,3,3,12,13,,
zoo/so2rw,zoo_dsm,1310,0,113976,100076,13900,0,2,0,0,0,920.694,3,3,12,11,,
zoo/so2rw,zoo_dsm,1310,1,113976,100076,13900,0,2,0,0,0,1156.86,3,3,12,11,,
zoo/so2rw,zoo_dsm,1311,0,90154,79651,10503,0,1,0,0,0,810.266,3,3,10,13,,
zoo/so2rw,zoo_dsm,1311,1,90184,79817,10367,0,1,0,0,0,643.446,3,3,10,13,,
zoo/so2rw,zoo_dsm,1312,0,144495,116812,27683,0,2,0,0,0,1029.43,3,3,15,8,,
zoo/so2rw,zoo_dsm,1312,1,135611,108336,27275,0,2,0,0,0,885.296,3,3,15,11,,
zoo/so2rw,zoo_dsm,1313,0,114184,96523,17661,0,1,0,0,0,1154.59,3,3,13,11,,
zoo/so2rw,zoo_dsm,1313,1,111048,92556,18492,0,1,0,0,4,3010.19,3,3,13,15,,
zoo/so2rw,zoo_dsm,1314,0,127045,116901,10144,0,1,0,0,0,1840.87,3,3,11,14,,
zoo/so2rw,zoo_dsm,1314,1,121417,113544,7873,0,1,0,0,0,1120.72,3,3,11,14,,
zoo/so2rw,zoo_dsm,1315,0,115170,96865,18305,0,1,0,0,0,698.957,3,3,10,9,,
zoo/so2rw,zoo_dsm,1315,1,115170,96865,18305,0,1,0,0,0,1106.14,3,3,10,9,,
zoo/so2rw,zoo_goose,1300,0,102233,90232,12001,0,2,0,0,0,835.072,3,3,9,12,,
zoo/so2rw,zoo_goose,1300,1,129829,111524,18305,0,3,0,6,0,1197.97,3,3,10,10,,
zoo/so2rw,zoo_goose,1301,0,119690,97347,22343,0,3,0,0,0,572.085,3,3,11,10,,
zoo/so2rw,zoo_goose,1301,1,119656,97523,22133,0,3,0,0,0,574.438,3,3,11,10,,
zoo/so2rw,zoo_goose,1302,0,88968,78502,10466,0,1,0,0,0,654.754,3,3,12,12,,
zoo/so2rw,zoo_goose,1302,1,88968,78502,10466,0,1,0,0,0,845.823,3,3,12,12,,
zoo/so2rw,zoo_goose,1303,0,88001,77071,10930,0,3,0,0,0,950.683,3,3,13,13,,
zoo/so2rw,zoo_goose,1303,1,87999,77045,10954,0,3,0,0,0,948.399,3,3,13,13,,
zoo/so2rw,zoo_goose,1304,0,85084,75596,9488,0,1,0,0,0,603.346,3,3,13,11,,
zoo/so2rw,zoo_goose,1304,1,85084,75596,9488,0,1,0,0,0,595.432,3,3,13,11,,
zoo/so2rw,zoo_goose,1305,0,107566,106252,1314,0,2,0,0,0,1369.71,3,3,17,12,,
zoo/so2rw,zoo_goose,1305,1,107566,106252,1314,0,2,0,0,0,1466.73,3,3,17,12,,
zoo/so2rw,zoo_goose,1306,0,101546,85677,15869,0,1,0,0,0,896.162,3,3,15,13,,
zoo/so2rw,zoo_goose,1306,1,102438,85715,16723,0,1,0,0,0,907.215,3,3,15,13,,
zoo/so2rw,zoo_goose,1307,0,89513,83472,6041,0,3,0,0,10,403.924,3,3,10,12,,
zoo/so2rw,zoo_goose,1307,1,109250,97302,11948,0,2,0,0,0,572.803,3,3,11,12,,
zoo/so2rw,zoo_goose,1308,0,110249,101199,9050,0,1,0,0,0,929.996,3,3,11,10,,
zoo/so2rw,zoo_goose,1308,1,110249,101199,9050,0,1,0,0,0,953.856,3,3,11,10,,
zoo/so2rw,zoo_goose,1309,0,94804,78903,15901,0,2,0,0,0,904.588,3,3,7,8,,
zoo/so2rw,zoo_goose,1309,1,94804,78903,15901,0,2,0,0,0,815.858,3,3,7,8,,
zoo/so2rw,zoo_goose,1310,0,107892,98087,9805,0,2,0,0,0,546.185,3,3,12,13,,
zoo/so2rw,zoo_goose,1310,1,116143,105761,10382,0,1,0,0,0,829.809,3,3,12,12,,
zoo/so2rw,zoo_goose,1311,0,128057,112792,15265,0,2,0,0,0,1054.51,3,3,14,14,,
zoo/so2rw,zoo_goose,1311,1,128057,112792,15265,0,2,0,0,0,1043.33,3,3,14,14,,
zoo/so2rw,zoo_goose,1312,0,161322,155084,6238,0,3,0,0,0,744.151,3,3,13,14,,
zoo/so2rw,zoo_goose,1312,1,161322,155084,6238,0,3,0,0,0,817.78,3,3,13,14,,
zoo/so2rw,zoo_goose,1313,0,151194,120497,30697,0,2,0,0,7,699.001,3,3,15,13,,
zoo/so2rw,zoo_goose,1313,1,107500,96366,11134,0,3,0,4,0,896.233,3,3,14,11,,
zoo/so2rw,zoo_goose,1314,0,107657,94015,13642,0,1,0,0,0,764.905,3,3,12,11,,
zoo/so2rw,zoo_goose,1314,1,123817,108390,15427,0,1,0,0,9,1130.96,3,3,13,11,,
zoo/so2rw,zoo_goose,1315,0,101936,88036,13900,0,3,0,0,0,741.906,3,3,14,12,,
zoo/so2rw,zoo_goose,1315,1,101936,88036,13900,0,3,0,0,0,637.6,3,3,14,12,,
zoo/so2rw,zoo_majkel,1300,0,92987,82735,10252,0,4,0,0,0,680.433,3,3,11,8,,
zoo/so2rw,zoo_majkel,1300,1,88059,72589,15470,0,2,0,0,0,1320.09,3,3,9,9,,
zoo/so2rw,zoo_majkel,1301,0,90482,79702,10780,0,2,0,0,0,1283.17,3,3,10,8,,
zoo/so2rw,zoo_majkel,1301,1,90482,79702,10780,0,2,0,0,0,1247.18,3,3,10,8,,
zoo/so2rw,zoo_majkel,1302,0,90529,77812,12717,0,1,0,0,0,879.287,3,3,13,11,,
zoo/so2rw,zoo_majkel,1302,1,90529,77812,12717,0,1,0,0,0,1042.91,3,3,13,11,,
zoo/so2rw,zoo_majkel,1303,0,102985,89673,13312,0,2,0,0,0,848.43,3,3,15,10,,
zoo/so2rw,zoo_majkel,1303,1,102985,89673,13312,0,2,0,0,0,822.724,3,3,15,10,,
zoo/so2rw,zoo_majkel,1304,0,76706,67299,9407,0,1,0,0,0,943.986,3,3,10,9,,
zoo/so2rw,zoo_majkel,1304,1,76706,67299,9407,0,1,0,0,0,1037.65,3,3,10,9,,
zoo/so2rw,zoo_majkel,1305,0,97029,91420,5609,0,1,0,0,0,1176.97,3,3,13,11,,
zoo/so2rw,zoo_majkel,1305,1,97029,91420,5609,0,1,0,0,0,922.486,3,3,13,11,,
zoo/so2rw,zoo_majkel,1306,0,95435,85418,10017,0,1,0,0,0,1026.29,3,3,13,12,,
zoo/so2rw,zoo_majkel,1306,1,102534,86103,16431,0,1,0,0,0,2183.22,3,3,13,12,,
zoo/so2rw,zoo_majkel,1307,0,113579,100688,12891,0,2,0,0,0,1252.03,3,3,11,10,,
zoo/so2rw,zoo_majkel,1307,1,97836,86141,11695,0,2,0,0,0,1069.69,3,3,13,10,,
zoo/so2rw,zoo_majkel,1308,0,120764,105223,15541,0,3,0,0,0,1505.88,3,3,13,13,,
zoo/so2rw,zoo_majkel,1308,1,120764,105223,15541,0,3,0,0,0,904.128,3,3,13,13,,
zoo/so2rw,zoo_majkel,1309,0,114584,88415,26169,0,1,0,8,0,1310.4,3,3,12,8,,
zoo/so2rw,zoo_majkel,1309,1,114584,88415,26169,0,1,0,8,0,1932.9,3,3,12,8,,
zoo/so2rw,zoo_majkel,1310,0,120123,104133,15990,0,2,0,0,0,580.366,3,3,11,10,,
zoo/so2rw,zoo_majkel,1310,1,117421,102456,14965,0,2,0,0,0,1215.65,3,3,10,8,,
zoo/so2rw,zoo_majkel,1311,0,114884,107986,6898,0,2,0,0,0,730.121,3,3,13,11,,
zoo/so2rw,zoo_majkel,1311,1,114884,107986,6898,0,2,0,0,0,953.088,3,3,13,11,,
zoo/so2rw,zoo_majkel,1312,0,132203,124531,7672,0,3,0,0,0,1050.74,3,3,14,12,,
zoo/so2rw,zoo_majkel,1312,1,131191,124827,6364,0,3,0,0,0,1561.88,3,3,15,11,,
zoo/so2rw,zoo_majkel,1313,0,150505,119257,31248,0,3,0,0,3,1268.55,3,3,15,12,,
zoo/so2rw,zoo_majkel,1313,1,133513,125975,7538,0,2,0,0,0,1014.87,3,3,14,12,,
zoo/so2rw,zoo_majkel,1314,0,78833,73031,5802,0,2,0,0,0,468.277,3,3,9,10,,
zoo/so2rw,zoo_majkel,1314,1,80338,73023,7315,0,2,0,0,0,1147.65,3,3,9,10,,
zoo/so2rw,zoo_majkel,1315,0,103819,86182,17637,0,2,0,0,0,1359.64,3,3,15,13,,
zoo/so2rw,zoo_majkel,1315,1,103819,86182,17637,0,2,0,0,0,1145.12,3,3,15,13,,
zoo/so2rw,zoo_mm,1300,0,91699,78873,12826,0,1,0,6,0,922.527,3,3,10,6,,
zoo/so2rw,zoo_mm,1300,1,118350,95379,22971,0,1,0,0,0,1308.39,3,3,13,14,,
zoo/so2rw,zoo_mm,1301,0,74168,60122,14046,0,1,0,3,0,633.845,3,3,11,5,,
zoo/so2rw,zoo_mm,1301,1,74089,60156,13933,0,1,0,3,0,647.338,3,3,11,5,,
zoo/so2rw,zoo_mm,1302,0,73548,60533,13015,0,1,0,0,0,438.675,3,3,12,5,,
zoo/so2rw,zoo_mm,1302,1,73548,60533,13015,0,1,0,0,0,420.204,3,3,12,5,,
zoo/so2rw,zoo_mm,1303,0,109559,93001,16558,0,1,0,0,0,720.994,3,3,12,7,,
zoo/so2rw,zoo_mm,1303,1,109559,93001,16558,0,1,0,0,0,679.414,3,3,12,7,,
zoo/so2rw,zoo_mm,1304,0,128395,118647,9748,0,1,0,4,4,919.335,3,3,17,7,,
zoo/so2rw,zoo_mm,1304,1,128395,118647,9748,0,1,0,4,4,902.408,3,3,17,7,,
zoo/so2rw,zoo_mm,1305,0,98434,83634,14800,0,2,0,25,0,1155.78,3,3,13,9,,
zoo/so2rw,zoo_mm,1305,1,98434,83634,14800,0,2,0,25,0,1654.39,3,3,13,9,,
zoo/so2rw,zoo_mm,1306,0,76929,67798,9131,0,3,0,0,1,384.565,3,3,15,10,,
zoo/so2rw,zoo_mm,1306,1,84079,72844,11235,0,3,0,0,0,804.789,3,3,14,11,,
zoo/so2rw,zoo_mm,1307,0,91431,63268,28163,0,2,0,1,0,386.248,3,3,12,12,,
zoo/so2rw,zoo_mm,1307,1,91465,63218,28247,0,2,0,1,0,404.373,3,3,12,12,,
zoo/so2rw,zoo_mm,1308,0,94090,79499,14591,0,1,0,0,0,649.436,3,3,12,6,,
zoo/so2rw,zoo_mm,1308,1,94090,79499,14591,0,1,0,0,0,414.058,3,3,12,6,,
zoo/so2rw,zoo_mm,1309,0,94880,77449,17431,0,2,0,0,0,613.019,3,3,7,12,,
zoo/so2rw,zoo_mm,1309,1,94880,77449,17431,0,2,0,0,0,390.49,3,3,7,12,,
zoo/so2rw,zoo_mm,1310,0,105671,96991,8680,0,1,0,0,0,373.397,3,3,10,6,,
zoo/so2rw,zoo_mm,1310,1,95430,88739,6691,0,2,0,0,0,490.409,3,3,11,8,,
zoo/so2rw,zoo_mm,1311,0,104064,89895,14169,0,1,0,0,0,408.592,3,3,11,7,,
zoo/so2rw,zoo_mm,1311,1,104064,89895,14169,0,1,0,0,0,340.458,3,3,11,7,,
zoo/so2rw,zoo_mm,1312,0,126841,111871,14970,0,1,0,0,0,1483.29,3,3,14,13,,
zoo/so2rw,zoo_mm,1312,1,126841,111871,14970,0,1,0,0,0,1118.41,3,3,14,13,,
zoo/so2rw,zoo_mm,1313,0,98417,85508,12909,0,3,0,0,0,1276.58,3,3,13,16,,
zoo/so2rw,zoo_mm,1313,1,93871,84884,8987,0,2,0,0,0,646.031,3,3,14,14,,
zoo/so2rw,zoo_mm,1314,0,93701,78132,15569,0,3,0,0,0,458.552,3,3,11,7,,
zoo/so2rw,zoo_mm,1314,1,94727,76612,18115,0,3,0,0,0,775.417,3,3,11,5,,
zoo/so2rw,zoo_mm,1315,0,93561,83250,10311,0,3,0,1,0,573.048,3,3,14,13,,
zoo/so2rw,zoo_mm,1315,1,92087,85119,6968,0,3,0,1,0,485.526,3,3,14,17,,
zoo/so2rw,zoo_vadim,1300,0,113784,112411,1373,0,3,0,0,0,1328.16,3,3,10,12,,
zoo/so2rw,zoo_vadim,1300,1,97683,80077,17606,0,2,0,0,0,1093.82,3,3,12,9,,
zoo/so2rw,zoo_vadim,1301,0,102926,86985,15941,0,1,0,0,0,913.896,3,3,9,9,,
zoo/so2rw,zoo_vadim,1301,1,102918,86838,16080,0,1,0,0,0,1155.62,3,3,9,9,,
zoo/so2rw,zoo_vadim,1302,0,84501,76399,8102,0,1,0,0,0,912.601,3,3,12,14,,
zoo/so2rw,zoo_vadim,1302,1,84501,76399,8102,0,1,0,0,0,906.804,3,3,12,14,,
zoo/so2rw,zoo_vadim,1303,0,126569,119150,7419,0,3,0,0,0,1466.89,3,3,13,14,,
zoo/so2rw,zoo_vadim,1303,1,127330,119848,7482,0,3,0,0,0,1387.43,3,3,13,14,,
zoo/so2rw,zoo_vadim,1304,0,94169,84457,9712,0,2,0,0,0,1087.82,3,3,13,14,,
zoo/so2rw,zoo_vadim,1304,1,94169,84457,9712,0,2,0,0,0,860.132,3,3,13,14,,
zoo/so2rw,zoo_vadim,1305,0,108762,101054,7708,0,2,0,0,12,2754.18,3,3,13,15,,
zoo/so2rw,zoo_vadim,1305,1,108762,101054,7708,0,2,0,0,12,2131.8,3,3,13,15,,
zoo/so2rw,zoo_vadim,1306,0,102776,89153,13623,0,1,0,0,17,1370.11,3,3,13,16,,
zoo/so2rw,zoo_vadim,1306,1,102776,89153,13623,0,1,0,0,17,2046.51,3,3,13,16,,
zoo/so2rw,zoo_vadim,1307,0,100006,81377,18629,0,2,0,1,14,1238.81,3,3,15,12,,
zoo/so2rw,zoo_vadim,1307,1,78756,63601,15155,0,2,0,0,0,1163.37,3,3,11,10,,
zoo/so2rw,zoo_vadim,1308,0,119025,106784,12241,0,2,0,0,0,1241.79,3,3,12,8,,
zoo/so2rw,zoo_vadim,1308,1,119025,106784,12241,0,2,0,0,0,1602.39,3,3,12,8,,
zoo/so2rw,zoo_vadim,1309,0,101382,88394,12988,0,2,0,0,2,697.137,3,3,12,10,,
zoo/so2rw,zoo_vadim,1309,1,101382,88394,12988,0,2,0,0,2,861.239,3,3,12,10,,
zoo/so2rw,zoo_vadim,1310,0,113033,104862,8171,0,1,0,0,0,1162.62,3,3,10,10,,
zoo/so2rw,zoo_vadim,1310,1,113032,104862,8170,0,1,0,0,0,561.883,3,3,10,10,,
zoo/so2rw,zoo_vadim,1311,0,110995,94349,16646,0,2,0,0,0,1159.97,3,3,13,13,,
zoo/so2rw,zoo_vadim,1311,1,110995,94349,16646,0,2,0,0,0,2234.41,3,3,13,13,,
zoo/so2rw,zoo_vadim,1312,0,107402,97481,9921,0,2,0,0,0,970.721,3,3,16,15,,
zoo/so2rw,zoo_vadim,1312,1,107402,97481,9921,0,2,0,0,0,1128.45,3,3,16,15,,
zoo/so2rw,zoo_vadim,1313,0,126432,112601,13831,0,3,0,0,0,2160.93,3,3,17,13,,
zoo/so2rw,zoo_vadim,1313,1,121432,106031,15401,0,3,0,16,0,1438.54,3,3,16,8,,
zoo/so2rw,zoo_vadim,1314,0,128958,115015,13943,0,1,0,0,0,1610.42,3,3,13,14,,
zoo/so2rw,zoo_vadim,1314,1,128826,112436,16390,0,1,0,0,0,1169.4,3,3,13,14,,
zoo/so2rw,zoo_vadim,1315,0,98796,94040,4756,0,3,0,0,0,911.073,3,3,13,15,,
zoo/so2rw,zoo_vadim,1315,1,98796,94040,4756,0,3,0,0,0,897.786,3,3,13,15,,
zoo/v12_herd,zoo_decem,1300,0,79238,81684,-2446,0,2,0,0,0,762.587,3,3,12,8,,
zoo/v12_herd,zoo_decem,1300,1,79238,81684,-2446,0,2,0,0,0,933.873,3,3,12,8,,
zoo/v12_herd,zoo_decem,1301,0,152075,132876,19199,0,2,0,0,0,904.923,3,3,17,13,,
zoo/v12_herd,zoo_decem,1301,1,152075,132876,19199,0,2,0,0,0,1050.71,3,3,17,13,,
zoo/v12_herd,zoo_decem,1302,0,98864,95557,3307,0,1,0,0,0,775.693,3,3,13,13,,
zoo/v12_herd,zoo_decem,1302,1,98864,95557,3307,0,1,0,0,0,853.499,3,3,13,13,,
zoo/v12_herd,zoo_decem,1303,0,127597,122533,5064,0,2,0,0,0,678.806,3,3,11,2,,
zoo/v12_herd,zoo_decem,1303,1,126626,125994,632,0,2,0,0,0,666.236,3,3,11,7,,
zoo/v12_herd,zoo_decem,1304,0,94476,93783,693,0,3,0,0,1,769.694,3,3,15,6,,
zoo/v12_herd,zoo_decem,1304,1,94476,93783,693,0,3,0,0,1,755.342,3,3,15,6,,
zoo/v12_herd,zoo_decem,1305,0,120631,112493,8138,0,1,0,0,0,688.984,3,3,10,8,,
zoo/v12_herd,zoo_decem,1305,1,120631,112493,8138,0,1,0,0,0,651.762,3,3,10,8,,
zoo/v12_herd,zoo_decem,1306,0,76580,79716,-3136,0,1,0,0,0,1543.01,3,3,14,7,,
zoo/v12_herd,zoo_decem,1306,1,76580,79716,-3136,0,1,0,0,0,785.317,3,3,14,7,,
zoo/v12_herd,zoo_decem,1307,0,103647,94892,8755,0,3,0,0,3,545.177,3,3,14,9,,
zoo/v12_herd,zoo_decem,1307,1,73739,75685,-1946,0,2,0,0,0,900.391,3,3,9,6,,
zoo/v12_herd,zoo_decem,1308,0,112840,110926,1914,0,2,0,0,4,1237.72,3,3,14,4,,
zoo/v12_herd,zoo_decem,1308,1,112840,110926,1914,0,2,0,0,4,957.768,3,3,14,4,,
zoo/v12_herd,zoo_decem,1309,0,100402,101993,-1591,0,1,0,0,7,998.993,3,3,12,12,,
zoo/v12_herd,zoo_decem,1309,1,100402,101993,-1591,0,1,0,0,7,1090,3,3,12,12,,
zoo/v12_herd,zoo_decem,1310,0,127530,124708,2822,0,2,0,0,0,977.05,3,3,10,9,,
zoo/v12_herd,zoo_decem,1310,1,127471,124483,2988,0,2,0,0,0,908.176,3,3,10,9,,
zoo/v12_herd,zoo_decem,1311,0,104997,101183,3814,0,3,0,0,0,884.58,3,3,13,14,,
zoo/v12_herd,zoo_decem,1311,1,105586,100825,4761,0,3,0,1,0,913.724,3,3,13,14,,
zoo/v12_herd,zoo_decem,1312,0,146238,132981,13257,0,2,0,0,5,868.177,3,3,14,15,,
zoo/v12_herd,zoo_decem,1312,1,177454,160627,16827,0,2,0,0,0,1101.71,3,3,16,16,,
zoo/v12_herd,zoo_decem,1313,0,108967,111826,-2859,0,1,0,0,0,946.856,3,3,13,12,,
zoo/v12_herd,zoo_decem,1313,1,126165,117664,8501,0,1,0,0,0,1115.34,3,3,14,13,,
zoo/v12_herd,zoo_decem,1314,0,101911,102856,-945,0,3,0,53,17,703.762,3,3,14,12,,
zoo/v12_herd,zoo_decem,1314,1,80285,79969,316,0,4,0,16,0,931.756,3,3,15,12,,
zoo/v12_herd,zoo_decem,1315,0,96091,90940,5151,0,2,0,0,0,981.606,3,3,13,9,,
zoo/v12_herd,zoo_decem,1315,1,96091,90940,5151,0,2,0,0,0,1087.38,3,3,13,9,,
zoo/v12_herd,zoo_dsm,1300,0,78670,77075,1595,0,2,0,0,0,1222.18,3,3,10,12,,
zoo/v12_herd,zoo_dsm,1300,1,94409,88689,5720,0,1,0,0,0,784.826,3,3,12,12,,
zoo/v12_herd,zoo_dsm,1301,0,126877,116114,10763,0,3,0,0,0,766.303,3,3,16,12,,
zoo/v12_herd,zoo_dsm,1301,1,126865,116120,10745,0,3,0,0,0,565.429,3,3,16,12,,
zoo/v12_herd,zoo_dsm,1302,0,88498,85998,2500,0,1,0,0,0,892.679,3,3,13,11,,
zoo/v12_herd,zoo_dsm,1302,1,88498,85998,2500,0,1,0,0,0,838.908,3,3,13,11,,
zoo/v12_herd,zoo_dsm,1303,0,125125,132702,-7577,0,2,0,0,0,856.661,3,3,10,5,,
zoo/v12_herd,zoo_dsm,1303,1,121491,127740,-6249,0,2,0,0,0,1421.2,3,3,8,7,,
zoo/v12_herd,zoo_dsm,1304,0,108782,112814,-4032,0,2,0,0,0,1531.5,3,3,16,13,,
zoo/v12_herd,zoo_dsm,1304,1,108782,112814,-4032,0,2,0,0,0,993.396,3,3,16,13,,
zoo/v12_herd,zoo_dsm,1305,0,120791,112522,8269,0,2,0,0,0,1283.86,3,3,9,7,,
zoo/v12_herd,zoo_dsm,1305,1,120791,112522,8269,0,2,0,0,0,712.922,3,3,9,7,,
zoo/v12_herd,zoo_dsm,1306,0,135321,123804,11517,0,1,0,0,0,1294.1,3,3,12,12,,
zoo/v12_herd,zoo_dsm,1306,1,153836,143376,10460,0,1,0,0,0,1278.69,3,3,14,12,,
zoo/v12_herd,zoo_dsm,1307,0,111887,120885,-8998,0,2,0,0,0,895.867,3,3,12,10,,
zoo/v12_herd,zoo_dsm,1307,1,122688,123686,-998,0,2,0,0,1,1026.77,3,3,11,13,,
zoo/v12_herd,zoo_dsm,1308,0,109164,104325,4839,0,2,0,0,0,1464.15,3,3,14,9,,
zoo/v12_herd,zoo_dsm,1308,1,109164,104325,4839,0,2,0,0,0,921.522,3,3,14,9,,
zoo/v12_herd,zoo_dsm,1309,0,108511,111032,-2521,0,1,0,0,0,854.526,3,3,12,13,,
zoo/v12_herd,zoo_dsm,1309,1,108511,111032,-2521,0,1,0,0,0,1325.27,3,3,12,13,,
zoo/v12_herd,zoo_dsm,1310,0,118459,113543,4916,0,2,0,0,0,830.472,3,3,13,15,,
zoo/v12_herd,zoo_dsm,1310,1,118460,113546,4914,0,2,0,0,0,1089,3,3,13,15,,
zoo/v12_herd,zoo_dsm,1311,0,88483,83899,4584,0,1,0,2,0,979.179,3,3,13,13,,
zoo/v12_herd,zoo_dsm,1311,1,88483,83899,4584,0,1,0,2,0,657.001,3,3,13,13,,
zoo/v12_herd,zoo_dsm,1312,0,165946,149021,16925,0,2,0,0,0,966.472,3,3,16,11,,
zoo/v12_herd,zoo_dsm,1312,1,152372,145417,6955,0,2,0,5,0,880.869,3,3,16,10,,
zoo/v12_herd,zoo_dsm,1313,0,100464,99414,1050,0,1,0,0,0,550.073,3,3,13,11,,
zoo/v12_herd,zoo_dsm,1313,1,98000,96610,1390,0,1,0,3,0,1368.71,3,3,13,15,,
zoo/v12_herd,zoo_dsm,1314,0,125357,125525,-168,0,1,0,0,0,1004.18,3,3,11,14,,
zoo/v12_herd,zoo_dsm,1314,1,121109,124121,-3012,0,1,0,0,0,788.605,3,3,11,14,,
zoo/v12_herd,zoo_dsm,1315,0,99713,99373,340,0,1,0,0,0,646.905,3,3,9,9,,
zoo/v12_herd,zoo_dsm,1315,1,99713,99373,340,0,1,0,0,0,723.686,3,3,9,9,,
zoo/v12_herd,zoo_goose,1300,0,95428,93716,1712,0,2,0,0,0,994.395,3,3,10,12,,
zoo/v12_herd,zoo_goose,1300,1,124605,125668,-1063,0,3,0,7,0,1785.55,3,3,14,11,,
zoo/v12_herd,zoo_goose,1301,0,113570,103995,9575,0,3,0,0,0,737.704,3,3,11,10,,
zoo/v12_herd,zoo_goose,1301,1,113570,103995,9575,0,3,0,0,0,539.273,3,3,11,10,,
zoo/v12_herd,zoo_goose,1302,0,88611,82134,6477,0,1,0,1,0,533.634,3,3,10,12,,
zoo/v12_herd,zoo_goose,1302,1,88611,82134,6477,0,1,0,1,0,481.266,3,3,10,12,,
zoo/v12_herd,zoo_goose,1303,0,82624,85291,-2667,0,3,0,0,0,826.173,3,3,13,13,,
zoo/v12_herd,zoo_goose,1303,1,82621,85190,-2569,0,3,0,0,0,1015.75,3,3,13,13,,
zoo/v12_herd,zoo_goose,1304,0,88511,94653,-6142,0,1,0,0,0,804.03,3,3,14,11,,
zoo/v12_herd,zoo_goose,1304,1,88511,94653,-6142,0,1,0,0,0,723.051,3,3,14,11,,
zoo/v12_herd,zoo_goose,1305,0,112397,121063,-8666,0,2,0,11,3,1135.15,3,3,17,13,,
zoo/v12_herd,zoo_goose,1305,1,112397,121063,-8666,0,2,0,11,3,1220.21,3,3,17,13,,
zoo/v12_herd,zoo_goose,1306,0,101705,96425,5280,0,1,0,0,0,819.952,3,3,15,10,,
zoo/v12_herd,zoo_goose,1306,1,89511,84713,4798,0,1,0,0,1,803.591,3,3,15,13,,
zoo/v12_herd,zoo_goose,1307,0,91420,84077,7343,0,2,0,0,6,562.677,3,3,13,12,,
zoo/v12_herd,zoo_goose,1307,1,84709,80632,4077,0,2,0,0,0,400.928,3,3,11,12,,
zoo/v12_herd,zoo_goose,1308,0,108753,102429,6324,0,1,0,0,0,854.222,3,3,11,10,,
zoo/v12_herd,zoo_goose,1308,1,108753,102429,6324,0,1,0,0,0,1015.2,3,3,11,10,,
zoo/v12_herd,zoo_goose,1309,0,88630,87472,1158,0,2,0,0,0,400.264,3,3,10,8,,
zoo/v12_herd,zoo_goose,1309,1,88630,87472,1158,0,2,0,0,0,356.288,3,3,10,8,,
zoo/v12_herd,zoo_goose,1310,0,110405,108891,1514,0,1,0,0,0,1531.09,3,3,12,12,,
zoo/v12_herd,zoo_goose,1310,1,108758,112484,-3726,0,1,0,0,0,554.985,3,3,12,12,,
zoo/v12_herd,zoo_goose,1311,0,124640,118350,6290,0,2,0,0,0,623.423,3,3,14,14,,
zoo/v12_herd,zoo_goose,1311,1,124640,118350,6290,0,2,0,0,0,444.441,3,3,14,14,,
zoo/v12_herd,zoo_goose,1312,0,127445,134139,-6694,0,3,0,0,0,687.077,3,3,15,15,,
zoo/v12_herd,zoo_goose,1312,1,126793,134978,-8185,0,3,0,0,0,577.096,3,3,15,15,,
zoo/v12_herd,zoo_goose,1313,0,145587,123262,22325,0,2,0,0,0,708.152,3,3,15,12,,
zoo/v12_herd,zoo_goose,1313,1,102222,101211,1011,0,3,0,0,0,662.096,3,3,14,10,,
zoo/v12_herd,zoo_goose,1314,0,123940,112591,11349,0,1,0,1,0,625.931,3,3,12,11,,
zoo/v12_herd,zoo_goose,1314,1,121759,110902,10857,0,1,0,0,2,942.69,3,3,13,11,,
zoo/v12_herd,zoo_goose,1315,0,96925,90464,6461,0,3,0,0,0,493.087,3,3,14,12,,
zoo/v12_herd,zoo_goose,1315,1,96925,90464,6461,0,3,0,0,0,610.166,3,3,14,12,,
zoo/v12_herd,zoo_majkel,1300,0,91026,85841,5185,0,4,0,0,0,441.772,3,3,12,8,,
zoo/v12_herd,zoo_majkel,1300,1,83370,77679,5691,0,2,0,0,0,987.659,3,3,11,9,,
zoo/v12_herd,zoo_majkel,1301,0,87698,84150,3548,0,2,0,0,0,837.905,3,3,10,8,,
zoo/v12_herd,zoo_majkel,1301,1,87698,84150,3548,0,2,0,0,0,664.383,3,3,10,8,,
zoo/v12_herd,zoo_majkel,1302,0,86508,80401,6107,0,1,0,0,0,523.723,3,3,13,11,,
zoo/v12_herd,zoo_majkel,1302,1,86508,80401,6107,0,1,0,0,0,640.068,3,3,13,11,,
zoo/v12_herd,zoo_majkel,1303,0,97213,90748,6465,0,2,0,0,0,1645.42,3,3,14,9,,
zoo/v12_herd,zoo_majkel,1303,1,98110,90783,7327,0,2,0,0,0,930.937,3,3,15,9,,
zoo/v12_herd,zoo_majkel,1304,0,74557,72575,1982,0,1,0,0,0,483.452,3,3,10,9,,
zoo/v12_herd,zoo_majkel,1304,1,74557,72575,1982,0,1,0,0,0,546.72,3,3,10,9,,
zoo/v12_herd,zoo_majkel,1305,0,95108,93253,1855,0,1,0,0,6,467.529,3,3,13,11,,
zoo/v12_herd,zoo_majkel,1305,1,95108,93253,1855,0,1,0,0,6,486.254,3,3,13,11,,
zoo/v12_herd,zoo_majkel,1306,0,98665,98387,278,0,1,0,0,0,1128.87,3,3,13,12,,
zoo/v12_herd,zoo_majkel,1306,1,88642,79295,9347,0,1,0,0,0,790.405,3,3,13,11,,
zoo/v12_herd,zoo_majkel,1307,0,118952,117759,1193,0,2,0,0,0,851.815,3,3,14,10,,
zoo/v12_herd,zoo_majkel,1307,1,102068,85282,16786,0,2,0,0,0,624.836,3,3,13,10,,
zoo/v12_herd,zoo_majkel,1308,0,108501,103001,5500,0,3,0,0,0,1086.68,3,3,13,13,,
zoo/v12_herd,zoo_majkel,1308,1,108501,103001,5500,0,3,0,0,0,930.221,3,3,13,13,,
zoo/v12_herd,zoo_majkel,1309,0,109875,90562,19313,0,1,0,8,0,1500.28,3,3,14,6,,
zoo/v12_herd,zoo_majkel,1309,1,109875,90562,19313,0,1,0,8,0,1711.37,3,3,14,6,,
zoo/v12_herd,zoo_majkel,1310,0,118474,106872,11602,0,2,0,0,0,694.371,3,3,11,10,,
zoo/v12_herd,zoo_majkel,1310,1,115927,112415,3512,0,2,0,0,0,618.795,3,3,11,10,,
zoo/v12_herd,zoo_majkel,1311,0,108608,112549,-3941,0,2,0,0,0,443.392,3,3,13,11,,
zoo/v12_herd,zoo_majkel,1311,1,108574,112556,-3982,0,2,0,0,0,387.213,3,3,13,11,,
zoo/v12_herd,zoo_majkel,1312,0,139828,132695,7133,0,3,0,0,0,1140.99,3,3,15,10,,
zoo/v12_herd,zoo_majkel,1312,1,125365,125934,-569,0,3,0,0,0,925.804,3,3,15,12,,
zoo/v12_herd,zoo_majkel,1313,0,145542,124426,21116,0,3,0,0,14,788.944,3,3,15,12,,
zoo/v12_herd,zoo_majkel,1313,1,126834,122942,3892,0,2,0,0,0,1136.46,3,3,15,13,,
zoo/v12_herd,zoo_majkel,1314,0,77417,74109,3308,0,2,0,0,0,549.132,3,3,9,10,,
zoo/v12_herd,zoo_majkel,1314,1,78043,74653,3390,0,2,0,0,0,535.766,3,3,9,10,,
zoo/v12_herd,zoo_majkel,1315,0,92344,95699,-3355,0,2,0,0,0,1433.7,3,3,15,15,,
zoo/v12_herd,zoo_majkel,1315,1,92344,95699,-3355,0,2,0,0,0,1249.19,3,3,15,15,,
zoo/v12_herd,zoo_mm,1300,0,84405,83418,987,0,1,0,0,0,1090.55,3,3,8,8,,
zoo/v12_herd,zoo_mm,1300,1,108575,96827,11748,0,1,0,0,0,1514.46,3,3,13,13,,
zoo/v12_herd,zoo_mm,1301,0,70840,66798,4042,0,1,0,0,0,362.536,3,3,12,5,,
zoo/v12_herd,zoo_mm,1301,1,70840,66798,4042,0,1,0,0,0,499.474,3,3,12,5,,
zoo/v12_herd,zoo_mm,1302,0,69248,63331,5917,0,1,0,0,0,402.166,3,3,12,5,,
zoo/v12_herd,zoo_mm,1302,1,69248,63331,5917,0,1,0,0,0,401.434,3,3,12,5,,
zoo/v12_herd,zoo_mm,1303,0,108481,108865,-384,0,1,0,0,0,499.596,3,3,12,9,,
zoo/v12_herd,zoo_mm,1303,1,108523,108759,-236,0,1,0,0,0,482.818,3,3,12,9,,
zoo/v12_herd,zoo_mm,1304,0,124890,122045,2845,0,1,0,4,4,572.219,3,3,17,7,,
zoo/v12_herd,zoo_mm,1304,1,124890,122045,2845,0,1,0,4,4,599.308,3,3,17,7,,
zoo/v12_herd,zoo_mm,1305,0,95094,92396,2698,0,1,0,6,0,1192.04,3,3,13,7,,
zoo/v12_herd,zoo_mm,1305,1,95094,92396,2698,0,1,0,6,0,925.22,3,3,13,7,,
zoo/v12_herd,zoo_mm,1306,0,75261,73440,1821,0,3,0,0,0,344.189,3,3,15,13,,
zoo/v12_herd,zoo_mm,1306,1,84388,87202,-2814,0,3,0,9,0,767.634,3,3,14,11,,
zoo/v12_herd,zoo_mm,1307,0,71929,75284,-3355,0,2,0,0,0,370.919,3,3,8,10,,
zoo/v12_herd,zoo_mm,1307,1,71962,75233,-3271,0,2,0,0,0,367.246,3,3,8,10,,
zoo/v12_herd,zoo_mm,1308,0,90129,82030,8099,0,1,0,0,0,487.238,3,3,12,6,,
zoo/v12_herd,zoo_mm,1308,1,90129,82030,8099,0,1,0,0,0,489.828,3,3,12,6,,
zoo/v12_herd,zoo_mm,1309,0,91224,88507,2717,0,2,0,0,0,391.769,3,3,9,12,,
zoo/v12_herd,zoo_mm,1309,1,91224,88507,2717,0,2,0,0,0,404.12,3,3,9,12,,
zoo/v12_herd,zoo_mm,1310,0,102075,97224,4851,0,1,0,0,0,627.573,3,3,10,8,,
zoo/v12_herd,zoo_mm,1310,1,100812,102549,-1737,0,2,0,0,0,833.142,3,3,11,8,,
zoo/v12_herd,zoo_mm,1311,0,97814,97359,455,0,1,0,0,0,680.003,3,3,13,9,,
zoo/v12_herd,zoo_mm,1311,1,97814,97359,455,0,1,0,0,0,472.368,3,3,13,9,,
zoo/v12_herd,zoo_mm,1312,0,114849,120484,-5635,0,1,0,0,0,629.355,3,3,15,14,,
zoo/v12_herd,zoo_mm,1312,1,115102,120570,-5468,0,1,0,0,0,641.703,3,3,15,14,,
zoo/v12_herd,zoo_mm,1313,0,92314,91295,1019,0,3,0,0,0,976.808,3,3,13,15,,
zoo/v12_herd,zoo_mm,1313,1,88854,92147,-3293,0,2,0,3,4,658.529,3,3,14,15,,
zoo/v12_herd,zoo_mm,1314,0,88064,91990,-3926,0,3,0,0,0,860.697,3,3,11,9,,
zoo/v12_herd,zoo_mm,1314,1,80528,80266,262,0,3,0,0,0,445.442,3,3,11,6,,
zoo/v12_herd,zoo_mm,1315,0,89282,96227,-6945,0,3,0,10,2,739.902,3,3,14,17,,
zoo/v12_herd,zoo_mm,1315,1,94779,99733,-4954,0,3,0,0,0,289.677,3,3,14,18,,
zoo/v12_herd,zoo_vadim,1300,0,86251,91444,-5193,0,2,0,0,0,653.398,3,3,10,12,,
zoo/v12_herd,zoo_vadim,1300,1,95378,91224,4154,0,2,0,0,0,1278.89,3,3,12,9,,
zoo/v12_herd,zoo_vadim,1301,0,95394,97258,-1864,0,1,0,0,0,1012.18,3,3,11,9,,
zoo/v12_herd,zoo_vadim,1301,1,95394,97258,-1864,0,1,0,0,0,1018.23,3,3,11,9,,
zoo/v12_herd,zoo_vadim,1302,0,80526,79681,845,0,1,0,0,0,1028.81,3,3,12,14,,
zoo/v12_herd,zoo_vadim,1302,1,80526,79681,845,0,1,0,0,0,923.761,3,3,12,14,,
zoo/v12_herd,zoo_vadim,1303,0,121309,118574,2735,0,3,0,0,0,1002.83,3,3,13,14,,
zoo/v12_herd,zoo_vadim,1303,1,122587,120934,1653,0,3,0,2,0,891.949,3,3,13,14,,
zoo/v12_herd,zoo_vadim,1304,0,92506,86749,5757,0,2,0,0,0,605.729,3,3,13,14,,
zoo/v12_herd,zoo_vadim,1304,1,92506,86749,5757,0,2,0,0,0,686.397,3,3,13,14,,
zoo/v12_herd,zoo_vadim,1305,0,101397,102400,-1003,0,2,0,0,14,1442.19,3,3,13,15,,
zoo/v12_herd,zoo_vadim,1305,1,101397,102400,-1003,0,2,0,0,14,1479.01,3,3,13,15,,
zoo/v12_herd,zoo_vadim,1306,0,105126,98993,6133,0,1,0,0,16,756.828,3,3,13,16,,
zoo/v12_herd,zoo_vadim,1306,1,105126,98993,6133,0,1,0,0,16,872.301,3,3,13,16,,
zoo/v12_herd,zoo_vadim,1307,0,86613,86309,304,0,2,0,0,0,510.652,3,3,12,11,,
zoo/v12_herd,zoo_vadim,1307,1,74235,72096,2139,0,2,0,0,0,447.153,3,3,10,10,,
zoo/v12_herd,zoo_vadim,1308,0,115509,107075,8434,0,2,0,0,0,757.296,3,3,12,8,,
zoo/v12_herd,zoo_vadim,1308,1,115509,107075,8434,0,2,0,0,0,868.041,3,3,12,8,,
zoo/v12_herd,zoo_vadim,1309,0,94128,90373,3755,0,2,0,0,0,559.639,3,3,9,8,,
zoo/v12_herd,zoo_vadim,1309,1,94128,90373,3755,0,2,0,0,0,680.053,3,3,9,8,,
zoo/v12_herd,zoo_vadim,1310,0,110445,109438,1007,0,1,0,0,0,330.067,3,3,12,8,,
zoo/v12_herd,zoo_vadim,1310,1,110444,109438,1006,0,1,0,0,0,375.894,3,3,12,8,,
zoo/v12_herd,zoo_vadim,1311,0,105062,101573,3489,0,2,0,6,0,1140.64,3,3,13,13,,
zoo/v12_herd,zoo_vadim,1311,1,105062,101573,3489,0,2,0,6,0,950.147,3,3,13,13,,
zoo/v12_herd,zoo_vadim,1312,0,95690,89800,5890,0,2,0,0,0,523.613,3,3,14,11,,
zoo/v12_herd,zoo_vadim,1312,1,95690,89800,5890,0,2,0,0,0,533.139,3,3,14,11,,
zoo/v12_herd,zoo_vadim,1313,0,130817,133012,-2195,0,3,0,0,31,1274.61,3,3,16,13,,
zoo/v12_herd,zoo_vadim,1313,1,106091,100349,5742,0,3,0,7,0,1122.82,3,3,14,10,,
zoo/v12_herd,zoo_vadim,1314,0,127745,116536,11209,0,1,0,0,0,808.167,3,3,13,14,,
zoo/v12_herd,zoo_vadim,1314,1,124235,113022,11213,0,1,0,0,0,660.016,3,3,16,14,,
zoo/v12_herd,zoo_vadim,1315,0,103673,111259,-7586,0,3,0,0,0,936.478,3,3,13,17,,
zoo/v12_herd,zoo_vadim,1315,1,103673,111259,-7586,0,3,0,0,0,1033.2,3,3,13,17,,
zoo/v16_herd,zoo_decem,1300,0,149161,153307,-4146,0,2,0,8,0,2162.54,3,3,12,14,,
zoo/v16_herd,zoo_decem,1300,1,149161,153307,-4146,0,2,0,8,0,3480.68,3,3,12,14,,
zoo/v16_herd,zoo_decem,1301,0,134312,118027,16285,0,2,0,0,0,3532.53,3,3,16,9,,
zoo/v16_herd,zoo_decem,1301,1,134312,118027,16285,0,2,0,0,0,1706.63,3,3,16,9,,
zoo/v16_herd,zoo_decem,1302,0,77843,79567,-1724,0,2,0,0,0,1186.64,3,3,9,13,,
zoo/v16_herd,zoo_decem,1302,1,77843,79567,-1724,0,2,0,0,0,1217.76,3,3,9,13,,
zoo/v16_herd,zoo_decem,1303,0,148248,141356,6892,0,2,0,0,0,2067.28,3,3,13,14,,
zoo/v16_herd,zoo_decem,1303,1,148253,141391,6862,0,2,0,0,0,1974.75,3,3,13,14,,
zoo/v16_herd,zoo_decem,1304,0,87498,95497,-7999,0,4,0,0,0,3832.63,3,3,9,12,,
zoo/v16_herd,zoo_decem,1304,1,87498,95497,-7999,0,4,0,0,0,2121.7,3,3,9,12,,
zoo/v16_herd,zoo_decem,1305,0,127039,112084,14955,0,2,0,2,29,1357.74,3,3,12,11,,
zoo/v16_herd,zoo_decem,1305,1,127039,112084,14955,0,2,0,2,29,1792.49,3,3,12,11,,
zoo/v16_herd,zoo_decem,1306,0,91076,88510,2566,0,3,0,0,11,1734.24,3,3,15,13,,
zoo/v16_herd,zoo_decem,1306,1,91076,88510,2566,0,3,0,0,11,1371.72,3,3,15,13,,
zoo/v16_herd,zoo_decem,1307,0,82348,94397,-12049,0,2,0,0,0,555.077,3,3,9,14,,
zoo/v16_herd,zoo_decem,1307,1,82356,94390,-12034,0,2,0,0,0,976.948,3,3,9,14,,
zoo/v16_herd,zoo_decem,1308,0,98014,109107,-11093,0,2,0,0,0,1236.36,3,3,12,10,,
zoo/v16_herd,zoo_decem,1308,1,98014,109107,-11093,0,2,0,0,0,1950.06,3,3,12,10,,
zoo/v16_herd,zoo_decem,1309,0,89297,93756,-4459,0,3,0,0,0,911.815,3,3,11,11,,
zoo/v16_herd,zoo_decem,1309,1,89297,93756,-4459,0,3,0,0,0,522.568,3,3,11,11,,
zoo/v16_herd,zoo_decem,1310,0,125934,119486,6448,0,2,0,0,0,1281.63,3,3,9,10,,
zoo/v16_herd,zoo_decem,1310,1,133004,129341,3663,0,3,0,0,0,3290.52,3,3,9,11,,
zoo/v16_herd,zoo_decem,1311,0,87160,91955,-4795,0,2,0,0,0,1611.98,3,3,11,14,,
zoo/v16_herd,zoo_decem,1311,1,87167,91988,-4821,0,2,0,0,0,2554.86,3,3,11,14,,
zoo/v16_herd,zoo_decem,1312,0,167457,160738,6719,0,2,0,0,0,2737.08,3,3,17,12,,
zoo/v16_herd,zoo_decem,1312,1,165766,157696,8070,0,2,0,0,0,2983.14,3,3,17,12,,
zoo/v16_herd,zoo_decem,1313,0,97718,101005,-3287,0,3,0,0,0,4300.47,3,3,12,14,,
zoo/v16_herd,zoo_decem,1313,1,82699,89507,-6808,0,3,0,0,0,1010.1,3,3,8,9,,
zoo/v16_herd,zoo_decem,1314,0,114613,118288,-3675,0,3,0,0,16,628.219,3,3,15,17,,
zoo/v16_herd,zoo_decem,1314,1,103951,110619,-6668,0,5,0,93,44,5633.78,3,3,16,18,,
zoo/v16_herd,zoo_decem,1315,0,106978,110590,-3612,0,3,0,0,7,2462.73,3,3,10,15,,
zoo/v16_herd,zoo_decem,1315,1,106978,110590,-3612,0,3,0,0,7,1896.7,3,3,10,15,,
zoo/v16_herd,zoo_dsm,1300,0,135273,130299,4974,0,2,0,15,0,1458.17,3,3,19,14,,
zoo/v16_herd,zoo_dsm,1300,1,135273,130299,4974,0,2,0,15,0,865.873,3,3,19,14,,
zoo/v16_herd,zoo_dsm,1301,0,132230,130045,2185,0,2,0,0,0,320.894,3,3,17,10,,
zoo/v16_herd,zoo_dsm,1301,1,132667,130358,2309,0,2,0,0,0,319.901,3,3,17,10,,
zoo/v16_herd,zoo_dsm,1302,0,78374,85398,-7024,0,2,0,0,1,650.748,3,3,9,15,,
zoo/v16_herd,zoo_dsm,1302,1,78374,85398,-7024,0,2,0,0,1,649.999,3,3,9,15,,
zoo/v16_herd,zoo_dsm,1303,0,139883,136568,3315,0,2,0,1,3,1308.95,3,3,17,11,,
zoo/v16_herd,zoo_dsm,1303,1,143086,133488,9598,0,2,0,1,3,1247.05,3,3,17,11,,
zoo/v16_herd,zoo_dsm,1304,0,98271,101754,-3483,0,2,0,0,0,705.33,3,3,12,17,,
zoo/v16_herd,zoo_dsm,1304,1,98271,101754,-3483,0,2,0,0,0,442.595,3,3,12,17,,
zoo/v16_herd,zoo_dsm,1305,0,115946,110378,5568,0,2,0,5,3,925.906,3,3,12,11,,
zoo/v16_herd,zoo_dsm,1305,1,115946,110378,5568,0,2,0,5,3,929.296,3,3,12,11,,
zoo/v16_herd,zoo_dsm,1306,0,123465,124190,-725,0,2,0,0,0,415.442,3,3,11,13,,
zoo/v16_herd,zoo_dsm,1306,1,136215,139329,-3114,0,2,0,1,0,1041.71,3,3,14,14,,
zoo/v16_herd,zoo_dsm,1307,0,124910,124115,795,0,4,0,0,16,1246.9,3,3,10,16,,
zoo/v16_herd,zoo_dsm,1307,1,114805,127145,-12340,0,4,0,0,0,1291.24,3,3,8,10,,
zoo/v16_herd,zoo_dsm,1308,0,102081,102927,-846,0,2,0,11,0,756.32,3,3,8,12,,
zoo/v16_herd,zoo_dsm,1308,1,102081,102927,-846,0,2,0,11,0,463.278,3,3,8,12,,
zoo/v16_herd,zoo_dsm,1309,0,86956,92342,-5386,0,3,0,0,0,795.526,3,3,11,12,,
zoo/v16_herd,zoo_dsm,1309,1,86956,92342,-5386,0,3,0,0,0,514.04,3,3,11,12,,
zoo/v16_herd,zoo_dsm,1310,0,97820,107094,-9274,0,2,0,0,0,830.701,3,3,11,11,,
zoo/v16_herd,zoo_dsm,1310,1,99386,107503,-8117,0,2,0,1,0,706.075,3,3,12,11,,
zoo/v16_herd,zoo_dsm,1311,0,117869,124011,-6142,0,4,0,0,0,557.588,3,3,13,16,,
zoo/v16_herd,zoo_dsm,1311,1,117869,124011,-6142,0,4,0,0,0,353.536,3,3,13,16,,
zoo/v16_herd,zoo_dsm,1312,0,130496,116109,14387,0,3,0,0,3,698.796,3,3,13,12,,
zoo/v16_herd,zoo_dsm,1312,1,130496,116109,14387,0,3,0,0,3,1076.75,3,3,13,12,,
zoo/v16_herd,zoo_dsm,1313,0,107581,117193,-9612,0,2,0,63,0,902.867,3,3,14,16,,
zoo/v16_herd,zoo_dsm,1313,1,102836,107710,-4874,0,2,0,0,0,750.721,3,3,11,16,,
zoo/v16_herd,zoo_dsm,1314,0,92699,103146,-10447,0,2,0,0,0,528.233,3,3,8,13,,
zoo/v16_herd,zoo_dsm,1314,1,101546,95936,5610,0,2,0,0,0,1303.24,3,3,8,13,,
zoo/v16_herd,zoo_dsm,1315,0,102712,103084,-372,0,2,0,3,5,684.512,3,3,12,10,,
zoo/v16_herd,zoo_dsm,1315,1,102712,103084,-372,0,2,0,3,5,858.447,3,3,12,10,,
zoo/v16_herd,zoo_goose,1300,0,102035,97520,4515,0,2,0,0,0,1668.1,3,3,9,11,,
zoo/v16_herd,zoo_goose,1300,1,102025,97527,4498,0,2,0,0,0,1379.51,3,3,9,11,,
zoo/v16_herd,zoo_goose,1301,0,105442,111743,-6301,0,4,0,0,0,905.383,3,3,8,9,,
zoo/v16_herd,zoo_goose,1301,1,105016,112805,-7789,0,4,0,0,0,1317.92,3,3,8,9,,
zoo/v16_herd,zoo_goose,1302,0,96662,88826,7836,0,3,0,4,0,2512.47,3,3,9,12,,
zoo/v16_herd,zoo_goose,1302,1,96662,88826,7836,0,3,0,4,0,2084.08,3,3,9,12,,
zoo/v16_herd,zoo_goose,1303,0,96504,103112,-6608,0,2,0,9,0,1254.69,3,3,12,11,,
zoo/v16_herd,zoo_goose,1303,1,101859,113186,-11327,0,2,0,0,0,2754.37,3,3,12,11,,
zoo/v16_herd,zoo_goose,1304,0,97521,98667,-1146,0,3,0,0,0,2441.75,3,3,15,13,,
zoo/v16_herd,zoo_goose,1304,1,97521,98667,-1146,0,3,0,0,0,2227.26,3,3,15,13,,
zoo/v16_herd,zoo_goose,1305,0,106476,98282,8194,0,2,0,0,11,2003.34,3,3,10,12,,
zoo/v16_herd,zoo_goose,1305,1,106476,98282,8194,0,2,0,0,11,1175.66,3,3,10,12,,
zoo/v16_herd,zoo_goose,1306,0,86213,91048,-4835,0,3,0,0,5,3436.05,3,3,15,12,,
zoo/v16_herd,zoo_goose,1306,1,95656,96680,-1024,0,4,0,0,0,2052.91,3,3,16,12,,
zoo/v16_herd,zoo_goose,1307,0,110024,105951,4073,0,2,0,0,0,2715.41,3,3,14,12,,
zoo/v16_herd,zoo_goose,1307,1,78281,86732,-8451,0,3,0,0,12,2434.95,3,3,12,12,,
zoo/v16_herd,zoo_goose,1308,0,115472,112375,3097,0,3,0,3,0,1378.15,3,3,13,10,,
zoo/v16_herd,zoo_goose,1308,1,115472,112375,3097,0,3,0,3,0,2379.5,3,3,13,10,,
zoo/v16_herd,zoo_goose,1309,0,141539,144697,-3158,0,4,0,8,0,3205.31,3,3,15,13,,
zoo/v16_herd,zoo_goose,1309,1,141539,144697,-3158,0,4,0,8,0,2390.01,3,3,15,13,,
zoo/v16_herd,zoo_goose,1310,0,123107,122483,624,0,2,0,0,0,824.671,3,3,13,10,,
zoo/v16_herd,zoo_goose,1310,1,114816,118352,-3536,0,2,0,0,0,2976.36,3,3,12,10,,
zoo/v16_herd,zoo_goose,1311,0,139718,129912,9806,0,2,0,10,0,4074.31,3,3,16,15,,
zoo/v16_herd,zoo_goose,1311,1,139904,129962,9942,0,2,0,9,0,2977.47,3,3,16,15,,
zoo/v16_herd,zoo_goose,1312,0,105694,119166,-13472,0,4,0,0,0,670.924,3,3,10,12,,
zoo/v16_herd,zoo_goose,1312,1,111548,119698,-8150,0,4,0,0,0,988.427,3,3,10,11,,
zoo/v16_herd,zoo_goose,1313,0,77653,75072,2581,0,2,0,0,0,862.529,3,3,11,11,,
zoo/v16_herd,zoo_goose,1313,1,95939,94984,955,0,2,0,0,0,2158.13,3,3,12,11,,
zoo/v16_herd,zoo_goose,1314,0,116919,117514,-595,0,2,0,0,0,885.722,3,3,10,12,,
zoo/v16_herd,zoo_goose,1314,1,116919,117514,-595,0,2,0,0,0,1055.52,3,3,10,12,,
zoo/v16_herd,zoo_goose,1315,0,120810,121185,-375,0,2,0,0,0,1220.11,3,3,12,12,,
zoo/v16_herd,zoo_goose,1315,1,120810,121185,-375,0,2,0,0,0,2593.59,3,3,12,12,,
zoo/v16_herd,zoo_majkel,1300,0,95023,99346,-4323,0,2,0,0,0,771.017,3,3,12,10,,
zoo/v16_herd,zoo_majkel,1300,1,95023,99346,-4323,0,2,0,0,0,761.213,3,3,12,10,,
zoo/v16_herd,zoo_majkel,1301,0,86854,84245,2609,0,2,0,0,0,583.113,3,3,10,10,,
zoo/v16_herd,zoo_majkel,1301,1,86526,84088,2438,0,2,0,3,0,407.229,3,3,10,9,,
zoo/v16_herd,zoo_majkel,1302,0,71262,67153,4109,0,2,0,0,0,373.91,3,3,10,9,,
zoo/v16_herd,zoo_majkel,1302,1,71262,67153,4109,0,2,0,0,0,376.799,3,3,10,9,,
zoo/v16_herd,zoo_majkel,1303,0,91392,86542,4850,0,2,0,0,0,537.069,3,3,9,12,,
zoo/v16_herd,zoo_majkel,1303,1,91392,86542,4850,0,2,0,0,0,510.475,3,3,9,12,,
zoo/v16_herd,zoo_majkel,1304,0,76522,90065,-13543,0,3,0,2,0,523.452,3,3,9,8,,
zoo/v16_herd,zoo_majkel,1304,1,76522,90065,-13543,0,3,0,2,0,523.261,3,3,9,8,,
zoo/v16_herd,zoo_majkel,1305,0,110141,116980,-6839,0,3,0,0,4,593.374,3,3,10,12,,
zoo/v16_herd,zoo_majkel,1305,1,110144,116978,-6834,0,3,0,0,4,763.954,3,3,10,12,,
zoo/v16_herd,zoo_majkel,1306,0,81492,89470,-7978,0,4,0,4,3,568.814,3,3,13,9,,
zoo/v16_herd,zoo_majkel,1306,1,81040,84638,-3598,0,4,0,7,0,554.406,3,3,8,13,,
zoo/v16_herd,zoo_majkel,1307,0,118412,107538,10874,0,3,0,0,0,1029.07,3,3,16,11,,
zoo/v16_herd,zoo_majkel,1307,1,114746,109903,4843,0,3,0,4,2,469.736,3,3,14,11,,
zoo/v16_herd,zoo_majkel,1308,0,103384,101249,2135,0,4,0,7,0,800.018,3,3,13,13,,
zoo/v16_herd,zoo_majkel,1308,1,103384,101249,2135,0,4,0,7,0,961.85,3,3,13,13,,
zoo/v16_herd,zoo_majkel,1309,0,111908,110234,1674,0,3,0,0,0,262.819,3,3,11,8,,
zoo/v16_herd,zoo_majkel,1309,1,111908,110234,1674,0,3,0,0,0,386.042,3,3,11,8,,
zoo/v16_herd,zoo_majkel,1310,0,112062,104810,7252,0,3,0,0,0,1607.73,3,3,10,12,,
zoo/v16_herd,zoo_majkel,1310,1,107407,116287,-8880,0,3,0,0,0,1276.22,3,3,15,9,,
zoo/v16_herd,zoo_majkel,1311,0,109738,109894,-156,0,2,0,0,0,763.912,3,3,9,10,,
zoo/v16_herd,zoo_majkel,1311,1,109738,109894,-156,0,2,0,0,0,492.545,3,3,9,10,,
zoo/v16_herd,zoo_majkel,1312,0,93209,94815,-1606,0,3,0,0,0,485.141,3,3,10,5,,
zoo/v16_herd,zoo_majkel,1312,1,98461,99938,-1477,0,3,0,0,0,639.883,3,3,9,5,,
zoo/v16_herd,zoo_majkel,1313,0,103029,97678,5351,0,3,0,0,0,495.884,3,3,9,11,,
zoo/v16_herd,zoo_majkel,1313,1,108691,97291,11400,0,4,0,7,0,1318.4,3,3,14,10,,
zoo/v16_herd,zoo_majkel,1314,0,95130,102112,-6982,0,2,0,0,0,1673.06,3,3,8,11,,
zoo/v16_herd,zoo_majkel,1314,1,95130,102112,-6982,0,2,0,0,0,1836.07,3,3,8,11,,
zoo/v16_herd,zoo_majkel,1315,0,86947,89395,-2448,0,2,0,0,0,2452.94,3,3,10,10,,
zoo/v16_herd,zoo_majkel,1315,1,86947,89395,-2448,0,2,0,0,0,716.009,3,3,10,10,,
zoo/v16_herd,zoo_mm,1300,0,108222,109994,-1772,0,4,0,2,0,2026.96,3,3,12,10,,
zoo/v16_herd,zoo_mm,1300,1,124035,126993,-2958,0,3,0,0,0,1926.79,3,3,8,9,,
zoo/v16_herd,zoo_mm,1301,0,110135,104533,5602,0,2,0,0,0,645.515,3,3,9,5,,
zoo/v16_herd,zoo_mm,1301,1,110135,104533,5602,0,2,0,0,0,1569.57,3,3,9,5,,
zoo/v16_herd,zoo_mm,1302,0,77867,68022,9845,0,1,0,0,0,1580.01,3,3,11,5,,
zoo/v16_herd,zoo_mm,1302,1,77867,68022,9845,0,1,0,0,0,3315.19,3,3,11,5,,
zoo/v16_herd,zoo_mm,1303,0,92289,94306,-2017,0,2,0,0,0,2178.15,3,3,10,10,,
zoo/v16_herd,zoo_mm,1303,1,92410,94279,-1869,0,2,0,0,0,1238.09,3,3,10,10,,
zoo/v16_herd,zoo_mm,1304,0,97570,95655,1915,0,2,0,1,0,919.493,3,3,8,9,,
zoo/v16_herd,zoo_mm,1304,1,97570,95655,1915,0,2,0,1,0,2076.92,3,3,8,9,,
zoo/v16_herd,zoo_mm,1305,0,83463,84363,-900,0,2,0,0,0,707.876,3,3,11,11,,
zoo/v16_herd,zoo_mm,1305,1,82494,79599,2895,0,2,0,0,0,1913.07,3,3,10,10,,
zoo/v16_herd,zoo_mm,1306,0,80873,77785,3088,0,3,0,0,0,3614.49,3,3,8,6,,
zoo/v16_herd,zoo_mm,1306,1,85065,82983,2082,0,4,0,0,0,1296.69,3,3,8,7,,
zoo/v16_herd,zoo_mm,1307,0,105035,88255,16780,0,2,0,0,0,3261.82,3,3,8,8,,
zoo/v16_herd,zoo_mm,1307,1,99387,90476,8911,0,2,0,0,0,2426.83,3,3,9,8,,
zoo/v16_herd,zoo_mm,1308,0,106262,109765,-3503,0,2,0,0,0,1655.13,3,3,12,9,,
zoo/v16_herd,zoo_mm,1308,1,106262,109765,-3503,0,2,0,0,0,2809.04,3,3,12,9,,
zoo/v16_herd,zoo_mm,1309,0,147325,130807,16518,0,5,0,0,154,1340.91,3,4,14,17,,
zoo/v16_herd,zoo_mm,1309,1,147325,130807,16518,0,5,0,0,154,1898.38,3,4,14,17,,
zoo/v16_herd,zoo_mm,1310,0,98584,96739,1845,0,2,0,0,0,2788.6,3,3,10,7,,
zoo/v16_herd,zoo_mm,1310,1,119640,116243,3397,0,5,0,0,0,2069.21,3,3,9,5,,
zoo/v16_herd,zoo_mm,1311,0,90711,96196,-5485,0,3,0,0,0,2228.46,3,3,5,7,,
zoo/v16_herd,zoo_mm,1311,1,90711,96196,-5485,0,3,0,0,0,1544.52,3,3,5,7,,
zoo/v16_herd,zoo_mm,1312,0,150880,167273,-16393,0,2,0,0,0,1768.17,3,3,11,12,,
zoo/v16_herd,zoo_mm,1312,1,148996,164619,-15623,0,2,0,0,0,2973.29,3,3,11,12,,
zoo/v16_herd,zoo_mm,1313,0,101953,94514,7439,0,2,0,0,0,2143.41,3,3,14,16,,
zoo/v16_herd,zoo_mm,1313,1,118803,121042,-2239,0,2,0,0,0,1606.13,3,3,14,15,,
zoo/v16_herd,zoo_mm,1314,0,113880,113679,201,0,2,0,2,0,2652.85,3,3,12,6,,
zoo/v16_herd,zoo_mm,1314,1,107153,117622,-10469,0,2,0,34,0,3031.84,3,3,11,8,,
zoo/v16_herd,zoo_mm,1315,0,99366,98025,1341,0,2,0,0,0,1566.02,3,3,14,16,,
zoo/v16_herd,zoo_mm,1315,1,99366,98025,1341,0,2,0,0,0,1386.78,3,3,14,16,,
zoo/v16_herd,zoo_vadim,1300,0,110927,107565,3362,0,3,0,0,0,1153.47,3,3,14,8,,
zoo/v16_herd,zoo_vadim,1300,1,110927,107565,3362,0,3,0,0,0,905.577,3,3,14,8,,
zoo/v16_herd,zoo_vadim,1301,0,77118,90039,-12921,0,5,0,0,0,979.988,3,3,8,7,,
zoo/v16_herd,zoo_vadim,1301,1,77118,90039,-12921,0,5,0,0,0,1244.1,3,3,8,7,,
zoo/v16_herd,zoo_vadim,1302,0,87700,86488,1212,0,2,0,6,0,2690.78,3,3,9,16,,
zoo/v16_herd,zoo_vadim,1302,1,87700,86488,1212,0,2,0,6,0,2540.63,3,3,9,16,,
zoo/v16_herd,zoo_vadim,1303,0,103541,95364,8177,0,2,0,0,0,1239.64,3,3,13,8,,
zoo/v16_herd,zoo_vadim,1303,1,103541,95364,8177,0,2,0,0,0,1160.75,3,3,13,8,,
zoo/v16_herd,zoo_vadim,1304,0,134962,129287,5675,0,4,0,0,0,867.291,3,3,13,16,,
zoo/v16_herd,zoo_vadim,1304,1,134962,129287,5675,0,4,0,0,0,2382.92,3,3,13,16,,
zoo/v16_herd,zoo_vadim,1305,0,108741,108215,526,0,2,0,0,0,2085.74,3,3,8,14,,
zoo/v16_herd,zoo_vadim,1305,1,94841,102298,-7457,0,2,0,0,0,2243.54,3,3,8,14,,
zoo/v16_herd,zoo_vadim,1306,0,90688,97940,-7252,0,3,0,9,15,1942.37,3,3,10,15,,
zoo/v16_herd,zoo_vadim,1306,1,90688,97940,-7252,0,3,0,9,15,2267.99,3,3,10,15,,
zoo/v16_herd,zoo_vadim,1307,0,113893,105161,8732,0,3,0,7,0,734.477,3,3,12,10,,
zoo/v16_herd,zoo_vadim,1307,1,109122,110070,-948,0,3,0,24,0,2658.44,3,3,14,12,,
zoo/v16_herd,zoo_vadim,1308,0,118557,111920,6637,0,4,0,0,0,2032.83,3,3,12,13,,
zoo/v16_herd,zoo_vadim,1308,1,118557,111920,6637,0,4,0,0,0,843.969,3,3,12,13,,
zoo/v16_herd,zoo_vadim,1309,0,112805,107714,5091,0,2,0,0,0,2010.73,3,3,17,13,,
zoo/v16_herd,zoo_vadim,1309,1,112805,107714,5091,0,2,0,0,0,3272.2,3,3,17,13,,
zoo/v16_herd,zoo_vadim,1310,0,127624,118889,8735,0,2,0,0,0,779.908,3,3,9,9,,
zoo/v16_herd,zoo_vadim,1310,1,112538,113535,-997,0,2,0,0,0,2099.23,3,3,9,11,,
zoo/v16_herd,zoo_vadim,1311,0,137901,134651,3250,0,2,0,0,4,1031.97,3,3,13,16,,
zoo/v16_herd,zoo_vadim,1311,1,137901,134651,3250,0,2,0,0,4,1487.08,3,3,13,16,,
zoo/v16_herd,zoo_vadim,1312,0,109112,118758,-9646,0,4,0,3,0,3283.28,3,3,12,13,,
zoo/v16_herd,zoo_vadim,1312,1,109112,118758,-9646,0,4,0,3,0,1624.28,3,3,12,13,,
zoo/v16_herd,zoo_vadim,1313,0,87656,91986,-4330,0,2,0,0,0,2094.44,3,3,9,13,,
zoo/v16_herd,zoo_vadim,1313,1,89042,91538,-2496,0,2,0,0,0,3541.25,3,3,9,13,,
zoo/v16_herd,zoo_vadim,1314,0,99031,98437,594,0,3,0,0,6,2725.08,3,3,10,13,,
zoo/v16_herd,zoo_vadim,1314,1,99031,98437,594,0,3,0,0,6,3105.04,3,3,10,13,,
zoo/v16_herd,zoo_vadim,1315,0,88818,96905,-8087,0,2,0,0,0,842.487,3,3,11,13,,
zoo/v16_herd,zoo_vadim,1315,1,88818,96905,-8087,0,2,0,0,0,1315.96,3,3,11,13,,
zoo/v18_herd,zoo_decem,1300,0,118704,115212,3492,0,1,0,0,2,757.183,3,4,11,12,,
zoo/v18_herd,zoo_decem,1300,1,118704,115212,3492,0,1,0,0,2,574.82,3,4,11,12,,
zoo/v18_herd,zoo_decem,1301,0,82152,84428,-2276,0,2,0,0,0,199.563,3,3,12,5,,
zoo/v18_herd,zoo_decem,1301,1,82152,84428,-2276,0,2,0,0,0,221.255,3,3,12,5,,
zoo/v18_herd,zoo_decem,1302,0,72670,77547,-4877,0,1,0,0,0,403.153,3,3,12,9,,
zoo/v18_herd,zoo_decem,1302,1,72670,77547,-4877,0,1,0,0,0,310.216,3,3,12,9,,
zoo/v18_herd,zoo_decem,1303,0,113582,129617,-16035,0,3,0,0,3,393.433,3,3,15,11,,
zoo/v18_herd,zoo_decem,1303,1,107505,138586,-31081,0,3,0,0,6,1045.84,3,3,13,12,,
zoo/v18_herd,zoo_decem,1304,0,122932,126410,-3478,0,1,0,0,5,940.369,3,3,15,10,,
zoo/v18_herd,zoo_decem,1304,1,122932,126410,-3478,0,1,0,0,5,688.627,3,3,15,10,,
zoo/v18_herd,zoo_decem,1305,0,130019,113775,16244,0,2,0,0,10,839.146,3,3,10,7,,
zoo/v18_herd,zoo_decem,1305,1,140436,125056,15380,0,2,0,0,25,560.372,3,3,10,10,,
zoo/v18_herd,zoo_decem,1306,0,95739,90237,5502,0,2,0,0,0,377.638,3,3,12,5,,
zoo/v18_herd,zoo_decem,1306,1,95558,91243,4315,0,2,0,0,0,360.416,3,3,10,5,,
zoo/v18_herd,zoo_decem,1307,0,124838,119695,5143,0,1,0,1,0,874.266,3,3,9,10,,
zoo/v18_herd,zoo_decem,1307,1,112338,102536,9802,0,1,0,0,0,588.321,3,3,10,9,,
zoo/v18_herd,zoo_decem,1308,0,104509,104455,54,0,2,0,0,1,374.43,3,3,11,11,,
zoo/v18_herd,zoo_decem,1308,1,104509,104455,54,0,2,0,0,1,524.395,3,3,11,11,,
zoo/v18_herd,zoo_decem,1309,0,85112,82176,2936,0,1,0,0,0,487.83,3,3,13,9,,
zoo/v18_herd,zoo_decem,1309,1,85112,82176,2936,0,1,0,0,0,424.008,3,3,13,9,,
zoo/v18_herd,zoo_decem,1310,0,129567,126347,3220,0,2,0,0,0,406.153,3,3,12,12,,
zoo/v18_herd,zoo_decem,1310,1,96247,95382,865,0,2,0,0,9,577.243,3,3,12,11,,
zoo/v18_herd,zoo_decem,1311,0,124860,120505,4355,0,3,0,0,0,539.646,3,3,14,13,,
zoo/v18_herd,zoo_decem,1311,1,124860,120505,4355,0,3,0,0,0,771.312,3,3,14,13,,
zoo/v18_herd,zoo_decem,1312,0,125513,134304,-8791,0,3,0,0,0,574.948,3,3,12,16,,
zoo/v18_herd,zoo_decem,1312,1,130431,127546,2885,0,3,0,0,0,285.31,3,3,12,6,,
zoo/v18_herd,zoo_decem,1313,0,112548,101022,11526,0,2,0,0,0,684.1,3,3,11,14,,
zoo/v18_herd,zoo_decem,1313,1,82670,92542,-9872,0,2,0,3,0,519.774,3,3,12,13,,
zoo/v18_herd,zoo_decem,1314,0,124344,109195,15149,0,1,0,1,0,816.566,3,3,13,13,,
zoo/v18_herd,zoo_decem,1314,1,113179,110874,2305,0,2,0,0,0,1023.1,3,3,13,13,,
zoo/v18_herd,zoo_decem,1315,0,93500,91239,2261,0,2,0,0,0,400.693,3,3,11,9,,
zoo/v18_herd,zoo_decem,1315,1,93500,91239,2261,0,2,0,0,0,431.812,3,3,11,9,,
zoo/v18_herd,zoo_dsm,1300,0,122775,122056,719,0,3,0,0,0,763.62,3,3,13,8,,
zoo/v18_herd,zoo_dsm,1300,1,123052,129260,-6208,0,2,0,0,0,422.97,3,3,12,14,,
zoo/v18_herd,zoo_dsm,1301,0,93002,110126,-17124,0,3,0,0,0,569.717,3,3,12,13,,
zoo/v18_herd,zoo_dsm,1301,1,93002,110126,-17124,0,3,0,0,0,575.355,3,3,12,13,,
zoo/v18_herd,zoo_dsm,1302,0,82056,82841,-785,0,1,0,0,0,846.955,3,3,12,12,,
zoo/v18_herd,zoo_dsm,1302,1,82056,82841,-785,0,1,0,0,0,939.948,3,3,12,12,,
zoo/v18_herd,zoo_dsm,1303,0,91799,104738,-12939,0,2,0,0,0,549.785,3,3,9,9,,
zoo/v18_herd,zoo_dsm,1303,1,87995,101898,-13903,0,2,0,0,0,585.644,3,3,9,9,,
zoo/v18_herd,zoo_dsm,1304,0,113698,114749,-1051,0,2,0,0,0,462.273,3,3,12,14,,
zoo/v18_herd,zoo_dsm,1304,1,113698,114749,-1051,0,2,0,0,0,525.147,3,3,12,14,,
zoo/v18_herd,zoo_dsm,1305,0,108967,116284,-7317,0,2,0,0,0,484.133,3,3,11,10,,
zoo/v18_herd,zoo_dsm,1305,1,106598,111256,-4658,0,2,0,0,0,599.813,3,3,12,9,,
zoo/v18_herd,zoo_dsm,1306,0,116447,112623,3824,0,2,0,0,0,560.811,3,3,12,12,,
zoo/v18_herd,zoo_dsm,1306,1,115093,115686,-593,0,2,0,0,0,439.665,3,3,12,10,,
zoo/v18_herd,zoo_dsm,1307,0,85391,89376,-3985,0,2,0,0,1,740.322,3,3,11,10,,
zoo/v18_herd,zoo_dsm,1307,1,97257,99277,-2020,0,2,0,0,0,622.558,3,3,11,9,,
zoo/v18_herd,zoo_dsm,1308,0,135919,129429,6490,0,2,0,0,0,421.56,3,3,13,8,,
zoo/v18_herd,zoo_dsm,1308,1,135919,129429,6490,0,2,0,0,0,669.692,3,3,13,8,,
zoo/v18_herd,zoo_dsm,1309,0,114846,101470,13376,0,2,0,0,0,747.852,3,3,16,11,,
zoo/v18_herd,zoo_dsm,1309,1,114846,101470,13376,0,2,0,0,0,851.323,3,3,16,11,,
zoo/v18_herd,zoo_dsm,1310,0,136281,132618,3663,0,3,0,0,0,637.562,3,3,13,16,,
zoo/v18_herd,zoo_dsm,1310,1,179300,14232,165068,0,2,0,0,0,571.441,3,3,15,0,,
zoo/v18_herd,zoo_dsm,1311,0,91310,94437,-3127,0,2,0,0,0,901.395,3,3,11,10,,
zoo/v18_herd,zoo_dsm,1311,1,91442,94206,-2764,0,2,0,0,0,672.523,3,3,11,10,,
zoo/v18_herd,zoo_dsm,1312,0,127712,120353,7359,0,2,0,0,0,692.065,3,3,14,10,,
zoo/v18_herd,zoo_dsm,1312,1,124533,121246,3287,0,2,0,0,0,1166.02,3,3,14,10,,
zoo/v18_herd,zoo_dsm,1313,0,88778,89005,-227,0,2,0,0,0,1219.71,3,3,10,15,,
zoo/v18_herd,zoo_dsm,1313,1,101181,97544,3637,0,2,0,5,0,1381.22,3,3,11,16,,
zoo/v18_herd,zoo_dsm,1314,0,77473,90844,-13371,0,2,0,0,0,882.745,3,3,16,15,,
zoo/v18_herd,zoo_dsm,1314,1,78566,90981,-12415,0,2,0,0,1,470.365,3,3,12,15,,
zoo/v18_herd,zoo_dsm,1315,0,86620,99890,-13270,0,3,0,0,0,1255.87,3,3,11,4,,
zoo/v18_herd,zoo_dsm,1315,1,85802,102457,-16655,0,3,0,0,0,921.22,3,3,11,9,,
zoo/v18_herd,zoo_goose,1300,0,105453,104034,1419,0,1,0,0,2,327.946,3,3,13,10,,
zoo/v18_herd,zoo_goose,1300,1,105625,99491,6134,0,2,0,0,0,571.331,3,3,14,9,,
zoo/v18_herd,zoo_goose,1301,0,97252,99257,-2005,0,2,0,0,0,520.422,3,3,13,9,,
zoo/v18_herd,zoo_goose,1301,1,97201,99253,-2052,0,2,0,0,0,768.12,3,3,13,9,,
zoo/v18_herd,zoo_goose,1302,0,93390,89160,4230,0,1,0,0,0,648.315,3,3,12,12,,
zoo/v18_herd,zoo_goose,1302,1,93390,89160,4230,0,1,0,0,0,490.284,3,3,12,12,,
zoo/v18_herd,zoo_goose,1303,0,125094,119801,5293,0,2,0,0,0,501.18,3,3,10,10,,
zoo/v18_herd,zoo_goose,1303,1,116254,117572,-1318,0,1,0,0,8,508.601,3,3,10,10,,
zoo/v18_herd,zoo_goose,1304,0,97119,91995,5124,0,2,0,0,0,385.772,3,3,10,8,,
zoo/v18_herd,zoo_goose,1304,1,97119,91995,5124,0,2,0,0,0,569.224,3,3,10,8,,
zoo/v18_herd,zoo_goose,1305,0,102219,108972,-6753,0,2,0,0,0,650.916,3,3,12,10,,
zoo/v18_herd,zoo_goose,1305,1,102219,108972,-6753,0,2,0,0,0,725.053,3,3,12,10,,
zoo/v18_herd,zoo_goose,1306,0,82103,76847,5256,0,2,0,0,0,678.02,3,3,13,8,,
zoo/v18_herd,zoo_goose,1306,1,88712,84834,3878,0,2,0,0,0,657.255,3,3,10,9,,
zoo/v18_herd,zoo_goose,1307,0,103411,113390,-9979,0,2,0,3,0,513.661,3,3,8,12,,
zoo/v18_herd,zoo_goose,1307,1,96809,101241,-4432,0,2,0,0,5,317.234,3,3,9,12,,
zoo/v18_herd,zoo_goose,1308,0,85198,83877,1321,0,2,0,0,2,339.817,3,3,4,10,,
zoo/v18_herd,zoo_goose,1308,1,85198,83877,1321,0,2,0,0,2,335.582,3,3,4,10,,
zoo/v18_herd,zoo_goose,1309,0,97384,91526,5858,0,2,0,0,0,541.894,3,3,14,8,,
zoo/v18_herd,zoo_goose,1309,1,97384,91526,5858,0,2,0,0,0,555.797,3,3,14,8,,
zoo/v18_herd,zoo_goose,1310,0,123915,125924,-2009,0,2,0,0,0,646.132,3,3,13,13,,
zoo/v18_herd,zoo_goose,1310,1,136582,125810,10772,0,2,0,0,0,473.525,3,3,11,11,,
zoo/v18_herd,zoo_goose,1311,0,103059,99292,3767,0,3,0,0,0,728.2,3,3,15,14,,
zoo/v18_herd,zoo_goose,1311,1,103059,99292,3767,0,3,0,0,0,751.258,3,3,15,14,,
zoo/v18_herd,zoo_goose,1312,0,134687,147072,-12385,0,2,0,0,0,927.385,3,3,13,13,,
zoo/v18_herd,zoo_goose,1312,1,134251,143414,-9163,0,2,0,0,0,396.736,3,3,13,14,,
zoo/v18_herd,zoo_goose,1313,0,82058,82367,-309,0,2,0,0,0,404.335,3,3,11,11,,
zoo/v18_herd,zoo_goose,1313,1,92987,87236,5751,0,2,0,0,0,478.355,3,3,10,13,,
zoo/v18_herd,zoo_goose,1314,0,107672,98471,9201,0,1,0,0,0,413.368,3,3,12,11,,
zoo/v18_herd,zoo_goose,1314,1,104039,98193,5846,0,1,0,0,0,487.482,3,3,12,11,,
zoo/v18_herd,zoo_goose,1315,0,113001,102857,10144,0,1,0,0,0,534.352,3,3,11,10,,
zoo/v18_herd,zoo_goose,1315,1,113001,102857,10144,0,1,0,0,0,567.442,3,3,11,10,,
zoo/v18_herd,zoo_majkel,1300,0,74725,75680,-955,0,2,0,0,0,971.122,3,3,13,7,,
zoo/v18_herd,zoo_majkel,1300,1,112087,111442,645,0,2,0,0,0,1103.72,3,3,13,13,,
zoo/v18_herd,zoo_majkel,1301,0,100036,106773,-6737,0,3,0,0,0,1487.35,3,3,13,6,,
zoo/v18_herd,zoo_majkel,1301,1,100037,106735,-6698,0,3,0,0,0,2025.35,3,3,13,6,,
zoo/v18_herd,zoo_majkel,1302,0,87588,85766,1822,0,2,0,0,0,1051.34,3,3,11,8,,
zoo/v18_herd,zoo_majkel,1302,1,87588,85766,1822,0,2,0,0,0,1506.11,3,3,11,8,,
zoo/v18_herd,zoo_majkel,1303,0,106907,105485,1422,0,2,0,8,0,988.732,3,3,14,10,,
zoo/v18_herd,zoo_majkel,1303,1,106907,105485,1422,0,2,0,8,0,871.105,3,3,14,10,,
zoo/v18_herd,zoo_majkel,1304,0,84995,77162,7833,0,3,0,2,0,1929.43,3,3,11,11,,
zoo/v18_herd,zoo_majkel,1304,1,84995,77162,7833,0,3,0,2,0,1549.53,3,3,11,11,,
zoo/v18_herd,zoo_majkel,1305,0,89706,94872,-5166,0,1,0,0,0,1140.85,3,3,13,7,,
zoo/v18_herd,zoo_majkel,1305,1,89706,94872,-5166,0,1,0,0,0,685.901,3,3,13,7,,
zoo/v18_herd,zoo_majkel,1306,0,90213,81297,8916,0,2,0,0,0,1425.86,3,3,13,12,,
zoo/v18_herd,zoo_majkel,1306,1,91688,89396,2292,0,2,0,0,0,802.619,3,3,14,12,,
zoo/v18_herd,zoo_majkel,1307,0,108529,108999,-470,0,2,0,0,0,771.738,3,3,11,12,,
zoo/v18_herd,zoo_majkel,1307,1,94155,93860,295,0,2,0,0,0,1177.96,3,3,9,9,,
zoo/v18_herd,zoo_majkel,1308,0,138839,150056,-11217,0,3,0,0,0,717.399,3,3,11,14,,
zoo/v18_herd,zoo_majkel,1308,1,138839,150056,-11217,0,3,0,0,0,497.315,3,3,11,14,,
zoo/v18_herd,zoo_majkel,1309,0,78135,68850,9285,0,1,0,0,0,679.266,3,3,11,10,,
zoo/v18_herd,zoo_majkel,1309,1,78135,68850,9285,0,1,0,0,0,1068.21,3,3,11,10,,
zoo/v18_herd,zoo_majkel,1310,0,117266,106531,10735,0,1,0,0,0,710.293,3,3,13,9,,
zoo/v18_herd,zoo_majkel,1310,1,130200,130655,-455,0,3,0,0,0,3344.77,3,3,12,12,,
zoo/v18_herd,zoo_majkel,1311,0,86269,84892,1377,0,1,0,0,0,749.524,3,3,7,10,,
zoo/v18_herd,zoo_majkel,1311,1,86013,85627,386,0,1,0,0,0,922.646,3,3,7,8,,
zoo/v18_herd,zoo_majkel,1312,0,128131,132995,-4864,0,2,0,0,0,604.386,3,3,14,10,,
zoo/v18_herd,zoo_majkel,1312,1,125711,138656,-12945,0,2,0,0,0,815.029,3,3,13,15,,
zoo/v18_herd,zoo_majkel,1313,0,109001,109073,-72,0,2,0,6,0,1953.51,3,3,13,14,,
zoo/v18_herd,zoo_majkel,1313,1,110750,116877,-6127,0,2,0,10,4,1594.18,3,3,13,14,,
zoo/v18_herd,zoo_majkel,1314,0,68694,70182,-1488,0,1,0,0,0,415.803,3,3,11,8,,
zoo/v18_herd,zoo_majkel,1314,1,112579,108291,4288,0,1,0,0,0,924.016,3,3,11,12,,
zoo/v18_herd,zoo_majkel,1315,0,90044,85950,4094,0,1,0,0,0,678.172,3,3,11,11,,
zoo/v18_herd,zoo_majkel,1315,1,90044,85950,4094,0,1,0,0,0,619.272,3,3,11,11,,
zoo/v18_herd,zoo_mm,1300,0,89654,92887,-3233,0,2,0,0,0,388.312,3,3,13,13,,
zoo/v18_herd,zoo_mm,1300,1,77407,78656,-1249,0,2,0,0,0,355.964,3,3,14,10,,
zoo/v18_herd,zoo_mm,1301,0,97330,107905,-10575,0,3,0,0,0,958.885,3,3,16,12,,
zoo/v18_herd,zoo_mm,1301,1,97330,107905,-10575,0,3,0,0,0,768.605,3,3,16,12,,
zoo/v18_herd,zoo_mm,1302,0,84586,83217,1369,0,2,0,0,0,587.314,3,3,11,9,,
zoo/v18_herd,zoo_mm,1302,1,84586,83217,1369,0,2,0,0,0,529.527,3,3,11,9,,
zoo/v18_herd,zoo_mm,1303,0,114826,113384,1442,0,2,0,0,0,519.83,3,3,8,10,,
zoo/v18_herd,zoo_mm,1303,1,114826,113384,1442,0,2,0,0,0,511.602,3,3,8,10,,
zoo/v18_herd,zoo_mm,1304,0,89067,92653,-3586,0,2,0,0,0,613.331,3,3,14,9,,
zoo/v18_herd,zoo_mm,1304,1,89067,92653,-3586,0,2,0,0,0,613.105,3,3,14,9,,
zoo/v18_herd,zoo_mm,1305,0,105375,113481,-8106,0,2,0,0,2,701.208,3,3,7,12,,
zoo/v18_herd,zoo_mm,1305,1,105375,113481,-8106,0,2,0,0,2,640.22,3,3,7,12,,
zoo/v18_herd,zoo_mm,1306,0,91488,96412,-4924,0,2,0,0,0,1267.29,3,3,13,12,,
zoo/v18_herd,zoo_mm,1306,1,91764,97476,-5712,0,2,0,0,0,961.104,3,3,13,12,,
zoo/v18_herd,zoo_mm,1307,0,88458,82564,5894,0,1,0,0,0,545.929,3,3,13,10,,
zoo/v18_herd,zoo_mm,1307,1,88458,82564,5894,0,1,0,0,0,716.346,3,3,13,10,,
zoo/v18_herd,zoo_mm,1308,0,112465,115392,-2927,0,1,0,0,0,396.125,3,3,11,10,,
zoo/v18_herd,zoo_mm,1308,1,112465,115392,-2927,0,1,0,0,0,316.412,3,3,11,10,,
zoo/v18_herd,zoo_mm,1309,0,104927,105039,-112,0,2,0,14,0,1130.17,3,3,15,11,,
zoo/v18_herd,zoo_mm,1309,1,104927,105039,-112,0,2,0,14,0,924.04,3,3,15,11,,
zoo/v18_herd,zoo_mm,1310,0,111649,111000,649,0,3,0,0,0,712.476,3,3,11,7,,
zoo/v18_herd,zoo_mm,1310,1,92770,83182,9588,0,2,0,0,0,469.141,3,3,13,7,,
zoo/v18_herd,zoo_mm,1311,0,96290,93697,2593,0,2,0,0,0,567.79,3,3,13,15,,
zoo/v18_herd,zoo_mm,1311,1,96290,93697,2593,0,2,0,0,0,517.556,3,3,13,15,,
zoo/v18_herd,zoo_mm,1312,0,110720,110871,-151,0,1,0,0,0,943.828,3,3,15,13,,
zoo/v18_herd,zoo_mm,1312,1,108682,121514,-12832,0,1,0,0,0,662.514,3,3,15,13,,
zoo/v18_herd,zoo_mm,1313,0,84351,99991,-15640,0,2,0,0,0,1310.23,3,3,11,13,,
zoo/v18_herd,zoo_mm,1313,1,111327,120052,-8725,0,2,0,0,0,752.106,3,3,13,16,,
zoo/v18_herd,zoo_mm,1314,0,87720,81660,6060,0,2,0,0,0,701.323,3,3,14,13,,
zoo/v18_herd,zoo_mm,1314,1,87417,89377,-1960,0,2,0,0,0,586.378,3,3,14,12,,
zoo/v18_herd,zoo_mm,1315,0,78538,81210,-2672,0,2,0,0,0,511.472,3,3,12,5,,
zoo/v18_herd,zoo_mm,1315,1,78538,81210,-2672,0,2,0,0,0,446.807,3,3,12,5,,
zoo/v18_herd,zoo_vadim,1300,0,88259,86056,2203,0,2,0,0,0,776.159,3,3,14,12,,
zoo/v18_herd,zoo_vadim,1300,1,124845,121818,3027,0,2,0,4,0,1319.85,3,3,11,14,,
zoo/v18_herd,zoo_vadim,1301,0,120413,111947,8466,0,3,0,0,7,1121.02,3,3,15,9,,
zoo/v18_herd,zoo_vadim,1301,1,120413,111947,8466,0,3,0,0,7,932.977,3,3,15,9,,
zoo/v18_herd,zoo_vadim,1302,0,84579,90023,-5444,0,2,0,0,0,447.1,3,3,10,14,,
zoo/v18_herd,zoo_vadim,1302,1,84579,90023,-5444,0,2,0,0,0,465.767,3,3,10,14,,
zoo/v18_herd,zoo_vadim,1303,0,136609,131873,4736,0,2,0,0,0,940.281,3,3,12,10,,
zoo/v18_herd,zoo_vadim,1303,1,136518,131800,4718,0,2,0,0,0,769.183,3,3,12,10,,
zoo/v18_herd,zoo_vadim,1304,0,105337,107739,-2402,0,2,0,10,0,650.398,3,3,13,13,,
zoo/v18_herd,zoo_vadim,1304,1,105337,107739,-2402,0,2,0,10,0,572.921,3,3,13,13,,
zoo/v18_herd,zoo_vadim,1305,0,98803,104006,-5203,0,2,0,36,0,823.145,3,3,12,6,,
zoo/v18_herd,zoo_vadim,1305,1,98803,104006,-5203,0,2,0,36,0,804.091,3,3,12,6,,
zoo/v18_herd,zoo_vadim,1306,0,80196,85480,-5284,0,1,0,0,0,658.905,3,3,12,16,,
zoo/v18_herd,zoo_vadim,1306,1,80196,85480,-5284,0,1,0,0,0,435.333,3,3,12,16,,
zoo/v18_herd,zoo_vadim,1307,0,108454,105985,2469,0,2,0,0,0,449.428,3,3,8,9,,
zoo/v18_herd,zoo_vadim,1307,1,104845,94735,10110,0,2,0,0,0,559.95,3,3,9,11,,
zoo/v18_herd,zoo_vadim,1308,0,149722,147612,2110,0,2,0,0,0,799.276,3,3,12,15,,
zoo/v18_herd,zoo_vadim,1308,1,149722,147612,2110,0,2,0,0,0,892.134,3,3,12,15,,
zoo/v18_herd,zoo_vadim,1309,0,92870,93469,-599,0,2,0,0,0,1065.09,3,3,12,11,,
zoo/v18_herd,zoo_vadim,1309,1,92870,93469,-599,0,2,0,0,0,981.538,3,3,12,11,,
zoo/v18_herd,zoo_vadim,1310,0,109792,112766,-2974,0,2,0,0,0,832.82,3,3,11,11,,
zoo/v18_herd,zoo_vadim,1310,1,114506,115293,-787,0,2,0,0,0,455.965,3,3,10,10,,
zoo/v18_herd,zoo_vadim,1311,0,102156,110358,-8202,0,1,0,0,0,516.842,3,3,13,15,,
zoo/v18_herd,zoo_vadim,1311,1,103055,109334,-6279,0,1,0,0,0,443.656,3,3,13,15,,
zoo/v18_herd,zoo_vadim,1312,0,136627,133498,3129,0,3,0,0,5,438.826,3,3,14,13,,
zoo/v18_herd,zoo_vadim,1312,1,124803,122259,2544,0,3,0,0,9,797.781,3,3,14,11,,
zoo/v18_herd,zoo_vadim,1313,0,96847,104160,-7313,0,2,0,0,12,610.918,3,3,11,17,,
zoo/v18_herd,zoo_vadim,1313,1,91092,96022,-4930,0,2,0,0,12,533.583,3,3,10,14,,
zoo/v18_herd,zoo_vadim,1314,0,112174,117090,-4916,0,2,0,0,10,407.196,3,3,13,17,,
zoo/v18_herd,zoo_vadim,1314,1,95042,99775,-4733,0,2,0,2,10,635.447,3,3,11,15,,
zoo/v18_herd,zoo_vadim,1315,0,98590,91916,6674,0,2,0,0,0,902.22,3,3,9,14,,
zoo/v18_herd,zoo_vadim,1315,1,98590,91916,6674,0,2,0,0,0,771.799,3,3,9,14,,
final,investment_context_guarded_001_best,700,0,113676,104265,9411,0,2,0,0,5,2489.46,3,3,9,17,,
final,investment_context_guarded_001_best,700,1,113676,104265,9411,0,2,0,0,5,2452.11,3,3,9,17,,
final,investment_context_guarded_001_best,701,0,103056,98837,4219,0,5,0,23,4,1893.34,3,3,7,17,,
final,investment_context_guarded_001_best,701,1,103056,98837,4219,0,5,0,23,4,1847.77,3,3,7,17,,
final,investment_context_guarded_001_best,702,0,128569,113417,15152,0,5,0,0,4,3276.45,3,3,8,17,,
final,investment_context_guarded_001_best,702,1,128569,113417,15152,0,5,0,0,4,3000.65,3,3,8,17,,
final,investment_context_guarded_001_best,703,0,87623,81228,6395,0,3,0,0,4,2162.81,3,3,9,17,,
final,investment_context_guarded_001_best,703,1,87623,81228,6395,0,3,0,0,4,2230.12,3,3,9,17,,
final,investment_context_guarded_001_best,704,0,76454,65044,11410,0,9,0,3,5,2219.13,3,3,11,17,,
final,investment_context_guarded_001_best,704,1,76454,65044,11410,0,9,0,3,5,2172.13,3,3,11,17,,
final,investment_context_guarded_001_best,705,0,115849,94243,21606,0,2,0,16,5,1824.45,3,3,12,17,,
final,investment_context_guarded_001_best,705,1,115849,94243,21606,0,2,0,16,5,2154.89,3,3,12,17,,
final,investment_context_guarded_001_best,706,0,83841,68143,15698,0,0,0,0,6,610.777,3,3,11,17,,
final,investment_context_guarded_001_best,706,1,84146,68273,15873,0,0,0,0,6,610.095,3,3,11,17,,
final,investment_context_guarded_001_best,707,0,146307,119466,26841,0,2,0,4,5,3182.79,3,3,14,17,,
final,investment_context_guarded_001_best,707,1,146307,119466,26841,0,2,0,4,5,3042.62,3,3,14,17,,
final,investment_context_guarded_001_best,708,0,120967,102090,18877,0,7,0,25,4,2148.06,3,3,9,17,,
final,investment_context_guarded_001_best,708,1,120967,102090,18877,0,7,0,25,4,2026.31,3,3,9,17,,
final,investment_context_guarded_001_best,709,0,83503,75893,7610,0,1,0,0,5,2057.99,3,3,14,17,,
final,investment_context_guarded_001_best,709,1,83503,75893,7610,0,1,0,0,5,2053.94,3,3,14,17,,
final,investment_context_guarded_001_best,710,0,122014,107893,14121,0,4,0,0,6,1742.94,3,3,16,17,,
final,investment_context_guarded_001_best,710,1,122014,107893,14121,0,4,0,0,6,1710.19,3,3,16,17,,
final,investment_context_guarded_001_best,711,0,109730,105353,4377,0,6,0,0,5,1847.41,3,3,13,17,,
final,investment_context_guarded_001_best,711,1,109730,105353,4377,0,6,0,0,5,1820.49,3,3,13,17,,
final,investment_context_guarded_001_best,712,0,90956,88402,2554,0,3,0,0,5,1913.37,3,3,11,17,,
final,investment_context_guarded_001_best,712,1,90956,88402,2554,0,3,0,0,5,1912.94,3,3,11,17,,
final,investment_context_guarded_001_best,713,0,155882,127956,27926,0,1,0,0,5,1734.59,3,3,13,17,,
final,investment_context_guarded_001_best,713,1,155882,127956,27926,0,1,0,0,5,1860.13,3,3,13,17,,
final,investment_context_guarded_001_best,714,0,115167,107684,7483,0,0,0,0,5,1075.88,3,3,12,17,,
final,investment_context_guarded_001_best,714,1,115167,107684,7483,0,0,0,0,5,1006.65,3,3,12,17,,
final,investment_context_guarded_001_best,715,0,157373,129467,27906,0,3,0,0,5,4191.59,3,3,13,17,,
final,investment_context_guarded_001_best,715,1,157373,129467,27906,0,3,0,0,5,3504.84,3,3,13,17,,
final,investment_context_guarded_001_best,716,0,99318,82711,16607,0,3,0,0,5,1696.13,3,3,14,17,,
final,investment_context_guarded_001_best,716,1,99318,82711,16607,0,3,0,0,5,1570.42,3,3,14,17,,
final,investment_context_guarded_001_best,717,0,119414,105070,14344,0,6,0,4,5,2502.27,3,3,12,17,,
final,investment_context_guarded_001_best,717,1,119414,105070,14344,0,6,0,4,5,2600.77,3,3,12,17,,
final,investment_context_guarded_001_best,718,0,142135,104548,37587,0,0,0,1,4,1032.75,3,3,15,17,,
final,investment_context_guarded_001_best,718,1,142135,104548,37587,0,0,0,1,4,1013.51,3,3,15,17,,
final,investment_context_guarded_001_best,719,0,115964,95196,20768,0,2,0,0,5,1329.54,3,3,11,17,,
final,investment_context_guarded_001_best,719,1,115964,95196,20768,0,2,0,0,5,1377.58,3,3,11,17,,
final,investment_context_guarded_001_best,720,0,92248,75653,16595,0,8,0,0,5,2103.51,3,3,11,17,,
final,investment_context_guarded_001_best,720,1,92248,75653,16595,0,8,0,0,5,2685.6,3,3,11,17,,
final,investment_context_guarded_001_best,721,0,162963,114956,48007,0,3,0,11,4,1443.74,3,3,15,17,,
final,investment_context_guarded_001_best,721,1,162963,114956,48007,0,3,0,11,4,1489.36,3,3,15,17,,
final,investment_context_guarded_001_best,722,0,127297,100532,26765,0,1,0,0,5,2297.64,3,3,11,17,,
final,investment_context_guarded_001_best,722,1,127796,108163,19633,0,1,0,0,5,1919.89,3,3,11,17,,
final,investment_context_guarded_001_best,723,0,76737,76158,579,0,6,0,0,5,1569.56,3,3,8,17,,
final,investment_context_guarded_001_best,723,1,76737,76158,579,0,6,0,0,5,1567.67,3,3,8,17,,
final,investment_context_guarded_001_best,724,0,109628,91845,17783,0,3,0,6,5,2224.62,3,3,13,17,,
final,investment_context_guarded_001_best,724,1,109628,91845,17783,0,3,0,6,5,2304.61,3,3,13,17,,
final,investment_context_guarded_001_best,725,0,98667,91652,7015,0,2,0,0,5,2193.36,3,3,13,17,,
final,investment_context_guarded_001_best,725,1,98667,91652,7015,0,2,0,0,5,2050.5,3,3,13,17,,
final,investment_context_guarded_001_best,726,0,81912,66807,15105,0,2,0,8,5,2478.73,3,3,12,17,,
final,investment_context_guarded_001_best,726,1,81912,66807,15105,0,2,0,8,5,2303.03,3,3,12,17,,
final,investment_context_guarded_001_best,727,0,100671,87095,13576,0,3,0,0,5,1795.13,3,3,11,17,,
final,investment_context_guarded_001_best,727,1,100671,87095,13576,0,3,0,0,5,1803.49,3,3,11,17,,
final,investment_context_guarded_001_best,728,0,89161,79593,9568,0,2,0,0,5,1666.32,3,3,11,17,,
final,investment_context_guarded_001_best,728,1,89161,79593,9568,0,2,0,0,5,1893.18,3,3,11,17,,
final,investment_context_guarded_001_best,729,0,106975,92428,14547,0,3,0,18,5,1580.45,3,3,12,17,,
final,investment_context_guarded_001_best,729,1,106975,92428,14547,0,3,0,18,5,2157.87,3,3,12,17,,
final,investment_context_guarded_001_best,730,0,123007,112480,10527,0,1,0,0,5,1163.48,3,3,11,17,,
final,investment_context_guarded_001_best,730,1,123007,112480,10527,0,1,0,0,5,1431.02,3,3,11,17,,
final,investment_context_guarded_001_best,731,0,131169,127050,4119,0,0,0,2,5,1448.09,3,3,8,17,,
final,investment_context_guarded_001_best,731,1,131169,127050,4119,0,0,0,2,5,1374.87,3,3,8,17,,
final,king_rc4,700,0,125141,92139,33002,0,3,0,7,2,2283.42,3,3,12,3,,
final,king_rc4,700,1,125141,92139,33002,0,3,0,7,2,2289.05,3,3,12,3,,
final,king_rc4,701,0,122123,103159,18964,0,2,0,0,0,1609.66,3,3,10,17,,
final,king_rc4,701,1,122026,103124,18902,0,2,0,0,0,1614.6,3,3,10,17,,
final,king_rc4,702,0,132127,104317,27810,0,3,0,5,6,1355.1,3,3,10,8,,
final,king_rc4,702,1,132127,104317,27810,0,3,0,5,6,1208.08,3,3,10,8,,
final,king_rc4,703,0,127918,84330,43588,0,2,0,8,0,1042.01,3,3,10,17,,
final,king_rc4,703,1,127918,84330,43588,0,2,0,8,0,1060.28,3,3,10,17,,
final,king_rc4,704,0,79264,71566,7698,0,2,0,1,2,1985.99,3,3,9,3,,
final,king_rc4,704,1,79264,71566,7698,0,2,0,1,2,1957.2,3,3,9,3,,
final,king_rc4,705,0,130524,102958,27566,0,0,0,31,5,1755.9,3,3,12,17,,
final,king_rc4,705,1,130524,102958,27566,0,0,0,31,5,1808.42,3,3,12,17,,
final,king_rc4,706,0,104694,86121,18573,0,1,0,0,14,1487.55,3,3,16,8,,
final,king_rc4,706,1,104694,86121,18573,0,1,0,0,14,1617.44,3,3,16,8,,
final,king_rc4,707,0,121704,106953,14751,0,3,0,19,5,2318.53,3,3,15,17,,
final,king_rc4,707,1,121704,106953,14751,0,3,0,19,5,2432.59,3,3,15,17,,
final,king_rc4,708,0,96441,83834,12607,0,7,0,0,0,1378.47,3,3,10,17,,
final,king_rc4,708,1,96441,83834,12607,0,7,0,0,0,1417.2,3,3,10,17,,
final,king_rc4,709,0,89509,76889,12620,0,3,0,0,0,2533.64,3,3,14,17,,
final,king_rc4,709,1,89509,76889,12620,0,3,0,0,0,2187.82,3,3,14,17,,
final,king_rc4,710,0,111496,91944,19552,0,1,0,28,0,1705.29,3,3,17,17,,
final,king_rc4,710,1,111496,91944,19552,0,1,0,28,0,1689.65,3,3,17,17,,
final,king_rc4,711,0,106000,97220,8780,0,4,0,0,0,1941.97,3,3,12,17,,
final,king_rc4,711,1,106000,97220,8780,0,4,0,0,0,1974.55,3,3,12,17,,
final,king_rc4,712,0,96590,77854,18736,0,2,0,10,2,1687.59,3,3,11,3,,
final,king_rc4,712,1,96590,77854,18736,0,2,0,10,2,1724.02,3,3,11,3,,
final,king_rc4,713,0,152011,133119,18892,0,5,0,0,0,1938.65,3,3,12,17,,
final,king_rc4,713,1,152011,133119,18892,0,5,0,0,0,1872.38,3,3,12,17,,
final,king_rc4,714,0,87021,68472,18549,0,1,0,0,14,1782.79,3,3,15,8,,
final,king_rc4,714,1,87021,68472,18549,0,1,0,0,14,1765.53,3,3,15,8,,
final,king_rc4,715,0,136828,120890,15938,0,1,0,0,0,1735.46,3,3,12,17,,
final,king_rc4,715,1,136828,120890,15938,0,1,0,0,0,1727.12,3,3,12,17,,
final,king_rc4,716,0,83182,70953,12229,0,1,0,0,5,900.998,3,3,14,17,,
final,king_rc4,716,1,83182,70953,12229,0,1,0,0,5,914.928,3,3,14,17,,
final,king_rc4,717,0,111341,90411,20930,0,5,0,0,5,1070.06,3,3,15,17,,
final,king_rc4,717,1,111341,90411,20930,0,5,0,0,5,1016.44,3,3,15,17,,
final,king_rc4,718,0,131485,101035,30450,0,2,0,0,0,1845.79,3,3,15,17,,
final,king_rc4,718,1,131485,101035,30450,0,2,0,0,0,2089.92,3,3,15,17,,
final,king_rc4,719,0,122595,106196,16399,0,2,0,0,5,1681.85,3,3,12,17,,
final,king_rc4,719,1,122595,106196,16399,0,2,0,0,5,1745.18,3,3,12,17,,
final,king_rc4,720,0,101091,83250,17841,0,5,0,1,2,1785.64,3,3,11,3,,
final,king_rc4,720,1,101091,83250,17841,0,5,0,1,2,1873.29,3,3,11,3,,
final,king_rc4,721,0,111915,79758,32157,0,1,0,0,0,1115.63,3,3,14,17,,
final,king_rc4,721,1,111915,79758,32157,0,1,0,0,0,1107.23,3,3,14,17,,
final,king_rc4,722,0,128276,103435,24841,0,1,0,0,2,1912.42,3,3,11,3,,
final,king_rc4,722,1,130136,100178,29958,0,2,0,0,2,1652.51,3,3,11,3,,
final,king_rc4,723,0,94996,73485,21511,0,3,0,0,0,1716.08,3,3,12,17,,
final,king_rc4,723,1,94996,73485,21511,0,3,0,0,0,1730.94,3,3,12,17,,
final,king_rc4,724,0,106617,89127,17490,0,6,0,10,0,2156.46,3,3,13,17,,
final,king_rc4,724,1,106617,89127,17490,0,6,0,10,0,2157.67,3,3,13,17,,
final,king_rc4,725,0,95001,89158,5843,0,3,0,0,0,1077.58,3,3,10,17,,
final,king_rc4,725,1,95001,89158,5843,0,3,0,0,0,1121.57,3,3,10,17,,
final,king_rc4,726,0,82731,60616,22115,0,2,0,2,4,2529.35,3,3,12,3,,
final,king_rc4,726,1,82731,60616,22115,0,2,0,2,4,2351.09,3,3,12,3,,
final,king_rc4,727,0,98909,84564,14345,0,4,0,0,2,1709.6,3,3,11,3,,
final,king_rc4,727,1,98909,84564,14345,0,4,0,0,2,1991.25,3,3,11,3,,
final,king_rc4,728,0,85593,71058,14535,0,3,0,9,2,1461.77,3,3,11,3,,
final,king_rc4,728,1,85593,71058,14535,0,3,0,9,2,1553.36,3,3,11,3,,
final,king_rc4,729,0,112648,105060,7588,0,5,0,2,0,1445.45,3,3,12,17,,
final,king_rc4,729,1,112648,105060,7588,0,5,0,2,0,1459.8,3,3,12,17,,
final,king_rc4,730,0,78855,74848,4007,0,10,0,0,5,1410.38,3,3,13,17,,
final,king_rc4,730,1,78855,74848,4007,0,10,0,0,5,1502.45,3,3,13,17,,
final,king_rc4,731,0,143402,129411,13991,0,1,0,0,5,1235.15,3,3,11,17,,
final,king_rc4,731,1,143402,129411,13991,0,1,0,0,5,1227.69,3,3,11,17,,
final,one_shop_no_geese_league_winner_v1,700,0,159247,92455,66792,0,1,0,0,0,2282.15,3,3,11,14,,
final,one_shop_no_geese_league_winner_v1,700,1,144436,66338,78098,0,1,0,0,0,1801.82,3,3,12,14,,
final,one_shop_no_geese_league_winner_v1,701,0,119447,58747,60700,0,2,0,0,0,1921.74,3,3,10,14,,
final,one_shop_no_geese_league_winner_v1,701,1,119644,58873,60771,0,2,0,0,0,1896.55,3,3,10,14,,
final,one_shop_no_geese_league_winner_v1,702,0,222338,95371,126967,0,0,0,0,0,3445.59,3,3,17,14,,
final,one_shop_no_geese_league_winner_v1,702,1,221985,95292,126693,0,0,0,0,0,3112.21,3,3,17,14,,
final,one_shop_no_geese_league_winner_v1,703,0,152467,80872,71595,0,7,0,0,0,1667.09,3,3,19,14,,
final,one_shop_no_geese_league_winner_v1,703,1,145102,75000,70102,0,6,0,0,0,2085.4,3,3,19,14,,
final,one_shop_no_geese_league_winner_v1,704,0,203108,98131,104977,0,3,0,0,0,2819.89,3,3,15,14,,
final,one_shop_no_geese_league_winner_v1,704,1,197776,97089,100687,0,3,0,0,0,2503.89,3,3,15,14,,
final,one_shop_no_geese_league_winner_v1,705,0,182000,86144,95856,0,4,0,0,0,968.015,3,3,15,14,,
final,one_shop_no_geese_league_winner_v1,705,1,176391,84934,91457,0,3,0,0,0,1013.58,3,3,15,14,,
final,one_shop_no_geese_league_winner_v1,706,0,161903,78241,83662,0,3,0,5,0,3262.31,3,3,17,14,,
final,one_shop_no_geese_league_winner_v1,706,1,161903,78241,83662,0,3,0,5,0,3617.4,3,3,17,14,,
final,one_shop_no_geese_league_winner_v1,707,0,165877,73097,92780,0,4,0,0,0,3113.71,3,3,13,14,,
final,one_shop_no_geese_league_winner_v1,707,1,162281,72751,89530,0,4,0,0,0,3215.39,3,3,13,14,,
final,one_shop_no_geese_league_winner_v1,708,0,146499,78857,67642,0,3,0,0,0,2402.62,3,3,15,14,,
final,one_shop_no_geese_league_winner_v1,708,1,146499,78857,67642,0,3,0,0,0,2349.52,3,3,15,14,,
final,one_shop_no_geese_league_winner_v1,709,0,172003,94497,77506,0,1,0,22,0,2328.31,3,3,16,14,,
final,one_shop_no_geese_league_winner_v1,709,1,171977,94457,77520,0,1,0,22,0,2394.26,3,3,16,14,,
final,one_shop_no_geese_league_winner_v1,710,0,181065,96412,84653,0,4,0,0,0,2466.96,3,3,14,14,,
final,one_shop_no_geese_league_winner_v1,710,1,179393,95964,83429,0,4,0,0,0,2410.96,3,3,14,14,,
final,one_shop_no_geese_league_winner_v1,711,0,191989,92504,99485,0,2,0,0,0,3346.56,3,3,15,14,,
final,one_shop_no_geese_league_winner_v1,711,1,191989,92504,99485,0,2,0,0,0,2990.79,3,3,15,14,,
final,one_shop_no_geese_league_winner_v1,712,0,164272,85507,78765,0,0,0,0,0,1752.51,3,3,15,14,,
final,one_shop_no_geese_league_winner_v1,712,1,166933,94891,72042,0,2,0,1,0,3917.36,3,3,19,14,,
final,one_shop_no_geese_league_winner_v1,713,0,159379,84783,74596,0,3,0,0,0,2218.89,3,3,17,14,,
final,one_shop_no_geese_league_winner_v1,713,1,158575,84857,73718,0,3,0,0,0,2085.4,3,3,17,14,,
final,one_shop_no_geese_league_winner_v1,714,0,111349,57587,53762,0,2,0,60,0,2708.6,3,3,14,14,,
final,one_shop_no_geese_league_winner_v1,714,1,111349,57587,53762,0,2,0,60,0,2404.26,3,3,14,14,,
final,one_shop_no_geese_league_winner_v1,715,0,171703,85268,86435,0,3,0,0,0,2133.79,3,3,14,14,,
final,one_shop_no_geese_league_winner_v1,715,1,171703,85268,86435,0,3,0,0,0,2354.75,3,3,14,14,,
final,one_shop_no_geese_league_winner_v1,716,0,123837,77469,46368,0,2,0,0,0,1635.1,3,3,10,14,,
final,one_shop_no_geese_league_winner_v1,716,1,123837,77469,46368,0,2,0,0,0,1663.65,3,3,10,14,,
final,one_shop_no_geese_league_winner_v1,717,0,115005,56919,58086,0,2,0,0,0,1019.28,3,3,10,14,,
final,one_shop_no_geese_league_winner_v1,717,1,115005,56919,58086,0,2,0,0,0,887.039,3,3,10,14,,
final,one_shop_no_geese_league_winner_v1,718,0,173058,86091,86967,0,4,0,0,0,2787.5,3,3,15,14,,
final,one_shop_no_geese_league_winner_v1,718,1,173058,86091,86967,0,4,0,0,0,3338.24,3,3,15,14,,
final,one_shop_no_geese_league_winner_v1,719,0,182230,94117,88113,0,2,0,0,0,2013.9,3,3,14,14,,
final,one_shop_no_geese_league_winner_v1,719,1,208411,109801,98610,0,2,0,0,0,2476.65,3,3,14,14,,
final,one_shop_no_geese_league_winner_v1,720,0,161284,76729,84555,0,3,0,0,0,2267.57,3,3,13,14,,
final,one_shop_no_geese_league_winner_v1,720,1,161284,76729,84555,0,3,0,0,0,2267.1,3,3,13,14,,
final,one_shop_no_geese_league_winner_v1,721,0,108201,50071,58130,0,1,0,0,0,1465.93,3,3,13,14,,
final,one_shop_no_geese_league_winner_v1,721,1,109720,50751,58969,0,1,0,0,0,1394.57,3,3,13,14,,
final,one_shop_no_geese_league_winner_v1,722,0,133721,66819,66902,0,1,0,0,0,1980.95,3,3,11,14,,
final,one_shop_no_geese_league_winner_v1,722,1,128495,63690,64805,0,1,0,0,0,1852.17,3,3,9,14,,
final,one_shop_no_geese_league_winner_v1,723,0,113065,58823,54242,0,0,0,0,0,2024.77,3,3,8,14,,
final,one_shop_no_geese_league_winner_v1,723,1,112866,58013,54853,0,0,0,0,0,2118.1,3,3,8,14,,
final,one_shop_no_geese_league_winner_v1,724,0,169915,86388,83527,0,2,0,8,0,3646.01,3,3,12,14,,
final,one_shop_no_geese_league_winner_v1,724,1,169915,86388,83527,0,2,0,8,0,3285.66,3,3,12,14,,
final,one_shop_no_geese_league_winner_v1,725,0,185773,92830,92943,0,3,0,3,0,2045.89,3,3,14,14,,
final,one_shop_no_geese_league_winner_v1,725,1,185773,92830,92943,0,3,0,3,0,2214.62,3,3,14,14,,
final,one_shop_no_geese_league_winner_v1,726,0,152037,61608,90429,0,1,0,0,0,1249.61,3,3,8,14,,
final,one_shop_no_geese_league_winner_v1,726,1,152037,61608,90429,0,1,0,0,0,1268.75,3,3,8,14,,
final,one_shop_no_geese_league_winner_v1,727,0,212926,115076,97850,0,4,0,0,0,2938.16,3,3,19,14,,
final,one_shop_no_geese_league_winner_v1,727,1,212913,115092,97821,0,4,0,0,0,2911.59,3,3,19,14,,
final,one_shop_no_geese_league_winner_v1,728,0,106684,57828,48856,0,2,0,0,0,1101.63,3,3,12,14,,
final,one_shop_no_geese_league_winner_v1,728,1,106684,57828,48856,0,2,0,0,0,1114.07,3,3,12,14,,
final,one_shop_no_geese_league_winner_v1,729,0,103783,55350,48433,0,5,0,12,0,1208.21,3,3,11,14,,
final,one_shop_no_geese_league_winner_v1,729,1,104509,56589,47920,0,7,0,0,0,1762.09,3,3,11,14,,
final,one_shop_no_geese_league_winner_v1,730,0,76258,38931,37327,0,4,0,0,0,1403.61,3,3,12,14,,
final,one_shop_no_geese_league_winner_v1,730,1,75898,41262,34636,0,2,0,0,0,1494.2,3,3,12,14,,
final,one_shop_no_geese_league_winner_v1,731,0,144467,80741,63726,0,3,0,5,0,2664.22,3,3,12,14,,
final,one_shop_no_geese_league_winner_v1,731,1,143499,80719,62780,0,3,0,0,0,2059.48,3,3,12,14,,
final,pass,900,0,153652,3000,150652,0,1,0,0,0,596.798,3,1,18,0,,
final,pass,900,1,154913,3000,151913,0,1,0,0,0,1045.54,3,1,18,0,,
final,pass,901,0,182216,3000,179216,0,0,0,0,0,605.656,3,1,11,0,,
final,pass,901,1,195906,3000,192906,0,1,0,0,0,652.216,3,1,13,0,,
final,sep23_fresh_seeds,700,0,147801,119287,28514,0,4,0,32,47,2586.33,3,3,10,9,,
final,sep23_fresh_seeds,700,1,133334,112988,20346,0,5,0,26,39,2244.41,3,3,10,9,,
final,sep23_fresh_seeds,701,0,110370,98220,12150,0,1,0,0,64,2165.21,3,3,11,11,,
final,sep23_fresh_seeds,701,1,110370,98220,12150,0,1,0,0,64,1921.87,3,3,11,11,,
final,sep23_fresh_seeds,702,0,163130,140449,22681,0,2,0,19,66,2138.93,3,3,11,12,,
final,sep23_fresh_seeds,702,1,163130,140449,22681,0,2,0,19,66,2184.78,3,3,11,12,,
final,sep23_fresh_seeds,703,0,96400,83789,12611,0,1,0,0,76,1845.8,3,3,10,10,,
final,sep23_fresh_seeds,703,1,93372,96319,-2947,0,5,0,0,48,954.526,3,3,11,10,,
final,sep23_fresh_seeds,704,0,117582,103126,14456,0,2,0,0,16,1347.74,3,3,15,13,,
final,sep23_fresh_seeds,704,1,140286,119551,20735,0,0,0,0,32,3259.8,3,3,12,10,,
final,sep23_fresh_seeds,705,0,111147,85171,25976,0,2,0,0,101,2676.99,3,3,12,14,,
final,sep23_fresh_seeds,705,1,111147,85171,25976,0,2,0,0,101,2429,3,3,12,14,,
final,sep23_fresh_seeds,706,0,116167,99618,16549,0,4,0,11,39,3720.79,3,3,15,13,,
final,sep23_fresh_seeds,706,1,116167,99618,16549,0,4,0,11,39,3412.76,3,3,15,13,,
final,sep23_fresh_seeds,707,0,131272,95371,35901,0,5,0,0,101,3038.93,3,3,17,15,,
final,sep23_fresh_seeds,707,1,131272,95371,35901,0,5,0,0,101,2937.88,3,3,17,15,,
final,sep23_fresh_seeds,708,0,131856,123738,8118,0,3,0,0,72,2383.14,3,3,12,15,,
final,sep23_fresh_seeds,708,1,131856,123738,8118,0,3,0,0,72,2049.48,3,3,12,15,,
final,sep23_fresh_seeds,709,0,95388,79184,16204,0,1,0,0,34,1297.43,3,3,13,11,,
final,sep23_fresh_seeds,709,1,95388,79184,16204,0,1,0,0,34,1246.75,3,3,13,11,,
final,sep23_fresh_seeds,710,0,150501,114797,35704,0,4,0,0,75,3481.92,3,3,17,12,,
final,sep23_fresh_seeds,710,1,150501,114797,35704,0,4,0,0,75,3247.13,3,3,17,12,,
final,sep23_fresh_seeds,711,0,150444,139406,11038,0,3,0,0,81,3002.5,3,3,11,12,,
final,sep23_fresh_seeds,711,1,150444,139406,11038,0,3,0,0,81,2943.72,3,3,11,12,,
final,sep23_fresh_seeds,712,0,94658,73439,21219,0,3,0,0,47,1244.52,3,3,10,13,,
final,sep23_fresh_seeds,712,1,109732,88085,21647,0,3,0,0,101,1482.31,3,3,8,12,,
final,sep23_fresh_seeds,713,0,163452,124345,39107,0,4,0,0,123,1622.42,3,4,12,12,,
final,sep23_fresh_seeds,713,1,157724,126665,31059,0,5,0,0,114,1682.17,3,4,12,12,,
final,sep23_fresh_seeds,714,0,103828,99121,4707,0,0,0,0,27,1753.43,3,3,10,10,,
final,sep23_fresh_seeds,714,1,103828,99121,4707,0,0,0,0,27,1427.87,3,3,10,10,,
final,sep23_fresh_seeds,715,0,98981,94671,4310,0,2,0,0,55,824.082,3,3,7,13,,
final,sep23_fresh_seeds,715,1,97026,78553,18473,0,2,0,0,59,882.083,3,3,8,12,,
final,sep23_fresh_seeds,716,0,103633,81516,22117,0,1,0,1,83,1365.38,3,3,13,11,,
final,sep23_fresh_seeds,716,1,103633,81516,22117,0,1,0,1,83,1479.82,3,3,13,11,,
final,sep23_fresh_seeds,717,0,126342,114909,11433,0,5,0,0,25,3156.26,3,3,8,9,,
final,sep23_fresh_seeds,717,1,126342,114909,11433,0,5,0,0,25,3561.67,3,3,8,9,,
final,sep23_fresh_seeds,718,0,157528,136767,20761,0,2,0,26,70,2486.07,3,3,14,11,,
final,sep23_fresh_seeds,718,1,157528,136767,20761,0,2,0,26,70,2686.05,3,3,14,11,,
final,sep23_fresh_seeds,719,0,125349,93382,31967,0,0,0,0,74,1653.02,3,3,13,8,,
final,sep23_fresh_seeds,719,1,125427,93384,32043,0,0,0,0,74,1718.07,3,3,13,8,,
final,sep23_fresh_seeds,720,0,108248,82985,25263,0,0,0,0,35,1618.8,3,3,12,11,,
final,sep23_fresh_seeds,720,1,108248,82985,25263,0,0,0,0,35,1602.07,3,3,12,11,,
final,sep23_fresh_seeds,721,0,93482,83159,10323,0,3,0,8,1,1840.32,3,3,14,11,,
final,sep23_fresh_seeds,721,1,94515,82532,11983,0,3,0,0,1,1956.22,3,3,14,12,,
final,sep23_fresh_seeds,722,0,123745,107142,16603,0,1,0,0,34,2150.58,3,3,10,9,,
final,sep23_fresh_seeds,722,1,123745,107142,16603,0,1,0,0,34,2049.36,3,3,10,9,,
final,sep23_fresh_seeds,723,0,109909,92720,17189,0,2,0,0,19,1178.86,3,3,11,8,,
final,sep23_fresh_seeds,723,1,92398,70655,21743,0,0,0,0,27,1792.87,3,3,11,9,,
final,sep23_fresh_seeds,724,0,126167,132974,-6807,0,8,0,0,42,1543.57,2,3,10,11,,
final,sep23_fresh_seeds,724,1,126167,132974,-6807,0,8,0,0,42,1675.22,2,3,10,11,,
final,sep23_fresh_seeds,725,0,113699,95876,17823,0,0,0,0,8,1692.97,3,3,11,8,,
final,sep23_fresh_seeds,725,1,113699,95876,17823,0,0,0,0,8,1744,3,3,11,8,,
final,sep23_fresh_seeds,726,0,139103,104830,34273,0,6,0,0,140,2649.49,3,3,11,9,,
final,sep23_fresh_seeds,726,1,139103,104830,34273,0,6,0,0,140,2350.48,3,3,11,9,,
final,sep23_fresh_seeds,727,0,169214,152580,16634,0,4,0,0,63,2474.83,3,3,16,10,,
final,sep23_fresh_seeds,727,1,169214,152580,16634,0,4,0,0,63,2503.15,3,3,16,10,,
final,sep23_fresh_seeds,728,0,142980,110193,32787,0,4,0,0,148,1439.83,3,3,10,13,,
final,sep23_fresh_seeds,728,1,142980,110193,32787,0,4,0,0,148,1125.93,3,3,10,13,,
final,sep23_fresh_seeds,729,0,105069,99393,5676,0,4,0,0,127,1450.99,3,3,12,11,,
final,sep23_fresh_seeds,729,1,105069,99393,5676,0,4,0,0,127,1152.61,3,3,12,11,,
final,sep23_fresh_seeds,730,0,126739,92377,34362,0,3,0,0,17,1204.69,3,3,13,9,,
final,sep23_fresh_seeds,730,1,121065,91401,29664,0,3,0,0,73,1126.53,3,3,13,9,,
final,sep23_fresh_seeds,731,0,105844,85914,19930,0,2,0,0,120,900.433,3,3,9,15,,
final,sep23_fresh_seeds,731,1,110074,90139,19935,0,2,0,0,151,855.658,3,3,9,15,,
final,teammate_shoprouter,700,0,0,130948,-130948,2,24,0,0,4,9.3022,1,3,0,17,,
final,teammate_shoprouter,700,1,0,130948,-130948,2,24,0,0,4,12.3343,1,3,0,17,,
final,teammate_shoprouter,701,0,0,153512,-153512,2,23,0,0,4,12.1105,1,3,0,17,,
final,teammate_shoprouter,701,1,0,153512,-153512,2,23,0,0,4,11.7026,1,3,0,17,,
final,teammate_shoprouter,702,0,0,141543,-141543,2,24,0,0,1,12.48,1,3,0,17,,
final,teammate_shoprouter,702,1,0,141543,-141543,2,24,0,0,1,12.1004,1,3,0,17,,
final,teammate_shoprouter,703,0,0,163571,-163571,2,22,0,0,0,12.033,1,3,0,17,,
final,teammate_shoprouter,703,1,0,163571,-163571,2,22,0,0,0,12.1868,1,3,0,17,,
final,teammate_shoprouter,704,0,0,184552,-184552,2,23,0,0,0,12.3274,1,3,0,17,,
final,teammate_shoprouter,704,1,0,184552,-184552,2,23,0,0,0,12.4042,1,3,0,17,,
final,teammate_shoprouter,705,0,0,172346,-172346,2,22,0,0,0,9.17278,1,3,0,17,,
final,teammate_shoprouter,705,1,0,172346,-172346,2,22,0,0,0,19.2252,1,3,0,17,,
final,teammate_shoprouter,706,0,0,188730,-188730,2,19,0,0,0,12.3872,1,3,0,17,,
final,teammate_shoprouter,706,1,0,188730,-188730,2,19,0,0,0,9.77806,1,3,0,17,,
final,teammate_shoprouter,707,0,0,158486,-158486,2,23,0,0,0,9.27435,1,3,0,17,,
final,teammate_shoprouter,707,1,0,158486,-158486,2,23,0,0,0,11.1099,1,3,0,17,,
final,teammate_shoprouter,708,0,0,142846,-142846,2,25,0,0,10,18.5763,1,3,0,17,,
final,teammate_shoprouter,708,1,0,142846,-142846,2,25,0,0,10,17.0858,1,3,0,17,,
final,teammate_shoprouter,709,0,0,96035,-96035,2,25,0,0,6,11.0163,1,3,0,17,,
final,teammate_shoprouter,709,1,0,96035,-96035,2,25,0,0,6,8.85139,1,3,0,17,,
final,teammate_shoprouter,710,0,0,159746,-159746,2,23,0,0,0,9.66524,1,3,0,17,,
final,teammate_shoprouter,710,1,0,159746,-159746,2,23,0,0,0,9.83485,1,3,0,17,,
final,teammate_shoprouter,711,0,0,187968,-187968,2,23,0,0,0,9.92214,1,3,0,17,,
final,teammate_shoprouter,711,1,0,187968,-187968,2,23,0,0,0,14.3767,1,3,0,17,,
final,teammate_shoprouter,712,0,0,141813,-141813,2,26,0,0,0,15.2117,1,3,0,17,,
final,teammate_shoprouter,712,1,0,141813,-141813,2,26,0,0,0,9.56972,1,3,0,17,,
final,teammate_shoprouter,713,0,0,164596,-164596,2,21,0,0,0,8.66663,1,3,0,17,,
final,teammate_shoprouter,713,1,0,164596,-164596,2,21,0,0,0,8.27547,1,3,0,17,,
final,teammate_shoprouter,714,0,0,143976,-143976,2,25,0,0,0,10.1541,1,3,0,17,,
final,teammate_shoprouter,714,1,0,143976,-143976,2,25,0,0,0,9.68283,1,3,0,17,,
final,teammate_shoprouter,715,0,0,173027,-173027,2,21,0,0,0,11.4974,1,3,0,17,,
final,teammate_shoprouter,715,1,0,173027,-173027,2,21,0,0,0,10.0067,1,3,0,17,,
final,teammate_shoprouter,716,0,0,194426,-194426,2,20,0,0,0,9.87188,1,3,0,17,,
final,teammate_shoprouter,716,1,0,194426,-194426,2,20,0,0,0,10.2661,1,3,0,17,,
final,teammate_shoprouter,717,0,0,199591,-199591,2,20,0,0,0,10.0333,1,3,0,17,,
final,teammate_shoprouter,717,1,0,199591,-199591,2,20,0,0,0,9.55791,1,3,0,17,,
final,teammate_shoprouter,718,0,0,145064,-145064,2,25,0,0,0,9.56593,1,3,0,17,,
final,teammate_shoprouter,718,1,0,145064,-145064,2,25,0,0,0,11.9413,1,3,0,17,,
final,teammate_shoprouter,719,0,0,172175,-172175,2,23,0,0,0,10.1663,1,3,0,17,,
final,teammate_shoprouter,719,1,0,172175,-172175,2,23,0,0,0,12.2032,1,3,0,17,,
final,teammate_shoprouter,720,0,0,154503,-154503,2,23,0,0,0,12.1697,1,3,0,17,,
final,teammate_shoprouter,720,1,0,154503,-154503,2,23,0,0,0,9.7918,1,3,0,17,,
final,teammate_shoprouter,721,0,0,129063,-129063,2,23,0,0,0,10.116,1,3,0,17,,
final,teammate_shoprouter,721,1,0,129063,-129063,2,23,0,0,0,11.9602,1,3,0,17,,
final,teammate_shoprouter,722,0,0,144144,-144144,2,24,0,0,0,9.64645,1,3,0,17,,
final,teammate_shoprouter,722,1,0,144037,-144037,2,25,0,0,0,11.7669,1,3,0,17,,
final,teammate_shoprouter,723,0,0,147389,-147389,2,25,0,0,0,11.9672,1,3,0,17,,
final,teammate_shoprouter,723,1,0,147389,-147389,2,25,0,0,0,8.98649,1,3,0,17,,
final,teammate_shoprouter,724,0,0,132411,-132411,2,26,0,0,0,11.8752,1,3,0,17,,
final,teammate_shoprouter,724,1,0,132411,-132411,2,26,0,0,0,12.0789,1,3,0,17,,
final,teammate_shoprouter,725,0,0,188738,-188738,2,20,0,0,0,12.2376,1,3,0,17,,
final,teammate_shoprouter,725,1,0,188738,-188738,2,20,0,0,0,8.62225,1,3,0,17,,
final,teammate_shoprouter,726,0,0,177741,-177741,2,22,0,0,0,9.97524,1,3,0,17,,
final,teammate_shoprouter,726,1,0,177741,-177741,2,22,0,0,0,12.3355,1,3,0,17,,
final,teammate_shoprouter,727,0,0,159057,-159057,2,24,0,0,0,11.8649,1,3,0,17,,
final,teammate_shoprouter,727,1,0,159057,-159057,2,24,0,0,0,10.4413,1,3,0,17,,
final,teammate_shoprouter,728,0,0,104881,-104881,2,26,0,0,10,6.41136,1,3,0,17,,
final,teammate_shoprouter,728,1,0,104881,-104881,2,26,0,0,10,6.41583,1,3,0,17,,
final,teammate_shoprouter,729,0,0,187999,-187999,2,22,0,0,0,7.05816,1,3,0,17,,
final,teammate_shoprouter,729,1,0,187999,-187999,2,22,0,0,0,6.96425,1,3,0,17,,
final,teammate_shoprouter,730,0,0,132376,-132376,2,26,0,0,6,6.94637,1,3,0,17,,
final,teammate_shoprouter,730,1,0,132376,-132376,2,26,0,0,6,6.91745,1,3,0,17,,
final,teammate_shoprouter,731,0,0,145432,-145432,2,24,0,0,0,6.9162,1,3,0,17,,
final,teammate_shoprouter,731,1,0,145432,-145432,2,24,0,0,0,6.91463,1,3,0,17,,
final,two_random_shop_league_v179,700,0,164085,108943,55142,0,3,0,4,0,2609.84,3,4,13,23,,
final,two_random_shop_league_v179,700,1,154966,89004,65962,0,2,0,0,0,1992.05,3,4,11,23,,
final,two_random_shop_league_v179,701,0,170198,123274,46924,0,1,0,0,0,1952.36,3,4,11,23,,
final,two_random_shop_league_v179,701,1,153065,93166,59899,0,2,0,0,0,1632.84,3,4,10,23,,
final,two_random_shop_league_v179,702,0,181040,116345,64695,0,2,0,0,0,1975.35,3,4,13,23,,
final,two_random_shop_league_v179,702,1,181040,116345,64695,0,2,0,0,0,2378.79,3,4,13,23,,
final,two_random_shop_league_v179,703,0,131038,80287,50751,0,2,0,0,0,2494,3,3,11,22,,
final,two_random_shop_league_v179,703,1,131678,75199,56479,0,1,0,0,0,1710.87,3,3,12,22,,
final,two_random_shop_league_v179,704,0,141997,105881,36116,0,10,0,0,0,424.468,2,3,6,23,,
final,two_random_shop_league_v179,704,1,141997,105881,36116,0,10,0,0,0,311.534,2,3,6,23,,
final,two_random_shop_league_v179,705,0,135608,88828,46780,0,1,0,0,0,1004,3,4,3,23,,
final,two_random_shop_league_v179,705,1,140579,91398,49181,0,1,0,0,0,918.392,3,4,1,23,,
final,two_random_shop_league_v179,706,0,197878,120579,77299,0,5,0,2,0,2493.63,3,4,15,23,,
final,two_random_shop_league_v179,706,1,197878,120575,77303,0,5,0,2,0,2392.08,3,4,15,23,,
final,two_random_shop_league_v179,707,0,175681,96317,79364,0,2,0,0,0,1585.42,3,4,13,23,,
final,two_random_shop_league_v179,707,1,176091,96226,79865,0,2,0,0,0,1639.15,3,4,13,23,,
final,two_random_shop_league_v179,708,0,143317,87617,55700,0,11,0,0,0,177.632,2,3,6,17,,
final,two_random_shop_league_v179,708,1,143317,87617,55700,0,11,0,0,0,171.827,2,3,6,17,,
final,two_random_shop_league_v179,709,0,126070,87372,38698,0,5,0,0,0,1507,3,3,13,23,,
final,two_random_shop_league_v179,709,1,126103,87393,38710,0,5,0,0,0,1640.73,3,3,13,23,,
final,two_random_shop_league_v179,710,0,201170,136471,64699,0,5,0,0,0,1275.98,3,4,15,23,,
final,two_random_shop_league_v179,710,1,202107,136644,65463,0,5,0,0,0,980.308,3,4,15,23,,
final,two_random_shop_league_v179,711,0,146532,98083,48449,0,3,0,0,0,1376.05,3,4,12,23,,
final,two_random_shop_league_v179,711,1,146532,98083,48449,0,3,0,0,0,1456.72,3,4,12,23,,
final,two_random_shop_league_v179,712,0,124385,71885,52500,0,2,0,0,0,2200.96,3,4,11,23,,
final,two_random_shop_league_v179,712,1,123512,71761,51751,0,2,0,0,0,2173.12,3,4,12,23,,
final,two_random_shop_league_v179,713,0,155988,114248,41740,0,4,0,0,0,1680.68,3,4,12,23,,
final,two_random_shop_league_v179,713,1,164003,105471,58532,0,3,0,0,0,1406.59,3,4,12,23,,
final,two_random_shop_league_v179,714,0,150153,97927,52226,0,0,0,20,0,1724.9,3,3,15,20,,
final,two_random_shop_league_v179,714,1,150153,97927,52226,0,0,0,20,0,1639.04,3,3,15,20,,
final,two_random_shop_league_v179,715,0,141791,105289,36502,0,4,0,0,0,1000.66,3,4,11,23,,
final,two_random_shop_league_v179,715,1,141839,105264,36575,0,4,0,0,0,987.705,3,4,11,23,,
final,two_random_shop_league_v179,716,0,166629,107823,58806,0,0,0,0,0,808.645,3,4,0,23,,
final,two_random_shop_league_v179,716,1,166629,107823,58806,0,0,0,0,0,755.489,3,4,0,23,,
final,two_random_shop_league_v179,717,0,155212,94291,60921,0,1,0,0,0,994.345,3,4,14,23,,
final,two_random_shop_league_v179,717,1,155147,94242,60905,0,1,0,0,0,1027.37,3,4,14,23,,
final,two_random_shop_league_v179,718,0,160975,89151,71824,0,3,0,4,0,2035.03,3,3,15,23,,
final,two_random_shop_league_v179,718,1,160975,89151,71824,0,3,0,4,0,2388.05,3,3,15,23,,
final,two_random_shop_league_v179,719,0,148392,82201,66191,0,2,0,0,0,1927.67,3,4,10,23,,
final,two_random_shop_league_v179,719,1,161047,87339,73708,0,1,0,0,0,1213.49,3,4,14,23,,
final,two_random_shop_league_v179,720,0,117730,60853,56877,0,2,0,0,0,1574.74,3,4,10,23,,
final,two_random_shop_league_v179,720,1,111066,51726,59340,0,2,0,0,0,1885.65,3,4,10,23,,
final,two_random_shop_league_v179,721,0,158254,99285,58969,0,6,0,7,0,2020.37,3,3,16,23,,
final,two_random_shop_league_v179,721,1,158329,99251,59078,0,6,0,7,0,2099.22,3,3,16,23,,
final,two_random_shop_league_v179,722,0,156601,121627,34974,0,2,0,0,0,2600.98,3,4,11,23,,
final,two_random_shop_league_v179,722,1,156601,121483,35118,0,2,0,0,0,2926.47,3,4,11,23,,
final,two_random_shop_league_v179,723,0,140201,84838,55363,0,3,0,5,0,1906.95,3,3,15,23,,
final,two_random_shop_league_v179,723,1,133511,77376,56135,0,2,0,0,0,1612.85,3,3,15,23,,
final,two_random_shop_league_v179,724,0,21796,129137,-107341,2,9,0,0,0,167.991,2,3,4,23,,
final,two_random_shop_league_v179,724,1,21796,129137,-107341,2,9,0,0,0,162.004,2,3,4,23,,
final,two_random_shop_league_v179,725,0,158176,94818,63358,0,4,0,0,0,1271.11,3,3,12,22,,
final,two_random_shop_league_v179,725,1,158176,94818,63358,0,4,0,0,0,1250.98,3,3,12,22,,
final,two_random_shop_league_v179,726,0,126015,81885,44130,0,4,0,0,0,1895.98,3,3,10,22,,
final,two_random_shop_league_v179,726,1,126015,81885,44130,0,4,0,0,0,1962.17,3,3,10,22,,
final,two_random_shop_league_v179,727,0,147981,77403,70578,0,3,0,0,0,2565.08,3,4,15,23,,
final,two_random_shop_league_v179,727,1,147981,77403,70578,0,3,0,0,0,2122.14,3,4,15,23,,
final,two_random_shop_league_v179,728,0,103535,73739,29796,0,2,0,1,0,1358.4,3,3,12,23,,
final,two_random_shop_league_v179,728,1,103535,73739,29796,0,2,0,1,0,1223.93,3,3,12,23,,
final,two_random_shop_league_v179,729,0,175117,102838,72279,0,0,0,0,0,1915.72,3,4,9,23,,
final,two_random_shop_league_v179,729,1,175117,102838,72279,0,0,0,0,0,1736.87,3,4,9,23,,
final,two_random_shop_league_v179,730,0,153530,110787,42743,0,0,0,0,2,1326.72,3,4,12,23,,
final,two_random_shop_league_v179,730,1,139800,93617,46183,0,3,0,0,0,1283.45,3,4,10,23,,
final,two_random_shop_league_v179,731,0,160359,120735,39624,0,0,0,0,0,1253.65,3,4,12,23,,
final,two_random_shop_league_v179,731,1,156335,117120,39215,0,0,0,0,0,1255.31,3,4,12,23,,
final2,king,700,0,110646,80463,30183,0,4,0,0,2,1062.89,3,3,7,13,,
final2,king,700,1,110646,80463,30183,0,4,0,0,2,1065.63,3,3,7,13,,
final2,king,701,0,109029,86147,22882,0,5,0,0,0,1262.53,3,3,7,13,,
final2,king,701,1,109033,86102,22931,0,5,0,0,0,1316.88,3,3,7,13,,
final2,king,702,0,127644,109817,17827,0,4,0,0,0,1845.91,3,3,13,13,,
final2,king,702,1,127644,109817,17827,0,4,0,0,0,2073.35,3,3,13,13,,
final2,king,703,0,85339,70100,15239,0,9,0,0,0,2101.5,3,3,4,13,,
final2,king,703,1,85719,70010,15709,0,8,0,7,2,1640.7,3,3,4,13,,
final2,king,704,0,91174,80540,10634,0,3,0,0,0,1320.91,3,3,7,14,,
final2,king,704,1,91174,80540,10634,0,3,0,0,0,1328.59,3,3,7,14,,
final2,king,705,0,134617,120272,14345,0,4,0,0,0,1062.54,3,3,12,14,,
final2,king,705,1,134617,120272,14345,0,4,0,0,0,1046.93,3,3,12,14,,
final2,king,706,0,104381,83218,21163,0,6,0,0,0,2919.04,3,3,19,17,,
final2,king,706,1,104381,83218,21163,0,6,0,0,0,2729.6,3,3,19,17,,
final2,king,707,0,111144,105832,5312,0,3,0,0,0,1705.85,3,3,12,14,,
final2,king,707,1,111144,105832,5312,0,3,0,0,0,1552.84,3,3,12,14,,
final2,king,708,0,139237,111576,27661,0,7,0,5,0,1211.93,3,3,13,17,,
final2,king,708,1,139237,111576,27661,0,7,0,5,0,1259.65,3,3,13,17,,
final2,king,709,0,77418,60637,16781,0,5,0,0,0,662.655,3,3,9,14,,
final2,king,709,1,77418,60637,16781,0,5,0,0,0,669.768,3,3,9,14,,
final2,king,710,0,123665,107012,16653,0,6,0,11,0,1703.6,3,3,13,14,,
final2,king,710,1,123665,107012,16653,0,6,0,11,0,1684.7,3,3,13,14,,
final2,king,711,0,89192,86104,3088,0,3,0,0,0,3293.38,3,3,10,13,,
final2,king,711,1,89192,86104,3088,0,3,0,0,0,3917.96,3,3,10,13,,
final2,king,712,0,95654,87087,8567,0,4,0,0,0,1891.56,3,3,10,13,,
final2,king,712,1,95579,87086,8493,0,4,0,0,0,1857.59,3,3,10,13,,
final2,king,713,0,85901,82522,3379,0,9,0,0,2,1161.56,3,3,8,13,,
final2,king,713,1,85901,82522,3379,0,9,0,0,2,1071.1,3,3,8,13,,
final2,king,714,0,101269,82401,18868,0,9,0,0,0,1981.59,3,3,19,17,,
final2,king,714,1,101269,82401,18868,0,9,0,0,0,1965.29,3,3,19,17,,
final2,king,715,0,114480,103671,10809,0,5,0,0,0,887.79,3,3,7,16,,
final2,king,715,1,114480,103671,10809,0,5,0,0,0,995.304,3,3,7,16,,
final2,king,716,0,110543,111001,-458,0,2,0,0,0,1047.93,3,3,13,14,,
final2,king,716,1,110543,111001,-458,0,2,0,0,0,1155.7,3,3,13,14,,
final2,king,717,0,113634,115889,-2255,0,5,0,22,0,2198.58,3,3,11,14,,
final2,king,717,1,113634,115889,-2255,0,5,0,22,0,2188.13,3,3,11,14,,
final2,king,718,0,88479,72871,15608,0,5,0,0,8,2107.55,3,3,13,14,,
final2,king,718,1,88479,72871,15608,0,5,0,0,8,2217.31,3,3,13,14,,
final2,king,719,0,97632,87579,10053,0,3,0,0,0,1662.44,3,3,8,14,,
final2,king,719,1,97632,87579,10053,0,3,0,0,0,1703.15,3,3,8,14,,
final2,king,720,0,122101,116948,5153,0,3,0,0,0,1464.77,3,3,10,13,,
final2,king,720,1,122101,116948,5153,0,3,0,0,0,1306.89,3,3,10,13,,
final2,king,721,0,87641,78845,8796,0,5,0,3,1,1151.19,3,3,12,14,,
final2,king,721,1,87641,78845,8796,0,5,0,3,1,1135.92,3,3,12,14,,
final2,king,722,0,108394,94850,13544,0,4,0,0,2,1560.44,3,3,7,13,,
final2,king,722,1,108394,94850,13544,0,4,0,0,2,1510.55,3,3,7,13,,
final2,king,723,0,89585,68687,20898,0,8,0,0,0,914.315,3,3,8,14,,
final2,king,723,1,89585,68687,20898,0,8,0,0,0,968.87,3,3,8,14,,
final2,king,724,0,107883,95019,12864,0,5,0,11,2,2930.89,3,3,11,13,,
final2,king,724,1,108107,95019,13088,0,5,0,11,2,3031.69,3,3,11,13,,
final2,king,725,0,92067,79971,12096,0,5,0,0,0,2333.24,3,3,7,14,,
final2,king,725,1,92067,79971,12096,0,5,0,0,0,2717.53,3,3,7,14,,
final2,king,726,0,71301,60480,10821,0,5,0,0,0,1396.37,3,3,3,13,,
final2,king,726,1,71301,60480,10821,0,5,0,0,0,1426.17,3,3,3,13,,
final2,king,727,0,100692,88998,11694,0,1,0,0,2,1329.09,3,3,12,13,,
final2,king,727,1,100551,88915,11636,0,1,0,0,2,1440.54,3,3,12,13,,
final2,king,728,0,60675,48564,12111,0,5,0,0,0,465.47,3,3,7,14,,
final2,king,728,1,60675,48564,12111,0,5,0,0,0,351.991,3,3,7,14,,
final2,king,729,0,78359,61751,16608,0,4,0,8,2,2899.82,3,3,10,13,,
final2,king,729,1,78359,61751,16608,0,4,0,8,2,2083.82,3,3,10,13,,
final2,king,730,0,136706,127539,9167,0,6,0,0,0,994.225,3,3,13,14,,
final2,king,730,1,136706,127539,9167,0,6,0,0,0,1349.42,3,3,13,14,,
final2,king,731,0,78949,68932,10017,0,5,0,0,0,434.341,3,3,10,14,,
final2,king,731,1,78949,68932,10017,0,5,0,0,0,416.044,3,3,10,14,,
final2,sep23,700,0,92997,96550,-3553,0,17,0,0,21,139.806,2,3,5,11,,
final2,sep23,700,1,92997,96550,-3553,0,17,0,0,21,198.215,2,3,5,11,,
final2,sep23,701,0,112539,115459,-2920,0,6,0,0,41,1598.44,3,3,6,9,,
final2,sep23,701,1,112539,115459,-2920,0,6,0,0,41,1508.21,3,3,6,9,,
final2,sep23,702,0,116900,109547,7353,0,4,0,0,24,2019.06,3,3,6,12,,
final2,sep23,702,1,116900,109547,7353,0,4,0,0,24,2084.57,3,3,6,12,,
final2,sep23,703,0,101860,108276,-6416,0,4,0,0,25,2452.14,3,3,5,11,,
final2,sep23,703,1,102257,98553,3704,0,4,0,25,19,2366.68,3,3,5,11,,
final2,sep23,704,0,85684,83755,1929,0,8,0,0,66,1403.1,3,3,7,11,,
final2,sep23,704,1,84521,75573,8948,0,9,0,0,54,1111.67,3,3,7,11,,
final2,sep23,705,0,98625,95770,2855,0,5,0,0,66,800.705,3,3,12,12,,
final2,sep23,705,1,98625,95770,2855,0,5,0,0,66,789.679,3,3,12,12,,
final2,sep23,706,0,116700,120977,-4277,0,4,0,0,43,770.281,3,3,9,12,,
final2,sep23,706,1,116700,120977,-4277,0,4,0,0,43,800.485,3,3,9,12,,
final2,sep23,707,0,136095,123635,12460,0,3,0,0,33,1786.71,3,3,9,11,,
final2,sep23,707,1,136095,123635,12460,0,3,0,0,33,1893.1,3,3,9,11,,
final2,sep23,708,0,143973,133089,10884,0,3,0,0,53,1475.86,3,3,9,11,,
final2,sep23,708,1,143973,133089,10884,0,3,0,0,53,1520.43,3,3,9,11,,
final2,sep23,709,0,80482,78503,1979,0,5,0,0,65,1389.72,3,3,7,10,,
final2,sep23,709,1,79862,78753,1109,0,5,0,0,71,1403.13,3,3,7,10,,
final2,sep23,710,0,148164,144028,4136,0,6,0,40,64,3296.38,3,3,17,14,,
final2,sep23,710,1,147557,144412,3145,0,6,0,38,64,3089.5,3,3,17,14,,
final2,sep23,711,0,114479,106826,7653,0,3,0,0,20,1954.45,3,3,6,8,,
final2,sep23,711,1,114479,106826,7653,0,3,0,0,20,2123.02,3,3,6,8,,
final2,sep23,712,0,112543,103228,9315,0,7,0,0,25,1850.99,3,3,14,6,,
final2,sep23,712,1,147298,124986,22312,0,7,0,41,46,4041.87,3,3,14,10,,
final2,sep23,713,0,108254,92822,15432,0,8,0,0,5,705.759,3,3,7,8,,
final2,sep23,713,1,108254,92822,15432,0,8,0,0,5,635.646,3,3,7,8,,
final2,sep23,714,0,96735,90643,6092,0,8,0,0,31,1544.79,3,3,11,13,,
final2,sep23,714,1,96735,90643,6092,0,8,0,0,31,1319.67,3,3,11,13,,
final2,sep23,715,0,134719,92504,42215,0,3,0,0,131,1873,3,3,12,13,,
final2,sep23,715,1,137534,107022,30512,0,3,0,0,94,2191.61,3,3,12,13,,
final2,sep23,716,0,92430,85683,6747,0,3,0,0,37,2477.03,3,3,12,13,,
final2,sep23,716,1,92430,85683,6747,0,3,0,0,37,2685.13,3,3,12,13,,
final2,sep23,717,0,127627,114815,12812,0,4,0,0,10,1481.37,3,3,10,12,,
final2,sep23,717,1,127627,114815,12812,0,4,0,0,10,1618.62,3,3,10,12,,
final2,sep23,718,0,133246,121141,12105,0,4,0,0,15,1403.77,3,3,10,13,,
final2,sep23,718,1,133246,121141,12105,0,4,0,0,15,1633.46,3,3,10,13,,
final2,sep23,719,0,134854,120462,14392,0,7,0,0,29,485.007,3,3,10,14,,
final2,sep23,719,1,134575,120454,14121,0,7,0,0,29,512.901,3,3,10,14,,
final2,sep23,720,0,110392,105800,4592,0,5,0,7,77,1212.94,3,3,10,13,,
final2,sep23,720,1,110392,105800,4592,0,5,0,7,77,1275.45,3,3,10,13,,
final2,sep23,721,0,119500,120255,-755,0,5,0,0,42,572.111,3,3,10,12,,
final2,sep23,721,1,117317,110771,6546,0,4,0,0,42,732.924,3,3,11,12,,
final2,sep23,722,0,88794,87191,1603,0,9,0,0,24,1334.16,3,3,6,10,,
final2,sep23,722,1,88794,87191,1603,0,9,0,0,24,1063.98,3,3,6,10,,
final2,sep23,723,0,85142,79773,5369,0,9,0,0,64,756.496,3,3,7,12,,
final2,sep23,723,1,77593,70865,6728,0,9,0,0,34,955.099,3,3,7,11,,
final2,sep23,724,0,103306,113657,-10351,0,6,0,3,13,1914.95,3,3,9,11,,
final2,sep23,724,1,103306,113657,-10351,0,6,0,3,13,1159.58,3,3,9,11,,
final2,sep23,725,0,91371,89474,1897,0,13,0,0,14,644.243,3,3,6,10,,
final2,sep23,725,1,91371,89474,1897,0,13,0,0,14,641.581,3,3,6,10,,
final2,sep23,726,0,78571,86110,-7539,0,5,0,0,18,467.113,3,3,6,11,,
final2,sep23,726,1,78571,86110,-7539,0,5,0,0,18,459.826,3,3,6,11,,
final2,sep23,727,0,158796,119156,39640,0,4,0,0,27,1553.82,3,3,12,5,,
final2,sep23,727,1,158796,119156,39640,0,4,0,0,27,1384.17,3,3,12,5,,
final2,sep23,728,0,99261,84601,14660,0,8,0,0,5,658.594,3,3,8,11,,
final2,sep23,728,1,99261,84601,14660,0,8,0,0,5,633.592,3,3,8,11,,
final2,sep23,729,0,89778,97105,-7327,0,8,0,0,55,999.942,3,3,6,12,,
final2,sep23,729,1,89778,97105,-7327,0,8,0,0,55,1002.84,3,3,6,12,,
final2,sep23,730,0,138612,130838,7774,0,5,0,0,85,1213.44,3,3,13,15,,
final2,sep23,730,1,138612,130838,7774,0,5,0,0,85,1213.87,3,3,13,15,,
final2,sep23,731,0,108939,94465,14474,0,4,0,0,7,610.46,3,3,11,11,,
final2,sep23,731,1,108939,94465,14474,0,4,0,0,7,615.861,3,3,11,11,,
final2,teammate_shoprouter,700,0,100535,93307,7228,0,4,0,0,0,1281.79,3,3,9,17,,
final2,teammate_shoprouter,700,1,100535,93307,7228,0,4,0,0,0,1172.17,3,3,9,17,,
final2,teammate_shoprouter,701,0,119149,114704,4445,0,6,0,1,0,2414.9,3,3,7,17,,
final2,teammate_shoprouter,701,1,118616,114719,3897,0,6,0,1,0,2340.79,3,3,7,17,,
final2,teammate_shoprouter,702,0,115887,87065,28822,0,3,0,0,0,1342.72,3,3,9,17,,
final2,teammate_shoprouter,702,1,115887,87065,28822,0,3,0,0,0,1385.52,3,3,9,17,,
final2,teammate_shoprouter,703,0,92620,65398,27222,0,6,0,2,0,2397.17,3,3,6,17,,
final2,teammate_shoprouter,703,1,92620,65398,27222,0,6,0,2,0,2210.86,3,3,6,17,,
final2,teammate_shoprouter,704,0,90136,79260,10876,0,4,0,0,0,1206.74,3,3,3,17,,
final2,teammate_shoprouter,704,1,90136,79260,10876,0,4,0,0,0,1195.48,3,3,3,17,,
final2,teammate_shoprouter,705,0,146430,120710,25720,0,4,0,0,0,2559.99,3,3,12,17,,
final2,teammate_shoprouter,705,1,146430,120710,25720,0,4,0,0,0,2354.81,3,3,12,17,,
final2,teammate_shoprouter,706,0,121403,91463,29940,0,5,0,28,0,3321.54,3,3,13,17,,
final2,teammate_shoprouter,706,1,121441,91468,29973,0,5,0,28,0,3093.78,3,3,13,17,,
final2,teammate_shoprouter,707,0,107690,95672,12018,0,3,0,0,0,1444.85,3,3,12,17,,
final2,teammate_shoprouter,707,1,107690,95672,12018,0,3,0,0,0,1345.97,3,3,12,17,,
final2,teammate_shoprouter,708,0,169074,77879,91195,0,2,0,3,0,2047.99,3,3,14,17,,
final2,teammate_shoprouter,708,1,169074,77879,91195,0,2,0,3,0,1832.77,3,3,14,17,,
final2,teammate_shoprouter,709,0,68850,55971,12879,0,6,0,0,0,683.864,3,3,2,17,,
final2,teammate_shoprouter,709,1,68850,55971,12879,0,6,0,0,0,684.102,3,3,2,17,,
final2,teammate_shoprouter,710,0,168120,103875,64245,0,5,0,0,0,465.404,3,3,12,17,,
final2,teammate_shoprouter,710,1,168120,103875,64245,0,5,0,0,0,571.38,3,3,12,17,,
final2,teammate_shoprouter,711,0,134440,113148,21292,0,3,0,0,0,1565.78,3,3,11,17,,
final2,teammate_shoprouter,711,1,134440,113148,21292,0,3,0,0,0,1466.9,3,3,11,17,,
final2,teammate_shoprouter,712,0,100834,93441,7393,0,4,0,19,0,2483.55,3,3,9,17,,
final2,teammate_shoprouter,712,1,101144,92870,8274,0,4,0,26,0,2974.08,3,3,9,17,,
final2,teammate_shoprouter,713,0,88258,73796,14462,0,5,0,0,0,1839.94,3,3,5,17,,
final2,teammate_shoprouter,713,1,88258,73796,14462,0,5,0,0,0,1733.41,3,3,5,17,,
final2,teammate_shoprouter,714,0,113657,104913,8744,0,4,0,1,0,2861.12,3,3,14,17,,
final2,teammate_shoprouter,714,1,113657,104913,8744,0,4,0,1,0,2850.38,3,3,14,17,,
final2,teammate_shoprouter,715,0,102888,91393,11495,0,5,0,0,0,1097.32,3,3,9,17,,
final2,teammate_shoprouter,715,1,102888,91393,11495,0,5,0,0,0,1231.09,3,3,9,17,,
final2,teammate_shoprouter,716,0,90099,84788,5311,0,2,0,0,0,2275.94,3,3,13,17,,
final2,teammate_shoprouter,716,1,90099,84788,5311,0,2,0,0,0,1817.97,3,3,13,17,,
final2,teammate_shoprouter,717,0,107936,103578,4358,0,4,0,0,0,1243.95,3,3,12,17,,
final2,teammate_shoprouter,717,1,107936,103578,4358,0,4,0,0,0,1240.92,3,3,12,17,,
final2,teammate_shoprouter,718,0,131554,101849,29705,0,6,0,0,0,1411.25,3,3,10,17,,
final2,teammate_shoprouter,718,1,131554,101849,29705,0,6,0,0,0,1584.98,3,3,10,17,,
final2,teammate_shoprouter,719,0,129205,101202,28003,0,5,0,0,0,1820.81,3,3,12,17,,
final2,teammate_shoprouter,719,1,129273,101198,28075,0,5,0,0,0,1765.76,3,3,12,17,,
final2,teammate_shoprouter,720,0,101316,91316,10000,0,5,0,0,0,1257.13,3,3,9,17,,
final2,teammate_shoprouter,720,1,101316,91316,10000,0,5,0,0,0,1262.73,3,3,9,17,,
final2,teammate_shoprouter,721,0,156013,109468,46545,0,6,0,0,0,1300.67,3,3,11,17,,
final2,teammate_shoprouter,721,1,156013,109468,46545,0,6,0,0,0,1524.53,3,3,11,17,,
final2,teammate_shoprouter,722,0,108470,92197,16273,0,9,0,0,0,2579.74,3,3,5,17,,
final2,teammate_shoprouter,722,1,108470,92197,16273,0,9,0,0,0,2629.62,3,3,5,17,,
final2,teammate_shoprouter,723,0,60023,47352,12671,0,8,0,0,0,641.926,3,3,5,17,,
final2,teammate_shoprouter,723,1,60023,47352,12671,0,8,0,0,0,661.551,3,3,5,17,,
final2,teammate_shoprouter,724,0,110034,75812,34222,0,4,0,0,0,804.304,3,3,9,17,,
final2,teammate_shoprouter,724,1,110034,75812,34222,0,4,0,0,0,817.045,3,3,9,17,,
final2,teammate_shoprouter,725,0,97007,87865,9142,0,3,0,9,0,2775.38,3,3,9,17,,
final2,teammate_shoprouter,725,1,97007,87865,9142,0,3,0,9,0,3102.43,3,3,9,17,,
final2,teammate_shoprouter,726,0,58377,44237,14140,0,4,0,0,0,488.382,3,3,5,17,,
final2,teammate_shoprouter,726,1,58377,44237,14140,0,4,0,0,0,495.554,3,3,5,17,,
final2,teammate_shoprouter,727,0,124604,100470,24134,0,7,0,6,0,2317.51,3,3,7,17,,
final2,teammate_shoprouter,727,1,124488,100460,24028,0,7,0,6,0,2317.31,3,3,7,17,,
final2,teammate_shoprouter,728,0,71663,57920,13743,0,6,0,0,0,411.725,3,3,3,17,,
final2,teammate_shoprouter,728,1,71663,57920,13743,0,6,0,0,0,553.461,3,3,3,17,,
final2,teammate_shoprouter,729,0,122635,77083,45552,0,2,0,1,0,1786.92,3,3,8,17,,
final2,teammate_shoprouter,729,1,122635,77083,45552,0,2,0,1,0,1768,3,3,8,17,,
final2,teammate_shoprouter,730,0,125234,106245,18989,0,5,0,0,0,2069.49,3,3,9,17,,
final2,teammate_shoprouter,730,1,125234,106245,18989,0,5,0,0,0,1678.17,3,3,9,17,,
final2,teammate_shoprouter,731,0,126742,97756,28986,0,5,0,11,0,1331.66,3,3,15,17,,
final2,teammate_shoprouter,731,1,126742,97756,28986,0,5,0,11,0,1384.73,3,3,15,17,,
final2,ahmed,700,0,107330,88069,19261,0,3,0,0,6,1965.63,3,3,10,17,,
final2,ahmed,700,1,107330,88069,19261,0,3,0,0,6,1956.28,3,3,10,17,,
final2,ahmed,701,0,119915,111486,8429,0,3,0,1,6,2023.58,3,3,7,17,,
final2,ahmed,701,1,119915,111486,8429,0,3,0,1,6,2009.03,3,3,7,17,,
final2,ahmed,702,0,136668,94339,42329,0,4,0,0,6,1950.7,3,3,9,17,,
final2,ahmed,702,1,136668,94339,42329,0,4,0,0,6,1931.95,3,3,9,17,,
final2,ahmed,703,0,76519,75521,998,0,4,0,0,6,648.478,3,3,5,17,,
final2,ahmed,703,1,76519,75521,998,0,4,0,0,6,695.083,3,3,5,17,,
final2,ahmed,704,0,83487,73347,10140,0,7,0,0,6,3110,3,3,7,17,,
final2,ahmed,704,1,83487,73347,10140,0,7,0,0,6,3173.38,3,3,7,17,,
final2,ahmed,705,0,147236,120545,26691,0,4,0,0,6,950.112,3,3,12,17,,
final2,ahmed,705,1,147236,120545,26691,0,4,0,0,6,942.186,3,3,12,17,,
final2,ahmed,706,0,131071,99596,31475,0,9,0,5,6,2777.82,3,3,17,17,,
final2,ahmed,706,1,131119,99567,31552,0,9,0,5,6,2793.93,3,3,17,17,,
final2,ahmed,707,0,113145,101070,12075,0,3,0,2,6,1927.02,3,3,9,17,,
final2,ahmed,707,1,113145,101070,12075,0,3,0,2,6,1865.89,3,3,9,17,,
final2,ahmed,708,0,159240,95081,64159,0,5,0,2,2,2245.66,3,3,13,16,,
final2,ahmed,708,1,159240,95081,64159,0,5,0,2,2,2110.39,3,3,13,16,,
final2,ahmed,709,0,80553,77613,2940,0,6,0,0,6,1132.56,3,3,7,17,,
final2,ahmed,709,1,80553,77613,2940,0,6,0,0,6,1130.77,3,3,7,17,,
final2,ahmed,710,0,118170,90877,27293,0,5,0,0,6,820.346,3,3,10,17,,
final2,ahmed,710,1,118170,90877,27293,0,5,0,0,6,824.451,3,3,10,17,,
final2,ahmed,711,0,145154,125202,19952,0,6,0,0,6,1394.94,3,3,10,17,,
final2,ahmed,711,1,145154,125202,19952,0,6,0,0,6,1440.25,3,3,10,17,,
final2,ahmed,712,0,81999,74091,7908,0,5,0,0,6,2111.74,3,3,8,17,,
final2,ahmed,712,1,81999,74091,7908,0,5,0,0,6,2089.23,3,3,8,17,,
final2,ahmed,713,0,106744,98244,8500,0,6,0,0,6,1397.75,3,3,7,17,,
final2,ahmed,713,1,106744,98244,8500,0,6,0,0,6,1365.46,3,3,7,17,,
final2,ahmed,714,0,107821,114597,-6776,0,8,0,0,6,1438.74,3,3,13,17,,
final2,ahmed,714,1,107821,114597,-6776,0,8,0,0,6,1406.73,3,3,13,17,,
final2,ahmed,715,0,104237,101145,3092,0,4,0,0,0,932.748,3,3,4,16,,
final2,ahmed,715,1,104237,101145,3092,0,4,0,0,0,830.902,3,3,4,16,,
final2,ahmed,716,0,102979,96404,6575,0,4,0,0,6,1562.18,3,3,12,17,,
final2,ahmed,716,1,102979,96404,6575,0,4,0,0,6,1503.77,3,3,12,17,,
final2,ahmed,717,0,99123,97639,1484,0,4,0,0,6,2344.86,3,3,11,17,,
final2,ahmed,717,1,99123,97639,1484,0,4,0,0,6,2138.37,3,3,11,17,,
final2,ahmed,718,0,87329,84773,2556,0,5,0,21,6,3310.79,3,3,13,17,,
final2,ahmed,718,1,87329,84773,2556,0,5,0,21,6,3218.99,3,3,13,17,,
final2,ahmed,719,0,133028,116563,16465,0,4,0,0,6,2313.92,3,3,12,17,,
final2,ahmed,719,1,133028,116563,16465,0,4,0,0,6,2450.39,3,3,12,17,,
final2,ahmed,720,0,95737,94631,1106,0,5,0,0,6,2496.11,3,3,11,17,,
final2,ahmed,720,1,95737,94631,1106,0,5,0,0,6,2537.81,3,3,11,17,,
final2,ahmed,721,0,111437,95979,15458,0,3,0,0,6,875.796,3,3,12,17,,
final2,ahmed,721,1,111437,95979,15458,0,3,0,0,6,877.578,3,3,12,17,,
final2,ahmed,722,0,117421,107878,9543,0,6,0,0,6,1508.69,3,3,6,17,,
final2,ahmed,722,1,113285,100382,12903,0,6,0,0,6,1360.68,3,3,6,17,,
final2,ahmed,723,0,60447,58825,1622,0,6,0,0,6,681.203,3,3,7,17,,
final2,ahmed,723,1,60447,58825,1622,0,6,0,0,6,681.635,3,3,7,17,,
final2,ahmed,724,0,102227,98843,3384,0,6,0,0,6,1730.18,3,3,9,17,,
final2,ahmed,724,1,102227,98843,3384,0,6,0,0,6,1725.79,3,3,9,17,,
final2,ahmed,725,0,106737,101248,5489,0,4,0,0,6,1878.65,3,3,7,17,,
final2,ahmed,725,1,106737,101248,5489,0,4,0,0,6,1833.14,3,3,7,17,,
final2,ahmed,726,0,100234,77147,23087,0,6,0,0,6,1280.29,3,3,4,17,,
final2,ahmed,726,1,100234,77147,23087,0,6,0,0,6,1125.58,3,3,4,17,,
final2,ahmed,727,0,88729,84041,4688,0,6,0,0,6,2020.6,3,3,9,17,,
final2,ahmed,727,1,88729,84041,4688,0,6,0,0,6,2277.47,3,3,9,17,,
final2,ahmed,728,0,66658,64658,2000,0,4,0,0,6,651.732,3,3,3,17,,
final2,ahmed,728,1,66658,64658,2000,0,4,0,0,6,626.897,3,3,3,17,,
final2,ahmed,729,0,80580,80683,-103,0,5,0,1,6,2786.56,3,3,10,17,,
final2,ahmed,729,1,80580,80683,-103,0,5,0,1,6,2310.16,3,3,10,17,,
final2,ahmed,730,0,163709,135531,28178,0,6,0,0,6,1848.18,3,3,13,17,,
final2,ahmed,730,1,163709,135531,28178,0,6,0,0,6,1916.59,3,3,13,17,,
final2,ahmed,731,0,130466,125194,5272,0,6,0,0,6,1460.73,3,3,12,17,,
final2,ahmed,731,1,130466,125194,5272,0,6,0,0,6,1492.39,3,3,12,17,,
final2,arlene,700,0,104494,85763,18731,0,3,0,0,0,1291.42,3,3,15,3,,
final2,arlene,700,1,104494,85763,18731,0,3,0,0,0,1302.78,3,3,15,3,,
final2,arlene,701,0,129006,121547,7459,0,4,0,0,0,2503.02,3,3,11,17,,
final2,arlene,701,1,129006,121547,7459,0,4,0,0,0,2442.86,3,3,11,17,,
final2,arlene,702,0,148861,87967,60894,0,4,0,0,0,3027.06,3,3,9,3,,
final2,arlene,702,1,148861,87967,60894,0,4,0,0,0,3060.12,3,3,9,3,,
final2,arlene,703,0,92237,67457,24780,0,4,0,0,0,2413.47,3,3,5,17,,
final2,arlene,703,1,92237,67457,24780,0,4,0,0,0,2414.67,3,3,5,17,,
final2,arlene,704,0,74535,61835,12700,0,6,0,4,0,1275.73,3,3,5,3,,
final2,arlene,704,1,74535,61835,12700,0,6,0,4,0,1256.46,3,3,5,3,,
final2,arlene,705,0,143233,122379,20854,0,4,0,0,0,2414.42,3,3,12,17,,
final2,arlene,705,1,143233,122379,20854,0,4,0,0,0,2219.22,3,3,12,17,,
final2,arlene,706,0,121172,93201,27971,0,6,0,27,0,4481.34,3,3,18,17,,
final2,arlene,706,1,121172,93201,27971,0,6,0,27,0,4494.64,3,3,18,17,,
final2,arlene,707,0,120157,111745,8412,0,2,0,0,0,1284.35,3,3,11,17,,
final2,arlene,707,1,120157,111745,8412,0,2,0,0,0,1223.06,3,3,11,17,,
final2,arlene,708,0,158235,86434,71801,0,5,0,0,0,1089.79,3,3,14,17,,
final2,arlene,708,1,158235,86434,71801,0,5,0,0,0,1092.58,3,3,14,17,,
final2,arlene,709,0,70795,64817,5978,0,6,0,0,0,308.052,3,3,5,3,,
final2,arlene,709,1,70795,64817,5978,0,6,0,0,0,290.166,3,3,5,3,,
final2,arlene,710,0,138618,107564,31054,0,5,0,0,0,1858.15,3,3,12,17,,
final2,arlene,710,1,138623,107570,31053,0,5,0,0,0,1782.54,3,3,12,17,,
final2,arlene,711,0,131081,117594,13487,0,3,0,0,0,1904.89,3,3,11,17,,
final2,arlene,711,1,131081,117594,13487,0,3,0,0,0,2095.05,3,3,11,17,,
final2,arlene,712,0,104173,90608,13565,0,4,0,3,0,2269.41,3,3,9,17,,
final2,arlene,712,1,104173,90608,13565,0,4,0,3,0,2306.23,3,3,9,17,,
final2,arlene,713,0,107196,92653,14543,0,7,0,0,0,1891.89,3,3,8,3,,
final2,arlene,713,1,107196,92653,14543,0,7,0,0,0,1899.03,3,3,8,3,,
final2,arlene,714,0,126082,107586,18496,0,5,0,0,0,2513.29,3,3,14,17,,
final2,arlene,714,1,126082,107586,18496,0,5,0,0,0,2315.74,3,3,14,17,,
final2,arlene,715,0,131079,103302,27777,0,2,0,0,0,353.891,3,3,15,17,,
final2,arlene,715,1,131079,103302,27777,0,2,0,0,0,427.938,3,3,15,17,,
final2,arlene,716,0,99159,90448,8711,0,7,0,0,0,836.123,3,3,10,17,,
final2,arlene,716,1,99159,90448,8711,0,7,0,0,0,863.178,3,3,10,17,,
final2,arlene,717,0,133133,115256,17877,0,4,0,6,0,1886.5,3,3,12,17,,
final2,arlene,717,1,133133,115256,17877,0,4,0,6,0,1768.48,3,3,12,17,,
final2,arlene,718,0,100954,87070,13884,0,5,0,0,0,2358.57,3,3,9,17,,
final2,arlene,718,1,100954,87070,13884,0,5,0,0,0,2302.99,3,3,9,17,,
final2,arlene,719,0,132695,114271,18424,0,5,0,0,0,1146.52,3,3,12,17,,
final2,arlene,719,1,132695,114271,18424,0,5,0,0,0,1144.94,3,3,12,17,,
final2,arlene,720,0,97248,88324,8924,0,6,0,0,0,1632.5,3,3,10,17,,
final2,arlene,720,1,97248,88324,8924,0,6,0,0,0,1725.28,3,3,10,17,,
final2,arlene,721,0,141802,110840,30962,0,8,0,29,0,2356.82,3,3,11,17,,
final2,arlene,721,1,141802,110840,30962,0,8,0,29,0,2341.26,3,3,11,17,,
final2,arlene,722,0,102150,85873,16277,0,5,0,0,0,1542.29,3,3,8,3,,
final2,arlene,722,1,111051,94134,16917,0,7,0,0,0,1198.37,3,3,7,3,,
final2,arlene,723,0,65798,53643,12155,0,6,0,0,0,508.442,3,3,7,17,,
final2,arlene,723,1,65798,53643,12155,0,6,0,0,0,515.061,3,3,7,17,,
final2,arlene,724,0,116812,83321,33491,0,4,0,2,0,1834.55,3,3,8,17,,
final2,arlene,724,1,116833,83335,33498,0,4,0,2,0,1921.99,3,3,8,17,,
final2,arlene,725,0,86635,86750,-115,0,3,0,14,0,2164.46,3,3,9,17,,
final2,arlene,725,1,86635,86750,-115,0,3,0,14,0,2067.66,3,3,9,17,,
final2,arlene,726,0,67456,56372,11084,0,7,0,0,0,883.36,3,3,4,3,,
final2,arlene,726,1,67456,56372,11084,0,7,0,0,0,808.159,3,3,4,3,,
final2,arlene,727,0,129123,102451,26672,0,5,0,12,0,1651.07,3,3,15,8,,
final2,arlene,727,1,130146,102508,27638,0,5,0,12,0,1580.1,3,3,15,8,,
final2,arlene,728,0,64941,54498,10443,0,3,0,0,0,173.683,3,3,3,3,,
final2,arlene,728,1,64941,54498,10443,0,3,0,0,0,171.143,3,3,3,3,,
final2,arlene,729,0,99450,80193,19257,0,5,0,9,0,1751.1,3,3,12,17,,
final2,arlene,729,1,99450,80193,19257,0,5,0,9,0,1585.84,3,3,12,17,,
final2,arlene,730,0,96222,88166,8056,0,4,0,0,0,1182.97,3,3,9,17,,
final2,arlene,730,1,96222,88166,8056,0,4,0,0,0,1228.31,3,3,9,17,,
final2,arlene,731,0,86560,84277,2283,0,8,0,0,0,1197.95,3,3,11,17,,
final2,arlene,731,1,86560,84277,2283,0,8,0,0,0,1323.77,3,3,11,17,,
final2,king,700,0,110646,80463,30183,0,4,0,0,2,1062.89,3,3,7,13,,
final2,king,700,1,110646,80463,30183,0,4,0,0,2,1065.63,3,3,7,13,,
final2,king,701,0,109029,86147,22882,0,5,0,0,0,1262.53,3,3,7,13,,
final2,king,701,1,109033,86102,22931,0,5,0,0,0,1316.88,3,3,7,13,,
final2,king,702,0,127644,109817,17827,0,4,0,0,0,1845.91,3,3,13,13,,
final2,king,702,1,127644,109817,17827,0,4,0,0,0,2073.35,3,3,13,13,,
final2,king,703,0,85339,70100,15239,0,9,0,0,0,2101.5,3,3,4,13,,
final2,king,703,1,85719,70010,15709,0,8,0,7,2,1640.7,3,3,4,13,,
final2,king,704,0,91174,80540,10634,0,3,0,0,0,1320.91,3,3,7,14,,
final2,king,704,1,91174,80540,10634,0,3,0,0,0,1328.59,3,3,7,14,,
final2,king,705,0,134617,120272,14345,0,4,0,0,0,1062.54,3,3,12,14,,
final2,king,705,1,134617,120272,14345,0,4,0,0,0,1046.93,3,3,12,14,,
final2,king,706,0,104381,83218,21163,0,6,0,0,0,2919.04,3,3,19,17,,
final2,king,706,1,104381,83218,21163,0,6,0,0,0,2729.6,3,3,19,17,,
final2,king,707,0,111144,105832,5312,0,3,0,0,0,1705.85,3,3,12,14,,
final2,king,707,1,111144,105832,5312,0,3,0,0,0,1552.84,3,3,12,14,,
final2,king,708,0,139237,111576,27661,0,7,0,5,0,1211.93,3,3,13,17,,
final2,king,708,1,139237,111576,27661,0,7,0,5,0,1259.65,3,3,13,17,,
final2,king,709,0,77418,60637,16781,0,5,0,0,0,662.655,3,3,9,14,,
final2,king,709,1,77418,60637,16781,0,5,0,0,0,669.768,3,3,9,14,,
final2,king,710,0,123665,107012,16653,0,6,0,11,0,1703.6,3,3,13,14,,
final2,king,710,1,123665,107012,16653,0,6,0,11,0,1684.7,3,3,13,14,,
final2,king,711,0,89192,86104,3088,0,3,0,0,0,3293.38,3,3,10,13,,
final2,king,711,1,89192,86104,3088,0,3,0,0,0,3917.96,3,3,10,13,,
final2,king,712,0,95654,87087,8567,0,4,0,0,0,1891.56,3,3,10,13,,
final2,king,712,1,95579,87086,8493,0,4,0,0,0,1857.59,3,3,10,13,,
final2,king,713,0,85901,82522,3379,0,9,0,0,2,1161.56,3,3,8,13,,
final2,king,713,1,85901,82522,3379,0,9,0,0,2,1071.1,3,3,8,13,,
final2,king,714,0,101269,82401,18868,0,9,0,0,0,1981.59,3,3,19,17,,
final2,king,714,1,101269,82401,18868,0,9,0,0,0,1965.29,3,3,19,17,,
final2,king,715,0,114480,103671,10809,0,5,0,0,0,887.79,3,3,7,16,,
final2,king,715,1,114480,103671,10809,0,5,0,0,0,995.304,3,3,7,16,,
final2,king,716,0,110543,111001,-458,0,2,0,0,0,1047.93,3,3,13,14,,
final2,king,716,1,110543,111001,-458,0,2,0,0,0,1155.7,3,3,13,14,,
final2,king,717,0,113634,115889,-2255,0,5,0,22,0,2198.58,3,3,11,14,,
final2,king,717,1,113634,115889,-2255,0,5,0,22,0,2188.13,3,3,11,14,,
final2,king,718,0,88479,72871,15608,0,5,0,0,8,2107.55,3,3,13,14,,
final2,king,718,1,88479,72871,15608,0,5,0,0,8,2217.31,3,3,13,14,,
final2,king,719,0,97632,87579,10053,0,3,0,0,0,1662.44,3,3,8,14,,
final2,king,719,1,97632,87579,10053,0,3,0,0,0,1703.15,3,3,8,14,,
final2,king,720,0,122101,116948,5153,0,3,0,0,0,1464.77,3,3,10,13,,
final2,king,720,1,122101,116948,5153,0,3,0,0,0,1306.89,3,3,10,13,,
final2,king,721,0,87641,78845,8796,0,5,0,3,1,1151.19,3,3,12,14,,
final2,king,721,1,87641,78845,8796,0,5,0,3,1,1135.92,3,3,12,14,,
final2,king,722,0,108394,94850,13544,0,4,0,0,2,1560.44,3,3,7,13,,
final2,king,722,1,108394,94850,13544,0,4,0,0,2,1510.55,3,3,7,13,,
final2,king,723,0,89585,68687,20898,0,8,0,0,0,914.315,3,3,8,14,,
final2,king,723,1,89585,68687,20898,0,8,0,0,0,968.87,3,3,8,14,,
final2,king,724,0,107883,95019,12864,0,5,0,11,2,2930.89,3,3,11,13,,
final2,king,724,1,108107,95019,13088,0,5,0,11,2,3031.69,3,3,11,13,,
final2,king,725,0,92067,79971,12096,0,5,0,0,0,2333.24,3,3,7,14,,
final2,king,725,1,92067,79971,12096,0,5,0,0,0,2717.53,3,3,7,14,,
final2,king,726,0,71301,60480,10821,0,5,0,0,0,1396.37,3,3,3,13,,
final2,king,726,1,71301,60480,10821,0,5,0,0,0,1426.17,3,3,3,13,,
final2,king,727,0,100692,88998,11694,0,1,0,0,2,1329.09,3,3,12,13,,
final2,king,727,1,100551,88915,11636,0,1,0,0,2,1440.54,3,3,12,13,,
final2,king,728,0,60675,48564,12111,0,5,0,0,0,465.47,3,3,7,14,,
final2,king,728,1,60675,48564,12111,0,5,0,0,0,351.991,3,3,7,14,,
final2,king,729,0,78359,61751,16608,0,4,0,8,2,2899.82,3,3,10,13,,
final2,king,729,1,78359,61751,16608,0,4,0,8,2,2083.82,3,3,10,13,,
final2,king,730,0,136706,127539,9167,0,6,0,0,0,994.225,3,3,13,14,,
final2,king,730,1,136706,127539,9167,0,6,0,0,0,1349.42,3,3,13,14,,
final2,king,731,0,78949,68932,10017,0,5,0,0,0,434.341,3,3,10,14,,
final2,king,731,1,78949,68932,10017,0,5,0,0,0,416.044,3,3,10,14,,
final2,sep23,700,0,92997,96550,-3553,0,17,0,0,21,139.806,2,3,5,11,,
final2,sep23,700,1,92997,96550,-3553,0,17,0,0,21,198.215,2,3,5,11,,
final2,sep23,701,0,112539,115459,-2920,0,6,0,0,41,1598.44,3,3,6,9,,
final2,sep23,701,1,112539,115459,-2920,0,6,0,0,41,1508.21,3,3,6,9,,
final2,sep23,702,0,116900,109547,7353,0,4,0,0,24,2019.06,3,3,6,12,,
final2,sep23,702,1,116900,109547,7353,0,4,0,0,24,2084.57,3,3,6,12,,
final2,sep23,703,0,101860,108276,-6416,0,4,0,0,25,2452.14,3,3,5,11,,
final2,sep23,703,1,102257,98553,3704,0,4,0,25,19,2366.68,3,3,5,11,,
final2,sep23,704,0,85684,83755,1929,0,8,0,0,66,1403.1,3,3,7,11,,
final2,sep23,704,1,84521,75573,8948,0,9,0,0,54,1111.67,3,3,7,11,,
final2,sep23,705,0,98625,95770,2855,0,5,0,0,66,800.705,3,3,12,12,,
final2,sep23,705,1,98625,95770,2855,0,5,0,0,66,789.679,3,3,12,12,,
final2,sep23,706,0,116700,120977,-4277,0,4,0,0,43,770.281,3,3,9,12,,
final2,sep23,706,1,116700,120977,-4277,0,4,0,0,43,800.485,3,3,9,12,,
final2,sep23,707,0,136095,123635,12460,0,3,0,0,33,1786.71,3,3,9,11,,
final2,sep23,707,1,136095,123635,12460,0,3,0,0,33,1893.1,3,3,9,11,,
final2,sep23,708,0,143973,133089,10884,0,3,0,0,53,1475.86,3,3,9,11,,
final2,sep23,708,1,143973,133089,10884,0,3,0,0,53,1520.43,3,3,9,11,,
final2,sep23,709,0,80482,78503,1979,0,5,0,0,65,1389.72,3,3,7,10,,
final2,sep23,709,1,79862,78753,1109,0,5,0,0,71,1403.13,3,3,7,10,,
final2,sep23,710,0,148164,144028,4136,0,6,0,40,64,3296.38,3,3,17,14,,
final2,sep23,710,1,147557,144412,3145,0,6,0,38,64,3089.5,3,3,17,14,,
final2,sep23,711,0,114479,106826,7653,0,3,0,0,20,1954.45,3,3,6,8,,
final2,sep23,711,1,114479,106826,7653,0,3,0,0,20,2123.02,3,3,6,8,,
final2,sep23,712,0,112543,103228,9315,0,7,0,0,25,1850.99,3,3,14,6,,
final2,sep23,712,1,147298,124986,22312,0,7,0,41,46,4041.87,3,3,14,10,,
final2,sep23,713,0,108254,92822,15432,0,8,0,0,5,705.759,3,3,7,8,,
final2,sep23,713,1,108254,92822,15432,0,8,0,0,5,635.646,3,3,7,8,,
final2,sep23,714,0,96735,90643,6092,0,8,0,0,31,1544.79,3,3,11,13,,
final2,sep23,714,1,96735,90643,6092,0,8,0,0,31,1319.67,3,3,11,13,,
final2,sep23,715,0,134719,92504,42215,0,3,0,0,131,1873,3,3,12,13,,
final2,sep23,715,1,137534,107022,30512,0,3,0,0,94,2191.61,3,3,12,13,,
final2,sep23,716,0,92430,85683,6747,0,3,0,0,37,2477.03,3,3,12,13,,
final2,sep23,716,1,92430,85683,6747,0,3,0,0,37,2685.13,3,3,12,13,,
final2,sep23,717,0,127627,114815,12812,0,4,0,0,10,1481.37,3,3,10,12,,
final2,sep23,717,1,127627,114815,12812,0,4,0,0,10,1618.62,3,3,10,12,,
final2,sep23,718,0,133246,121141,12105,0,4,0,0,15,1403.77,3,3,10,13,,
final2,sep23,718,1,133246,121141,12105,0,4,0,0,15,1633.46,3,3,10,13,,
final2,sep23,719,0,134854,120462,14392,0,7,0,0,29,485.007,3,3,10,14,,
final2,sep23,719,1,134575,120454,14121,0,7,0,0,29,512.901,3,3,10,14,,
final2,sep23,720,0,110392,105800,4592,0,5,0,7,77,1212.94,3,3,10,13,,
final2,sep23,720,1,110392,105800,4592,0,5,0,7,77,1275.45,3,3,10,13,,
final2,sep23,721,0,119500,120255,-755,0,5,0,0,42,572.111,3,3,10,12,,
final2,sep23,721,1,117317,110771,6546,0,4,0,0,42,732.924,3,3,11,12,,
final2,sep23,722,0,88794,87191,1603,0,9,0,0,24,1334.16,3,3,6,10,,
final2,sep23,722,1,88794,87191,1603,0,9,0,0,24,1063.98,3,3,6,10,,
final2,sep23,723,0,85142,79773,5369,0,9,0,0,64,756.496,3,3,7,12,,
final2,sep23,723,1,77593,70865,6728,0,9,0,0,34,955.099,3,3,7,11,,
final2,sep23,724,0,103306,113657,-10351,0,6,0,3,13,1914.95,3,3,9,11,,
final2,sep23,724,1,103306,113657,-10351,0,6,0,3,13,1159.58,3,3,9,11,,
final2,sep23,725,0,91371,89474,1897,0,13,0,0,14,644.243,3,3,6,10,,
final2,sep23,725,1,91371,89474,1897,0,13,0,0,14,641.581,3,3,6,10,,
final2,sep23,726,0,78571,86110,-7539,0,5,0,0,18,467.113,3,3,6,11,,
final2,sep23,726,1,78571,86110,-7539,0,5,0,0,18,459.826,3,3,6,11,,
final2,sep23,727,0,158796,119156,39640,0,4,0,0,27,1553.82,3,3,12,5,,
final2,sep23,727,1,158796,119156,39640,0,4,0,0,27,1384.17,3,3,12,5,,
final2,sep23,728,0,99261,84601,14660,0,8,0,0,5,658.594,3,3,8,11,,
final2,sep23,728,1,99261,84601,14660,0,8,0,0,5,633.592,3,3,8,11,,
final2,sep23,729,0,89778,97105,-7327,0,8,0,0,55,999.942,3,3,6,12,,
final2,sep23,729,1,89778,97105,-7327,0,8,0,0,55,1002.84,3,3,6,12,,
final2,sep23,730,0,138612,130838,7774,0,5,0,0,85,1213.44,3,3,13,15,,
final2,sep23,730,1,138612,130838,7774,0,5,0,0,85,1213.87,3,3,13,15,,
final2,sep23,731,0,108939,94465,14474,0,4,0,0,7,610.46,3,3,11,11,,
final2,sep23,731,1,108939,94465,14474,0,4,0,0,7,615.861,3,3,11,11,,
final2,teammate_shoprouter,700,0,100535,93307,7228,0,4,0,0,0,1281.79,3,3,9,17,,
final2,teammate_shoprouter,700,1,100535,93307,7228,0,4,0,0,0,1172.17,3,3,9,17,,
final2,teammate_shoprouter,701,0,119149,114704,4445,0,6,0,1,0,2414.9,3,3,7,17,,
final2,teammate_shoprouter,701,1,118616,114719,3897,0,6,0,1,0,2340.79,3,3,7,17,,
final2,teammate_shoprouter,702,0,115887,87065,28822,0,3,0,0,0,1342.72,3,3,9,17,,
final2,teammate_shoprouter,702,1,115887,87065,28822,0,3,0,0,0,1385.52,3,3,9,17,,
final2,teammate_shoprouter,703,0,92620,65398,27222,0,6,0,2,0,2397.17,3,3,6,17,,
final2,teammate_shoprouter,703,1,92620,65398,27222,0,6,0,2,0,2210.86,3,3,6,17,,
final2,teammate_shoprouter,704,0,90136,79260,10876,0,4,0,0,0,1206.74,3,3,3,17,,
final2,teammate_shoprouter,704,1,90136,79260,10876,0,4,0,0,0,1195.48,3,3,3,17,,
final2,teammate_shoprouter,705,0,146430,120710,25720,0,4,0,0,0,2559.99,3,3,12,17,,
final2,teammate_shoprouter,705,1,146430,120710,25720,0,4,0,0,0,2354.81,3,3,12,17,,
final2,teammate_shoprouter,706,0,121403,91463,29940,0,5,0,28,0,3321.54,3,3,13,17,,
final2,teammate_shoprouter,706,1,121441,91468,29973,0,5,0,28,0,3093.78,3,3,13,17,,
final2,teammate_shoprouter,707,0,107690,95672,12018,0,3,0,0,0,1444.85,3,3,12,17,,
final2,teammate_shoprouter,707,1,107690,95672,12018,0,3,0,0,0,1345.97,3,3,12,17,,
final2,teammate_shoprouter,708,0,169074,77879,91195,0,2,0,3,0,2047.99,3,3,14,17,,
final2,teammate_shoprouter,708,1,169074,77879,91195,0,2,0,3,0,1832.77,3,3,14,17,,
final2,teammate_shoprouter,709,0,68850,55971,12879,0,6,0,0,0,683.864,3,3,2,17,,
final2,teammate_shoprouter,709,1,68850,55971,12879,0,6,0,0,0,684.102,3,3,2,17,,
final2,teammate_shoprouter,710,0,168120,103875,64245,0,5,0,0,0,465.404,3,3,12,17,,
final2,teammate_shoprouter,710,1,168120,103875,64245,0,5,0,0,0,571.38,3,3,12,17,,
final2,teammate_shoprouter,711,0,134440,113148,21292,0,3,0,0,0,1565.78,3,3,11,17,,
final2,teammate_shoprouter,711,1,134440,113148,21292,0,3,0,0,0,1466.9,3,3,11,17,,
final2,teammate_shoprouter,712,0,100834,93441,7393,0,4,0,19,0,2483.55,3,3,9,17,,
final2,teammate_shoprouter,712,1,101144,92870,8274,0,4,0,26,0,2974.08,3,3,9,17,,
final2,teammate_shoprouter,713,0,88258,73796,14462,0,5,0,0,0,1839.94,3,3,5,17,,
final2,teammate_shoprouter,713,1,88258,73796,14462,0,5,0,0,0,1733.41,3,3,5,17,,
final2,teammate_shoprouter,714,0,113657,104913,8744,0,4,0,1,0,2861.12,3,3,14,17,,
final2,teammate_shoprouter,714,1,113657,104913,8744,0,4,0,1,0,2850.38,3,3,14,17,,
final2,teammate_shoprouter,715,0,102888,91393,11495,0,5,0,0,0,1097.32,3,3,9,17,,
final2,teammate_shoprouter,715,1,102888,91393,11495,0,5,0,0,0,1231.09,3,3,9,17,,
final2,teammate_shoprouter,716,0,90099,84788,5311,0,2,0,0,0,2275.94,3,3,13,17,,
final2,teammate_shoprouter,716,1,90099,84788,5311,0,2,0,0,0,1817.97,3,3,13,17,,
final2,teammate_shoprouter,717,0,107936,103578,4358,0,4,0,0,0,1243.95,3,3,12,17,,
final2,teammate_shoprouter,717,1,107936,103578,4358,0,4,0,0,0,1240.92,3,3,12,17,,
final2,teammate_shoprouter,718,0,131554,101849,29705,0,6,0,0,0,1411.25,3,3,10,17,,
final2,teammate_shoprouter,718,1,131554,101849,29705,0,6,0,0,0,1584.98,3,3,10,17,,
final2,teammate_shoprouter,719,0,129205,101202,28003,0,5,0,0,0,1820.81,3,3,12,17,,
final2,teammate_shoprouter,719,1,129273,101198,28075,0,5,0,0,0,1765.76,3,3,12,17,,
final2,teammate_shoprouter,720,0,101316,91316,10000,0,5,0,0,0,1257.13,3,3,9,17,,
final2,teammate_shoprouter,720,1,101316,91316,10000,0,5,0,0,0,1262.73,3,3,9,17,,
final2,teammate_shoprouter,721,0,156013,109468,46545,0,6,0,0,0,1300.67,3,3,11,17,,
final2,teammate_shoprouter,721,1,156013,109468,46545,0,6,0,0,0,1524.53,3,3,11,17,,
final2,teammate_shoprouter,722,0,108470,92197,16273,0,9,0,0,0,2579.74,3,3,5,17,,
final2,teammate_shoprouter,722,1,108470,92197,16273,0,9,0,0,0,2629.62,3,3,5,17,,
final2,teammate_shoprouter,723,0,60023,47352,12671,0,8,0,0,0,641.926,3,3,5,17,,
final2,teammate_shoprouter,723,1,60023,47352,12671,0,8,0,0,0,661.551,3,3,5,17,,
final2,teammate_shoprouter,724,0,110034,75812,34222,0,4,0,0,0,804.304,3,3,9,17,,
final2,teammate_shoprouter,724,1,110034,75812,34222,0,4,0,0,0,817.045,3,3,9,17,,
final2,teammate_shoprouter,725,0,97007,87865,9142,0,3,0,9,0,2775.38,3,3,9,17,,
final2,teammate_shoprouter,725,1,97007,87865,9142,0,3,0,9,0,3102.43,3,3,9,17,,
final2,teammate_shoprouter,726,0,58377,44237,14140,0,4,0,0,0,488.382,3,3,5,17,,
final2,teammate_shoprouter,726,1,58377,44237,14140,0,4,0,0,0,495.554,3,3,5,17,,
final2,teammate_shoprouter,727,0,124604,100470,24134,0,7,0,6,0,2317.51,3,3,7,17,,
final2,teammate_shoprouter,727,1,124488,100460,24028,0,7,0,6,0,2317.31,3,3,7,17,,
final2,teammate_shoprouter,728,0,71663,57920,13743,0,6,0,0,0,411.725,3,3,3,17,,
final2,teammate_shoprouter,728,1,71663,57920,13743,0,6,0,0,0,553.461,3,3,3,17,,
final2,teammate_shoprouter,729,0,122635,77083,45552,0,2,0,1,0,1786.92,3,3,8,17,,
final2,teammate_shoprouter,729,1,122635,77083,45552,0,2,0,1,0,1768,3,3,8,17,,
final2,teammate_shoprouter,730,0,125234,106245,18989,0,5,0,0,0,2069.49,3,3,9,17,,
final2,teammate_shoprouter,730,1,125234,106245,18989,0,5,0,0,0,1678.17,3,3,9,17,,
final2,teammate_shoprouter,731,0,126742,97756,28986,0,5,0,11,0,1331.66,3,3,15,17,,
final2,teammate_shoprouter,731,1,126742,97756,28986,0,5,0,11,0,1384.73,3,3,15,17,,
final2,icg,700,0,131674,106353,25321,0,7,0,9,5,1792.23,3,3,12,17,,
final2,icg,700,1,131674,106353,25321,0,7,0,9,5,1802.56,3,3,12,17,,
final2,icg,701,0,138735,130673,8062,0,5,0,0,5,1699.55,3,3,6,17,,
final2,icg,701,1,138735,130673,8062,0,5,0,0,5,1819.99,3,3,6,17,,
final2,icg,702,0,112781,99820,12961,0,6,0,0,5,2659.59,3,3,9,17,,
final2,icg,702,1,112781,99820,12961,0,6,0,0,5,1667.36,3,3,9,17,,
final2,icg,703,0,107273,75486,31787,0,5,0,6,5,2538.13,3,3,6,17,,
final2,icg,703,1,107273,75486,31787,0,5,0,6,5,2533.03,3,3,6,17,,
final2,icg,704,0,71428,64297,7131,0,5,0,0,5,500.131,3,3,4,17,,
final2,icg,704,1,71428,64297,7131,0,5,0,0,5,498.854,3,3,4,17,,
final2,icg,705,0,144688,120419,24269,0,4,0,0,5,2391.07,3,3,12,17,,
final2,icg,705,1,144688,120419,24269,0,4,0,0,5,2416.37,3,3,12,17,,
final2,icg,706,0,128148,98742,29406,0,9,0,14,6,2382.7,3,3,19,17,,
final2,icg,706,1,128148,98742,29406,0,9,0,14,6,2379.72,3,3,19,17,,
final2,icg,707,0,87113,83112,4001,0,5,0,2,5,2060.18,3,3,12,17,,
final2,icg,707,1,87113,83112,4001,0,5,0,2,5,2085.51,3,3,12,17,,
final2,icg,708,0,157068,101560,55508,0,5,0,0,4,840.652,3,3,18,17,,
final2,icg,708,1,157068,101560,55508,0,5,0,0,4,1299.78,3,3,18,17,,
final2,icg,709,0,78192,77285,907,0,5,0,0,5,340.537,3,3,6,17,,
final2,icg,709,1,78192,77285,907,0,5,0,0,5,223.004,3,3,6,17,,
final2,icg,710,0,114017,90343,23674,0,5,0,0,5,1034.97,3,3,10,17,,
final2,icg,710,1,114017,90343,23674,0,5,0,0,5,1038.25,3,3,10,17,,
final2,icg,711,0,161915,137129,24786,0,3,0,0,5,2147.95,3,3,12,17,,
final2,icg,711,1,161915,137129,24786,0,3,0,0,5,2199.56,3,3,12,17,,
final2,icg,712,0,97906,86159,11747,0,5,0,0,5,711.934,3,3,6,17,,
final2,icg,712,1,97906,86159,11747,0,5,0,0,5,709.852,3,3,6,17,,
final2,icg,713,0,111039,95324,15715,0,3,0,0,5,874.878,3,3,7,17,,
final2,icg,713,1,111039,95324,15715,0,3,0,0,5,1359.15,3,3,7,17,,
final2,icg,714,0,130472,97675,32797,0,7,0,0,6,1458.51,3,3,16,17,,
final2,icg,714,1,130472,97675,32797,0,7,0,0,6,901.878,3,3,16,17,,
final2,icg,715,0,104817,105749,-932,0,8,0,0,4,1014.81,3,3,8,17,,
final2,icg,715,1,104817,105749,-932,0,8,0,0,4,542.228,3,3,8,17,,
final2,icg,716,0,130246,119968,10278,0,5,0,3,5,1980.83,3,3,12,17,,
final2,icg,716,1,130246,119968,10278,0,5,0,3,5,1972.61,3,3,12,17,,
final2,icg,717,0,90158,87846,2312,0,7,0,4,5,962.012,3,3,11,17,,
final2,icg,717,1,90158,87846,2312,0,7,0,4,5,967.602,3,3,11,17,,
final2,icg,718,0,93151,102909,-9758,0,6,0,44,5,3647.4,3,3,13,17,,
final2,icg,718,1,93151,102909,-9758,0,6,0,44,5,3278.77,3,3,13,17,,
final2,icg,719,0,135585,113634,21951,0,4,0,0,5,2133.73,3,3,12,17,,
final2,icg,719,1,135602,113643,21959,0,4,0,0,5,2114.12,3,3,12,17,,
final2,icg,720,0,97813,90559,7254,0,5,0,0,5,2366.41,3,3,10,17,,
final2,icg,720,1,97813,90559,7254,0,5,0,0,5,1484.47,3,3,10,17,,
final2,icg,721,0,101451,86054,15397,0,4,0,0,5,2167.01,3,3,12,17,,
final2,icg,721,1,101451,86054,15397,0,4,0,0,5,1330.29,3,3,12,17,,
final2,icg,722,0,111901,92638,19263,0,5,0,0,5,1345.24,3,3,8,17,,
final2,icg,722,1,111858,94096,17762,0,5,0,0,5,1359.32,3,3,7,17,,
final2,icg,723,0,60965,54268,6697,0,8,0,0,5,319.287,3,3,6,17,,
final2,icg,723,1,60965,54268,6697,0,8,0,0,5,321.725,3,3,6,17,,
final2,icg,724,0,134583,114277,20306,0,6,0,0,6,2425.44,3,3,16,17,,
final2,icg,724,1,134583,114277,20306,0,6,0,0,6,1546.61,3,3,16,17,,
final2,icg,725,0,86914,82877,4037,0,8,0,10,5,2218.47,3,3,7,17,,
final2,icg,725,1,86914,82877,4037,0,8,0,10,5,2449.87,3,3,7,17,,
final2,icg,726,0,100314,73058,27256,0,5,0,0,5,566.947,3,3,6,17,,
final2,icg,726,1,100314,73058,27256,0,5,0,0,5,458.501,3,3,6,17,,
final2,icg,727,0,85726,81415,4311,0,3,0,0,5,1244.78,3,3,10,17,,
final2,icg,727,1,85726,81415,4311,0,3,0,0,5,1131.43,3,3,10,17,,
final2,icg,728,0,58569,52729,5840,0,5,0,0,5,421.302,3,3,3,17,,
final2,icg,728,1,58569,52729,5840,0,5,0,0,5,421.881,3,3,3,17,,
final2,icg,729,0,100013,86643,13370,0,7,0,10,5,1289.55,3,3,10,17,,
final2,icg,729,1,100013,86643,13370,0,7,0,10,5,842.679,3,3,10,17,,
final2,icg,730,0,158169,134945,23224,0,5,0,0,5,1197.46,3,3,13,17,,
final2,icg,730,1,158169,134945,23224,0,5,0,0,5,1196,3,3,13,17,,
final2,icg,731,0,136688,128214,8474,0,7,0,0,5,1700.37,3,3,12,17,,
final2,icg,731,1,136688,128214,8474,0,7,0,0,5,1708.3,3,3,12,17,,
final2,king_both,700,0,110646,80463,30183,0,4,0,0,2,1165.25,3,3,7,13,,
final2,king_both,700,1,110646,80463,30183,0,4,0,0,2,1178.74,3,3,7,13,,
final2,king_both,701,0,109029,86147,22882,0,5,0,0,0,1299.67,3,3,7,13,,
final2,king_both,701,1,109033,86102,22931,0,5,0,0,0,1195.88,3,3,7,13,,
final2,king_both,702,0,127644,109817,17827,0,4,0,0,0,2122.34,3,3,13,13,,
final2,king_both,702,1,127644,109817,17827,0,4,0,0,0,2145.56,3,3,13,13,,
final2,king_both,703,0,85339,70100,15239,0,9,0,0,0,2206.67,3,3,4,13,,
final2,king_both,703,1,85719,70010,15709,0,8,0,7,2,1826.66,3,3,4,13,,
final2,king_both,704,0,91174,80540,10634,0,3,0,0,0,1341.05,3,3,7,14,,
final2,king_both,704,1,91174,80540,10634,0,3,0,0,0,1482.3,3,3,7,14,,
final2,king_both,705,0,134617,120272,14345,0,4,0,0,0,1249.46,3,3,12,14,,
final2,king_both,705,1,134617,120272,14345,0,4,0,0,0,1061.04,3,3,12,14,,
final2,king_both,706,0,104381,83218,21163,0,6,0,0,0,2914.53,3,3,19,17,,
final2,king_both,706,1,104381,83218,21163,0,6,0,0,0,2807.62,3,3,19,17,,
final2,king_both,707,0,111144,105832,5312,0,3,0,0,0,1664.81,3,3,12,14,,
final2,king_both,707,1,111144,105832,5312,0,3,0,0,0,1544.04,3,3,12,14,,
final2,king_both,708,0,152001,115617,36384,0,5,0,0,0,653.145,3,3,16,17,,
final2,king_both,708,1,152001,115617,36384,0,5,0,0,0,649.878,3,3,16,17,,
final2,king_both,709,0,77418,60637,16781,0,5,0,0,0,801.647,3,3,9,14,,
final2,king_both,709,1,77418,60637,16781,0,5,0,0,0,836.677,3,3,9,14,,
final2,king_both,710,0,123665,107012,16653,0,6,0,11,0,1719.75,3,3,13,14,,
final2,king_both,710,1,123665,107012,16653,0,6,0,11,0,1559.35,3,3,13,14,,
final2,king_both,711,0,89192,86104,3088,0,3,0,0,0,3352.19,3,3,10,13,,
final2,king_both,711,1,89192,86104,3088,0,3,0,0,0,3417.01,3,3,10,13,,
final2,king_both,712,0,95654,87087,8567,0,4,0,0,0,2004.22,3,3,10,13,,
final2,king_both,712,1,95579,87086,8493,0,4,0,0,0,2150.89,3,3,10,13,,
final2,king_both,713,0,85901,82522,3379,0,9,0,0,2,1200.95,3,3,8,13,,
final2,king_both,713,1,85901,82522,3379,0,9,0,0,2,1213.24,3,3,8,13,,
final2,king_both,714,0,101269,82401,18868,0,9,0,0,0,2016.47,3,3,19,17,,
final2,king_both,714,1,101269,82401,18868,0,9,0,0,0,1941.06,3,3,19,17,,
final2,king_both,715,0,114480,103671,10809,0,5,0,0,0,1213.96,3,3,7,16,,
final2,king_both,715,1,114480,103671,10809,0,5,0,0,0,1179.14,3,3,7,16,,
final2,king_both,716,0,110543,111001,-458,0,2,0,0,0,1190.42,3,3,13,14,,
final2,king_both,716,1,110543,111001,-458,0,2,0,0,0,1298.93,3,3,13,14,,
final2,king_both,717,0,99332,94603,4729,0,5,0,4,0,1611.84,3,3,16,14,,
final2,king_both,717,1,99332,94603,4729,0,5,0,4,0,1707.69,3,3,16,14,,
final2,king_both,718,0,88479,72871,15608,0,5,0,0,8,2292.37,3,3,13,14,,
final2,king_both,718,1,88479,72871,15608,0,5,0,0,8,2073.67,3,3,13,14,,
final2,king_both,719,0,97632,87579,10053,0,3,0,0,0,1891.28,3,3,8,14,,
final2,king_both,719,1,97632,87579,10053,0,3,0,0,0,1613.9,3,3,8,14,,
final2,king_both,720,0,122101,116948,5153,0,3,0,0,0,1379.22,3,3,10,13,,
final2,king_both,720,1,122101,116948,5153,0,3,0,0,0,1329.86,3,3,10,13,,
final2,king_both,721,0,87641,78845,8796,0,5,0,3,1,1103.38,3,3,12,14,,
final2,king_both,721,1,87641,78845,8796,0,5,0,3,1,1172.77,3,3,12,14,,
final2,king_both,722,0,108394,94850,13544,0,4,0,0,2,1893.5,3,3,7,13,,
final2,king_both,722,1,108394,94850,13544,0,4,0,0,2,1624.97,3,3,7,13,,
final2,king_both,723,0,89585,68687,20898,0,8,0,0,0,922.341,3,3,8,14,,
final2,king_both,723,1,89585,68687,20898,0,8,0,0,0,887.107,3,3,8,14,,
final2,king_both,724,0,107883,95019,12864,0,5,0,11,2,2605.39,3,3,11,13,,
final2,king_both,724,1,108107,95019,13088,0,5,0,11,2,2833.46,3,3,11,13,,
final2,king_both,725,0,92067,79971,12096,0,5,0,0,0,2315.45,3,3,7,14,,
final2,king_both,725,1,92067,79971,12096,0,5,0,0,0,2291.09,3,3,7,14,,
final2,king_both,726,0,71301,60480,10821,0,5,0,0,0,1214.2,3,3,3,13,,
final2,king_both,726,1,71301,60480,10821,0,5,0,0,0,1218.15,3,3,3,13,,
final2,king_both,727,0,100692,88998,11694,0,1,0,0,2,1279.95,3,3,12,13,,
final2,king_both,727,1,100551,88915,11636,0,1,0,0,2,1118.29,3,3,12,13,,
final2,king_both,728,0,60675,48564,12111,0,5,0,0,0,339.232,3,3,7,14,,
final2,king_both,728,1,60675,48564,12111,0,5,0,0,0,344.185,3,3,7,14,,
final2,king_both,729,0,78359,61751,16608,0,4,0,8,2,3090.58,3,3,10,13,,
final2,king_both,729,1,77955,61808,16147,0,4,0,18,2,2947.37,3,3,10,13,,
final2,king_both,730,0,136706,127539,9167,0,6,0,0,0,1380.26,3,3,13,14,,
final2,king_both,730,1,136706,127539,9167,0,6,0,0,0,1385.8,3,3,13,14,,
final2,king_both,731,0,78949,68932,10017,0,5,0,0,0,679.865,3,3,10,14,,
final2,king_both,731,1,78949,68932,10017,0,5,0,0,0,681.058,3,3,10,14,,
final2,pass,900,0,104776,3000,101776,0,4,0,0,0,411.363,3,1,11,0,,
final2,pass,900,1,104786,3000,101786,0,4,0,0,0,619.948,3,1,11,0,,
final2,pass,901,0,148880,3000,145880,0,7,0,0,0,2107.8,3,1,8,0,,
final2,pass,901,1,171883,3000,168883,0,6,0,0,0,1836.64,3,1,12,0,,
final2,pass,902,0,143309,3000,140309,0,2,0,0,0,392.195,3,1,16,0,,
final2,pass,902,1,143309,3000,140309,0,2,0,0,0,388.979,3,1,16,0,,
final2,pass,903,0,191576,3000,188576,0,4,0,0,0,2395,3,1,17,0,,
final2,pass,903,1,187252,3000,184252,0,9,0,0,0,1171.43,3,1,18,0,,
final2,sep23_b5,700,0,146652,118976,27676,0,4,0,25,47,2306.98,3,3,10,9,,
final2,sep23_b5,700,1,133334,112988,20346,0,5,0,26,39,2084.64,3,3,10,9,,
final2,sep23_b5,701,0,110370,98220,12150,0,1,0,0,64,1254.88,3,3,11,11,,
final2,sep23_b5,701,1,110370,98220,12150,0,1,0,0,64,1234.94,3,3,11,11,,
final2,sep23_b5,702,0,163821,140017,23804,0,2,0,13,66,1482.72,3,3,11,12,,
final2,sep23_b5,702,1,163821,140017,23804,0,2,0,13,66,2123.16,3,3,11,12,,
final2,sep23_b5,703,0,96400,83789,12611,0,1,0,0,76,1592.97,3,3,10,10,,
final2,sep23_b5,703,1,93372,96319,-2947,0,5,0,0,48,567.535,3,3,11,10,,
final2,sep23_b5,704,0,117582,103126,14456,0,2,0,0,16,1048.58,3,3,15,13,,
final2,sep23_b5,704,1,140286,119551,20735,0,0,0,0,32,1989.22,3,3,12,10,,
final2,sep23_b5,705,0,111147,85171,25976,0,2,0,0,101,2411.65,3,3,12,14,,
final2,sep23_b5,705,1,111147,85171,25976,0,2,0,0,101,2370.03,3,3,12,14,,
final2,sep23_b5,706,0,116167,99618,16549,0,4,0,11,39,2597.63,3,3,15,13,,
final2,sep23_b5,706,1,116167,99618,16549,0,4,0,11,39,2087.09,3,3,15,13,,
final2,sep23_b5,707,0,131272,95371,35901,0,5,0,0,101,1778.93,3,3,17,15,,
final2,sep23_b5,707,1,131272,95371,35901,0,5,0,0,101,1776.75,3,3,17,15,,
final2,sep23_b5,708,0,131856,123738,8118,0,3,0,0,72,1255.98,3,3,12,15,,
final2,sep23_b5,708,1,131856,123738,8118,0,3,0,0,72,1243.75,3,3,12,15,,
final2,sep23_b5,709,0,95388,79184,16204,0,1,0,0,34,1208,3,3,13,11,,
final2,sep23_b5,709,1,95388,79184,16204,0,1,0,0,34,765.634,3,3,13,11,,
final2,sep23_b5,710,0,150501,114797,35704,0,4,0,0,75,2270.93,3,3,17,12,,
final2,sep23_b5,710,1,150501,114797,35704,0,4,0,0,75,1883.51,3,3,17,12,,
final2,sep23_b5,711,0,150444,139406,11038,0,3,0,0,81,1624.46,3,3,11,12,,
final2,sep23_b5,711,1,150444,139406,11038,0,3,0,0,81,2623.05,3,3,11,12,,
final2,sep23_b5,712,0,94658,73439,21219,0,3,0,0,47,1199.83,3,3,10,13,,
final2,sep23_b5,712,1,109732,88085,21647,0,3,0,0,101,1236.31,3,3,8,12,,
final2,sep23_b5,713,0,163452,124345,39107,0,4,0,0,123,1304.69,3,4,12,12,,
final2,sep23_b5,713,1,157724,126665,31059,0,5,0,0,114,1380.8,3,4,12,12,,
final2,sep23_b5,714,0,103828,99121,4707,0,0,0,0,27,970.713,3,3,10,10,,
final2,sep23_b5,714,1,103828,99121,4707,0,0,0,0,27,957.989,3,3,10,10,,
final2,sep23_b5,715,0,98981,94671,4310,0,2,0,0,55,494.416,3,3,7,13,,
final2,sep23_b5,715,1,97026,78553,18473,0,2,0,0,59,799.579,3,3,8,12,,
final2,sep23_b5,716,0,103633,81516,22117,0,1,0,1,83,788.122,3,3,13,11,,
final2,sep23_b5,716,1,103633,81516,22117,0,1,0,1,83,790.6,3,3,13,11,,
final2,sep23_b5,717,0,126342,114909,11433,0,5,0,0,25,2343.76,3,3,8,9,,
final2,sep23_b5,717,1,126342,114909,11433,0,5,0,0,25,1919.82,3,3,8,9,,
final2,sep23_b5,718,0,159475,140632,18843,0,2,0,4,96,1788.22,3,3,14,11,,
final2,sep23_b5,718,1,159475,140632,18843,0,2,0,4,96,1486.29,3,3,14,11,,
final2,sep23_b5,719,0,125349,93382,31967,0,0,0,0,74,1159.8,3,3,13,8,,
final2,sep23_b5,719,1,125427,93384,32043,0,0,0,0,74,1103.05,3,3,13,8,,
final2,sep23_b5,720,0,108248,82985,25263,0,0,0,0,35,1400.48,3,3,12,11,,
final2,sep23_b5,720,1,108248,82985,25263,0,0,0,0,35,949.972,3,3,12,11,,
final2,sep23_b5,721,0,93482,83159,10323,0,3,0,8,1,1703.01,3,3,14,11,,
final2,sep23_b5,721,1,94515,82532,11983,0,3,0,0,1,982.906,3,3,14,12,,
final2,sep23_b5,722,0,123745,107142,16603,0,1,0,0,34,1376.05,3,3,10,9,,
final2,sep23_b5,722,1,123745,107142,16603,0,1,0,0,34,1209.03,3,3,10,9,,
final2,sep23_b5,723,0,109909,92720,17189,0,2,0,0,19,1020.29,3,3,11,8,,
final2,sep23_b5,723,1,92398,70655,21743,0,0,0,0,27,1579.39,3,3,11,9,,
final2,sep23_b5,724,0,126167,132974,-6807,0,8,0,0,42,968.47,2,3,10,11,,
final2,sep23_b5,724,1,126167,132974,-6807,0,8,0,0,42,974.296,2,3,10,11,,
final2,sep23_b5,725,0,113699,95876,17823,0,0,0,0,8,995.851,3,3,11,8,,
final2,sep23_b5,725,1,113699,95876,17823,0,0,0,0,8,1282.43,3,3,11,8,,
final2,sep23_b5,726,0,139103,104830,34273,0,6,0,0,140,1320.12,3,3,11,9,,
final2,sep23_b5,726,1,139103,104830,34273,0,6,0,0,140,1328.7,3,3,11,9,,
final2,sep23_b5,727,0,169214,152580,16634,0,4,0,0,63,1817.72,3,3,16,10,,
final2,sep23_b5,727,1,169214,152580,16634,0,4,0,0,63,2356.37,3,3,16,10,,
final2,sep23_b5,728,0,142980,110193,32787,0,4,0,0,148,901.977,3,3,10,13,,
final2,sep23_b5,728,1,142980,110193,32787,0,4,0,0,148,938.082,3,3,10,13,,
final2,sep23_b5,729,0,105069,99393,5676,0,4,0,0,127,1135.2,3,3,12,11,,
final2,sep23_b5,729,1,105069,99393,5676,0,4,0,0,127,1045.3,3,3,12,11,,
final2,sep23_b5,730,0,126150,85579,40571,0,2,0,0,87,1274.64,3,3,14,9,,
final2,sep23_b5,730,1,125839,87685,38154,0,2,0,0,86,1147.08,3,3,14,11,,
final2,sep23_b5,731,0,105844,85914,19930,0,2,0,0,120,720.506,3,3,9,15,,
final2,sep23_b5,731,1,110074,90139,19935,0,2,0,0,151,706.204,3,3,9,15,,
final2,sep23_both,700,0,92997,96550,-3553,0,17,0,0,21,138.468,2,3,5,11,,
final2,sep23_both,700,1,92997,96550,-3553,0,17,0,0,21,124.596,2,3,5,11,,
final2,sep23_both,701,0,112539,115459,-2920,0,6,0,0,41,1538.15,3,3,6,9,,
final2,sep23_both,701,1,112539,115459,-2920,0,6,0,0,41,1510.39,3,3,6,9,,
final2,sep23_both,702,0,116900,109547,7353,0,4,0,0,24,2139.44,3,3,6,12,,
final2,sep23_both,702,1,116992,109409,7583,0,4,0,8,24,2276.07,3,3,6,12,,
final2,sep23_both,703,0,101860,108276,-6416,0,4,0,0,25,2482.55,3,3,5,11,,
final2,sep23_both,703,1,102257,98553,3704,0,4,0,25,19,2410.59,3,3,5,11,,
final2,sep23_both,704,0,85684,83755,1929,0,8,0,0,66,1673.92,3,3,7,11,,
final2,sep23_both,704,1,84521,75573,8948,0,9,0,0,54,1231.4,3,3,7,11,,
final2,sep23_both,705,0,98625,95770,2855,0,5,0,0,66,807.045,3,3,12,12,,
final2,sep23_both,705,1,98625,95770,2855,0,5,0,0,66,917.001,3,3,12,12,,
final2,sep23_both,706,0,116700,120977,-4277,0,4,0,0,43,1028.06,3,3,9,12,,
final2,sep23_both,706,1,116700,120977,-4277,0,4,0,0,43,771.13,3,3,9,12,,
final2,sep23_both,707,0,136095,123635,12460,0,3,0,0,33,1913.48,3,3,9,11,,
final2,sep23_both,707,1,136095,123635,12460,0,3,0,0,33,2151.32,3,3,9,11,,
final2,sep23_both,708,0,143973,133089,10884,0,3,0,0,53,1595.8,3,3,9,11,,
final2,sep23_both,708,1,143973,133089,10884,0,3,0,0,53,1499.81,3,3,9,11,,
final2,sep23_both,709,0,71721,69045,2676,0,6,0,0,43,1189.17,3,3,8,11,,
final2,sep23_both,709,1,71721,69045,2676,0,6,0,0,43,1261.63,3,3,8,11,,
final2,sep23_both,710,0,148164,144028,4136,0,6,0,40,64,2923.68,3,3,17,14,,
final2,sep23_both,710,1,147557,144412,3145,0,6,0,38,64,3249,3,3,17,14,,
final2,sep23_both,711,0,114479,106826,7653,0,3,0,0,20,2189.54,3,3,6,8,,
final2,sep23_both,711,1,114479,106826,7653,0,3,0,0,20,2210.57,3,3,6,8,,
final2,sep23_both,712,0,111170,119745,-8575,0,5,0,0,5,835.187,3,3,8,7,,
final2,sep23_both,712,1,147298,124986,22312,0,7,0,41,46,3823.94,3,3,14,10,,
final2,sep23_both,713,0,108254,92822,15432,0,8,0,0,5,823.687,3,3,7,8,,
final2,sep23_both,713,1,108254,92822,15432,0,8,0,0,5,718.357,3,3,7,8,,
final2,sep23_both,714,0,96735,90643,6092,0,8,0,0,31,1515.49,3,3,11,13,,
final2,sep23_both,714,1,96735,90643,6092,0,8,0,0,31,1515.04,3,3,11,13,,
final2,sep23_both,715,0,130097,113241,16856,0,3,0,0,51,1981.05,3,3,10,13,,
final2,sep23_both,715,1,121514,106532,14982,0,3,0,0,63,2023.05,3,3,10,12,,
final2,sep23_both,716,0,92430,85683,6747,0,3,0,0,37,2563.55,3,3,12,13,,
final2,sep23_both,716,1,92430,85683,6747,0,3,0,0,37,2419.81,3,3,12,13,,
final2,sep23_both,717,0,127627,114815,12812,0,4,0,0,10,1629.56,3,3,10,12,,
final2,sep23_both,717,1,127627,114815,12812,0,4,0,0,10,1488.56,3,3,10,12,,
final2,sep23_both,718,0,133246,121141,12105,0,4,0,0,15,1294.57,3,3,10,13,,
final2,sep23_both,718,1,133246,121141,12105,0,4,0,0,15,1204.69,3,3,10,13,,
final2,sep23_both,719,0,134854,120462,14392,0,7,0,0,29,469.093,3,3,10,14,,
final2,sep23_both,719,1,134575,120454,14121,0,7,0,0,29,544.238,3,3,10,14,,
final2,sep23_both,720,0,110392,105800,4592,0,5,0,7,77,1463.02,3,3,10,13,,
final2,sep23_both,720,1,110392,105800,4592,0,5,0,7,77,1397.25,3,3,10,13,,
final2,sep23_both,721,0,102508,98855,3653,0,6,0,0,52,533.124,3,3,10,14,,
final2,sep23_both,721,1,102508,98855,3653,0,6,0,0,52,525.177,3,3,10,14,,
final2,sep23_both,722,0,88794,87191,1603,0,9,0,0,24,1383.46,3,3,6,10,,
final2,sep23_both,722,1,88794,87191,1603,0,9,0,0,24,1457.63,3,3,6,10,,
final2,sep23_both,723,0,85142,79773,5369,0,9,0,0,64,1433.16,3,3,7,12,,
final2,sep23_both,723,1,77593,70865,6728,0,9,0,0,34,1394.14,3,3,7,11,,
final2,sep23_both,724,0,103306,113657,-10351,0,6,0,3,13,2179.67,3,3,9,11,,
final2,sep23_both,724,1,103306,113657,-10351,0,6,0,3,13,2172.63,3,3,9,11,,
final2,sep23_both,725,0,91371,89474,1897,0,13,0,0,14,1238.89,3,3,6,10,,
final2,sep23_both,725,1,91371,89474,1897,0,13,0,0,14,1266.37,3,3,6,10,,
final2,sep23_both,726,0,78571,86110,-7539,0,5,0,0,18,867.857,3,3,6,11,,
final2,sep23_both,726,1,78571,86110,-7539,0,5,0,0,18,768.984,3,3,6,11,,
final2,sep23_both,727,0,158796,119156,39640,0,4,0,0,27,2194.93,3,3,12,5,,
final2,sep23_both,727,1,158796,119156,39640,0,4,0,0,27,1432.21,3,3,12,5,,
final2,sep23_both,728,0,91322,91366,-44,0,6,0,0,79,952.951,3,3,4,10,,
final2,sep23_both,728,1,91322,91366,-44,0,6,0,0,79,818.141,3,3,4,10,,
final2,sep23_both,729,0,89778,97105,-7327,0,8,0,0,55,991.669,3,3,6,12,,
final2,sep23_both,729,1,89778,97105,-7327,0,8,0,0,55,1185.49,3,3,6,12,,
final2,sep23_both,730,0,138612,130838,7774,0,5,0,0,85,1222.39,3,3,13,15,,
final2,sep23_both,730,1,138612,130838,7774,0,5,0,0,85,1315.51,3,3,13,15,,
final2,sep23_both,731,0,108939,94465,14474,0,4,0,0,7,616.122,3,3,11,11,,
final2,sep23_both,731,1,108939,94465,14474,0,4,0,0,7,663.976,3,3,11,11,,
final2,sep23_buf,700,0,92997,96550,-3553,0,17,0,0,21,122.294,2,3,5,11,,
final2,sep23_buf,700,1,92997,96550,-3553,0,17,0,0,21,110.299,2,3,5,11,,
final2,sep23_buf,701,0,112539,115459,-2920,0,6,0,0,41,1663.75,3,3,6,9,,
final2,sep23_buf,701,1,112539,115459,-2920,0,6,0,0,41,1593.52,3,3,6,9,,
final2,sep23_buf,702,0,116900,109547,7353,0,4,0,0,24,2204.24,3,3,6,12,,
final2,sep23_buf,702,1,116900,109547,7353,0,4,0,0,24,2787.03,3,3,6,12,,
final2,sep23_buf,703,0,101860,108276,-6416,0,4,0,0,25,3281.37,3,3,5,11,,
final2,sep23_buf,703,1,102257,98553,3704,0,4,0,25,19,2465.38,3,3,5,11,,
final2,sep23_buf,704,0,85684,83755,1929,0,8,0,0,66,1707.72,3,3,7,11,,
final2,sep23_buf,704,1,84521,75573,8948,0,9,0,0,54,1540.36,3,3,7,11,,
final2,sep23_buf,705,0,98625,95770,2855,0,5,0,0,66,867.583,3,3,12,12,,
final2,sep23_buf,705,1,98625,95770,2855,0,5,0,0,66,998.826,3,3,12,12,,
final2,sep23_buf,706,0,116700,120977,-4277,0,4,0,0,43,734.004,3,3,9,12,,
final2,sep23_buf,706,1,116700,120977,-4277,0,4,0,0,43,794.763,3,3,9,12,,
final2,sep23_buf,707,0,156487,139317,17170,0,2,0,0,81,2461.38,3,3,9,11,,
final2,sep23_buf,707,1,156487,139317,17170,0,2,0,0,81,2260.57,3,3,9,11,,
final2,sep23_buf,708,0,143973,133089,10884,0,3,0,0,53,1564.59,3,3,9,11,,
final2,sep23_buf,708,1,143973,133089,10884,0,3,0,0,53,1614.88,3,3,9,11,,
final2,sep23_buf,709,0,82700,74858,7842,0,4,0,0,59,1363.59,3,3,8,10,,
final2,sep23_buf,709,1,80511,77276,3235,0,4,0,0,75,1333.51,3,3,4,10,,
final2,sep23_buf,710,0,148164,144028,4136,0,6,0,40,64,3394.82,3,3,17,14,,
final2,sep23_buf,710,1,147557,144412,3145,0,6,0,38,64,3584.98,3,3,17,14,,
final2,sep23_buf,711,0,114479,106826,7653,0,3,0,0,20,2095.36,3,3,6,8,,
final2,sep23_buf,711,1,114479,106826,7653,0,3,0,0,20,2283.32,3,3,6,8,,
final2,sep23_buf,712,0,111170,119745,-8575,0,5,0,0,5,831.204,3,3,8,7,,
final2,sep23_buf,712,1,147298,124986,22312,0,7,0,41,46,4042.39,3,3,14,10,,
final2,sep23_buf,713,0,108254,92822,15432,0,8,0,0,5,665.35,3,3,7,8,,
final2,sep23_buf,713,1,108254,92822,15432,0,8,0,0,5,655.869,3,3,7,8,,
final2,sep23_buf,714,0,96735,90643,6092,0,8,0,0,31,1541.99,3,3,11,13,,
final2,sep23_buf,714,1,96735,90643,6092,0,8,0,0,31,1169.36,3,3,11,13,,
final2,sep23_buf,715,0,130097,113241,16856,0,3,0,0,51,2073.55,3,3,10,13,,
final2,sep23_buf,715,1,121514,106532,14982,0,3,0,0,63,2118.37,3,3,10,12,,
final2,sep23_buf,716,0,106190,81079,25111,0,3,0,0,58,1700.41,3,3,9,11,,
final2,sep23_buf,716,1,106190,81079,25111,0,3,0,0,58,1716.33,3,3,9,11,,
final2,sep23_buf,717,0,135135,123562,11573,0,6,0,0,132,2064.95,3,3,10,14,,
final2,sep23_buf,717,1,135135,123562,11573,0,6,0,0,132,2066.6,3,3,10,14,,
final2,sep23_buf,718,0,133246,121141,12105,0,4,0,0,15,1429.62,3,3,10,13,,
final2,sep23_buf,718,1,133246,121141,12105,0,4,0,0,15,1319.13,3,3,10,13,,
final2,sep23_buf,719,0,134854,120462,14392,0,7,0,0,29,673.141,3,3,10,14,,
final2,sep23_buf,719,1,134575,120454,14121,0,7,0,0,29,492.258,3,3,10,14,,
final2,sep23_buf,720,0,17482,195222,-177740,0,9,0,0,44,108.141,2,3,0,14,,
final2,sep23_buf,720,1,17482,195222,-177740,0,9,0,0,44,114.854,2,3,0,14,,
final2,sep23_buf,721,0,121686,102941,18745,0,3,0,0,91,2061.73,3,3,13,12,,
final2,sep23_buf,721,1,121686,102941,18745,0,3,0,0,91,2042.79,3,3,13,12,,
final2,sep23_buf,722,0,88794,87191,1603,0,9,0,0,24,1517.52,3,3,6,10,,
final2,sep23_buf,722,1,88794,87191,1603,0,9,0,0,24,1515.42,3,3,6,10,,
final2,sep23_buf,723,0,85142,79773,5369,0,9,0,0,64,1388.25,3,3,7,12,,
final2,sep23_buf,723,1,77593,70865,6728,0,9,0,0,34,1260.22,3,3,7,11,,
final2,sep23_buf,724,0,103306,113657,-10351,0,6,0,3,13,2080.55,3,3,9,11,,
final2,sep23_buf,724,1,103306,113657,-10351,0,6,0,3,13,2009.37,3,3,9,11,,
final2,sep23_buf,725,0,91371,89474,1897,0,13,0,0,14,1229.03,3,3,6,10,,
final2,sep23_buf,725,1,91371,89474,1897,0,13,0,0,14,1350.19,3,3,6,10,,
final2,sep23_buf,726,0,78571,86110,-7539,0,5,0,0,18,878.888,3,3,6,11,,
final2,sep23_buf,726,1,78571,86110,-7539,0,5,0,0,18,858.574,3,3,6,11,,
final2,sep23_buf,727,0,158796,119156,39640,0,4,0,0,27,1464.03,3,3,12,5,,
final2,sep23_buf,727,1,158796,119156,39640,0,4,0,0,27,1794.49,3,3,12,5,,
final2,sep23_buf,728,0,75765,76074,-309,0,6,0,0,29,931.504,3,3,6,10,,
final2,sep23_buf,728,1,75765,76074,-309,0,6,0,0,29,726.736,3,3,6,10,,
final2,sep23_buf,729,0,89778,97105,-7327,0,8,0,0,55,1199.01,3,3,6,12,,
final2,sep23_buf,729,1,89778,97105,-7327,0,8,0,0,55,1016.18,3,3,6,12,,
final2,sep23_buf,730,0,138612,130838,7774,0,5,0,0,85,1243.81,3,3,13,15,,
final2,sep23_buf,730,1,138612,130838,7774,0,5,0,0,85,1293.7,3,3,13,15,,
final2,sep23_buf,731,0,11500,194848,-183348,0,13,0,0,33,398.227,2,3,0,14,,
final2,sep23_buf,731,1,12621,197165,-184544,0,13,0,0,27,56.1083,2,3,0,14,,
final2,sep23_early,700,0,92997,96550,-3553,0,17,0,0,21,107.166,2,3,5,11,,
final2,sep23_early,700,1,92997,96550,-3553,0,17,0,0,21,118.158,2,3,5,11,,
final2,sep23_early,701,0,112539,115459,-2920,0,6,0,0,41,1512.78,3,3,6,9,,
final2,sep23_early,701,1,112539,115459,-2920,0,6,0,0,41,1434.46,3,3,6,9,,
final2,sep23_early,702,0,116900,109547,7353,0,4,0,0,24,2109.28,3,3,6,12,,
final2,sep23_early,702,1,116900,109547,7353,0,4,0,0,24,2274.16,3,3,6,12,,
final2,sep23_early,703,0,101860,108276,-6416,0,4,0,0,25,2485.29,3,3,5,11,,
final2,sep23_early,703,1,102257,98553,3704,0,4,0,25,19,2451.31,3,3,5,11,,
final2,sep23_early,704,0,85684,83755,1929,0,8,0,0,66,1532.94,3,3,7,11,,
final2,sep23_early,704,1,84521,75573,8948,0,9,0,0,54,1169.11,3,3,7,11,,
final2,sep23_early,705,0,98625,95770,2855,0,5,0,0,66,838.502,3,3,12,12,,
final2,sep23_early,705,1,98625,95770,2855,0,5,0,0,66,863.667,3,3,12,12,,
final2,sep23_early,706,0,116700,120977,-4277,0,4,0,0,43,816.522,3,3,9,12,,
final2,sep23_early,706,1,116700,120977,-4277,0,4,0,0,43,794.359,3,3,9,12,,
final2,sep23_early,707,0,156487,139317,17170,0,2,0,0,81,2140.16,3,3,9,11,,
final2,sep23_early,707,1,156487,139317,17170,0,2,0,0,81,1972.08,3,3,9,11,,
final2,sep23_early,708,0,143973,133089,10884,0,3,0,0,53,1648.25,3,3,9,11,,
final2,sep23_early,708,1,143973,133089,10884,0,3,0,0,53,1803.83,3,3,9,11,,
final2,sep23_early,709,0,82700,74858,7842,0,4,0,0,59,1483.68,3,3,8,10,,
final2,sep23_early,709,1,80511,77276,3235,0,4,0,0,75,1457.63,3,3,4,10,,
final2,sep23_early,710,0,148164,144028,4136,0,6,0,40,64,3389.97,3,3,17,14,,
final2,sep23_early,710,1,147557,144412,3145,0,6,0,38,64,3271.9,3,3,17,14,,
final2,sep23_early,711,0,114479,106826,7653,0,3,0,0,20,1961.25,3,3,6,8,,
final2,sep23_early,711,1,114479,106826,7653,0,3,0,0,20,2025.07,3,3,6,8,,
final2,sep23_early,712,0,111170,119745,-8575,0,5,0,0,5,824.921,3,3,8,7,,
final2,sep23_early,712,1,147298,124986,22312,0,7,0,41,46,3885,3,3,14,10,,
final2,sep23_early,713,0,108254,92822,15432,0,8,0,0,5,634.739,3,3,7,8,,
final2,sep23_early,713,1,108254,92822,15432,0,8,0,0,5,650.738,3,3,7,8,,
final2,sep23_early,714,0,96735,90643,6092,0,8,0,0,31,1739.91,3,3,11,13,,
final2,sep23_early,714,1,96735,90643,6092,0,8,0,0,31,1638.57,3,3,11,13,,
final2,sep23_early,715,0,130097,113241,16856,0,3,0,0,51,2022.72,3,3,10,13,,
final2,sep23_early,715,1,121514,106532,14982,0,3,0,0,63,1905.72,3,3,10,12,,
final2,sep23_early,716,0,106190,81079,25111,0,3,0,0,58,1490.95,3,3,9,11,,
final2,sep23_early,716,1,106190,81079,25111,0,3,0,0,58,1450.86,3,3,9,11,,
final2,sep23_early,717,0,135135,123562,11573,0,6,0,0,132,2250.8,3,3,10,14,,
final2,sep23_early,717,1,135135,123562,11573,0,6,0,0,132,2000.99,3,3,10,14,,
final2,sep23_early,718,0,133246,121141,12105,0,4,0,0,15,1484.96,3,3,10,13,,
final2,sep23_early,718,1,133246,121141,12105,0,4,0,0,15,1306.51,3,3,10,13,,
final2,sep23_early,719,0,134854,120462,14392,0,7,0,0,29,463.334,3,3,10,14,,
final2,sep23_early,719,1,134575,120454,14121,0,7,0,0,29,463.072,3,3,10,14,,
final2,sep23_early,720,0,17482,195222,-177740,0,9,0,0,44,126.575,2,3,0,14,,
final2,sep23_early,720,1,17482,195222,-177740,0,9,0,0,44,104.291,2,3,0,14,,
final2,sep23_early,721,0,121686,102941,18745,0,3,0,0,91,2085.56,3,3,13,12,,
final2,sep23_early,721,1,121686,102941,18745,0,3,0,0,91,2160.08,3,3,13,12,,
final2,sep23_early,722,0,88794,87191,1603,0,9,0,0,24,1447.44,3,3,6,10,,
final2,sep23_early,722,1,88794,87191,1603,0,9,0,0,24,1484.68,3,3,6,10,,
final2,sep23_early,723,0,85142,79773,5369,0,9,0,0,64,1476.57,3,3,7,12,,
final2,sep23_early,723,1,77593,70865,6728,0,9,0,0,34,1286,3,3,7,11,,
final2,sep23_early,724,0,103306,113657,-10351,0,6,0,3,13,1891.62,3,3,9,11,,
final2,sep23_early,724,1,103306,113657,-10351,0,6,0,3,13,1969.53,3,3,9,11,,
final2,sep23_early,725,0,91371,89474,1897,0,13,0,0,14,1035.18,3,3,6,10,,
final2,sep23_early,725,1,91371,89474,1897,0,13,0,0,14,1165.28,3,3,6,10,,
final2,sep23_early,726,0,78571,86110,-7539,0,5,0,0,18,752.479,3,3,6,11,,
final2,sep23_early,726,1,78571,86110,-7539,0,5,0,0,18,789.194,3,3,6,11,,
final2,sep23_early,727,0,158796,119156,39640,0,4,0,0,27,1827.96,3,3,12,5,,
final2,sep23_early,727,1,158796,119156,39640,0,4,0,0,27,1552.85,3,3,12,5,,
final2,sep23_early,728,0,75765,76074,-309,0,6,0,0,29,687.173,3,3,6,10,,
final2,sep23_early,728,1,75765,76074,-309,0,6,0,0,29,775.842,3,3,6,10,,
final2,sep23_early,729,0,89778,97105,-7327,0,8,0,0,55,1000.34,3,3,6,12,,
final2,sep23_early,729,1,89778,97105,-7327,0,8,0,0,55,1184.82,3,3,6,12,,
final2,sep23_early,730,0,110774,101669,9105,0,8,0,0,48,252.94,2,3,10,12,,
final2,sep23_early,730,1,100354,95618,4736,0,12,0,0,38,302.443,2,3,11,14,,
final2,sep23_early,731,0,11500,194848,-183348,0,13,0,0,33,330.035,2,3,0,14,,
final2,sep23_early,731,1,12621,197165,-184544,0,13,0,0,27,93.6924,2,3,0,14,,
final2,sep23_ft_decem,700,0,139676,115752,23924,0,5,0,0,78,2525.02,3,3,16,13,,
final2,sep23_ft_decem,700,1,108970,87458,21512,0,5,0,4,52,2085.92,3,3,9,13,,
final2,sep23_ft_decem,701,0,137411,133328,4083,0,10,0,0,1,1106.32,2,3,10,13,,
final2,sep23_ft_decem,701,1,137442,133326,4116,0,10,0,0,1,1108.54,2,3,10,13,,
final2,sep23_ft_decem,702,0,121732,129780,-8048,0,11,0,0,119,216.104,2,3,14,11,,
final2,sep23_ft_decem,702,1,121732,129780,-8048,0,11,0,0,119,215.58,2,3,14,11,,
final2,sep23_ft_decem,703,0,144182,127401,16781,0,8,0,0,81,245.972,2,3,16,11,,
final2,sep23_ft_decem,703,1,120837,127378,-6541,0,14,0,0,86,225.651,2,3,13,12,,
final2,sep23_ft_decem,704,0,94618,94352,266,0,12,0,2,64,1101.7,3,3,8,12,,
final2,sep23_ft_decem,704,1,94618,94352,266,0,12,0,2,64,1112.44,3,3,8,12,,
final2,sep23_ft_decem,705,0,135526,113655,21871,0,6,0,26,63,2331.81,3,3,13,10,,
final2,sep23_ft_decem,705,1,135526,113655,21871,0,6,0,26,63,2636.05,3,3,13,10,,
final2,sep23_ft_decem,706,0,107303,95721,11582,0,3,0,2,22,1863.46,3,3,8,10,,
final2,sep23_ft_decem,706,1,107303,95721,11582,0,3,0,2,22,1751.43,3,3,8,10,,
final2,sep23_ft_decem,707,0,92336,79529,12807,0,13,0,0,28,1872.58,3,3,8,10,,
final2,sep23_ft_decem,707,1,88101,72398,15703,0,12,0,0,62,1931.35,3,3,8,10,,
final2,sep23_ft_decem,708,0,103699,103778,-79,0,14,0,0,54,950.196,2,3,10,12,,
final2,sep23_ft_decem,708,1,86267,84422,1845,0,10,0,0,83,356.654,2,3,9,12,,
final2,sep23_ft_decem,709,0,86009,73715,12294,0,7,0,3,95,995.384,3,3,11,13,,
final2,sep23_ft_decem,709,1,86009,73715,12294,0,7,0,3,95,958.735,3,3,11,13,,
final2,sep23_ft_decem,710,0,133130,117916,15214,0,5,0,13,25,3021.93,3,3,16,12,,
final2,sep23_ft_decem,710,1,133130,117916,15214,0,5,0,13,25,3164.34,3,3,16,12,,
final2,sep23_ft_decem,711,0,95538,89909,5629,0,5,0,0,43,2495.04,3,3,11,11,,
final2,sep23_ft_decem,711,1,95538,89909,5629,0,5,0,0,43,2679.2,3,3,11,11,,
final2,sep23_ft_decem,712,0,84973,73673,11300,0,9,0,7,20,1251.25,3,3,13,10,,
final2,sep23_ft_decem,712,1,84973,73673,11300,0,9,0,7,20,982.815,3,3,13,10,,
final2,sep23_ft_decem,713,0,129622,128090,1532,0,11,0,0,33,1082.51,2,3,15,12,,
final2,sep23_ft_decem,713,1,129622,128090,1532,0,11,0,0,33,909.231,2,3,15,12,,
final2,sep23_ft_decem,714,0,116493,147693,-31200,0,17,0,0,42,520.202,2,3,11,16,,
final2,sep23_ft_decem,714,1,116493,147693,-31200,0,17,0,0,42,489.416,2,3,11,16,,
final2,sep23_ft_decem,715,0,181211,159659,21552,0,5,0,0,90,1506.25,3,3,18,14,,
final2,sep23_ft_decem,715,1,142592,101517,41075,0,6,0,0,0,1634.06,3,4,16,8,,
final2,sep23_ft_decem,716,0,163389,124717,38672,0,7,0,0,118,1791.72,3,4,15,15,,
final2,sep23_ft_decem,716,1,163389,124717,38672,0,7,0,0,118,1827.99,3,4,15,15,,
final2,sep23_ft_decem,717,0,146476,114775,31701,0,6,0,0,34,2601.46,3,3,22,14,,
final2,sep23_ft_decem,717,1,146476,114775,31701,0,6,0,0,34,2754.99,3,3,22,14,,
final2,sep23_ft_decem,718,0,97523,73928,23595,0,7,0,0,46,1881.89,3,3,8,11,,
final2,sep23_ft_decem,718,1,97523,73928,23595,0,7,0,0,46,1759.7,3,3,8,11,,
final2,sep23_ft_decem,719,0,97092,91955,5137,0,11,0,11,5,1353.19,3,3,15,11,,
final2,sep23_ft_decem,719,1,97092,91955,5137,0,11,0,11,5,1353.56,3,3,15,11,,
final2,sep23_ft_decem,720,0,142455,120278,22177,0,5,0,0,73,1960.94,3,3,14,10,,
final2,sep23_ft_decem,720,1,142455,120278,22177,0,5,0,0,73,1959.01,3,3,14,10,,
final2,sep23_ft_decem,721,0,139833,146557,-6724,0,15,0,0,59,351.536,2,3,11,11,,
final2,sep23_ft_decem,721,1,139833,146557,-6724,0,15,0,0,59,345.046,2,3,11,11,,
final2,sep23_ft_decem,722,0,139369,115192,24177,0,6,0,0,36,1398.81,3,3,10,7,,
final2,sep23_ft_decem,722,1,128536,110208,18328,0,9,0,0,48,1388.39,3,3,10,8,,
final2,sep23_ft_decem,723,0,99441,86437,13004,0,4,0,0,13,1198.38,3,3,11,8,,
final2,sep23_ft_decem,723,1,112631,71739,40892,0,10,0,0,120,1239.49,3,3,13,7,,
final2,sep23_ft_decem,724,0,129970,138996,-9026,0,9,0,0,73,1903.82,2,3,17,13,,
final2,sep23_ft_decem,724,1,129970,138996,-9026,0,9,0,0,73,1829.13,2,3,17,13,,
final2,sep23_ft_decem,725,0,153401,122220,31181,0,6,0,0,111,2049.19,3,3,16,18,,
final2,sep23_ft_decem,725,1,153401,122220,31181,0,6,0,0,111,1967.88,3,3,16,18,,
final2,sep23_ft_decem,726,0,96160,91316,4844,0,9,0,0,49,1383.81,3,3,8,15,,
final2,sep23_ft_decem,726,1,96160,91316,4844,0,9,0,0,49,1458.99,3,3,8,15,,
final2,sep23_ft_decem,727,0,119076,116230,2846,0,7,0,0,28,1450.71,3,3,11,11,,
final2,sep23_ft_decem,727,1,119076,116230,2846,0,7,0,0,28,1278.18,3,3,11,11,,
final2,sep23_ft_decem,728,0,150814,126515,24299,0,7,0,8,0,2165.92,3,3,9,9,,
final2,sep23_ft_decem,728,1,150814,126515,24299,0,7,0,8,0,1627.86,3,3,9,9,,
final2,sep23_ft_decem,729,0,89731,83121,6610,0,9,0,0,34,1279.08,3,3,14,12,,
final2,sep23_ft_decem,729,1,89731,83121,6610,0,9,0,0,34,1080.57,3,3,14,12,,
final2,sep23_ft_decem,730,0,136826,107675,29151,0,9,0,16,73,1928.73,3,3,15,16,,
final2,sep23_ft_decem,730,1,123156,102375,20781,0,6,0,0,29,1624.05,3,3,15,15,,
final2,sep23_ft_decem,731,0,158533,116281,42252,0,7,0,0,74,986.035,3,3,18,12,,
final2,sep23_ft_decem,731,1,158533,116281,42252,0,7,0,0,74,983.08,3,3,18,12,,
final2,sep23_ft_dsm,700,0,102812,94296,8516,0,8,0,0,74,408.295,3,3,10,11,,
final2,sep23_ft_dsm,700,1,106023,90376,15647,0,7,0,0,95,346.894,3,3,10,11,,
final2,sep23_ft_dsm,701,0,90832,86969,3863,0,10,0,0,23,890.632,3,3,11,11,,
final2,sep23_ft_dsm,701,1,90832,86935,3897,0,10,0,0,23,916.845,3,3,11,11,,
final2,sep23_ft_dsm,702,0,114241,149892,-35651,0,20,0,0,44,724.837,2,3,9,10,,
final2,sep23_ft_dsm,702,1,114241,149892,-35651,0,20,0,0,44,774.588,2,3,9,10,,
final2,sep23_ft_dsm,703,0,135618,142043,-6425,0,12,0,0,72,673.348,3,3,10,14,,
final2,sep23_ft_dsm,703,1,135618,142043,-6425,0,12,0,0,72,697.955,3,3,10,14,,
final2,sep23_ft_dsm,704,0,94145,81501,12644,0,12,0,0,31,1098.08,3,4,12,14,,
final2,sep23_ft_dsm,704,1,96112,82497,13615,0,12,0,0,49,830.94,3,4,12,14,,
final2,sep23_ft_dsm,705,0,126811,117517,9294,0,9,0,0,90,519.83,3,3,9,10,,
final2,sep23_ft_dsm,705,1,126811,117517,9294,0,9,0,0,90,586.807,3,3,9,10,,
final2,sep23_ft_dsm,706,0,120800,107164,13636,0,9,0,0,107,633.185,3,3,10,10,,
final2,sep23_ft_dsm,706,1,120800,107164,13636,0,9,0,0,107,632.065,3,3,10,10,,
final2,sep23_ft_dsm,707,0,54239,64447,-10208,0,7,0,0,11,484.95,3,3,3,11,,
final2,sep23_ft_dsm,707,1,65952,71668,-5716,0,8,0,0,34,1091.6,3,3,4,13,,
final2,sep23_ft_dsm,708,0,80757,58135,22622,0,10,0,0,69,609.929,3,4,15,13,,
final2,sep23_ft_dsm,708,1,80757,58135,22622,0,10,0,0,69,609.2,3,4,15,13,,
final2,sep23_ft_dsm,709,0,115144,131976,-16832,0,17,0,0,39,112.121,2,3,14,13,,
final2,sep23_ft_dsm,709,1,115144,131976,-16832,0,17,0,0,39,78.7087,2,3,14,13,,
final2,sep23_ft_dsm,710,0,119758,115906,3852,0,11,0,0,51,1268.98,3,3,10,12,,
final2,sep23_ft_dsm,710,1,119758,115906,3852,0,11,0,0,51,1176.45,3,3,10,12,,
final2,sep23_ft_dsm,711,0,108448,105419,3029,0,10,0,0,75,1314.58,3,3,10,12,,
final2,sep23_ft_dsm,711,1,108448,105419,3029,0,10,0,0,75,1328.86,3,3,10,12,,
final2,sep23_ft_dsm,712,0,88573,85728,2845,0,13,0,0,14,871.777,3,3,13,13,,
final2,sep23_ft_dsm,712,1,151870,142467,9403,0,10,0,0,23,288.98,3,3,12,11,,
final2,sep23_ft_dsm,713,0,125293,134448,-9155,0,11,0,0,66,272.909,3,3,12,15,,
final2,sep23_ft_dsm,713,1,125293,134448,-9155,0,11,0,0,66,278.664,3,3,12,15,,
final2,sep23_ft_dsm,714,0,143094,120533,22561,0,15,0,0,118,1184.14,3,3,11,18,,
final2,sep23_ft_dsm,714,1,125356,157948,-32592,0,14,0,0,107,99.4544,2,3,14,14,,
final2,sep23_ft_dsm,715,0,134566,120267,14299,0,12,0,0,59,1203.75,3,3,11,13,,
final2,sep23_ft_dsm,715,1,100594,89539,11055,0,16,0,0,59,1781.76,3,3,11,12,,
final2,sep23_ft_dsm,716,0,115175,94988,20187,0,12,0,0,24,766.975,3,3,12,10,,
final2,sep23_ft_dsm,716,1,115175,94988,20187,0,12,0,0,24,778.113,3,3,12,10,,
final2,sep23_ft_dsm,717,0,97955,86722,11233,0,10,0,0,91,851.173,3,3,11,11,,
final2,sep23_ft_dsm,717,1,97955,86722,11233,0,10,0,0,91,908.679,3,3,11,11,,
final2,sep23_ft_dsm,718,0,118201,94515,23686,0,4,0,0,21,1076.89,3,3,13,10,,
final2,sep23_ft_dsm,718,1,118201,94515,23686,0,4,0,0,21,849.873,3,3,13,10,,
final2,sep23_ft_dsm,719,0,105601,123517,-17916,0,12,0,0,75,499.748,3,3,9,10,,
final2,sep23_ft_dsm,719,1,105601,123517,-17916,0,12,0,0,75,501.058,3,3,9,10,,
final2,sep23_ft_dsm,720,0,110789,104062,6727,0,7,0,0,30,1108.02,3,3,10,12,,
final2,sep23_ft_dsm,720,1,110789,104062,6727,0,7,0,0,30,1102.55,3,3,10,12,,
final2,sep23_ft_dsm,721,0,134736,130546,4190,0,10,0,0,65,1131.07,3,3,20,13,,
final2,sep23_ft_dsm,721,1,143342,133021,10321,0,12,0,0,44,1303.47,3,3,20,13,,
final2,sep23_ft_dsm,722,0,80795,65644,15151,0,8,0,0,28,413.244,3,3,8,9,,
final2,sep23_ft_dsm,722,1,79651,69125,10526,0,8,0,0,43,412.124,3,3,8,9,,
final2,sep23_ft_dsm,723,0,99524,83464,16060,0,12,0,0,51,1039.2,3,3,9,8,,
final2,sep23_ft_dsm,723,1,106922,92154,14768,0,13,0,0,22,1254.98,3,3,8,11,,
final2,sep23_ft_dsm,724,0,111738,98660,13078,0,12,0,0,49,1161.92,3,3,19,13,,
final2,sep23_ft_dsm,724,1,111738,98660,13078,0,12,0,0,49,939.868,3,3,19,13,,
final2,sep23_ft_dsm,725,0,110761,103267,7494,0,17,0,0,41,336.317,3,3,12,11,,
final2,sep23_ft_dsm,725,1,110761,103267,7494,0,17,0,0,41,535.149,3,3,12,11,,
final2,sep23_ft_dsm,726,0,91817,82965,8852,0,11,0,0,73,584.332,3,3,13,12,,
final2,sep23_ft_dsm,726,1,91817,82965,8852,0,11,0,0,73,535.438,3,3,13,12,,
final2,sep23_ft_dsm,727,0,97792,85408,12384,0,13,0,0,13,1275.56,3,3,11,12,,
final2,sep23_ft_dsm,727,1,97792,85408,12384,0,13,0,0,13,1269.98,3,3,11,12,,
final2,sep23_ft_dsm,728,0,109980,99354,10626,0,12,0,0,23,324.624,3,3,9,10,,
final2,sep23_ft_dsm,728,1,109980,99354,10626,0,12,0,0,23,239.43,3,3,9,10,,
final2,sep23_ft_dsm,729,0,143502,128799,14703,0,8,0,0,44,1060.5,3,3,14,12,,
final2,sep23_ft_dsm,729,1,141593,125760,15833,0,7,0,14,45,1105.6,3,3,19,14,,
final2,sep23_ft_dsm,730,0,131649,171609,-39960,0,18,0,0,30,123.94,2,3,16,11,,
final2,sep23_ft_dsm,730,1,131649,171609,-39960,0,18,0,0,30,151.765,2,3,16,11,,
final2,sep23_ft_dsm,731,0,140258,122028,18230,0,10,0,0,11,529.878,3,3,12,11,,
final2,sep23_ft_dsm,731,1,140258,122028,18230,0,10,0,0,11,648.649,3,3,12,11,,
final2,sep23_ft_goose,700,0,125151,96225,28926,0,4,0,0,27,1120.9,3,3,14,5,,
final2,sep23_ft_goose,700,1,149970,124387,25583,0,4,0,0,61,1708.92,3,3,12,7,,
final2,sep23_ft_goose,701,0,124213,114463,9750,0,4,0,0,71,547.963,3,3,8,12,,
final2,sep23_ft_goose,701,1,124213,114463,9750,0,4,0,0,71,558.795,3,3,8,12,,
final2,sep23_ft_goose,702,0,102646,140036,-37390,0,16,0,0,40,584.654,2,3,8,9,,
final2,sep23_ft_goose,702,1,102646,140036,-37390,0,16,0,0,40,615.642,2,3,8,9,,
final2,sep23_ft_goose,703,0,72514,97204,-24690,0,18,0,0,55,312.304,2,3,4,10,,
final2,sep23_ft_goose,703,1,72514,97204,-24690,0,18,0,0,55,310.06,2,3,4,10,,
final2,sep23_ft_goose,704,0,133847,96870,36977,0,2,0,0,5,1967.71,3,3,15,11,,
final2,sep23_ft_goose,704,1,102452,88406,14046,0,4,0,0,27,1609.77,3,3,14,9,,
final2,sep23_ft_goose,705,0,160636,126359,34277,0,6,0,0,48,1083.61,3,3,16,14,,
final2,sep23_ft_goose,705,1,160636,126359,34277,0,6,0,0,48,1313.7,3,3,16,14,,
final2,sep23_ft_goose,706,0,115672,139296,-23624,0,16,0,0,97,192.043,2,3,9,15,,
final2,sep23_ft_goose,706,1,115672,139296,-23624,0,16,0,0,97,227.519,2,3,9,15,,
final2,sep23_ft_goose,707,0,134507,105467,29040,0,5,0,0,137,1106.19,3,3,13,12,,
final2,sep23_ft_goose,707,1,148219,121020,27199,0,9,0,0,90,1304.34,3,3,13,17,,
final2,sep23_ft_goose,708,0,143081,125551,17530,0,13,0,0,54,501.604,2,3,11,12,,
final2,sep23_ft_goose,708,1,143081,125551,17530,0,13,0,0,54,467.832,2,3,11,12,,
final2,sep23_ft_goose,709,0,75852,91488,-15636,0,16,0,0,21,329.321,2,3,7,12,,
final2,sep23_ft_goose,709,1,75852,91488,-15636,0,16,0,0,21,403.985,2,3,7,12,,
final2,sep23_ft_goose,710,0,126379,133982,-7603,0,16,0,0,37,1684.21,2,3,10,15,,
final2,sep23_ft_goose,710,1,126379,133982,-7603,0,16,0,0,37,1764.26,2,3,10,15,,
final2,sep23_ft_goose,711,0,99741,127008,-27267,0,12,0,0,37,195.681,2,3,7,11,,
final2,sep23_ft_goose,711,1,99741,127008,-27267,0,12,0,0,37,146.41,2,3,7,11,,
final2,sep23_ft_goose,712,0,85332,98625,-13293,0,17,0,0,30,283.958,2,3,5,9,,
final2,sep23_ft_goose,712,1,101194,117477,-16283,0,10,0,0,62,1069.5,2,3,10,11,,
final2,sep23_ft_goose,713,0,125969,127338,-1369,0,5,0,0,64,730.908,3,3,8,9,,
final2,sep23_ft_goose,713,1,125969,127338,-1369,0,5,0,0,64,518.176,3,3,8,9,,
final2,sep23_ft_goose,714,0,145617,129913,15704,0,4,0,0,15,1360.25,3,3,13,11,,
final2,sep23_ft_goose,714,1,145617,129913,15704,0,4,0,0,15,1306.48,3,3,13,11,,
final2,sep23_ft_goose,715,0,132054,112305,19749,0,3,0,0,82,395.116,3,3,10,11,,
final2,sep23_ft_goose,715,1,132054,112305,19749,0,3,0,0,82,388.503,3,3,10,11,,
final2,sep23_ft_goose,716,0,167276,138578,28698,0,5,0,0,85,1620.97,3,3,13,17,,
final2,sep23_ft_goose,716,1,167276,138578,28698,0,5,0,0,85,1532.67,3,3,13,17,,
final2,sep23_ft_goose,717,0,158162,128591,29571,0,4,0,0,11,498.11,3,3,13,13,,
final2,sep23_ft_goose,717,1,158733,131266,27467,0,4,0,0,12,472.189,3,3,13,10,,
final2,sep23_ft_goose,718,0,147820,135119,12701,0,6,0,0,92,508.339,3,3,13,14,,
final2,sep23_ft_goose,718,1,147820,135119,12701,0,6,0,0,92,498.499,3,3,13,14,,
final2,sep23_ft_goose,719,0,105265,92317,12948,0,5,0,0,54,611.559,3,3,13,9,,
final2,sep23_ft_goose,719,1,105265,92317,12948,0,5,0,0,54,610.873,3,3,13,9,,
final2,sep23_ft_goose,720,0,93395,78807,14588,0,1,0,0,7,1481.85,3,3,11,8,,
final2,sep23_ft_goose,720,1,93395,78807,14588,0,1,0,0,7,1341.41,3,3,11,8,,
final2,sep23_ft_goose,721,0,110359,115717,-5358,0,3,0,0,81,379.108,3,3,12,14,,
final2,sep23_ft_goose,721,1,110359,115717,-5358,0,3,0,0,81,366.302,3,3,12,14,,
final2,sep23_ft_goose,722,0,86928,101328,-14400,0,16,0,0,50,146.387,2,3,8,12,,
final2,sep23_ft_goose,722,1,86928,101328,-14400,0,16,0,0,50,189.621,2,3,8,12,,
final2,sep23_ft_goose,723,0,68895,85728,-16833,0,15,0,0,31,572.765,2,3,5,12,,
final2,sep23_ft_goose,723,1,72810,91561,-18751,0,13,0,0,72,443.229,2,3,5,12,,
final2,sep23_ft_goose,724,0,96298,129726,-33428,0,19,0,0,17,801.283,2,3,10,9,,
final2,sep23_ft_goose,724,1,96298,129726,-33428,0,19,0,0,17,714.972,2,3,10,9,,
final2,sep23_ft_goose,725,0,119264,106705,12559,0,4,0,0,55,916.479,3,3,13,11,,
final2,sep23_ft_goose,725,1,119264,106705,12559,0,4,0,0,55,1294.74,3,3,13,11,,
final2,sep23_ft_goose,726,0,81278,88024,-6746,0,17,0,0,23,281.338,2,3,3,12,,
final2,sep23_ft_goose,726,1,81278,88024,-6746,0,17,0,0,23,282.434,2,3,3,12,,
final2,sep23_ft_goose,727,0,103267,123197,-19930,0,6,0,0,31,710.018,2,3,11,7,,
final2,sep23_ft_goose,727,1,103267,123197,-19930,0,6,0,0,31,869.468,2,3,11,7,,
final2,sep23_ft_goose,728,0,75304,104554,-29250,0,18,0,0,39,325.808,2,3,4,12,,
final2,sep23_ft_goose,728,1,75304,104554,-29250,0,18,0,0,39,323.764,2,3,4,12,,
final2,sep23_ft_goose,729,0,80581,103126,-22545,0,13,0,0,24,124.524,2,3,11,10,,
final2,sep23_ft_goose,729,1,80581,103126,-22545,0,13,0,0,24,139.351,2,3,11,10,,
final2,sep23_ft_goose,730,0,113081,123118,-10037,0,12,0,0,37,725.17,2,3,9,16,,
final2,sep23_ft_goose,730,1,113081,123118,-10037,0,12,0,0,37,759.016,2,3,9,16,,
final2,sep23_ft_goose,731,0,131951,123567,8384,0,8,0,0,28,547.121,3,3,10,9,,
final2,sep23_ft_goose,731,1,131951,123567,8384,0,8,0,0,28,548.578,3,3,10,9,,
final2,sep23_guard,700,0,120216,106639,13577,0,3,0,0,36,1177.61,3,3,12,14,,
final2,sep23_guard,700,1,101475,86789,14686,0,3,0,0,82,810.332,3,3,12,14,,
final2,sep23_guard,701,0,132749,109915,22834,0,0,0,0,70,2769.24,3,3,12,11,,
final2,sep23_guard,701,1,136563,116152,20411,0,0,0,0,44,2964.58,3,3,15,11,,
final2,sep23_guard,702,0,126444,97726,28718,0,10,0,0,37,2253.06,3,3,10,13,,
final2,sep23_guard,702,1,128475,97658,30817,0,10,0,0,72,2238.78,3,3,10,13,,
final2,sep23_guard,703,0,120354,112821,7533,0,1,0,0,111,779.144,3,3,14,10,,
final2,sep23_guard,703,1,126532,110484,16048,0,1,0,0,73,1674.81,3,3,14,10,,
final2,sep23_guard,704,0,81550,67249,14301,0,1,0,0,83,1359.45,3,3,11,14,,
final2,sep23_guard,704,1,86638,68019,18619,0,1,0,19,67,1074.01,3,3,12,14,,
final2,sep23_guard,705,0,157531,148280,9251,0,1,0,0,69,1755.24,3,3,11,11,,
final2,sep23_guard,705,1,157531,148280,9251,0,1,0,0,69,1620.48,3,3,11,11,,
final2,sep23_guard,706,0,131503,120977,10526,0,2,0,0,50,1274.71,3,3,13,15,,
final2,sep23_guard,706,1,131503,120977,10526,0,2,0,0,50,1281.73,3,3,13,15,,
final2,sep23_guard,707,0,120879,147025,-26146,0,4,0,0,23,1399.25,3,3,14,11,,
final2,sep23_guard,707,1,111361,144595,-33234,0,4,0,0,23,1916.89,3,3,15,11,,
final2,sep23_guard,708,0,100178,92905,7273,0,1,0,0,41,1899.92,3,3,12,13,,
final2,sep23_guard,708,1,100178,92905,7273,0,1,0,0,41,1623.91,3,3,12,13,,
final2,sep23_guard,709,0,110649,97787,12862,0,5,0,0,26,2124.84,3,3,6,13,,
final2,sep23_guard,709,1,110649,97787,12862,0,5,0,0,26,2088.14,3,3,6,13,,
final2,sep23_guard,710,0,113989,99329,14660,0,2,0,5,67,2654.66,3,3,12,12,,
final2,sep23_guard,710,1,113989,99329,14660,0,2,0,5,67,2818.19,3,3,12,12,,
final2,sep23_guard,711,0,114849,106686,8163,0,0,0,0,33,1309.59,3,3,12,13,,
final2,sep23_guard,711,1,114849,106686,8163,0,0,0,0,33,1437.17,3,3,12,13,,
final2,sep23_guard,712,0,103226,85432,17794,0,1,0,2,23,1259.94,3,3,10,9,,
final2,sep23_guard,712,1,80915,67299,13616,0,1,0,0,60,1250.22,3,3,10,9,,
final2,sep23_guard,713,0,149820,121477,28343,0,0,0,3,8,2521.6,3,3,13,14,,
final2,sep23_guard,713,1,149820,121477,28343,0,0,0,3,8,2449.41,3,3,13,14,,
final2,sep23_guard,714,0,97173,159144,-61971,0,11,0,0,34,2198.15,2,3,15,7,,
final2,sep23_guard,714,1,97173,159144,-61971,0,11,0,0,34,2109.65,2,3,15,7,,
final2,sep23_guard,715,0,149654,128140,21514,0,5,0,0,88,2375.42,3,4,11,9,,
final2,sep23_guard,715,1,149654,128140,21514,0,5,0,0,88,2374.08,3,4,11,9,,
final2,sep23_guard,716,0,169107,154268,14839,0,4,0,0,43,3127.53,3,3,15,15,,
final2,sep23_guard,716,1,169107,154268,14839,0,4,0,0,43,2914.91,3,3,15,15,,
final2,sep23_guard,717,0,145423,122174,23249,0,3,0,0,0,3317.74,3,3,14,9,,
final2,sep23_guard,717,1,145423,122174,23249,0,3,0,0,0,2963.73,3,3,14,9,,
final2,sep23_guard,718,0,132737,112670,20067,0,2,0,0,58,1757.46,3,3,12,14,,
final2,sep23_guard,718,1,132737,112670,20067,0,2,0,0,58,1811.31,3,3,12,14,,
final2,sep23_guard,719,0,136078,107097,28981,0,0,0,4,78,1166.08,3,3,13,14,,
final2,sep23_guard,719,1,136078,107097,28981,0,0,0,4,78,1014.8,3,3,13,14,,
final2,sep23_guard,720,0,105156,100990,4166,0,2,0,0,1,1216.16,3,4,10,10,,
final2,sep23_guard,720,1,148821,103813,45008,0,2,0,0,13,1877.59,3,4,10,11,,
final2,sep23_guard,721,0,113177,110803,2374,0,1,0,0,20,904.612,3,3,13,12,,
final2,sep23_guard,721,1,113177,110803,2374,0,1,0,0,20,904.321,3,3,13,12,,
final2,sep23_guard,722,0,101256,86303,14953,0,2,0,2,9,983.981,3,3,10,10,,
final2,sep23_guard,722,1,101256,86303,14953,0,2,0,2,9,1442.36,3,3,10,10,,
final2,sep23_guard,723,0,137619,109396,28223,0,5,0,0,25,1230.54,3,3,16,10,,
final2,sep23_guard,723,1,137401,108656,28745,0,5,0,0,15,1334.66,3,3,16,10,,
final2,sep23_guard,724,0,126823,107499,19324,0,4,0,0,106,1653.14,3,3,13,13,,
final2,sep23_guard,724,1,126823,107499,19324,0,4,0,0,106,1545.1,3,3,13,13,,
final2,sep23_guard,725,0,107719,97474,10245,0,1,0,6,38,1219.22,3,3,11,10,,
final2,sep23_guard,725,1,107719,97474,10245,0,1,0,6,38,907.065,3,3,11,10,,
final2,sep23_guard,726,0,90376,70940,19436,0,2,0,4,56,1546.54,3,3,12,12,,
final2,sep23_guard,726,1,90376,70940,19436,0,2,0,4,56,1134.52,3,3,12,12,,
final2,sep23_guard,727,0,97875,96298,1577,0,2,0,0,30,842.519,3,3,15,11,,
final2,sep23_guard,727,1,97875,96298,1577,0,2,0,0,30,1345.48,3,3,15,11,,
final2,sep23_guard,728,0,131058,97443,33615,0,4,0,0,7,1408.45,3,3,17,10,,
final2,sep23_guard,728,1,131058,97443,33615,0,4,0,0,7,1410.54,3,3,17,10,,
final2,sep23_guard,729,0,129205,97902,31303,0,2,0,5,57,2046.08,3,3,12,8,,
final2,sep23_guard,729,1,125912,98062,27850,0,1,0,14,61,1488.58,3,3,12,8,,
final2,sep23_guard,730,0,95562,157426,-61864,0,4,0,0,72,552.741,3,3,12,14,,
final2,sep23_guard,730,1,94688,153559,-58871,0,4,0,0,50,968.989,3,3,12,14,,
final2,sep23_guard,731,0,94585,138053,-43468,0,3,0,0,70,1928.38,3,3,9,11,,
final2,sep23_guard,731,1,94585,138053,-43468,0,3,0,0,70,1982.61,3,3,9,11,,
final2,sep23_light,700,0,146652,118976,27676,0,4,0,25,47,2311.45,3,3,10,9,,
final2,sep23_light,700,1,133334,112988,20346,0,5,0,26,39,2105.27,3,3,10,9,,
final2,sep23_light,701,0,110370,98220,12150,0,1,0,0,64,1942.2,3,3,11,11,,
final2,sep23_light,701,1,110370,98220,12150,0,1,0,0,64,1241.88,3,3,11,11,,
final2,sep23_light,702,0,163821,140017,23804,0,2,0,13,66,1631.03,3,3,11,12,,
final2,sep23_light,702,1,163821,140017,23804,0,2,0,13,66,1506.95,3,3,11,12,,
final2,sep23_light,703,0,96400,83789,12611,0,1,0,0,76,1146.12,3,3,10,10,,
final2,sep23_light,703,1,93372,96319,-2947,0,5,0,0,48,917.775,3,3,11,10,,
final2,sep23_light,704,0,117582,103126,14456,0,2,0,0,16,859.214,3,3,15,13,,
final2,sep23_light,704,1,140286,119551,20735,0,0,0,0,32,1771.49,3,3,12,10,,
final2,sep23_light,705,0,111147,85171,25976,0,2,0,0,101,1503.75,3,3,12,14,,
final2,sep23_light,705,1,111147,85171,25976,0,2,0,0,101,2361.56,3,3,12,14,,
final2,sep23_light,706,0,116167,99618,16549,0,4,0,11,39,2067.06,3,3,15,13,,
final2,sep23_light,706,1,116167,99618,16549,0,4,0,11,39,2060.93,3,3,15,13,,
final2,sep23_light,707,0,131272,95371,35901,0,5,0,0,101,1865.47,3,3,17,15,,
final2,sep23_light,707,1,131272,95371,35901,0,5,0,0,101,2388.04,3,3,17,15,,
final2,sep23_light,708,0,131856,123738,8118,0,3,0,0,72,1246.7,3,3,12,15,,
final2,sep23_light,708,1,131856,123738,8118,0,3,0,0,72,1248.03,3,3,12,15,,
final2,sep23_light,709,0,95388,79184,16204,0,1,0,0,34,772.702,3,3,13,11,,
final2,sep23_light,709,1,95388,79184,16204,0,1,0,0,34,766.959,3,3,13,11,,
final2,sep23_light,710,0,150501,114797,35704,0,4,0,0,75,1885.53,3,3,17,12,,
final2,sep23_light,710,1,150501,114797,35704,0,4,0,0,75,3111.44,3,3,17,12,,
final2,sep23_light,711,0,150444,139406,11038,0,3,0,0,81,1631.92,3,3,11,12,,
final2,sep23_light,711,1,150444,139406,11038,0,3,0,0,81,1636.18,3,3,11,12,,
final2,sep23_light,712,0,94658,73439,21219,0,3,0,0,47,1199.26,3,3,10,13,,
final2,sep23_light,712,1,109732,88085,21647,0,3,0,0,101,1210.89,3,3,8,12,,
final2,sep23_light,713,0,163452,124345,39107,0,4,0,0,123,1359.76,3,4,12,12,,
final2,sep23_light,713,1,157724,126665,31059,0,5,0,0,114,901.121,3,4,12,12,,
final2,sep23_light,714,0,103828,99121,4707,0,0,0,0,27,1459.55,3,3,10,10,,
final2,sep23_light,714,1,103828,99121,4707,0,0,0,0,27,958.281,3,3,10,10,,
final2,sep23_light,715,0,98981,94671,4310,0,2,0,0,55,497.159,3,3,7,13,,
final2,sep23_light,715,1,97026,78553,18473,0,2,0,0,59,797.827,3,3,8,12,,
final2,sep23_light,716,0,103633,81516,22117,0,1,0,1,83,841.057,3,3,13,11,,
final2,sep23_light,716,1,103633,81516,22117,0,1,0,1,83,785.602,3,3,13,11,,
final2,sep23_light,717,0,126342,114909,11433,0,5,0,0,25,2704.36,3,3,8,9,,
final2,sep23_light,717,1,126342,114909,11433,0,5,0,0,25,2589.99,3,3,8,9,,
final2,sep23_light,718,0,159475,140632,18843,0,2,0,4,96,1503.36,3,3,14,11,,
final2,sep23_light,718,1,159475,140632,18843,0,2,0,4,96,1495.82,3,3,14,11,,
final2,sep23_light,719,0,125349,93382,31967,0,0,0,0,74,1040.87,3,3,13,8,,
final2,sep23_light,719,1,125427,93384,32043,0,0,0,0,74,1538.71,3,3,13,8,,
final2,sep23_light,720,0,108248,82985,25263,0,0,0,0,35,870.892,3,3,12,11,,
final2,sep23_light,720,1,108248,82985,25263,0,0,0,0,35,881.032,3,3,12,11,,
final2,sep23_light,721,0,93482,83159,10323,0,3,0,8,1,1715.81,3,3,14,11,,
final2,sep23_light,721,1,94515,82532,11983,0,3,0,0,1,1126.33,3,3,14,12,,
final2,sep23_light,722,0,123745,107142,16603,0,1,0,0,34,1949.88,3,3,10,9,,
final2,sep23_light,722,1,123745,107142,16603,0,1,0,0,34,1811.04,3,3,10,9,,
final2,sep23_light,723,0,109909,92720,17189,0,2,0,0,19,666.053,3,3,11,8,,
final2,sep23_light,723,1,92398,70655,21743,0,0,0,0,27,1032.64,3,3,11,9,,
final2,sep23_light,724,0,126167,132974,-6807,0,8,0,0,42,969.849,2,3,10,11,,
final2,sep23_light,724,1,126167,132974,-6807,0,8,0,0,42,978.952,2,3,10,11,,
final2,sep23_light,725,0,113699,95876,17823,0,0,0,0,8,1004.69,3,3,11,8,,
final2,sep23_light,725,1,113699,95876,17823,0,0,0,0,8,995.527,3,3,11,8,,
final2,sep23_light,726,0,139103,104830,34273,0,6,0,0,140,2058.54,3,3,11,9,,
final2,sep23_light,726,1,139103,104830,34273,0,6,0,0,140,1322.86,3,3,11,9,,
final2,sep23_light,727,0,169214,152580,16634,0,4,0,0,63,1874.46,3,3,16,10,,
final2,sep23_light,727,1,169214,152580,16634,0,4,0,0,63,1463.71,3,3,16,10,,
final2,sep23_light,728,0,142980,110193,32787,0,4,0,0,148,908.447,3,3,10,13,,
final2,sep23_light,728,1,142980,110193,32787,0,4,0,0,148,916.04,3,3,10,13,,
final2,sep23_light,729,0,105069,99393,5676,0,4,0,0,127,928.015,3,3,12,11,,
final2,sep23_light,729,1,105069,99393,5676,0,4,0,0,127,927.199,3,3,12,11,,
final2,sep23_light,730,0,126150,85579,40571,0,2,0,0,87,1142.82,3,3,14,9,,
final2,sep23_light,730,1,125839,87685,38154,0,2,0,0,86,1045.7,3,3,14,11,,
final2,sep23_light,731,0,105844,85914,19930,0,2,0,0,120,615.579,3,3,9,15,,
final2,sep23_light,731,1,110074,90139,19935,0,2,0,0,151,597.167,3,3,9,15,,
final2,sep23_nocap,700,0,92997,96550,-3553,0,17,0,0,21,188.527,2,3,5,11,,
final2,sep23_nocap,700,1,92997,96550,-3553,0,17,0,0,21,138.847,2,3,5,11,,
final2,sep23_nocap,701,0,112539,115459,-2920,0,6,0,0,41,1594.3,3,3,6,9,,
final2,sep23_nocap,701,1,112539,115459,-2920,0,6,0,0,41,1618.02,3,3,6,9,,
final2,sep23_nocap,702,0,116900,109547,7353,0,4,0,0,24,2337.32,3,3,6,12,,
final2,sep23_nocap,702,1,116992,109409,7583,0,4,0,8,24,2139.5,3,3,6,12,,
final2,sep23_nocap,703,0,101860,108276,-6416,0,4,0,0,25,2545.52,3,3,5,11,,
final2,sep23_nocap,703,1,102257,98553,3704,0,4,0,25,19,2399.06,3,3,5,11,,
final2,sep23_nocap,704,0,85684,83755,1929,0,8,0,0,66,1533.39,3,3,7,11,,
final2,sep23_nocap,704,1,84521,75573,8948,0,9,0,0,54,1320.56,3,3,7,11,,
final2,sep23_nocap,705,0,98625,95770,2855,0,5,0,0,66,813.659,3,3,12,12,,
final2,sep23_nocap,705,1,98625,95770,2855,0,5,0,0,66,868.686,3,3,12,12,,
final2,sep23_nocap,706,0,116700,120977,-4277,0,4,0,0,43,807.471,3,3,9,12,,
final2,sep23_nocap,706,1,116700,120977,-4277,0,4,0,0,43,735.866,3,3,9,12,,
final2,sep23_nocap,707,0,136095,123635,12460,0,3,0,0,33,1803.38,3,3,9,11,,
final2,sep23_nocap,707,1,136095,123635,12460,0,3,0,0,33,1776.29,3,3,9,11,,
final2,sep23_nocap,708,0,143973,133089,10884,0,3,0,0,53,1529.65,3,3,9,11,,
final2,sep23_nocap,708,1,143973,133089,10884,0,3,0,0,53,1725.16,3,3,9,11,,
final2,sep23_nocap,709,0,80482,78503,1979,0,5,0,0,65,1542.87,3,3,7,10,,
final2,sep23_nocap,709,1,79862,78753,1109,0,5,0,0,71,1518.45,3,3,7,10,,
final2,sep23_nocap,710,0,148164,144028,4136,0,6,0,40,64,3146.65,3,3,17,14,,
final2,sep23_nocap,710,1,147557,144412,3145,0,6,0,38,64,3432.15,3,3,17,14,,
final2,sep23_nocap,711,0,114479,106826,7653,0,3,0,0,20,2136.64,3,3,6,8,,
final2,sep23_nocap,711,1,114479,106826,7653,0,3,0,0,20,1987.95,3,3,6,8,,
final2,sep23_nocap,712,0,112543,103228,9315,0,7,0,0,25,2085.88,3,3,14,6,,
final2,sep23_nocap,712,1,147298,124986,22312,0,7,0,41,46,3832.23,3,3,14,10,,
final2,sep23_nocap,713,0,108254,92822,15432,0,8,0,0,5,661.685,3,3,7,8,,
final2,sep23_nocap,713,1,108254,92822,15432,0,8,0,0,5,642.686,3,3,7,8,,
final2,sep23_nocap,714,0,96735,90643,6092,0,8,0,0,31,1460.91,3,3,11,13,,
final2,sep23_nocap,714,1,96735,90643,6092,0,8,0,0,31,1516.82,3,3,11,13,,
final2,sep23_nocap,715,0,134719,92504,42215,0,3,0,0,131,1783.68,3,3,12,13,,
final2,sep23_nocap,715,1,137534,107022,30512,0,3,0,0,94,2416.87,3,3,12,13,,
final2,sep23_nocap,716,0,92430,85683,6747,0,3,0,0,37,2569.57,3,3,12,13,,
final2,sep23_nocap,716,1,92430,85683,6747,0,3,0,0,37,2785.57,3,3,12,13,,
final2,sep23_nocap,717,0,127627,114815,12812,0,4,0,0,10,1625.15,3,3,10,12,,
final2,sep23_nocap,717,1,127627,114815,12812,0,4,0,0,10,1674.21,3,3,10,12,,
final2,sep23_nocap,718,0,133246,121141,12105,0,4,0,0,15,1294.72,3,3,10,13,,
final2,sep23_nocap,718,1,133246,121141,12105,0,4,0,0,15,1558.16,3,3,10,13,,
final2,sep23_nocap,719,0,134854,120462,14392,0,7,0,0,29,468.645,3,3,10,14,,
final2,sep23_nocap,719,1,134575,120454,14121,0,7,0,0,29,489.859,3,3,10,14,,
final2,sep23_nocap,720,0,110392,105800,4592,0,5,0,7,77,1395.57,3,3,10,13,,
final2,sep23_nocap,720,1,110392,105800,4592,0,5,0,7,77,1487.59,3,3,10,13,,
final2,sep23_nocap,721,0,119500,120255,-755,0,5,0,0,42,967.2,3,3,10,12,,
final2,sep23_nocap,721,1,117317,110771,6546,0,4,0,0,42,896.772,3,3,11,12,,
final2,sep23_nocap,722,0,88794,87191,1603,0,9,0,0,24,1397.01,3,3,6,10,,
final2,sep23_nocap,722,1,88794,87191,1603,0,9,0,0,24,1505.57,3,3,6,10,,
final2,sep23_nocap,723,0,85142,79773,5369,0,9,0,0,64,1309.46,3,3,7,12,,
final2,sep23_nocap,723,1,77593,70865,6728,0,9,0,0,34,1198.16,3,3,7,11,,
final2,sep23_nocap,724,0,103306,113657,-10351,0,6,0,3,13,2012.09,3,3,9,11,,
final2,sep23_nocap,724,1,103306,113657,-10351,0,6,0,3,13,2215.93,3,3,9,11,,
final2,sep23_nocap,725,0,91371,89474,1897,0,13,0,0,14,1230.89,3,3,6,10,,
final2,sep23_nocap,725,1,91371,89474,1897,0,13,0,0,14,1236.87,3,3,6,10,,
final2,sep23_nocap,726,0,78571,86110,-7539,0,5,0,0,18,806.482,3,3,6,11,,
final2,sep23_nocap,726,1,78571,86110,-7539,0,5,0,0,18,903.677,3,3,6,11,,
final2,sep23_nocap,727,0,158796,119156,39640,0,4,0,0,27,2458.67,3,3,12,5,,
final2,sep23_nocap,727,1,158796,119156,39640,0,4,0,0,27,2571.27,3,3,12,5,,
final2,sep23_nocap,728,0,99261,84601,14660,0,8,0,0,5,1024.1,3,3,8,11,,
final2,sep23_nocap,728,1,99261,84601,14660,0,8,0,0,5,1225.03,3,3,8,11,,
final2,sep23_nocap,729,0,89778,97105,-7327,0,8,0,0,55,1604.35,3,3,6,12,,
final2,sep23_nocap,729,1,89778,97105,-7327,0,8,0,0,55,1298.41,3,3,6,12,,
final2,sep23_nocap,730,0,138612,130838,7774,0,5,0,0,85,2014.5,3,3,13,15,,
final2,sep23_nocap,730,1,138612,130838,7774,0,5,0,0,85,1252.69,3,3,13,15,,
final2,sep23_nocap,731,0,108939,94465,14474,0,4,0,0,7,990.103,3,3,11,11,,
final2,sep23_nocap,731,1,108939,94465,14474,0,4,0,0,7,1023.82,3,3,11,11,,
final2,sep23_noreserve,700,0,147801,119287,28514,0,4,0,32,47,2383.21,3,3,10,9,,
final2,sep23_noreserve,700,1,133334,112988,20346,0,5,0,26,39,2629.91,3,3,10,9,,
final2,sep23_noreserve,701,0,110370,98220,12150,0,1,0,0,64,2275.96,3,3,11,11,,
final2,sep23_noreserve,701,1,110370,98220,12150,0,1,0,0,64,2231,3,3,11,11,,
final2,sep23_noreserve,702,0,163130,140449,22681,0,2,0,19,66,2105.95,3,3,11,12,,
final2,sep23_noreserve,702,1,163130,140449,22681,0,2,0,19,66,2239.52,3,3,11,12,,
final2,sep23_noreserve,703,0,96400,83789,12611,0,1,0,0,76,1945.23,3,3,10,10,,
final2,sep23_noreserve,703,1,93372,96319,-2947,0,5,0,0,48,999.365,3,3,11,10,,
final2,sep23_noreserve,704,0,117582,103126,14456,0,2,0,0,16,1525.97,3,3,15,13,,
final2,sep23_noreserve,704,1,140286,119551,20735,0,0,0,0,32,3337.58,3,3,12,10,,
final2,sep23_noreserve,705,0,111147,85171,25976,0,2,0,0,101,2332.35,3,3,12,14,,
final2,sep23_noreserve,705,1,111147,85171,25976,0,2,0,0,101,2571.72,3,3,12,14,,
final2,sep23_noreserve,706,0,116167,99618,16549,0,4,0,11,39,3794.53,3,3,15,13,,
final2,sep23_noreserve,706,1,116167,99618,16549,0,4,0,11,39,3448.82,3,3,15,13,,
final2,sep23_noreserve,707,0,131272,95371,35901,0,5,0,0,101,3244.62,3,3,17,15,,
final2,sep23_noreserve,707,1,131272,95371,35901,0,5,0,0,101,3415.53,3,3,17,15,,
final2,sep23_noreserve,708,0,131856,123738,8118,0,3,0,0,72,2230.61,3,3,12,15,,
final2,sep23_noreserve,708,1,131856,123738,8118,0,3,0,0,72,2442.19,3,3,12,15,,
final2,sep23_noreserve,709,0,95388,79184,16204,0,1,0,0,34,1582.89,3,3,13,11,,
final2,sep23_noreserve,709,1,95388,79184,16204,0,1,0,0,34,1552.44,3,3,13,11,,
final2,sep23_noreserve,710,0,150501,114797,35704,0,4,0,0,75,3555.64,3,3,17,12,,
final2,sep23_noreserve,710,1,150501,114797,35704,0,4,0,0,75,3323.29,3,3,17,12,,
final2,sep23_noreserve,711,0,150444,139406,11038,0,3,0,0,81,3062.54,3,3,11,12,,
final2,sep23_noreserve,711,1,150444,139406,11038,0,3,0,0,81,2674.06,3,3,11,12,,
final2,sep23_noreserve,712,0,94658,73439,21219,0,3,0,0,47,1453.68,3,3,10,13,,
final2,sep23_noreserve,712,1,109732,88085,21647,0,3,0,0,101,1328.81,3,3,8,12,,
final2,sep23_noreserve,713,0,163452,124345,39107,0,4,0,0,123,1772.53,3,4,12,12,,
final2,sep23_noreserve,713,1,157724,126665,31059,0,5,0,0,114,1657.81,3,4,12,12,,
final2,sep23_noreserve,714,0,103828,99121,4707,0,0,0,0,27,1555.78,3,3,10,10,,
final2,sep23_noreserve,714,1,103828,99121,4707,0,0,0,0,27,1607.95,3,3,10,10,,
final2,sep23_noreserve,715,0,98981,94671,4310,0,2,0,0,55,1117.43,3,3,7,13,,
final2,sep23_noreserve,715,1,97026,78553,18473,0,2,0,0,59,1072.13,3,3,8,12,,
final2,sep23_noreserve,716,0,103633,81516,22117,0,1,0,1,83,1347.87,3,3,13,11,,
final2,sep23_noreserve,716,1,103633,81516,22117,0,1,0,1,83,1353.34,3,3,13,11,,
final2,sep23_noreserve,717,0,126342,114909,11433,0,5,0,0,25,3672.48,3,3,8,9,,
final2,sep23_noreserve,717,1,126342,114909,11433,0,5,0,0,25,3607.95,3,3,8,9,,
final2,sep23_noreserve,718,0,157528,136767,20761,0,2,0,26,70,2297.35,3,3,14,11,,
final2,sep23_noreserve,718,1,157528,136767,20761,0,2,0,26,70,2498.13,3,3,14,11,,
final2,sep23_noreserve,719,0,125349,93382,31967,0,0,0,0,74,1721.26,3,3,13,8,,
final2,sep23_noreserve,719,1,125427,93384,32043,0,0,0,0,74,1887.52,3,3,13,8,,
final2,sep23_noreserve,720,0,108248,82985,25263,0,0,0,0,35,1718.75,3,3,12,11,,
final2,sep23_noreserve,720,1,108248,82985,25263,0,0,0,0,35,1635.62,3,3,12,11,,
final2,sep23_noreserve,721,0,93482,83159,10323,0,3,0,8,1,1810.49,3,3,14,11,,
final2,sep23_noreserve,721,1,94515,82532,11983,0,3,0,0,1,1931.15,3,3,14,12,,
final2,sep23_noreserve,722,0,123745,107142,16603,0,1,0,0,34,1860.46,3,3,10,9,,
final2,sep23_noreserve,722,1,123745,107142,16603,0,1,0,0,34,1895.83,3,3,10,9,,
final2,sep23_noreserve,723,0,109909,92720,17189,0,2,0,0,19,1122.34,3,3,11,8,,
final2,sep23_noreserve,723,1,92398,70655,21743,0,0,0,0,27,1591.7,3,3,11,9,,
final2,sep23_noreserve,724,0,126167,132974,-6807,0,8,0,0,42,968.496,2,3,10,11,,
final2,sep23_noreserve,724,1,126167,132974,-6807,0,8,0,0,42,960.492,2,3,10,11,,
final2,sep23_noreserve,725,0,113699,95876,17823,0,0,0,0,8,1304.54,3,3,11,8,,
final2,sep23_noreserve,725,1,113699,95876,17823,0,0,0,0,8,984.834,3,3,11,8,,
final2,sep23_noreserve,726,0,139103,104830,34273,0,6,0,0,140,1328.28,3,3,11,9,,
final2,sep23_noreserve,726,1,139103,104830,34273,0,6,0,0,140,2054.65,3,3,11,9,,
final2,sep23_noreserve,727,0,169214,152580,16634,0,4,0,0,63,1441.08,3,3,16,10,,
final2,sep23_noreserve,727,1,169214,152580,16634,0,4,0,0,63,1426.62,3,3,16,10,,
final2,sep23_noreserve,728,0,142980,110193,32787,0,4,0,0,148,891.745,3,3,10,13,,
final2,sep23_noreserve,728,1,142980,110193,32787,0,4,0,0,148,881.325,3,3,10,13,,
final2,sep23_noreserve,729,0,105069,99393,5676,0,4,0,0,127,900.933,3,3,12,11,,
final2,sep23_noreserve,729,1,105069,99393,5676,0,4,0,0,127,1016.63,3,3,12,11,,
final2,sep23_noreserve,730,0,126150,85579,40571,0,2,0,0,87,1123.39,3,3,14,9,,
final2,sep23_noreserve,730,1,125839,87685,38154,0,2,0,0,86,1036.54,3,3,14,11,,
final2,sep23_noreserve,731,0,105844,85914,19930,0,2,0,0,120,642.723,3,3,9,15,,
final2,sep23_noreserve,731,1,110074,90139,19935,0,2,0,0,151,610.302,3,3,9,15,,
final2,sep23_r2,700,0,92997,96550,-3553,0,17,0,0,21,123.266,2,3,5,11,,
final2,sep23_r2,700,1,92997,96550,-3553,0,17,0,0,21,228.992,2,3,5,11,,
final2,sep23_r2,701,0,112539,115459,-2920,0,6,0,0,41,1891.85,3,3,6,9,,
final2,sep23_r2,701,1,112539,115459,-2920,0,6,0,0,41,1818.46,3,3,6,9,,
final2,sep23_r2,702,0,116992,109409,7583,0,4,0,8,24,2313.81,3,3,6,12,,
final2,sep23_r2,702,1,116992,109409,7583,0,4,0,8,24,2179.09,3,3,6,12,,
final2,sep23_r2,703,0,101860,108276,-6416,0,4,0,0,25,2729.12,3,3,5,11,,
final2,sep23_r2,703,1,102257,98553,3704,0,4,0,25,19,2418.72,3,3,5,11,,
final2,sep23_r2,704,0,85684,83755,1929,0,8,0,0,66,1687.4,3,3,7,11,,
final2,sep23_r2,704,1,84521,75573,8948,0,9,0,0,54,1510.88,3,3,7,11,,
final2,sep23_r2,705,0,98625,95770,2855,0,5,0,0,66,766.542,3,3,12,12,,
final2,sep23_r2,705,1,98625,95770,2855,0,5,0,0,66,803.809,3,3,12,12,,
final2,sep23_r2,706,0,116700,120977,-4277,0,4,0,0,43,906.883,3,3,9,12,,
final2,sep23_r2,706,1,116700,120977,-4277,0,4,0,0,43,869.491,3,3,9,12,,
final2,sep23_r2,707,0,136095,123635,12460,0,3,0,0,33,1933.73,3,3,9,11,,
final2,sep23_r2,707,1,136095,123635,12460,0,3,0,0,33,1746.82,3,3,9,11,,
final2,sep23_r2,708,0,143973,133089,10884,0,3,0,0,53,1478.16,3,3,9,11,,
final2,sep23_r2,708,1,143973,133089,10884,0,3,0,0,53,1552.89,3,3,9,11,,
final2,sep23_r2,709,0,80482,78503,1979,0,5,0,0,65,1463.31,3,3,7,10,,
final2,sep23_r2,709,1,79862,78753,1109,0,5,0,0,71,1711.92,3,3,7,10,,
final2,sep23_r2,710,0,148164,144028,4136,0,6,0,40,64,3557.12,3,3,17,14,,
final2,sep23_r2,710,1,147557,144412,3145,0,6,0,38,64,3541.87,3,3,17,14,,
final2,sep23_r2,711,0,114479,106826,7653,0,3,0,0,20,2339.5,3,3,6,8,,
final2,sep23_r2,711,1,114479,106826,7653,0,3,0,0,20,2236.55,3,3,6,8,,
final2,sep23_r2,712,0,111170,119745,-8575,0,5,0,0,5,853.751,3,3,8,7,,
final2,sep23_r2,712,1,147298,124986,22312,0,7,0,41,46,4221.63,3,3,14,10,,
final2,sep23_r2,713,0,108254,92822,15432,0,8,0,0,5,639.632,3,3,7,8,,
final2,sep23_r2,713,1,108254,92822,15432,0,8,0,0,5,641.723,3,3,7,8,,
final2,sep23_r2,714,0,96735,90643,6092,0,8,0,0,31,1354.24,3,3,11,13,,
final2,sep23_r2,714,1,96735,90643,6092,0,8,0,0,31,1315.33,3,3,11,13,,
final2,sep23_r2,715,0,130097,113241,16856,0,3,0,0,51,1882.79,3,3,10,13,,
final2,sep23_r2,715,1,121514,106532,14982,0,3,0,0,63,1938.71,3,3,10,12,,
final2,sep23_r2,716,0,92430,85683,6747,0,3,0,0,37,2816.83,3,3,12,13,,
final2,sep23_r2,716,1,92430,85683,6747,0,3,0,0,37,2918.9,3,3,12,13,,
final2,sep23_r2,717,0,127627,114815,12812,0,4,0,0,10,1789.03,3,3,10,12,,
final2,sep23_r2,717,1,127627,114815,12812,0,4,0,0,10,1655.01,3,3,10,12,,
final2,sep23_r2,718,0,133246,121141,12105,0,4,0,0,15,1271.47,3,3,10,13,,
final2,sep23_r2,718,1,133246,121141,12105,0,4,0,0,15,1499.87,3,3,10,13,,
final2,sep23_r2,719,0,134854,120462,14392,0,7,0,0,29,593.446,3,3,10,14,,
final2,sep23_r2,719,1,134575,120454,14121,0,7,0,0,29,547.025,3,3,10,14,,
final2,sep23_r2,720,0,110392,105800,4592,0,5,0,7,77,1327.35,3,3,10,13,,
final2,sep23_r2,720,1,110392,105800,4592,0,5,0,7,77,1463.28,3,3,10,13,,
final2,sep23_r2,721,0,119500,120255,-755,0,5,0,0,42,976.586,3,3,10,12,,
final2,sep23_r2,721,1,117317,110771,6546,0,4,0,0,42,1303.32,3,3,11,12,,
final2,sep23_r2,722,0,88794,87191,1603,0,9,0,0,24,1353.94,3,3,6,10,,
final2,sep23_r2,722,1,88794,87191,1603,0,9,0,0,24,1455.73,3,3,6,10,,
final2,sep23_r2,723,0,85142,79773,5369,0,9,0,0,64,1223.82,3,3,7,12,,
final2,sep23_r2,723,1,77593,70865,6728,0,9,0,0,34,977.447,3,3,7,11,,
final2,sep23_r2,724,0,103306,113657,-10351,0,6,0,3,13,1762.74,3,3,9,11,,
final2,sep23_r2,724,1,103306,113657,-10351,0,6,0,3,13,1861.48,3,3,9,11,,
final2,sep23_r2,725,0,91371,89474,1897,0,13,0,0,14,1100.88,3,3,6,10,,
final2,sep23_r2,725,1,91371,89474,1897,0,13,0,0,14,1035.08,3,3,6,10,,
final2,sep23_r2,726,0,78571,86110,-7539,0,5,0,0,18,627.513,3,3,6,11,,
final2,sep23_r2,726,1,78571,86110,-7539,0,5,0,0,18,720.994,3,3,6,11,,
final2,sep23_r2,727,0,158796,119156,39640,0,4,0,0,27,1429.08,3,3,12,5,,
final2,sep23_r2,727,1,158796,119156,39640,0,4,0,0,27,1624.76,3,3,12,5,,
final2,sep23_r2,728,0,99261,84601,14660,0,8,0,0,5,650.338,3,3,8,11,,
final2,sep23_r2,728,1,99261,84601,14660,0,8,0,0,5,650.109,3,3,8,11,,
final2,sep23_r2,729,0,89778,97105,-7327,0,8,0,0,55,1189.44,3,3,6,12,,
final2,sep23_r2,729,1,89778,97105,-7327,0,8,0,0,55,999.475,3,3,6,12,,
final2,sep23_r2,730,0,138612,130838,7774,0,5,0,0,85,1292.25,3,3,13,15,,
final2,sep23_r2,730,1,138612,130838,7774,0,5,0,0,85,1470.45,3,3,13,15,,
final2,sep23_r2,731,0,108939,94465,14474,0,4,0,0,7,710.265,3,3,11,11,,
final2,sep23_r2,731,1,108939,94465,14474,0,4,0,0,7,620.297,3,3,11,11,,
final2,style0_agent_sep23,700,0,106057,85176,20881,0,5,0,0,76,2736.78,3,3,11,12,,
final2,style0_agent_sep23,700,1,94306,83601,10705,0,6,0,0,14,2696.53,3,3,11,10,,
final2,style0_agent_sep23,701,0,121433,106810,14623,0,4,0,0,76,3610.43,3,3,13,11,,
final2,style0_agent_sep23,701,1,121433,106810,14623,0,4,0,0,76,3354.31,3,3,13,11,,
final2,style0_agent_sep23,702,0,146000,120984,25016,0,3,0,0,0,1531.64,3,3,13,11,,
final2,style0_agent_sep23,702,1,146000,120984,25016,0,3,0,0,0,1486.11,3,3,13,11,,
final2,style0_agent_sep23,703,0,118544,118896,-352,0,2,0,0,49,2230.79,3,3,13,13,,
final2,style0_agent_sep23,703,1,118544,118896,-352,0,2,0,0,49,1981.46,3,3,13,13,,
final2,style0_agent_sep23,704,0,137840,116362,21478,0,7,0,0,13,1850.42,3,3,12,12,,
final2,style0_agent_sep23,704,1,136381,117065,19316,0,7,0,0,13,2317.75,3,3,12,14,,
final2,style0_agent_sep23,705,0,135287,115522,19765,0,4,0,0,60,2398.95,3,3,13,12,,
final2,style0_agent_sep23,705,1,135287,115522,19765,0,4,0,0,60,2663.8,3,3,13,12,,
final2,style0_agent_sep23,706,0,133045,117836,15209,0,2,0,0,53,2284.35,3,3,15,12,,
final2,style0_agent_sep23,706,1,133045,117836,15209,0,2,0,0,53,2467.39,3,3,15,12,,
final2,style0_agent_sep23,707,0,159789,137301,22488,0,3,0,0,41,1109.23,3,3,19,10,,
final2,style0_agent_sep23,707,1,159789,137301,22488,0,3,0,0,41,1570.19,3,3,19,10,,
final2,style0_agent_sep23,708,0,147943,121916,26027,0,5,0,7,65,3942.16,3,3,13,12,,
final2,style0_agent_sep23,708,1,147943,121916,26027,0,5,0,7,65,5755.52,3,3,13,12,,
final2,style0_agent_sep23,709,0,104930,99526,5404,0,5,0,19,23,5217.92,3,3,9,11,,
final2,style0_agent_sep23,709,1,104930,99526,5404,0,5,0,19,23,2933.29,3,3,9,11,,
final2,style0_agent_sep23,710,0,123667,104020,19647,0,2,0,0,31,3078.96,3,3,13,14,,
final2,style0_agent_sep23,710,1,123667,104020,19647,0,2,0,0,31,2985.7,3,3,13,14,,
final2,style0_agent_sep23,711,0,162829,164916,-2087,0,4,0,0,73,2313.96,3,3,11,12,,
final2,style0_agent_sep23,711,1,162829,164916,-2087,0,4,0,0,73,2813.55,3,3,11,12,,
final2,style0_agent_sep23,712,0,91458,79533,11925,0,5,0,0,19,558.011,3,3,10,10,,
final2,style0_agent_sep23,712,1,101319,92543,8776,0,5,0,18,82,5062.42,3,3,10,14,,
final2,style0_agent_sep23,713,0,154904,150355,4549,0,5,0,0,1,1371.22,3,3,12,15,,
final2,style0_agent_sep23,713,1,160203,145854,14349,0,5,0,0,80,1878.32,3,3,8,12,,
final2,style0_agent_sep23,714,0,125142,106533,18609,0,10,0,0,22,1919.21,3,3,14,12,,
final2,style0_agent_sep23,714,1,126628,109106,17522,0,10,0,0,48,2487.11,3,3,14,12,,
final2,style0_agent_sep23,715,0,100101,89715,10386,0,5,0,9,32,4468.75,3,3,7,12,,
final2,style0_agent_sep23,715,1,111658,112406,-748,0,5,0,0,78,2857.1,3,3,8,12,,
final2,style0_agent_sep23,716,0,121623,125393,-3770,0,6,0,25,99,3411.39,3,3,11,11,,
final2,style0_agent_sep23,716,1,121623,125393,-3770,0,6,0,25,99,3136.51,3,3,11,11,,
final2,style0_agent_sep23,717,0,98913,84782,14131,0,5,0,0,93,3395.36,3,4,11,13,,
final2,style0_agent_sep23,717,1,100625,84461,16164,0,5,0,0,125,1595.72,3,4,11,11,,
final2,style0_agent_sep23,718,0,112862,103798,9064,0,7,0,0,130,2859.43,3,3,7,14,,
final2,style0_agent_sep23,718,1,112862,103798,9064,0,7,0,0,130,1388.74,3,3,7,14,,
final2,style0_agent_sep23,719,0,174853,133003,41850,0,3,0,0,76,1923.93,3,3,11,17,,
final2,style0_agent_sep23,719,1,174853,133003,41850,0,3,0,0,76,2204.42,3,3,11,17,,
final2,style0_agent_sep23,720,0,111920,88003,23917,0,6,0,11,19,3066.13,3,3,14,9,,
final2,style0_agent_sep23,720,1,111920,88003,23917,0,6,0,11,19,4723.06,3,3,14,9,,
final2,style0_agent_sep23,721,0,98944,99182,-238,0,6,0,0,6,2567.15,3,3,11,11,,
final2,style0_agent_sep23,721,1,98944,99182,-238,0,6,0,0,6,1407.54,3,3,11,11,,
final2,style0_agent_sep23,722,0,127767,97293,30474,0,7,0,0,33,2384.29,3,3,14,9,,
final2,style0_agent_sep23,722,1,129063,97147,31916,0,6,0,10,64,4621.76,3,3,14,9,,
final2,style0_agent_sep23,723,0,136709,108370,28339,0,4,0,0,50,3525.44,3,3,11,11,,
final2,style0_agent_sep23,723,1,132769,114186,18583,0,7,0,0,24,2777.77,3,3,12,11,,
final2,style0_agent_sep23,724,0,132326,99536,32790,0,3,0,1,111,4440.71,3,3,12,12,,
final2,style0_agent_sep23,724,1,132326,99536,32790,0,3,0,1,111,5235.9,3,3,12,12,,
final2,style0_agent_sep23,725,0,112609,84948,27661,0,2,0,0,58,5586.6,3,3,12,15,,
final2,style0_agent_sep23,725,1,112609,84948,27661,0,2,0,0,58,4271.47,3,3,12,15,,
final2,style0_agent_sep23,726,0,116602,97054,19548,0,3,0,0,24,1674.19,3,3,13,8,,
final2,style0_agent_sep23,726,1,116602,97054,19548,0,3,0,0,24,3162.06,3,3,13,8,,
final2,style0_agent_sep23,727,0,161907,163473,-1566,0,5,0,0,79,2410.07,3,3,9,15,,
final2,style0_agent_sep23,727,1,161907,163473,-1566,0,5,0,0,79,2044.96,3,3,9,15,,
final2,style0_agent_sep23,728,0,123767,109913,13854,0,3,0,0,65,2308.32,3,3,13,15,,
final2,style0_agent_sep23,728,1,123767,109913,13854,0,3,0,0,65,1884.09,3,3,13,15,,
final2,style0_agent_sep23,729,0,92052,91645,407,0,8,0,0,49,1654.96,3,3,14,10,,
final2,style0_agent_sep23,729,1,93211,92975,236,0,10,0,0,14,2299.76,3,3,14,10,,
final2,style0_agent_sep23,730,0,119215,92130,27085,0,3,0,4,30,2523.48,3,3,12,10,,
final2,style0_agent_sep23,730,1,123501,91152,32349,0,3,0,9,85,2842.3,3,3,12,10,,
final2,style0_agent_sep23,731,0,136501,149561,-13060,0,8,0,0,112,2580.47,3,3,8,12,,
final2,style0_agent_sep23,731,1,136501,149561,-13060,0,8,0,0,112,2886.21,3,3,8,12,,
final2,style0_king_rc4,700,0,130698,96986,33712,0,6,0,0,3,1259.9,3,3,8,13,,
final2,style0_king_rc4,700,1,110029,80159,29870,0,7,0,0,3,851.752,3,3,8,13,,
final2,style0_king_rc4,701,0,136595,120756,15839,0,9,0,0,3,2765.07,3,3,13,13,,
final2,style0_king_rc4,701,1,136707,120732,15975,0,9,0,0,3,2740.04,3,3,13,13,,
final2,style0_king_rc4,702,0,135507,101034,34473,0,8,0,0,0,1986.73,3,3,11,13,,
final2,style0_king_rc4,702,1,135507,101034,34473,0,8,0,0,0,1865.39,3,3,11,13,,
final2,style0_king_rc4,703,0,87683,62333,25350,0,3,0,0,0,1131.12,3,3,9,16,,
final2,style0_king_rc4,703,1,73313,58096,15217,0,7,0,0,0,1178.45,3,3,7,16,,
final2,style0_king_rc4,704,0,99272,83542,15730,0,6,0,0,5,1223.32,3,3,11,14,,
final2,style0_king_rc4,704,1,99272,83542,15730,0,6,0,0,5,1204.02,3,3,11,14,,
final2,style0_king_rc4,705,0,137185,130876,6309,0,7,0,0,0,1414.75,3,3,11,14,,
final2,style0_king_rc4,705,1,137185,130876,6309,0,7,0,0,0,1272.96,3,3,11,14,,
final2,style0_king_rc4,706,0,95508,87632,7876,0,6,0,0,0,1835.8,3,3,11,14,,
final2,style0_king_rc4,706,1,95508,87632,7876,0,6,0,0,0,1778.49,3,3,11,14,,
final2,style0_king_rc4,707,0,125835,129183,-3348,0,8,0,0,0,1313.07,3,3,11,14,,
final2,style0_king_rc4,707,1,125835,129183,-3348,0,8,0,0,0,1418.23,3,3,11,14,,
final2,style0_king_rc4,708,0,93915,88179,5736,0,6,0,0,0,1634.11,3,3,6,17,,
final2,style0_king_rc4,708,1,93915,88179,5736,0,6,0,0,0,1627.14,3,3,6,17,,
final2,style0_king_rc4,709,0,97491,86509,10982,0,5,0,0,5,2196.54,3,3,12,14,,
final2,style0_king_rc4,709,1,97491,86509,10982,0,5,0,0,5,2381.11,3,3,12,14,,
final2,style0_king_rc4,710,0,144471,116533,27938,0,6,0,0,0,3282.61,3,3,13,14,,
final2,style0_king_rc4,710,1,144471,116533,27938,0,6,0,0,0,3159.14,3,3,13,14,,
final2,style0_king_rc4,711,0,151049,129012,22037,0,8,0,0,3,1240.37,3,3,11,13,,
final2,style0_king_rc4,711,1,151049,129012,22037,0,8,0,0,3,1048.24,3,3,11,13,,
final2,style0_king_rc4,712,0,91806,76963,14843,0,7,0,0,3,831.683,3,3,12,13,,
final2,style0_king_rc4,712,1,91837,77222,14615,0,7,0,0,3,860.43,3,3,12,13,,
final2,style0_king_rc4,713,0,84705,66760,17945,0,9,0,0,3,2921.16,3,3,12,13,,
final2,style0_king_rc4,713,1,84705,66760,17945,0,9,0,0,3,2884.85,3,3,12,13,,
final2,style0_king_rc4,714,0,141571,94696,46875,0,6,0,0,0,1014.9,3,3,10,14,,
final2,style0_king_rc4,714,1,91647,66981,24666,0,7,0,0,0,778.891,3,3,14,17,,
final2,style0_king_rc4,715,0,112353,106516,5837,0,9,0,0,1,2187.49,3,3,12,13,,
final2,style0_king_rc4,715,1,112353,106516,5837,0,9,0,0,1,2389.8,3,3,12,13,,
final2,style0_king_rc4,716,0,117644,107691,9953,0,5,0,0,0,2042.39,3,3,13,14,,
final2,style0_king_rc4,716,1,117644,107691,9953,0,5,0,0,0,1913.15,3,3,13,14,,
final2,style0_king_rc4,717,0,119137,89015,30122,0,8,0,22,0,1842.2,3,3,15,17,,
final2,style0_king_rc4,717,1,119137,89015,30122,0,8,0,22,0,2020.76,3,3,15,17,,
final2,style0_king_rc4,718,0,121706,111765,9941,0,5,0,0,0,839.342,3,3,13,14,,
final2,style0_king_rc4,718,1,121706,111765,9941,0,5,0,0,0,893.757,3,3,13,14,,
final2,style0_king_rc4,719,0,138217,125399,12818,0,6,0,0,0,2486.94,3,3,11,14,,
final2,style0_king_rc4,719,1,138217,125399,12818,0,6,0,0,0,2197.98,3,3,11,14,,
final2,style0_king_rc4,720,0,119085,94284,24801,0,6,0,5,0,2321.86,3,3,14,13,,
final2,style0_king_rc4,720,1,119085,94284,24801,0,6,0,5,0,2323.59,3,3,14,13,,
final2,style0_king_rc4,721,0,103119,84335,18784,0,6,0,0,0,953.143,3,3,11,14,,
final2,style0_king_rc4,721,1,103119,84335,18784,0,6,0,0,0,861.091,3,3,11,14,,
final2,style0_king_rc4,722,0,113017,97574,15443,0,6,0,4,0,3013.2,3,3,11,13,,
final2,style0_king_rc4,722,1,113017,97574,15443,0,6,0,4,0,3407.67,3,3,11,13,,
final2,style0_king_rc4,723,0,88525,62898,25627,0,4,0,1,0,2545.68,3,3,11,14,,
final2,style0_king_rc4,723,1,88525,62898,25627,0,4,0,1,0,2632.15,3,3,11,14,,
final2,style0_king_rc4,724,0,17739,130681,-112942,1,12,0,0,3,2160.57,3,3,1,13,,
final2,style0_king_rc4,724,1,17739,130681,-112942,1,12,0,0,3,1949.56,3,3,1,13,,
final2,style0_king_rc4,725,0,91191,81295,9896,0,5,0,0,0,2271.03,3,3,9,14,,
final2,style0_king_rc4,725,1,88489,81032,7457,0,5,0,0,0,2019.72,3,3,7,14,,
final2,style0_king_rc4,726,0,84784,82483,2301,0,7,0,0,0,3210.81,3,3,8,13,,
final2,style0_king_rc4,726,1,84784,82483,2301,0,7,0,0,0,3456.56,3,3,8,13,,
final2,style0_king_rc4,727,0,109608,91414,18194,0,6,0,0,0,559.324,3,3,10,13,,
final2,style0_king_rc4,727,1,109623,91353,18270,0,6,0,0,0,579.773,3,3,10,13,,
final2,style0_king_rc4,728,0,90864,64902,25962,0,7,0,0,0,1383.93,3,3,8,17,,
final2,style0_king_rc4,728,1,90864,64902,25962,0,7,0,0,0,1429.79,3,3,8,17,,
final2,style0_king_rc4,729,0,107076,104962,2114,0,9,0,0,3,995.324,3,3,8,13,,
final2,style0_king_rc4,729,1,107076,104962,2114,0,9,0,0,3,1015.81,3,3,8,13,,
final2,style0_king_rc4,730,0,95306,82901,12405,0,4,0,0,0,1138.64,3,3,8,14,,
final2,style0_king_rc4,730,1,95306,82901,12405,0,4,0,0,0,1331.81,3,3,8,14,,
final2,style0_king_rc4,731,0,127733,93270,34463,0,8,0,0,1,2190.89,3,3,13,17,,
final2,style0_king_rc4,731,1,127733,93270,34463,0,8,0,0,1,1730.63,3,3,13,17,,
final2,style0_teammate_shoprouter,700,0,121171,96302,24869,0,5,0,0,0,2331.48,3,3,7,17,,
final2,style0_teammate_shoprouter,700,1,121171,96302,24869,0,5,0,0,0,2585.51,3,3,7,17,,
final2,style0_teammate_shoprouter,701,0,116724,98096,18628,0,5,0,0,0,2783.79,3,3,9,17,,
final2,style0_teammate_shoprouter,701,1,117088,98042,19046,0,5,0,0,0,1911.77,3,3,9,17,,
final2,style0_teammate_shoprouter,702,0,139812,103757,36055,0,6,0,0,0,4081.82,3,3,11,17,,
final2,style0_teammate_shoprouter,702,1,139812,103757,36055,0,6,0,0,0,4112.29,3,3,11,17,,
final2,style0_teammate_shoprouter,703,0,105684,68595,37089,0,5,0,0,0,1085.2,3,3,7,17,,
final2,style0_teammate_shoprouter,703,1,105684,68595,37089,0,5,0,0,0,1188.46,3,3,7,17,,
final2,style0_teammate_shoprouter,704,0,95630,76498,19132,0,6,0,0,3,4823.74,3,3,11,17,,
final2,style0_teammate_shoprouter,704,1,95630,76498,19132,0,6,0,0,3,5430.05,3,3,11,17,,
final2,style0_teammate_shoprouter,705,0,137231,117748,19483,0,7,0,0,0,2625.85,3,3,11,17,,
final2,style0_teammate_shoprouter,705,1,137231,117748,19483,0,7,0,0,0,3945.12,3,3,11,17,,
final2,style0_teammate_shoprouter,706,0,139314,117954,21360,0,6,0,0,0,2608.76,3,3,15,17,,
final2,style0_teammate_shoprouter,706,1,139314,117954,21360,0,6,0,0,0,1797.87,3,3,15,17,,
final2,style0_teammate_shoprouter,707,0,124246,111830,12416,0,5,0,4,0,3680.54,3,3,11,17,,
final2,style0_teammate_shoprouter,707,1,124246,111830,12416,0,5,0,4,0,5267.79,3,3,11,17,,
final2,style0_teammate_shoprouter,708,0,113991,86654,27337,0,5,0,0,0,1394.46,3,3,6,17,,
final2,style0_teammate_shoprouter,708,1,113991,86654,27337,0,5,0,0,0,873.958,3,3,6,17,,
final2,style0_teammate_shoprouter,709,0,98293,67352,30941,0,7,0,0,3,3030.33,3,3,11,17,,
final2,style0_teammate_shoprouter,709,1,98293,67352,30941,0,7,0,0,3,1271.46,3,3,11,17,,
final2,style0_teammate_shoprouter,710,0,123270,103337,19933,0,4,0,0,0,4000.82,3,3,14,17,,
final2,style0_teammate_shoprouter,710,1,123270,103337,19933,0,4,0,0,0,2421.09,3,3,14,17,,
final2,style0_teammate_shoprouter,711,0,144885,126433,18452,0,7,0,0,0,3478.39,3,3,8,17,,
final2,style0_teammate_shoprouter,711,1,144885,126433,18452,0,7,0,0,0,3097.63,3,3,8,17,,
final2,style0_teammate_shoprouter,712,0,100589,80746,19843,0,5,0,0,0,4046.03,3,3,11,17,,
final2,style0_teammate_shoprouter,712,1,100586,80746,19840,0,5,0,0,0,2035.02,3,3,11,17,,
final2,style0_teammate_shoprouter,713,0,114257,107091,7166,0,5,0,0,0,2863.83,3,3,8,17,,
final2,style0_teammate_shoprouter,713,1,114257,107091,7166,0,5,0,0,0,1778.46,3,3,8,17,,
final2,style0_teammate_shoprouter,714,0,124482,74500,49982,0,6,0,0,0,1837.37,3,3,7,17,,
final2,style0_teammate_shoprouter,714,1,80199,52218,27981,0,7,0,0,0,1654.38,3,3,12,17,,
final2,style0_teammate_shoprouter,715,0,89865,75240,14625,0,5,0,0,0,2686.74,3,3,6,17,,
final2,style0_teammate_shoprouter,715,1,89865,75240,14625,0,5,0,0,0,3373.06,3,3,6,17,,
final2,style0_teammate_shoprouter,716,0,76164,64726,11438,0,7,0,7,0,3847.01,3,3,6,17,,
final2,style0_teammate_shoprouter,716,1,76164,64726,11438,0,7,0,7,0,5504.1,3,3,6,17,,
final2,style0_teammate_shoprouter,717,0,83089,71494,11595,0,4,0,0,0,2019.99,3,3,14,17,,
final2,style0_teammate_shoprouter,717,1,83089,71494,11595,0,4,0,0,0,1729.55,3,3,14,17,,
final2,style0_teammate_shoprouter,718,0,113568,70611,42957,0,6,0,0,0,1013.26,3,3,11,17,,
final2,style0_teammate_shoprouter,718,1,113568,70611,42957,0,6,0,0,0,1048.94,3,3,11,17,,
final2,style0_teammate_shoprouter,719,0,115524,96461,19063,0,5,0,0,0,1868.53,3,3,14,17,,
final2,style0_teammate_shoprouter,719,1,115524,96461,19063,0,5,0,0,0,1887.7,3,3,14,17,,
final2,style0_teammate_shoprouter,720,0,90047,67875,22172,0,3,0,0,0,1946.45,3,3,10,17,,
final2,style0_teammate_shoprouter,720,1,90047,67875,22172,0,3,0,0,0,1908.14,3,3,10,17,,
final2,style0_teammate_shoprouter,721,0,113561,84331,29230,0,6,0,0,0,1826.67,3,3,13,17,,
final2,style0_teammate_shoprouter,721,1,104159,88555,15604,0,6,0,0,0,2207.9,3,3,11,17,,
final2,style0_teammate_shoprouter,722,0,105294,99602,5692,0,5,0,0,0,1336.16,3,3,9,17,,
final2,style0_teammate_shoprouter,722,1,105294,99602,5692,0,5,0,0,0,1500.18,3,3,9,17,,
final2,style0_teammate_shoprouter,723,0,79035,53420,25615,0,6,0,16,0,3041.94,3,3,10,17,,
final2,style0_teammate_shoprouter,723,1,79035,53420,25615,0,6,0,16,0,2732.75,3,3,10,17,,
final2,style0_teammate_shoprouter,724,0,89993,77968,12025,0,5,0,0,0,1883.03,3,3,6,17,,
final2,style0_teammate_shoprouter,724,1,432,106941,-106509,1,10,0,0,0,2132.86,3,3,0,17,,
final2,style0_teammate_shoprouter,725,0,84991,61945,23046,0,8,0,0,2,2259.34,3,3,14,17,,
final2,style0_teammate_shoprouter,725,1,84991,61945,23046,0,8,0,0,2,2642.44,3,3,14,17,,
final2,style0_teammate_shoprouter,726,0,103784,88566,15218,0,4,0,0,0,2627.12,3,3,7,17,,
final2,style0_teammate_shoprouter,726,1,103837,88559,15278,0,4,0,0,0,2720.91,3,3,7,17,,
final2,style0_teammate_shoprouter,727,0,109849,88916,20933,0,5,0,0,0,1461.83,3,3,14,17,,
final2,style0_teammate_shoprouter,727,1,109544,88898,20646,0,5,0,0,0,2137.59,3,3,14,17,,
final2,style0_teammate_shoprouter,728,0,83206,51446,31760,0,4,0,3,0,955.334,3,3,9,17,,
final2,style0_teammate_shoprouter,728,1,83206,51446,31760,0,4,0,3,0,955.589,3,3,9,17,,
final2,style0_teammate_shoprouter,729,0,97091,79362,17729,0,9,0,0,0,2106.64,3,3,6,17,,
final2,style0_teammate_shoprouter,729,1,101370,79304,22066,0,9,0,7,0,3044.37,3,3,6,17,,
final2,style0_teammate_shoprouter,730,0,121584,120472,1112,0,7,0,0,0,811.874,3,3,12,17,,
final2,style0_teammate_shoprouter,730,1,121584,120472,1112,0,7,0,0,0,532.474,3,3,12,17,,
final2,style0_teammate_shoprouter,731,0,131881,119701,12180,0,6,0,0,0,1151.89,3,3,10,17,,
final2,style0_teammate_shoprouter,731,1,131881,119701,12180,0,6,0,0,0,821.429,3,3,10,17,,
final2,trs,700,0,157776,79060,78716,0,4,0,3,0,1466.02,3,4,15,22,,
final2,trs,700,1,143357,91023,52334,0,3,0,0,0,1442.14,3,4,3,22,,
final2,trs,701,0,179514,128976,50538,0,3,0,0,0,2058.31,3,4,13,23,,
final2,trs,701,1,174565,124865,49700,0,3,0,0,0,1251.19,3,4,13,23,,
final2,trs,702,0,170045,114531,55514,0,2,0,0,0,1589.17,3,4,6,22,,
final2,trs,702,1,152296,100614,51682,0,2,0,0,0,1317.44,3,4,8,22,,
final2,trs,703,0,123733,80817,42916,0,5,0,0,0,1205.05,3,3,8,22,,
final2,trs,703,1,125628,84821,40807,0,4,0,0,0,1210.99,3,3,9,22,,
final2,trs,704,0,99279,94822,4457,0,9,0,0,0,1477.85,2,3,2,23,,
final2,trs,704,1,99279,94822,4457,0,9,0,0,0,1435.37,2,3,2,23,,
final2,trs,705,0,178063,126647,51416,0,6,0,0,0,2092.17,3,4,15,22,,
final2,trs,705,1,135286,121920,13366,0,12,0,0,0,342.67,2,4,11,22,,
final2,trs,706,0,153798,106694,47104,0,7,0,0,0,529.334,3,4,15,22,,
final2,trs,706,1,153798,106694,47104,0,7,0,0,0,507.289,3,4,15,22,,
final2,trs,707,0,144050,80009,64041,0,3,0,0,0,1243.34,3,4,9,23,,
final2,trs,707,1,161391,94176,67215,0,3,0,0,0,1323.6,3,4,13,23,,
final2,trs,708,0,141018,91673,49345,0,3,0,0,0,510.783,3,3,11,21,,
final2,trs,708,1,138484,91223,47261,0,3,0,0,0,1778.8,3,3,13,21,,
final2,trs,709,0,88229,75021,13208,0,21,0,0,0,871.378,2,3,7,23,,
final2,trs,709,1,88229,75021,13208,0,21,0,0,0,865.763,2,3,7,23,,
final2,trs,710,0,154025,104949,49076,0,5,0,0,0,1345.54,3,4,14,22,,
final2,trs,710,1,154219,104894,49325,0,5,0,0,0,871.388,3,4,15,22,,
final2,trs,711,0,121820,91038,30782,0,2,0,0,1,851.913,3,4,11,22,,
final2,trs,711,1,125948,91357,34591,0,2,0,0,1,641.384,3,4,11,22,,
final2,trs,712,0,197187,126803,70384,0,6,0,0,0,1554.68,3,4,18,22,,
final2,trs,712,1,139927,93100,46827,0,4,0,0,0,1120.79,3,4,9,22,,
final2,trs,713,0,116161,109656,6505,0,15,0,0,0,373.974,2,4,1,23,,
final2,trs,713,1,116161,109656,6505,0,15,0,0,0,622.921,2,4,1,23,,
final2,trs,714,0,134437,67690,66747,0,13,0,0,0,100.859,2,4,11,22,,
final2,trs,714,1,134437,67690,66747,0,13,0,0,0,101.11,2,4,11,22,,
final2,trs,715,0,91010,97126,-6116,0,15,0,0,0,380.98,2,4,5,23,,
final2,trs,715,1,91010,97126,-6116,0,15,0,0,0,376.368,2,4,5,23,,
final2,trs,716,0,130540,72683,57857,0,4,0,0,0,1027.48,3,4,10,23,,
final2,trs,716,1,130540,72683,57857,0,4,0,0,0,981.567,3,4,10,23,,
final2,trs,717,0,158414,111399,47015,0,3,0,0,0,779.102,3,4,14,23,,
final2,trs,717,1,158491,111402,47089,0,3,0,0,0,1211.99,3,4,14,23,,
final2,trs,718,0,107283,90522,16761,0,14,0,0,0,130.442,2,3,7,22,,
final2,trs,718,1,107283,90522,16761,0,14,0,0,0,131.368,2,3,7,22,,
final2,trs,719,0,171134,94352,76782,0,6,0,2,0,2895.39,3,4,14,22,,
final2,trs,719,1,175336,106479,68857,0,6,0,0,0,2270.27,3,4,14,22,,
final2,trs,720,0,124087,80590,43497,0,3,0,0,0,1472.41,3,4,8,23,,
final2,trs,720,1,128138,85769,42369,0,3,0,0,0,927.979,3,4,8,23,,
final2,trs,721,0,192493,134366,58127,0,7,0,0,0,1489.73,3,4,15,22,,
final2,trs,721,1,193090,134570,58520,0,7,0,0,0,1501.99,3,4,15,22,,
final2,trs,722,0,108079,109081,-1002,0,17,0,0,0,380.029,2,4,9,23,,
final2,trs,722,1,108079,109081,-1002,0,17,0,0,0,381.134,2,4,9,23,,
final2,trs,723,0,95032,87121,7911,0,10,0,0,0,852.382,2,3,6,23,,
final2,trs,723,1,95032,87121,7911,0,10,0,0,0,852.713,2,3,6,23,,
final2,trs,724,0,128127,54297,73830,0,8,0,0,0,1968.24,3,4,17,22,,
final2,trs,724,1,128127,54297,73830,0,8,0,0,0,2846.73,3,4,17,22,,
final2,trs,725,0,123193,98353,24840,0,14,0,0,0,847.137,2,3,11,23,,
final2,trs,725,1,123193,98353,24840,0,14,0,0,0,847.828,2,3,11,23,,
final2,trs,726,0,158655,91371,67284,0,6,0,0,2,939.433,3,3,14,22,,
final2,trs,726,1,158655,91371,67284,0,6,0,0,2,797.34,3,3,14,22,,
final2,trs,727,0,147271,88904,58367,0,5,0,0,1,3457.61,3,4,12,22,,
final2,trs,727,1,146748,89069,57679,0,5,0,0,1,2676.52,3,4,12,22,,
final2,trs,728,0,99325,85563,13762,0,6,0,0,0,849.253,2,3,0,23,,
final2,trs,728,1,99325,85563,13762,0,6,0,0,0,1420.81,2,3,0,23,,
final2,trs,729,0,179328,106930,72398,0,2,0,0,0,1535.35,3,4,16,22,,
final2,trs,729,1,179328,106930,72398,0,2,0,0,0,1585.27,3,4,16,22,,
final2,trs,730,0,150054,82295,67759,0,5,0,5,0,1370.33,3,4,15,23,,
final2,trs,730,1,151435,87561,63874,0,6,0,6,0,616.753,3,4,15,23,,
final2,trs,731,0,187973,130111,57862,0,6,0,0,2,1003.81,3,4,13,23,,
final2,trs,731,1,192556,135915,56641,0,6,0,0,0,1089.97,3,4,13,23,,
final2,ts_b5,700,0,15285,133151,-117866,0,11,0,0,4,162.915,1,3,3,17,,
final2,ts_b5,700,1,15285,133151,-117866,0,11,0,0,4,161.125,1,3,3,17,,
final2,ts_b5,701,0,16632,139561,-122929,0,12,0,0,4,137.346,1,3,0,17,,
final2,ts_b5,701,1,16632,139561,-122929,0,12,0,0,4,160.812,1,3,0,17,,
final2,ts_b5,702,0,40802,126323,-85521,0,22,0,0,1,160.287,1,3,5,17,,
final2,ts_b5,702,1,40802,126323,-85521,0,22,0,0,1,130.348,1,3,5,17,,
final2,ts_b5,703,0,36940,174111,-137171,0,21,0,0,0,163.249,1,3,8,17,,
final2,ts_b5,703,1,36940,174111,-137171,0,21,0,0,0,110.352,1,3,8,17,,
final2,ts_b5,704,0,19875,156165,-136290,0,21,0,0,0,160.832,1,3,2,17,,
final2,ts_b5,704,1,19875,156165,-136290,0,21,0,0,0,164.372,1,3,2,17,,
final2,ts_b5,705,0,36172,171556,-135384,0,19,0,0,0,161.632,1,3,5,17,,
final2,ts_b5,705,1,36172,171556,-135384,0,19,0,0,0,163.707,1,3,5,17,,
final2,ts_b5,706,0,12757,134779,-122022,0,20,0,0,0,326.51,1,3,2,17,,
final2,ts_b5,706,1,12757,134779,-122022,0,20,0,0,0,261.213,1,3,2,17,,
final2,ts_b5,707,0,17773,121512,-103739,0,11,0,0,0,135.193,1,3,3,17,,
final2,ts_b5,707,1,17773,121512,-103739,0,11,0,0,0,157.374,1,3,3,17,,
final2,ts_b5,708,0,19620,135362,-115742,0,16,0,0,10,150.767,1,3,1,17,,
final2,ts_b5,708,1,19620,135362,-115742,0,16,0,0,10,145.954,1,3,1,17,,
final2,ts_b5,709,0,15777,96178,-80401,0,13,0,0,6,145.365,1,3,2,17,,
final2,ts_b5,709,1,15777,96178,-80401,0,13,0,0,6,182.961,1,3,2,17,,
final2,ts_b5,710,0,38087,165329,-127242,0,21,0,0,0,168.951,1,3,6,17,,
final2,ts_b5,710,1,38087,165329,-127242,0,21,0,0,0,151.651,1,3,6,17,,
final2,ts_b5,711,0,48065,175589,-127524,0,23,0,0,0,150.299,1,3,6,17,,
final2,ts_b5,711,1,48065,175589,-127524,0,23,0,0,0,127.725,1,3,6,17,,
final2,ts_b5,712,0,2377,125388,-123011,0,11,0,0,0,158.767,1,3,0,17,,
final2,ts_b5,712,1,2377,125388,-123011,0,11,0,0,0,132.503,1,3,0,17,,
final2,ts_b5,713,0,23695,166466,-142771,0,18,0,0,0,131.368,1,3,5,17,,
final2,ts_b5,713,1,23695,166466,-142771,0,18,0,0,0,131.163,1,3,5,17,,
final2,ts_b5,714,0,33735,140080,-106345,0,18,0,0,0,145.847,1,3,6,17,,
final2,ts_b5,714,1,33735,140080,-106345,0,18,0,0,0,175.47,1,3,6,17,,
final2,ts_b5,715,0,24052,158532,-134480,0,12,0,0,0,140.937,1,3,2,17,,
final2,ts_b5,715,1,24052,158532,-134480,0,12,0,0,0,144.77,1,3,2,17,,
final2,ts_b5,716,0,40204,192774,-152570,0,22,0,0,0,131.67,1,3,6,17,,
final2,ts_b5,716,1,40204,192774,-152570,0,22,0,0,0,144.129,1,3,6,17,,
final2,ts_b5,717,0,29248,174849,-145601,0,19,0,0,0,153.173,1,3,7,17,,
final2,ts_b5,717,1,29248,174849,-145601,0,19,0,0,0,147.417,1,3,7,17,,
final2,ts_b5,718,0,3020,137303,-134283,0,11,0,0,0,156.9,1,3,0,17,,
final2,ts_b5,718,1,3020,137303,-134283,0,11,0,0,0,130.034,1,3,0,17,,
final2,ts_b5,719,0,22966,158722,-135756,0,18,0,0,0,130.931,1,3,0,17,,
final2,ts_b5,719,1,22966,158722,-135756,0,18,0,0,0,142.349,1,3,0,17,,
final2,ts_b5,720,0,21824,160203,-138379,0,11,0,0,0,154.23,1,3,2,17,,
final2,ts_b5,720,1,21824,160203,-138379,0,11,0,0,0,130.079,1,3,2,17,,
final2,ts_b5,721,0,37557,142256,-104699,0,18,0,0,0,128.774,1,3,6,17,,
final2,ts_b5,721,1,37557,142256,-104699,0,18,0,0,0,144.001,1,3,6,17,,
final2,ts_b5,722,0,24835,141177,-116342,0,15,0,0,0,402.881,1,3,2,17,,
final2,ts_b5,722,1,24714,148304,-123590,0,13,0,0,0,126.301,1,3,5,17,,
final2,ts_b5,723,0,30258,151771,-121513,0,19,0,0,0,163.241,1,3,2,17,,
final2,ts_b5,723,1,30258,151771,-121513,0,19,0,0,0,126.492,1,3,2,17,,
final2,ts_b5,724,0,30891,136519,-105628,0,16,0,0,0,172.154,1,3,1,17,,
final2,ts_b5,724,1,30891,136519,-105628,0,16,0,0,0,125.753,1,3,1,17,,
final2,ts_b5,725,0,17044,163746,-146702,0,17,0,0,0,132.329,1,3,1,17,,
final2,ts_b5,725,1,17044,163746,-146702,0,17,0,0,0,127.887,1,3,1,17,,
final2,ts_b5,726,0,41695,193848,-152153,0,18,0,0,0,153.154,1,3,7,17,,
final2,ts_b5,726,1,41695,193848,-152153,0,18,0,0,0,138.719,1,3,7,17,,
final2,ts_b5,727,0,40451,165150,-124699,0,16,0,0,0,147.069,2,3,11,17,,
final2,ts_b5,727,1,40451,165150,-124699,0,16,0,0,0,150.073,2,3,11,17,,
final2,ts_b5,728,0,2602,117205,-114603,0,10,0,0,10,131.269,1,3,0,17,,
final2,ts_b5,728,1,2602,117205,-114603,0,10,0,0,10,127.634,1,3,0,17,,
final2,ts_b5,729,0,35584,189978,-154394,0,19,0,0,0,147.07,1,3,6,17,,
final2,ts_b5,729,1,35584,189978,-154394,0,19,0,0,0,139.983,1,3,6,17,,
final2,ts_b5,730,0,3659,92528,-88869,0,11,0,0,6,128.396,1,3,0,17,,
final2,ts_b5,730,1,3659,92528,-88869,0,11,0,0,6,131.911,1,3,0,17,,
final2,ts_b5,731,0,50604,151949,-101345,0,12,0,0,0,122.282,2,3,11,17,,
final2,ts_b5,731,1,50604,151949,-101345,0,12,0,0,0,87.3182,2,3,11,17,,
final2,ts_both,700,0,100535,93307,7228,0,4,0,0,0,1183.69,3,3,9,17,,
final2,ts_both,700,1,100535,93307,7228,0,4,0,0,0,1183.9,3,3,9,17,,
final2,ts_both,701,0,119149,114704,4445,0,6,0,1,0,2548.11,3,3,7,17,,
final2,ts_both,701,1,118616,114719,3897,0,6,0,1,0,2612.95,3,3,7,17,,
final2,ts_both,702,0,115887,87065,28822,0,3,0,0,0,1282.46,3,3,9,17,,
final2,ts_both,702,1,115887,87065,28822,0,3,0,0,0,1337.79,3,3,9,17,,
final2,ts_both,703,0,92620,65398,27222,0,6,0,2,0,2401.77,3,3,6,17,,
final2,ts_both,703,1,92620,65398,27222,0,6,0,2,0,2340.32,3,3,6,17,,
final2,ts_both,704,0,90136,79260,10876,0,4,0,0,0,1244.98,3,3,3,17,,
final2,ts_both,704,1,90136,79260,10876,0,4,0,0,0,1410.36,3,3,3,17,,
final2,ts_both,705,0,146430,120710,25720,0,4,0,0,0,2583.36,3,3,12,17,,
final2,ts_both,705,1,146430,120710,25720,0,4,0,0,0,2523.49,3,3,12,17,,
final2,ts_both,706,0,121403,91463,29940,0,5,0,28,0,3500.17,3,3,13,17,,
final2,ts_both,706,1,121441,91468,29973,0,5,0,28,0,3625.43,3,3,13,17,,
final2,ts_both,707,0,107690,95672,12018,0,3,0,0,0,1500.46,3,3,12,17,,
final2,ts_both,707,1,107690,95672,12018,0,3,0,0,0,1512.14,3,3,12,17,,
final2,ts_both,708,0,169074,77879,91195,0,2,0,3,0,2069.29,3,3,14,17,,
final2,ts_both,708,1,169074,77879,91195,0,2,0,3,0,1982.53,3,3,14,17,,
final2,ts_both,709,0,68850,55971,12879,0,6,0,0,0,694.316,3,3,2,17,,
final2,ts_both,709,1,68850,55971,12879,0,6,0,0,0,713.789,3,3,2,17,,
final2,ts_both,710,0,168120,103875,64245,0,5,0,0,0,608.405,3,3,12,17,,
final2,ts_both,710,1,168120,103875,64245,0,5,0,0,0,614.997,3,3,12,17,,
final2,ts_both,711,0,134440,113148,21292,0,3,0,0,0,1817.48,3,3,11,17,,
final2,ts_both,711,1,134440,113148,21292,0,3,0,0,0,1796.51,3,3,11,17,,
final2,ts_both,712,0,101144,92870,8274,0,4,0,26,0,2889.22,3,3,9,17,,
final2,ts_both,712,1,101144,92870,8274,0,4,0,26,0,2849.48,3,3,9,17,,
final2,ts_both,713,0,88258,73796,14462,0,5,0,0,0,1959.55,3,3,5,17,,
final2,ts_both,713,1,88258,73796,14462,0,5,0,0,0,2054.96,3,3,5,17,,
final2,ts_both,714,0,113657,104913,8744,0,4,0,1,0,3179.17,3,3,14,17,,
final2,ts_both,714,1,113657,104913,8744,0,4,0,1,0,3218.68,3,3,14,17,,
final2,ts_both,715,0,106748,91529,15219,0,5,0,0,0,1569.28,3,3,10,17,,
final2,ts_both,715,1,106748,91529,15219,0,5,0,0,0,1429.07,3,3,10,17,,
final2,ts_both,716,0,90099,84788,5311,0,2,0,0,0,2000.12,3,3,13,17,,
final2,ts_both,716,1,90099,84788,5311,0,2,0,0,0,2245.38,3,3,13,17,,
final2,ts_both,717,0,107936,103578,4358,0,4,0,0,0,1357.9,3,3,12,17,,
final2,ts_both,717,1,107936,103578,4358,0,4,0,0,0,1275.85,3,3,12,17,,
final2,ts_both,718,0,131554,101849,29705,0,6,0,0,0,1232.95,3,3,10,17,,
final2,ts_both,718,1,131554,101849,29705,0,6,0,0,0,1503.44,3,3,10,17,,
final2,ts_both,719,0,129205,101202,28003,0,5,0,0,0,1690.92,3,3,12,17,,
final2,ts_both,719,1,129273,101198,28075,0,5,0,0,0,1979.41,3,3,12,17,,
final2,ts_both,720,0,104077,92526,11551,0,5,0,0,0,2142.2,3,3,10,17,,
final2,ts_both,720,1,104077,92526,11551,0,5,0,0,0,2163.11,3,3,10,17,,
final2,ts_both,721,0,156013,109468,46545,0,6,0,0,0,1239.3,3,3,11,17,,
final2,ts_both,721,1,156013,109468,46545,0,6,0,0,0,1168.98,3,3,11,17,,
final2,ts_both,722,0,108470,92197,16273,0,9,0,0,0,2568.6,3,3,5,17,,
final2,ts_both,722,1,108470,92197,16273,0,9,0,0,0,2874.75,3,3,5,17,,
final2,ts_both,723,0,60023,47352,12671,0,8,0,0,0,672.63,3,3,5,17,,
final2,ts_both,723,1,60023,47352,12671,0,8,0,0,0,762.698,3,3,5,17,,
final2,ts_both,724,0,110034,75812,34222,0,4,0,0,0,850.268,3,3,9,17,,
final2,ts_both,724,1,110034,75812,34222,0,4,0,0,0,793.906,3,3,9,17,,
final2,ts_both,725,0,97007,87865,9142,0,3,0,9,0,2716.12,3,3,9,17,,
final2,ts_both,725,1,97007,87865,9142,0,3,0,9,0,2727.9,3,3,9,17,,
final2,ts_both,726,0,58377,44237,14140,0,4,0,0,0,533.654,3,3,5,17,,
final2,ts_both,726,1,58377,44237,14140,0,4,0,0,0,491.893,3,3,5,17,,
final2,ts_both,727,0,124604,100470,24134,0,7,0,6,0,2620.55,3,3,7,17,,
final2,ts_both,727,1,124488,100460,24028,0,7,0,6,0,2625.96,3,3,7,17,,
final2,ts_both,728,0,71663,57920,13743,0,6,0,0,0,495.271,3,3,3,17,,
final2,ts_both,728,1,71663,57920,13743,0,6,0,0,0,559.491,3,3,3,17,,
final2,ts_both,729,0,122635,77083,45552,0,2,0,1,0,1629.73,3,3,8,17,,
final2,ts_both,729,1,122635,77083,45552,0,2,0,1,0,1659.68,3,3,8,17,,
final2,ts_both,730,0,125234,106245,18989,0,5,0,0,0,1699.7,3,3,9,17,,
final2,ts_both,730,1,125234,106245,18989,0,5,0,0,0,1064.26,3,3,9,17,,
final2,ts_both,731,0,126742,97756,28986,0,5,0,11,0,1100.14,3,3,15,17,,
final2,ts_both,731,1,126742,97756,28986,0,5,0,11,0,701.851,3,3,15,17,,
final2,ts_buf,700,0,96688,91663,5025,0,5,0,0,0,2426.26,3,3,13,17,,
final2,ts_buf,700,1,96688,91663,5025,0,5,0,0,0,2424.93,3,3,13,17,,
final2,ts_buf,701,0,110355,96834,13521,0,4,0,0,0,1835.12,3,3,6,17,,
final2,ts_buf,701,1,110515,96867,13648,0,4,0,0,0,1844.09,3,3,6,17,,
final2,ts_buf,702,0,131673,89355,42318,0,7,0,0,0,2550.56,3,3,10,17,,
final2,ts_buf,702,1,131673,89355,42318,0,7,0,0,0,2416.86,3,3,10,17,,
final2,ts_buf,703,0,92620,65398,27222,0,6,0,2,0,2649.66,3,3,6,17,,
final2,ts_buf,703,1,92620,65398,27222,0,6,0,2,0,2523.46,3,3,6,17,,
final2,ts_buf,704,0,90136,79260,10876,0,4,0,0,0,1365.62,3,3,3,17,,
final2,ts_buf,704,1,90136,79260,10876,0,4,0,0,0,1599.66,3,3,3,17,,
final2,ts_buf,705,0,119491,94557,24934,0,5,0,0,0,2478.94,3,3,12,17,,
final2,ts_buf,705,1,119491,94557,24934,0,5,0,0,0,2685.6,3,3,12,17,,
final2,ts_buf,706,0,98441,70607,27834,0,2,0,0,0,1635.58,3,3,9,17,,
final2,ts_buf,706,1,98535,70613,27922,0,2,0,0,0,1277.91,3,3,9,17,,
final2,ts_buf,707,0,133431,112454,20977,0,4,0,0,0,1938,3,3,12,17,,
final2,ts_buf,707,1,133431,112454,20977,0,4,0,0,0,2008.65,3,3,12,17,,
final2,ts_buf,708,0,169074,77879,91195,0,2,0,3,0,2391.83,3,3,14,17,,
final2,ts_buf,708,1,169074,77879,91195,0,2,0,3,0,2226.17,3,3,14,17,,
final2,ts_buf,709,0,68850,55971,12879,0,6,0,0,0,739.554,3,3,2,17,,
final2,ts_buf,709,1,68850,55971,12879,0,6,0,0,0,727.163,3,3,2,17,,
final2,ts_buf,710,0,137881,105844,32037,0,5,0,0,0,2434.81,3,3,17,17,,
final2,ts_buf,710,1,137881,105844,32037,0,5,0,0,0,2689.11,3,3,17,17,,
final2,ts_buf,711,0,139857,124997,14860,0,5,0,0,0,3772.47,3,3,9,17,,
final2,ts_buf,711,1,139857,124997,14860,0,5,0,0,0,3653.97,3,3,9,17,,
final2,ts_buf,712,0,97648,66524,31124,0,4,0,0,0,2138.31,3,3,10,17,,
final2,ts_buf,712,1,97648,66524,31124,0,4,0,0,0,2210.45,3,3,10,17,,
final2,ts_buf,713,0,88213,73844,14369,0,5,0,0,0,1868.29,3,3,5,17,,
final2,ts_buf,713,1,88213,73844,14369,0,5,0,0,0,2115.19,3,3,5,17,,
final2,ts_buf,714,0,113657,104913,8744,0,4,0,1,0,3250.89,3,3,14,17,,
final2,ts_buf,714,1,113657,104913,8744,0,4,0,1,0,3673.89,3,3,14,17,,
final2,ts_buf,715,0,106748,91529,15219,0,5,0,0,0,1360.98,3,3,10,17,,
final2,ts_buf,715,1,106748,91529,15219,0,5,0,0,0,1563.7,3,3,10,17,,
final2,ts_buf,716,0,90099,84788,5311,0,2,0,0,0,2158.19,3,3,13,17,,
final2,ts_buf,716,1,90099,84788,5311,0,2,0,0,0,2480.48,3,3,13,17,,
final2,ts_buf,717,0,107936,103578,4358,0,4,0,0,0,1740.91,3,3,12,17,,
final2,ts_buf,717,1,107936,103578,4358,0,4,0,0,0,1466.32,3,3,12,17,,
final2,ts_buf,718,0,131554,101849,29705,0,6,0,0,0,1544.46,3,3,10,17,,
final2,ts_buf,718,1,131554,101849,29705,0,6,0,0,0,1238.73,3,3,10,17,,
final2,ts_buf,719,0,136063,124170,11893,0,4,0,0,0,2767.01,3,3,13,17,,
final2,ts_buf,719,1,136063,124170,11893,0,4,0,0,0,2783.18,3,3,13,17,,
final2,ts_buf,720,0,94658,83995,10663,0,3,0,0,0,1671.84,3,3,11,17,,
final2,ts_buf,720,1,94658,83995,10663,0,3,0,0,0,1891.32,3,3,11,17,,
final2,ts_buf,721,0,104595,85571,19024,0,6,0,76,0,2356.81,3,3,11,17,,
final2,ts_buf,721,1,104595,85571,19024,0,6,0,76,0,2043.6,3,3,11,17,,
final2,ts_buf,722,0,108425,92241,16184,0,9,0,0,0,2841.4,3,3,5,17,,
final2,ts_buf,722,1,108425,92241,16184,0,9,0,0,0,2466.67,3,3,5,17,,
final2,ts_buf,723,0,60023,47352,12671,0,8,0,0,0,681.494,3,3,5,17,,
final2,ts_buf,723,1,60023,47352,12671,0,8,0,0,0,683.534,3,3,5,17,,
final2,ts_buf,724,0,110034,75812,34222,0,4,0,0,0,841.079,3,3,9,17,,
final2,ts_buf,724,1,110034,75812,34222,0,4,0,0,0,880.77,3,3,9,17,,
final2,ts_buf,725,0,97007,87865,9142,0,3,0,9,0,2822.33,3,3,9,17,,
final2,ts_buf,725,1,97007,87865,9142,0,3,0,9,0,2558.25,3,3,9,17,,
final2,ts_buf,726,0,58377,44237,14140,0,4,0,0,0,669.349,3,3,5,17,,
final2,ts_buf,726,1,58377,44237,14140,0,4,0,0,0,697.428,3,3,5,17,,
final2,ts_buf,727,0,124604,100470,24134,0,7,0,6,0,2195.19,3,3,7,17,,
final2,ts_buf,727,1,124488,100460,24028,0,7,0,6,0,2135.39,3,3,7,17,,
final2,ts_buf,728,0,71663,57920,13743,0,6,0,0,0,433.058,3,3,3,17,,
final2,ts_buf,728,1,71663,57920,13743,0,6,0,0,0,423.977,3,3,3,17,,
final2,ts_buf,729,0,118100,94616,23484,0,3,0,0,0,2436.39,3,3,11,17,,
final2,ts_buf,729,1,118100,94616,23484,0,3,0,0,0,2488.74,3,3,11,17,,
final2,ts_buf,730,0,132038,109825,22213,0,5,0,0,0,1280.24,3,3,11,17,,
final2,ts_buf,730,1,132038,109825,22213,0,5,0,0,0,1273.28,3,3,11,17,,
final2,ts_buf,731,0,126742,97756,28986,0,5,0,11,0,1116.5,3,3,15,17,,
final2,ts_buf,731,1,126742,97756,28986,0,5,0,11,0,734.345,3,3,15,17,,
final2,ts_early,700,0,96688,91663,5025,0,5,0,0,0,2199.65,3,3,13,17,,
final2,ts_early,700,1,96688,91663,5025,0,5,0,0,0,2144.01,3,3,13,17,,
final2,ts_early,701,0,110355,96834,13521,0,4,0,0,0,1543.36,3,3,6,17,,
final2,ts_early,701,1,110515,96867,13648,0,4,0,0,0,1622.33,3,3,6,17,,
final2,ts_early,702,0,131673,89355,42318,0,7,0,0,0,2570.6,3,3,10,17,,
final2,ts_early,702,1,131673,89355,42318,0,7,0,0,0,2389.11,3,3,10,17,,
final2,ts_early,703,0,92620,65398,27222,0,6,0,2,0,2665.36,3,3,6,17,,
final2,ts_early,703,1,92620,65398,27222,0,6,0,2,0,2578.48,3,3,6,17,,
final2,ts_early,704,0,90136,79260,10876,0,4,0,0,0,1456.15,3,3,3,17,,
final2,ts_early,704,1,90136,79260,10876,0,4,0,0,0,1234.91,3,3,3,17,,
final2,ts_early,705,0,119491,94557,24934,0,5,0,0,0,2511.78,3,3,12,17,,
final2,ts_early,705,1,119491,94557,24934,0,5,0,0,0,2391.54,3,3,12,17,,
final2,ts_early,706,0,98441,70607,27834,0,2,0,0,0,1142.03,3,3,9,17,,
final2,ts_early,706,1,98535,70613,27922,0,2,0,0,0,1152.57,3,3,9,17,,
final2,ts_early,707,0,133431,112454,20977,0,4,0,0,0,2129.57,3,3,12,17,,
final2,ts_early,707,1,133431,112454,20977,0,4,0,0,0,2142.9,3,3,12,17,,
final2,ts_early,708,0,169074,77879,91195,0,2,0,3,0,2314.27,3,3,14,17,,
final2,ts_early,708,1,169074,77879,91195,0,2,0,3,0,2095.5,3,3,14,17,,
final2,ts_early,709,0,68850,55971,12879,0,6,0,0,0,689.377,3,3,2,17,,
final2,ts_early,709,1,68850,55971,12879,0,6,0,0,0,689.317,3,3,2,17,,
final2,ts_early,710,0,137881,105844,32037,0,5,0,0,0,2189.65,3,3,17,17,,
final2,ts_early,710,1,137881,105844,32037,0,5,0,0,0,2193.61,3,3,17,17,,
final2,ts_early,711,0,139857,124997,14860,0,5,0,0,0,3542.55,3,3,9,17,,
final2,ts_early,711,1,139857,124997,14860,0,5,0,0,0,3534.71,3,3,9,17,,
final2,ts_early,712,0,97648,66524,31124,0,4,0,0,0,2105.44,3,3,10,17,,
final2,ts_early,712,1,97648,66524,31124,0,4,0,0,0,2142.99,3,3,10,17,,
final2,ts_early,713,0,88213,73844,14369,0,5,0,0,0,1712.36,3,3,5,17,,
final2,ts_early,713,1,88213,73844,14369,0,5,0,0,0,1893.35,3,3,5,17,,
final2,ts_early,714,0,113657,104913,8744,0,4,0,1,0,3217.53,3,3,14,17,,
final2,ts_early,714,1,113657,104913,8744,0,4,0,1,0,3303.44,3,3,14,17,,
final2,ts_early,715,0,106748,91529,15219,0,5,0,0,0,1473.95,3,3,10,17,,
final2,ts_early,715,1,106748,91529,15219,0,5,0,0,0,1441.83,3,3,10,17,,
final2,ts_early,716,0,90099,84788,5311,0,2,0,0,0,1849.6,3,3,13,17,,
final2,ts_early,716,1,90099,84788,5311,0,2,0,0,0,2010.66,3,3,13,17,,
final2,ts_early,717,0,107936,103578,4358,0,4,0,0,0,1233.76,3,3,12,17,,
final2,ts_early,717,1,107936,103578,4358,0,4,0,0,0,1278.33,3,3,12,17,,
final2,ts_early,718,0,131554,101849,29705,0,6,0,0,0,1236.2,3,3,10,17,,
final2,ts_early,718,1,131554,101849,29705,0,6,0,0,0,1452.1,3,3,10,17,,
final2,ts_early,719,0,136063,124170,11893,0,4,0,0,0,3071.65,3,3,13,17,,
final2,ts_early,719,1,136063,124170,11893,0,4,0,0,0,2945.04,3,3,13,17,,
final2,ts_early,720,0,94658,83995,10663,0,3,0,0,0,1630.1,3,3,11,17,,
final2,ts_early,720,1,94658,83995,10663,0,3,0,0,0,1809.44,3,3,11,17,,
final2,ts_early,721,0,104595,85571,19024,0,6,0,76,0,2327.07,3,3,11,17,,
final2,ts_early,721,1,104595,85571,19024,0,6,0,76,0,2398.47,3,3,11,17,,
final2,ts_early,722,0,108425,92241,16184,0,9,0,0,0,2542.5,3,3,5,17,,
final2,ts_early,722,1,108425,92241,16184,0,9,0,0,0,2677.39,3,3,5,17,,
final2,ts_early,723,0,60023,47352,12671,0,8,0,0,0,644.052,3,3,5,17,,
final2,ts_early,723,1,60023,47352,12671,0,8,0,0,0,689.54,3,3,5,17,,
final2,ts_early,724,0,110034,75812,34222,0,4,0,0,0,731.422,3,3,9,17,,
final2,ts_early,724,1,110034,75812,34222,0,4,0,0,0,813.859,3,3,9,17,,
final2,ts_early,725,0,97007,87865,9142,0,3,0,9,0,2752.19,3,3,9,17,,
final2,ts_early,725,1,96431,87476,8955,0,3,0,0,0,1943.45,3,3,9,17,,
final2,ts_early,726,0,58377,44237,14140,0,4,0,0,0,613.961,3,3,5,17,,
final2,ts_early,726,1,58377,44237,14140,0,4,0,0,0,616.798,3,3,5,17,,
final2,ts_early,727,0,124604,100470,24134,0,7,0,6,0,2218.18,3,3,7,17,,
final2,ts_early,727,1,124488,100460,24028,0,7,0,6,0,2594.47,3,3,7,17,,
final2,ts_early,728,0,71663,57920,13743,0,6,0,0,0,417.766,3,3,3,17,,
final2,ts_early,728,1,71663,57920,13743,0,6,0,0,0,411.006,3,3,3,17,,
final2,ts_early,729,0,118100,94616,23484,0,3,0,0,0,2184.24,3,3,11,17,,
final2,ts_early,729,1,118100,94616,23484,0,3,0,0,0,2380.94,3,3,11,17,,
final2,ts_early,730,0,132038,109825,22213,0,5,0,0,0,1325.59,3,3,11,17,,
final2,ts_early,730,1,132038,109825,22213,0,5,0,0,0,1270.57,3,3,11,17,,
final2,ts_early,731,0,126742,97756,28986,0,5,0,11,0,1201.76,3,3,15,17,,
final2,ts_early,731,1,126742,97756,28986,0,5,0,11,0,1121.14,3,3,15,17,,
final2,ts_guard,700,0,97376,74604,22772,0,1,0,0,0,1058.29,3,3,9,17,,
final2,ts_guard,700,1,97376,74604,22772,0,1,0,0,0,1168.7,3,3,9,17,,
final2,ts_guard,701,0,105029,84401,20628,0,1,0,1,0,2137.64,3,3,9,17,,
final2,ts_guard,701,1,104624,84560,20064,0,1,0,17,0,2092.28,3,3,9,17,,
final2,ts_guard,702,0,119809,79865,39944,0,3,0,6,0,1952.16,3,3,10,17,,
final2,ts_guard,702,1,119809,79865,39944,0,3,0,6,0,1915.18,3,3,10,17,,
final2,ts_guard,703,0,79614,64136,15478,0,4,0,4,0,2438.81,3,3,12,17,,
final2,ts_guard,703,1,79614,64136,15478,0,4,0,4,0,2621.57,3,3,12,17,,
final2,ts_guard,704,0,81066,55968,25098,0,1,0,0,0,1875.98,3,3,13,17,,
final2,ts_guard,704,1,81066,55968,25098,0,1,0,0,0,1955.39,3,3,13,17,,
final2,ts_guard,705,0,130223,113151,17072,0,4,0,0,0,2661.94,3,3,14,17,,
final2,ts_guard,705,1,130223,113151,17072,0,4,0,0,0,2639.33,3,3,14,17,,
final2,ts_guard,706,0,108039,72464,35575,0,1,0,0,0,1308.35,3,3,12,17,,
final2,ts_guard,706,1,108039,72464,35575,0,1,0,0,0,1326.73,3,3,12,17,,
final2,ts_guard,707,0,88764,74037,14727,0,0,0,0,1,1086.87,3,3,12,17,,
final2,ts_guard,707,1,88764,74037,14727,0,0,0,0,1,1019.08,3,3,12,17,,
final2,ts_guard,708,0,83970,71117,12853,0,2,0,0,0,1286.32,3,3,11,17,,
final2,ts_guard,708,1,83970,71117,12853,0,2,0,0,0,1322.52,3,3,11,17,,
final2,ts_guard,709,0,98504,74839,23665,0,3,0,0,0,1080.37,3,3,8,17,,
final2,ts_guard,709,1,98504,74839,23665,0,3,0,0,0,954.952,3,3,8,17,,
final2,ts_guard,710,0,125669,82417,43252,0,1,0,0,0,1634.04,3,3,14,17,,
final2,ts_guard,710,1,125669,82417,43252,0,1,0,0,0,1529.66,3,3,14,17,,
final2,ts_guard,711,0,103237,87053,16184,0,2,0,0,0,1789.81,3,3,12,17,,
final2,ts_guard,711,1,103237,87053,16184,0,2,0,0,0,1740,3,3,12,17,,
final2,ts_guard,712,0,95399,78755,16644,0,2,0,0,0,1790.7,3,3,10,17,,
final2,ts_guard,712,1,95399,78755,16644,0,2,0,0,0,1757.37,3,3,10,17,,
final2,ts_guard,713,0,125917,90311,35606,0,4,0,13,0,3036.42,3,3,15,17,,
final2,ts_guard,713,1,125917,90311,35606,0,4,0,13,0,3102.8,3,3,15,17,,
final2,ts_guard,714,0,9844,188951,-179107,1,11,0,0,0,849.483,2,3,0,17,,
final2,ts_guard,714,1,9844,188951,-179107,1,11,0,0,0,909.407,2,3,0,17,,
final2,ts_guard,715,0,33241,189164,-155923,0,9,0,0,0,662.893,2,3,1,17,,
final2,ts_guard,715,1,33241,189164,-155923,0,9,0,0,0,666.382,2,3,1,17,,
final2,ts_guard,716,0,30415,175774,-145359,0,9,0,0,0,881.616,2,3,8,17,,
final2,ts_guard,716,1,30415,175774,-145359,0,9,0,0,0,906.843,2,3,8,17,,
final2,ts_guard,717,0,14358,177889,-163531,1,11,0,0,0,610.563,2,3,0,17,,
final2,ts_guard,717,1,14358,177889,-163531,1,11,0,0,0,591.433,2,3,0,17,,
final2,ts_guard,718,0,75579,51539,24040,0,5,0,0,1,1422.97,3,3,11,17,,
final2,ts_guard,718,1,75579,51539,24040,0,5,0,0,1,1402.18,3,3,11,17,,
final2,ts_guard,719,0,102162,77566,24596,0,2,0,2,0,2176.89,3,3,11,17,,
final2,ts_guard,719,1,102163,77566,24597,0,2,0,2,0,2040.14,3,3,11,17,,
final2,ts_guard,720,0,6741,139383,-132642,1,10,0,0,0,385.511,2,3,0,17,,
final2,ts_guard,720,1,6741,139383,-132642,1,10,0,0,0,380.292,2,3,0,17,,
final2,ts_guard,721,0,74919,48874,26045,0,2,0,0,0,1843.21,3,3,11,17,,
final2,ts_guard,721,1,74919,48874,26045,0,2,0,0,0,1668.26,3,3,11,17,,
final2,ts_guard,722,0,93306,77706,15600,0,0,0,2,0,1267.14,3,3,12,17,,
final2,ts_guard,722,1,100114,91683,8431,0,0,0,0,0,1416.26,3,3,12,17,,
final2,ts_guard,723,0,105457,99793,5664,0,2,0,0,0,1249.86,3,3,14,17,,
final2,ts_guard,723,1,105457,99793,5664,0,2,0,0,0,1406.98,3,3,14,17,,
final2,ts_guard,724,0,129073,97385,31688,0,4,0,27,0,1708.6,3,3,13,17,,
final2,ts_guard,724,1,129073,97385,31688,0,4,0,27,0,1643.87,3,3,13,17,,
final2,ts_guard,725,0,105317,88983,16334,0,1,0,0,0,1017.22,3,3,13,17,,
final2,ts_guard,725,1,105317,88983,16334,0,1,0,0,0,1122.97,3,3,13,17,,
final2,ts_guard,726,0,87880,52803,35077,0,1,0,0,0,1241.83,3,3,9,17,,
final2,ts_guard,726,1,87880,52803,35077,0,1,0,0,0,1295.47,3,3,9,17,,
final2,ts_guard,727,0,8768,189483,-180715,1,11,0,0,0,943.493,2,3,1,17,,
final2,ts_guard,727,1,8768,189483,-180715,1,11,0,0,0,956.096,2,3,1,17,,
final2,ts_guard,728,0,90694,77730,12964,0,3,0,42,0,1645.51,3,3,13,17,,
final2,ts_guard,728,1,90694,77730,12964,0,3,0,42,0,1627.3,3,3,13,17,,
final2,ts_guard,729,0,87174,66823,20351,0,1,0,10,0,1642.34,3,3,15,17,,
final2,ts_guard,729,1,87174,66823,20351,0,1,0,10,0,1631.1,3,3,15,17,,
final2,ts_guard,730,0,89530,68132,21398,0,0,0,0,0,796.23,3,3,13,17,,
final2,ts_guard,730,1,89530,68132,21398,0,0,0,0,0,795.548,3,3,13,17,,
final2,ts_guard,731,0,144964,114301,30663,0,4,0,0,0,1266.16,3,3,11,17,,
final2,ts_guard,731,1,144964,114301,30663,0,4,0,0,0,1317.13,3,3,11,17,,
final2,ts_light,700,0,15285,133151,-117866,0,11,0,0,4,170.36,1,3,3,17,,
final2,ts_light,700,1,15285,133151,-117866,0,11,0,0,4,131.502,1,3,3,17,,
final2,ts_light,701,0,16632,139561,-122929,0,12,0,0,4,128.861,1,3,0,17,,
final2,ts_light,701,1,16632,139561,-122929,0,12,0,0,4,171.662,1,3,0,17,,
final2,ts_light,702,0,40802,126323,-85521,0,22,0,0,1,161.227,1,3,5,17,,
final2,ts_light,702,1,40802,126323,-85521,0,22,0,0,1,130.786,1,3,5,17,,
final2,ts_light,703,0,36940,174111,-137171,0,21,0,0,0,171.072,1,3,8,17,,
final2,ts_light,703,1,36940,174111,-137171,0,21,0,0,0,163.973,1,3,8,17,,
final2,ts_light,704,0,19875,156165,-136290,0,21,0,0,0,195.468,1,3,2,17,,
final2,ts_light,704,1,19875,156165,-136290,0,21,0,0,0,130.122,1,3,2,17,,
final2,ts_light,705,0,36172,171556,-135384,0,19,0,0,0,168.225,1,3,5,17,,
final2,ts_light,705,1,36172,171556,-135384,0,19,0,0,0,128.73,1,3,5,17,,
final2,ts_light,706,0,12757,134779,-122022,0,20,0,0,0,262.895,1,3,2,17,,
final2,ts_light,706,1,12757,134779,-122022,0,20,0,0,0,274.488,1,3,2,17,,
final2,ts_light,707,0,17773,121512,-103739,0,11,0,0,0,132.208,1,3,3,17,,
final2,ts_light,707,1,17773,121512,-103739,0,11,0,0,0,131.314,1,3,3,17,,
final2,ts_light,708,0,19620,135362,-115742,0,16,0,0,10,130.349,1,3,1,17,,
final2,ts_light,708,1,19620,135362,-115742,0,16,0,0,10,130.731,1,3,1,17,,
final2,ts_light,709,0,15777,96178,-80401,0,13,0,0,6,154.77,1,3,2,17,,
final2,ts_light,709,1,15777,96178,-80401,0,13,0,0,6,132.38,1,3,2,17,,
final2,ts_light,710,0,38087,165329,-127242,0,21,0,0,0,150.326,1,3,6,17,,
final2,ts_light,710,1,38087,165329,-127242,0,21,0,0,0,131.684,1,3,6,17,,
final2,ts_light,711,0,48065,175589,-127524,0,23,0,0,0,123.359,1,3,6,17,,
final2,ts_light,711,1,48065,175589,-127524,0,23,0,0,0,154.317,1,3,6,17,,
final2,ts_light,712,0,2377,125388,-123011,0,11,0,0,0,152.251,1,3,0,17,,
final2,ts_light,712,1,2377,125388,-123011,0,11,0,0,0,133.86,1,3,0,17,,
final2,ts_light,713,0,23695,166466,-142771,0,18,0,0,0,162.915,1,3,5,17,,
final2,ts_light,713,1,23695,166466,-142771,0,18,0,0,0,129.052,1,3,5,17,,
final2,ts_light,714,0,33735,140080,-106345,0,18,0,0,0,155.794,1,3,6,17,,
final2,ts_light,714,1,33735,140080,-106345,0,18,0,0,0,157.542,1,3,6,17,,
final2,ts_light,715,0,24052,158532,-134480,0,12,0,0,0,132.507,1,3,2,17,,
final2,ts_light,715,1,24052,158532,-134480,0,12,0,0,0,132.993,1,3,2,17,,
final2,ts_light,716,0,40204,192774,-152570,0,22,0,0,0,130.958,1,3,6,17,,
final2,ts_light,716,1,40204,192774,-152570,0,22,0,0,0,162.798,1,3,6,17,,
final2,ts_light,717,0,29248,174849,-145601,0,19,0,0,0,132.785,1,3,7,17,,
final2,ts_light,717,1,29248,174849,-145601,0,19,0,0,0,146.629,1,3,7,17,,
final2,ts_light,718,0,3020,137303,-134283,0,11,0,0,0,132.819,1,3,0,17,,
final2,ts_light,718,1,3020,137303,-134283,0,11,0,0,0,128.709,1,3,0,17,,
final2,ts_light,719,0,22966,158722,-135756,0,18,0,0,0,141.67,1,3,0,17,,
final2,ts_light,719,1,22966,158722,-135756,0,18,0,0,0,157.728,1,3,0,17,,
final2,ts_light,720,0,21824,160203,-138379,0,11,0,0,0,130.157,1,3,2,17,,
final2,ts_light,720,1,21824,160203,-138379,0,11,0,0,0,151.158,1,3,2,17,,
final2,ts_light,721,0,37557,142256,-104699,0,18,0,0,0,163.547,1,3,6,17,,
final2,ts_light,721,1,37557,142256,-104699,0,18,0,0,0,151.779,1,3,6,17,,
final2,ts_light,722,0,24835,141177,-116342,0,15,0,0,0,409.058,1,3,2,17,,
final2,ts_light,722,1,24714,148304,-123590,0,13,0,0,0,131.77,1,3,5,17,,
final2,ts_light,723,0,30258,151771,-121513,0,19,0,0,0,148.875,1,3,2,17,,
final2,ts_light,723,1,30258,151771,-121513,0,19,0,0,0,123.264,1,3,2,17,,
final2,ts_light,724,0,30891,136519,-105628,0,16,0,0,0,128.088,1,3,1,17,,
final2,ts_light,724,1,30891,136519,-105628,0,16,0,0,0,133.528,1,3,1,17,,
final2,ts_light,725,0,17044,163746,-146702,0,17,0,0,0,135.283,1,3,1,17,,
final2,ts_light,725,1,17044,163746,-146702,0,17,0,0,0,151.604,1,3,1,17,,
final2,ts_light,726,0,41695,193848,-152153,0,18,0,0,0,151.767,1,3,7,17,,
final2,ts_light,726,1,41695,193848,-152153,0,18,0,0,0,152.339,1,3,7,17,,
final2,ts_light,727,0,40451,165150,-124699,0,16,0,0,0,145.403,2,3,11,17,,
final2,ts_light,727,1,40451,165150,-124699,0,16,0,0,0,132.78,2,3,11,17,,
final2,ts_light,728,0,2602,117205,-114603,0,10,0,0,10,141.316,1,3,0,17,,
final2,ts_light,728,1,2602,117205,-114603,0,10,0,0,10,122.809,1,3,0,17,,
final2,ts_light,729,0,35584,189978,-154394,0,19,0,0,0,130.95,1,3,6,17,,
final2,ts_light,729,1,35584,189978,-154394,0,19,0,0,0,185.188,1,3,6,17,,
final2,ts_light,730,0,3659,92528,-88869,0,11,0,0,6,149.292,1,3,0,17,,
final2,ts_light,730,1,3659,92528,-88869,0,11,0,0,6,160.773,1,3,0,17,,
final2,ts_light,731,0,50604,151949,-101345,0,12,0,0,0,131.479,2,3,11,17,,
final2,ts_light,731,1,50604,151949,-101345,0,12,0,0,0,136.183,2,3,11,17,,
final2,ts_r2,700,0,100535,93307,7228,0,4,0,0,0,1320.19,3,3,9,17,,
final2,ts_r2,700,1,100535,93307,7228,0,4,0,0,0,1323.12,3,3,9,17,,
final2,ts_r2,701,0,118839,115184,3655,0,6,0,16,0,2325.17,3,3,7,17,,
final2,ts_r2,701,1,118294,115199,3095,0,6,0,16,0,2386.46,3,3,7,17,,
final2,ts_r2,702,0,115887,87065,28822,0,3,0,0,0,1318.16,3,3,9,17,,
final2,ts_r2,702,1,115887,87065,28822,0,3,0,0,0,1345.68,3,3,9,17,,
final2,ts_r2,703,0,92620,65398,27222,0,6,0,2,0,2538.14,3,3,6,17,,
final2,ts_r2,703,1,92620,65398,27222,0,6,0,2,0,2714.87,3,3,6,17,,
final2,ts_r2,704,0,90136,79260,10876,0,4,0,0,0,1347.47,3,3,3,17,,
final2,ts_r2,704,1,90136,79260,10876,0,4,0,0,0,1343.86,3,3,3,17,,
final2,ts_r2,705,0,146430,120710,25720,0,4,0,0,0,2721.37,3,3,12,17,,
final2,ts_r2,705,1,146430,120710,25720,0,4,0,0,0,2670.19,3,3,12,17,,
final2,ts_r2,706,0,121403,91463,29940,0,5,0,28,0,3516.25,3,3,13,17,,
final2,ts_r2,706,1,121441,91468,29973,0,5,0,28,0,3137.63,3,3,13,17,,
final2,ts_r2,707,0,107690,95672,12018,0,3,0,0,0,1347.75,3,3,12,17,,
final2,ts_r2,707,1,107690,95672,12018,0,3,0,0,0,1470.57,3,3,12,17,,
final2,ts_r2,708,0,169074,77879,91195,0,2,0,3,0,2075.59,3,3,14,17,,
final2,ts_r2,708,1,169074,77879,91195,0,2,0,3,0,1870.83,3,3,14,17,,
final2,ts_r2,709,0,68850,55971,12879,0,6,0,0,0,715.225,3,3,2,17,,
final2,ts_r2,709,1,68850,55971,12879,0,6,0,0,0,934.615,3,3,2,17,,
final2,ts_r2,710,0,168120,103875,64245,0,5,0,0,0,572.852,3,3,12,17,,
final2,ts_r2,710,1,168120,103875,64245,0,5,0,0,0,583.044,3,3,12,17,,
final2,ts_r2,711,0,134440,113148,21292,0,3,0,0,0,1754.03,3,3,11,17,,
final2,ts_r2,711,1,134440,113148,21292,0,3,0,0,0,1587.21,3,3,11,17,,
final2,ts_r2,712,0,101144,92870,8274,0,4,0,26,0,2832.66,3,3,9,17,,
final2,ts_r2,712,1,101144,92870,8274,0,4,0,26,0,2782.34,3,3,9,17,,
final2,ts_r2,713,0,88258,73796,14462,0,5,0,0,0,1992.32,3,3,5,17,,
final2,ts_r2,713,1,88258,73796,14462,0,5,0,0,0,1842.71,3,3,5,17,,
final2,ts_r2,714,0,113657,104913,8744,0,4,0,1,0,3282.48,3,3,14,17,,
final2,ts_r2,714,1,113657,104913,8744,0,4,0,1,0,3358.47,3,3,14,17,,
final2,ts_r2,715,0,106748,91529,15219,0,5,0,0,0,1473.15,3,3,10,17,,
final2,ts_r2,715,1,106748,91529,15219,0,5,0,0,0,1645.32,3,3,10,17,,
final2,ts_r2,716,0,90099,84788,5311,0,2,0,0,0,1875.84,3,3,13,17,,
final2,ts_r2,716,1,90099,84788,5311,0,2,0,0,0,2080.11,3,3,13,17,,
final2,ts_r2,717,0,107936,103578,4358,0,4,0,0,0,1494.52,3,3,12,17,,
final2,ts_r2,717,1,107936,103578,4358,0,4,0,0,0,1298.85,3,3,12,17,,
final2,ts_r2,718,0,131554,101849,29705,0,6,0,0,0,1283.81,3,3,10,17,,
final2,ts_r2,718,1,131554,101849,29705,0,6,0,0,0,1236.95,3,3,10,17,,
final2,ts_r2,719,0,129205,101202,28003,0,5,0,0,0,2046.77,3,3,12,17,,
final2,ts_r2,719,1,129273,101198,28075,0,5,0,0,0,1785.98,3,3,12,17,,
final2,ts_r2,720,0,101316,91316,10000,0,5,0,0,0,1237.83,3,3,9,17,,
final2,ts_r2,720,1,101316,91316,10000,0,5,0,0,0,1408.35,3,3,9,17,,
final2,ts_r2,721,0,156013,109468,46545,0,6,0,0,0,1392.6,3,3,11,17,,
final2,ts_r2,721,1,156013,109468,46545,0,6,0,0,0,1193.5,3,3,11,17,,
final2,ts_r2,722,0,108470,92197,16273,0,9,0,0,0,2913.48,3,3,5,17,,
final2,ts_r2,722,1,108470,92197,16273,0,9,0,0,0,2827.85,3,3,5,17,,
final2,ts_r2,723,0,60023,47352,12671,0,8,0,0,0,745.036,3,3,5,17,,
final2,ts_r2,723,1,60023,47352,12671,0,8,0,0,0,647.843,3,3,5,17,,
final2,ts_r2,724,0,110034,75812,34222,0,4,0,0,0,769.406,3,3,9,17,,
final2,ts_r2,724,1,110034,75812,34222,0,4,0,0,0,694.085,3,3,9,17,,
final2,ts_r2,725,0,97007,87865,9142,0,3,0,9,0,2084.86,3,3,9,17,,
final2,ts_r2,725,1,97007,87865,9142,0,3,0,9,0,2886.05,3,3,9,17,,
final2,ts_r2,726,0,58377,44237,14140,0,4,0,0,0,524.813,3,3,5,17,,
final2,ts_r2,726,1,58377,44237,14140,0,4,0,0,0,487.513,3,3,5,17,,
final2,ts_r2,727,0,124604,100470,24134,0,7,0,6,0,2064.52,3,3,7,17,,
final2,ts_r2,727,1,124488,100460,24028,0,7,0,6,0,2273.93,3,3,7,17,,
final2,ts_r2,728,0,71663,57920,13743,0,6,0,0,0,416.228,3,3,3,17,,
final2,ts_r2,728,1,71663,57920,13743,0,6,0,0,0,431.572,3,3,3,17,,
final2,ts_r2,729,0,122635,77083,45552,0,2,0,1,0,1753.18,3,3,8,17,,
final2,ts_r2,729,1,122635,77083,45552,0,2,0,1,0,1630.76,3,3,8,17,,
final2,ts_r2,730,0,125234,106245,18989,0,5,0,0,0,1909.07,3,3,9,17,,
final2,ts_r2,730,1,125234,106245,18989,0,5,0,0,0,1781.17,3,3,9,17,,
final2,ts_r2,731,0,126742,97756,28986,0,5,0,11,0,1320.03,3,3,15,17,,
final2,ts_r2,731,1,126742,97756,28986,0,5,0,11,0,1444.22,3,3,15,17,,
