set,file,seed,seat,own,rival,margin,searched_days,changed_days,choices,escaped,rival_escaped
candmirror,cand_combo_1600,1600,0,119065,117144,1921,0,0,,,
candmirror,cand_combo_1600,1600,1,119065,117144,1921,0,0,,,
candmirror,cand_combo_1600,1601,0,121520,123915,-2395,0,0,,,
candmirror,cand_combo_1600,1601,1,146123,149722,-3599,0,0,,,
candmirror,cand_combo_1600,1602,0,113218,115083,-1865,0,0,,,
candmirror,cand_combo_1600,1602,1,113218,115083,-1865,0,0,,,
candmirror,cand_combo_1600,1603,0,98785,95258,3527,0,0,,,
candmirror,cand_combo_1600,1603,1,98785,95258,3527,0,0,,,
candmirror,cand_combo_1600,1604,0,105415,109689,-4274,0,0,,,
candmirror,cand_combo_1600,1604,1,105415,109689,-4274,0,0,,,
candmirror,cand_combo_1600,1605,0,118304,129251,-10947,0,0,,,
candmirror,cand_combo_1600,1605,1,118877,129843,-10966,0,0,,,
candmirror,cand_combo_1600,1606,0,116241,113796,2445,0,0,,,
candmirror,cand_combo_1600,1606,1,116241,113796,2445,0,0,,,
candmirror,cand_combo_1600,1607,0,102635,117314,-14679,0,0,,,
candmirror,cand_combo_1600,1607,1,131795,134739,-2944,0,0,,,
candmirror,cand_combo_1600,1608,0,85741,88516,-2775,0,0,,,
candmirror,cand_combo_1600,1608,1,85741,88516,-2775,0,0,,,
candmirror,cand_combo_1600,1609,0,109931,105839,4092,0,0,,,
candmirror,cand_combo_1600,1609,1,103187,103127,60,0,0,,,
candmirror,cand_combo_1600,1610,0,101291,103694,-2403,0,0,,,
candmirror,cand_combo_1600,1610,1,101144,104008,-2864,0,0,,,
candmirror,cand_combo_1600,1611,0,148750,137140,11610,0,0,,,
candmirror,cand_combo_1600,1611,1,155661,142452,13209,0,0,,,
candmirror,cand_combo_1600,1612,0,117818,120693,-2875,0,0,,,
candmirror,cand_combo_1600,1612,1,121568,123845,-2277,0,0,,,
candmirror,cand_combo_1600,1613,0,83978,86801,-2823,0,0,,,
candmirror,cand_combo_1600,1613,1,85812,85962,-150,0,0,,,
candmirror,cand_combo_1600,1614,0,92112,90416,1696,0,0,,,
candmirror,cand_combo_1600,1614,1,92112,90416,1696,0,0,,,
candmirror,cand_combo_1600,1615,0,115651,126629,-10978,0,0,,,
candmirror,cand_combo_1600,1615,1,115651,126629,-10978,0,0,,,
candmirror,cand_combo_1600,1616,0,102579,107945,-5366,0,0,,,
candmirror,cand_combo_1600,1616,1,102579,107945,-5366,0,0,,,
candmirror,cand_combo_1600,1617,0,138176,133274,4902,0,0,,,
candmirror,cand_combo_1600,1617,1,138176,133274,4902,0,0,,,
candmirror,cand_combo_1600,1618,0,83785,84364,-579,0,0,,,
candmirror,cand_combo_1600,1618,1,83785,84364,-579,0,0,,,
candmirror,cand_combo_1600,1619,0,96349,92804,3545,0,0,,,
candmirror,cand_combo_1600,1619,1,96349,92804,3545,0,0,,,
candmirror,cand_dl22_1300,1300,0,106021,110670,-4649,0,0,,,
candmirror,cand_dl22_1300,1300,1,90736,89527,1209,0,0,,,
candmirror,cand_dl22_1300,1301,0,104072,106432,-2360,0,0,,,
candmirror,cand_dl22_1300,1301,1,103995,106451,-2456,0,0,,,
candmirror,cand_dl22_1300,1302,0,80557,80119,438,0,0,,,
candmirror,cand_dl22_1300,1302,1,80557,80119,438,0,0,,,
candmirror,cand_dl22_1300,1303,0,96134,95467,667,0,0,,,
candmirror,cand_dl22_1300,1303,1,96192,95476,716,0,0,,,
candmirror,cand_dl22_1300,1304,0,80759,82842,-2083,0,0,,,
candmirror,cand_dl22_1300,1304,1,80759,82842,-2083,0,0,,,
candmirror,cand_dl22_1300,1305,0,110344,110453,-109,0,0,,,
candmirror,cand_dl22_1300,1305,1,110344,110453,-109,0,0,,,
candmirror,cand_dl22_1300,1306,0,78519,78959,-440,0,0,,,
candmirror,cand_dl22_1300,1306,1,84179,84096,83,0,0,,,
candmirror,cand_dl22_1300,1307,0,73529,76979,-3450,0,0,,,
candmirror,cand_dl22_1300,1307,1,107807,104380,3427,0,0,,,
candmirror,cand_dl22_1300,1308,0,115478,115670,-192,0,0,,,
candmirror,cand_dl22_1300,1308,1,115478,115670,-192,0,0,,,
candmirror,cand_dl22_1300,1309,0,102588,102478,110,0,0,,,
candmirror,cand_dl22_1300,1309,1,102588,102478,110,0,0,,,
candmirror,cand_dl22_1300,1310,0,108480,108328,152,0,0,,,
candmirror,cand_dl22_1300,1310,1,108479,108328,151,0,0,,,
candmirror,cand_dl22_1300,1311,0,132951,131960,991,0,0,,,
candmirror,cand_dl22_1300,1311,1,132951,131960,991,0,0,,,
candmirror,cand_dl22_1300,1312,0,107246,108001,-755,0,0,,,
candmirror,cand_dl22_1300,1312,1,107246,108001,-755,0,0,,,
candmirror,cand_dl22_1300,1313,0,112407,108127,4280,0,0,,,
candmirror,cand_dl22_1300,1313,1,119415,110833,8582,0,0,,,
candmirror,cand_dl22_1300,1314,0,93280,88059,5221,0,0,,,
candmirror,cand_dl22_1300,1314,1,116538,118388,-1850,0,0,,,
candmirror,cand_dl22_1300,1315,0,110630,105704,4926,0,0,,,
candmirror,cand_dl22_1300,1315,1,111149,105918,5231,0,0,,,
candmirror,cand_dl22_1300,1316,0,108341,110546,-2205,0,0,,,
candmirror,cand_dl22_1300,1316,1,111704,111195,509,0,0,,,
candmirror,cand_dl22_1300,1317,0,114058,112877,1181,0,0,,,
candmirror,cand_dl22_1300,1317,1,106869,110055,-3186,0,0,,,
candmirror,cand_dl22_1300,1318,0,106385,103974,2411,0,0,,,
candmirror,cand_dl22_1300,1318,1,106385,103974,2411,0,0,,,
candmirror,cand_dl22_1300,1319,0,113674,105114,8560,0,0,,,
candmirror,cand_dl22_1300,1319,1,113080,105378,7702,0,0,,,
candmirror,cand_dl22_1400,1400,0,130826,128703,2123,0,0,,,
candmirror,cand_dl22_1400,1400,1,130826,128703,2123,0,0,,,
candmirror,cand_dl22_1400,1401,0,78248,71383,6865,0,0,,,
candmirror,cand_dl22_1400,1401,1,78510,79566,-1056,0,0,,,
candmirror,cand_dl22_1400,1402,0,108370,106902,1468,0,0,,,
candmirror,cand_dl22_1400,1402,1,108370,106902,1468,0,0,,,
candmirror,cand_dl22_1400,1403,0,102917,105566,-2649,0,0,,,
candmirror,cand_dl22_1400,1403,1,102917,105566,-2649,0,0,,,
candmirror,cand_dl22_1400,1404,0,90662,91660,-998,0,0,,,
candmirror,cand_dl22_1400,1404,1,90662,91660,-998,0,0,,,
candmirror,cand_dl22_1400,1405,0,118099,116734,1365,0,0,,,
candmirror,cand_dl22_1400,1405,1,118071,116635,1436,0,0,,,
candmirror,cand_dl22_1400,1406,0,98489,96773,1716,0,0,,,
candmirror,cand_dl22_1400,1406,1,98475,96897,1578,0,0,,,
candmirror,cand_dl22_1400,1407,0,128465,129702,-1237,0,0,,,
candmirror,cand_dl22_1400,1407,1,128465,129702,-1237,0,0,,,
candmirror,cand_dl22_1400,1408,0,121997,125010,-3013,0,0,,,
candmirror,cand_dl22_1400,1408,1,121997,125010,-3013,0,0,,,
candmirror,cand_dl22_1400,1409,0,97021,94520,2501,0,0,,,
candmirror,cand_dl22_1400,1409,1,97022,94714,2308,0,0,,,
candmirror,cand_dl22_1400,1410,0,108699,109093,-394,0,0,,,
candmirror,cand_dl22_1400,1410,1,108699,109093,-394,0,0,,,
candmirror,cand_dl22_1400,1411,0,100244,100444,-200,0,0,,,
candmirror,cand_dl22_1400,1411,1,96887,98421,-1534,0,0,,,
candmirror,cand_dl22_1400,1412,0,93137,91647,1490,0,0,,,
candmirror,cand_dl22_1400,1412,1,98555,91390,7165,0,0,,,
candmirror,cand_dl22_1400,1413,0,116363,115904,459,0,0,,,
candmirror,cand_dl22_1400,1413,1,116363,115905,458,0,0,,,
candmirror,cand_dl22_1400,1414,0,85562,88375,-2813,0,0,,,
candmirror,cand_dl22_1400,1414,1,85562,88375,-2813,0,0,,,
candmirror,cand_dl22_1400,1415,0,100704,103150,-2446,0,0,,,
candmirror,cand_dl22_1400,1415,1,100704,103150,-2446,0,0,,,
candmirror,cand_dl22_1400,1416,0,95493,94483,1010,0,0,,,
candmirror,cand_dl22_1400,1416,1,95493,94483,1010,0,0,,,
candmirror,cand_dl22_1400,1417,0,111537,113101,-1564,0,0,,,
candmirror,cand_dl22_1400,1417,1,111537,113101,-1564,0,0,,,
candmirror,cand_dl22_1400,1418,0,100544,98923,1621,0,0,,,
candmirror,cand_dl22_1400,1418,1,100445,98935,1510,0,0,,,
candmirror,cand_dl22_1400,1419,0,100121,100209,-88,0,0,,,
candmirror,cand_dl22_1400,1419,1,102271,101217,1054,0,0,,,
candmirror,cand_dsm6_1400,1400,0,85711,84149,1562,0,0,,,
candmirror,cand_dsm6_1400,1400,1,85711,84149,1562,0,0,,,
candmirror,cand_dsm6_1400,1401,0,98515,93750,4765,0,0,,,
candmirror,cand_dsm6_1400,1401,1,95849,88110,7739,0,0,,,
candmirror,cand_dsm6_1400,1402,0,93165,91776,1389,0,0,,,
candmirror,cand_dsm6_1400,1402,1,93165,91776,1389,0,0,,,
candmirror,cand_dsm6_1400,1403,0,89768,91844,-2076,0,0,,,
candmirror,cand_dsm6_1400,1403,1,89768,91844,-2076,0,0,,,
candmirror,cand_dsm6_1400,1404,0,93328,87258,6070,0,0,,,
candmirror,cand_dsm6_1400,1404,1,93328,87258,6070,0,0,,,
candmirror,cand_dsm6_1400,1405,0,123073,121801,1272,0,0,,,
candmirror,cand_dsm6_1400,1405,1,123081,121821,1260,0,0,,,
candmirror,cand_dsm6_1400,1406,0,118432,115495,2937,0,0,,,
candmirror,cand_dsm6_1400,1406,1,118289,115502,2787,0,0,,,
candmirror,cand_dsm6_1400,1407,0,126054,127358,-1304,0,0,,,
candmirror,cand_dsm6_1400,1407,1,126054,127358,-1304,0,0,,,
candmirror,cand_dsm6_1400,1408,0,120717,118905,1812,0,0,,,
candmirror,cand_dsm6_1400,1408,1,120717,118905,1812,0,0,,,
candmirror,cand_dsm6_1400,1409,0,124296,138692,-14396,0,0,,,
candmirror,cand_dsm6_1400,1409,1,123693,136100,-12407,0,0,,,
candmirror,cand_dsm6_1400,1410,0,94110,92169,1941,0,0,,,
candmirror,cand_dsm6_1400,1410,1,94052,91989,2063,0,0,,,
candmirror,cand_dsm6_1400,1411,0,93648,91038,2610,0,0,,,
candmirror,cand_dsm6_1400,1411,1,94970,92378,2592,0,0,,,
candmirror,cand_dsm6_1400,1412,0,125818,121259,4559,0,0,,,
candmirror,cand_dsm6_1400,1412,1,87495,84081,3414,0,0,,,
candmirror,cand_dsm6_1400,1413,0,115538,116057,-519,0,0,,,
candmirror,cand_dsm6_1400,1413,1,122857,123646,-789,0,0,,,
candmirror,cand_dsm6_1400,1414,0,102706,96460,6246,0,0,,,
candmirror,cand_dsm6_1400,1414,1,102706,96460,6246,0,0,,,
candmirror,cand_dsm6_1400,1415,0,87423,82673,4750,0,0,,,
candmirror,cand_dsm6_1400,1415,1,87423,82673,4750,0,0,,,
candmirror,cand_dsm6_1400,1416,0,92404,88696,3708,0,0,,,
candmirror,cand_dsm6_1400,1416,1,91428,88655,2773,0,0,,,
candmirror,cand_dsm6_1400,1417,0,115433,113910,1523,0,0,,,
candmirror,cand_dsm6_1400,1417,1,113929,113951,-22,0,0,,,
candmirror,cand_dsm6_1400,1418,0,86789,85000,1789,0,0,,,
candmirror,cand_dsm6_1400,1418,1,86789,85000,1789,0,0,,,
candmirror,cand_dsm6_1400,1419,0,160314,159638,676,0,0,,,
candmirror,cand_dsm6_1400,1419,1,152828,151504,1324,0,0,,,
candmirror,cand_dsm6_1500,1500,0,87190,87161,29,0,0,,,
candmirror,cand_dsm6_1500,1500,1,87190,87161,29,0,0,,,
candmirror,cand_dsm6_1500,1501,0,129006,128124,882,0,0,,,
candmirror,cand_dsm6_1500,1501,1,128349,123500,4849,0,0,,,
candmirror,cand_dsm6_1500,1502,0,81064,74785,6279,0,0,,,
candmirror,cand_dsm6_1500,1502,1,81064,74785,6279,0,0,,,
candmirror,cand_dsm6_1500,1503,0,123649,121212,2437,0,0,,,
candmirror,cand_dsm6_1500,1503,1,123649,121212,2437,0,0,,,
candmirror,cand_dsm6_1500,1504,0,114390,115031,-641,0,0,,,
candmirror,cand_dsm6_1500,1504,1,114390,115031,-641,0,0,,,
candmirror,cand_dsm6_1500,1505,0,91578,88125,3453,0,0,,,
candmirror,cand_dsm6_1500,1505,1,93456,91149,2307,0,0,,,
candmirror,cand_dsm6_1500,1506,0,115427,118995,-3568,0,0,,,
candmirror,cand_dsm6_1500,1506,1,115427,118995,-3568,0,0,,,
candmirror,cand_dsm6_1500,1507,0,100097,97580,2517,0,0,,,
candmirror,cand_dsm6_1500,1507,1,100097,97580,2517,0,0,,,
candmirror,cand_dsm6_1500,1508,0,130018,121065,8953,0,0,,,
candmirror,cand_dsm6_1500,1508,1,129855,121495,8360,0,0,,,
candmirror,cand_dsm6_1500,1509,0,93658,91773,1885,0,0,,,
candmirror,cand_dsm6_1500,1509,1,93658,91773,1885,0,0,,,
candmirror,cand_dsm6_1500,1510,0,151361,155374,-4013,0,0,,,
candmirror,cand_dsm6_1500,1510,1,151050,151143,-93,0,0,,,
candmirror,cand_dsm6_1500,1511,0,100311,92776,7535,0,0,,,
candmirror,cand_dsm6_1500,1511,1,116106,116419,-313,0,0,,,
candmirror,cand_dsm6_1500,1512,0,122157,119920,2237,0,0,,,
candmirror,cand_dsm6_1500,1512,1,122157,119920,2237,0,0,,,
candmirror,cand_dsm6_1500,1513,0,101470,104409,-2939,0,0,,,
candmirror,cand_dsm6_1500,1513,1,101470,104409,-2939,0,0,,,
candmirror,cand_dsm6_1500,1514,0,103280,105758,-2478,0,0,,,
candmirror,cand_dsm6_1500,1514,1,108540,106613,1927,0,0,,,
candmirror,cand_dsm6_1500,1515,0,119522,126080,-6558,0,0,,,
candmirror,cand_dsm6_1500,1515,1,119522,126080,-6558,0,0,,,
candmirror,cand_dsm6_1500,1516,0,142309,144275,-1966,0,0,,,
candmirror,cand_dsm6_1500,1516,1,142309,144275,-1966,0,0,,,
candmirror,cand_dsm6_1500,1517,0,131811,130483,1328,0,0,,,
candmirror,cand_dsm6_1500,1517,1,131811,130483,1328,0,0,,,
candmirror,cand_dsm6_1500,1518,0,127790,124985,2805,0,0,,,
candmirror,cand_dsm6_1500,1518,1,127790,124985,2805,0,0,,,
candmirror,cand_dsm6_1500,1519,0,102852,100052,2800,0,0,,,
candmirror,cand_dsm6_1500,1519,1,102852,100052,2800,0,0,,,
candmirror,cand_dsm6_1600,1600,0,97933,106368,-8435,0,0,,,
candmirror,cand_dsm6_1600,1600,1,96348,104167,-7819,0,0,,,
candmirror,cand_dsm6_1600,1601,0,95980,95900,80,0,0,,,
candmirror,cand_dsm6_1600,1601,1,115948,115210,738,0,0,,,
candmirror,cand_dsm6_1600,1602,0,136252,138563,-2311,0,0,,,
candmirror,cand_dsm6_1600,1602,1,136252,138563,-2311,0,0,,,
candmirror,cand_dsm6_1600,1603,0,132378,130926,1452,0,0,,,
candmirror,cand_dsm6_1600,1603,1,132378,130926,1452,0,0,,,
candmirror,cand_dsm6_1600,1604,0,88559,89323,-764,0,0,,,
candmirror,cand_dsm6_1600,1604,1,88559,89323,-764,0,0,,,
candmirror,cand_dsm6_1600,1605,0,99231,98892,339,0,0,,,
candmirror,cand_dsm6_1600,1605,1,99231,98892,339,0,0,,,
candmirror,cand_dsm6_1600,1606,0,90094,88351,1743,0,0,,,
candmirror,cand_dsm6_1600,1606,1,90004,88291,1713,0,0,,,
candmirror,cand_dsm6_1600,1607,0,120617,119720,897,0,0,,,
candmirror,cand_dsm6_1600,1607,1,132235,135454,-3219,0,0,,,
candmirror,cand_dsm6_1600,1608,0,101944,106375,-4431,0,0,,,
candmirror,cand_dsm6_1600,1608,1,101944,106375,-4431,0,0,,,
candmirror,cand_dsm6_1600,1609,0,93047,89573,3474,0,0,,,
candmirror,cand_dsm6_1600,1609,1,97287,93876,3411,0,0,,,
candmirror,cand_dsm6_1600,1610,0,95384,101371,-5987,0,0,,,
candmirror,cand_dsm6_1600,1610,1,95384,101371,-5987,0,0,,,
candmirror,cand_dsm6_1600,1611,0,122289,123907,-1618,0,0,,,
candmirror,cand_dsm6_1600,1611,1,123006,123628,-622,0,0,,,
candmirror,cand_dsm6_1600,1612,0,139311,136335,2976,0,0,,,
candmirror,cand_dsm6_1600,1612,1,139311,136335,2976,0,0,,,
candmirror,cand_dsm6_1600,1613,0,71595,69946,1649,0,0,,,
candmirror,cand_dsm6_1600,1613,1,78994,77471,1523,0,0,,,
candmirror,cand_dsm6_1600,1614,0,121515,122491,-976,0,0,,,
candmirror,cand_dsm6_1600,1614,1,95080,96920,-1840,0,0,,,
candmirror,cand_dsm6_1600,1615,0,101251,103062,-1811,0,0,,,
candmirror,cand_dsm6_1600,1615,1,101251,103062,-1811,0,0,,,
candmirror,cand_dsm6_1600,1616,0,144235,143351,884,0,0,,,
candmirror,cand_dsm6_1600,1616,1,144235,143351,884,0,0,,,
candmirror,cand_dsm6_1600,1617,0,111147,109595,1552,0,0,,,
candmirror,cand_dsm6_1600,1617,1,111147,109595,1552,0,0,,,
candmirror,cand_dsm6_1600,1618,0,107582,104054,3528,0,0,,,
candmirror,cand_dsm6_1600,1618,1,107582,104054,3528,0,0,,,
candmirror,cand_dsm6_1600,1619,0,107281,104690,2591,0,0,,,
candmirror,cand_dsm6_1600,1619,1,107281,104690,2591,0,0,,,
candmirror,cand_dsm6dl22_1500,1500,0,106590,106015,575,0,0,,,
candmirror,cand_dsm6dl22_1500,1500,1,106526,106523,3,0,0,,,
candmirror,cand_dsm6dl22_1500,1501,0,125887,124039,1848,0,0,,,
candmirror,cand_dsm6dl22_1500,1501,1,126965,124852,2113,0,0,,,
candmirror,cand_dsm6dl22_1500,1502,0,73834,69955,3879,0,0,,,
candmirror,cand_dsm6dl22_1500,1502,1,73834,69955,3879,0,0,,,
candmirror,cand_dsm6dl22_1500,1503,0,126013,126342,-329,0,0,,,
candmirror,cand_dsm6dl22_1500,1503,1,126222,126122,100,0,0,,,
candmirror,cand_dsm6dl22_1500,1504,0,114097,114296,-199,0,0,,,
candmirror,cand_dsm6dl22_1500,1504,1,114119,114203,-84,0,0,,,
candmirror,cand_dsm6dl22_1500,1505,0,93451,95681,-2230,0,0,,,
candmirror,cand_dsm6dl22_1500,1505,1,95825,93487,2338,0,0,,,
candmirror,cand_dsm6dl22_1500,1506,0,117676,118942,-1266,0,0,,,
candmirror,cand_dsm6dl22_1500,1506,1,117676,118942,-1266,0,0,,,
candmirror,cand_dsm6dl22_1500,1507,0,105950,108582,-2632,0,0,,,
candmirror,cand_dsm6dl22_1500,1507,1,105950,108582,-2632,0,0,,,
candmirror,cand_dsm6dl22_1500,1508,0,126184,121088,5096,0,0,,,
candmirror,cand_dsm6dl22_1500,1508,1,126064,120723,5341,0,0,,,
candmirror,cand_dsm6dl22_1500,1509,0,94434,95232,-798,0,0,,,
candmirror,cand_dsm6dl22_1500,1509,1,94434,95232,-798,0,0,,,
candmirror,cand_dsm6dl22_1500,1510,0,130456,129247,1209,0,0,,,
candmirror,cand_dsm6dl22_1500,1510,1,129072,129843,-771,0,0,,,
candmirror,cand_dsm6dl22_1500,1511,0,100753,97141,3612,0,0,,,
candmirror,cand_dsm6dl22_1500,1511,1,116833,114264,2569,0,0,,,
candmirror,cand_dsm6dl22_1500,1512,0,153412,147942,5470,0,0,,,
candmirror,cand_dsm6dl22_1500,1512,1,153412,147942,5470,0,0,,,
candmirror,cand_dsm6dl22_1500,1513,0,99353,103374,-4021,0,0,,,
candmirror,cand_dsm6dl22_1500,1513,1,99353,103374,-4021,0,0,,,
candmirror,cand_dsm6dl22_1500,1514,0,105125,105520,-395,0,0,,,
candmirror,cand_dsm6dl22_1500,1514,1,110735,111917,-1182,0,0,,,
candmirror,cand_dsm6dl22_1500,1515,0,108787,106991,1796,0,0,,,
candmirror,cand_dsm6dl22_1500,1515,1,108787,106991,1796,0,0,,,
candmirror,cand_dsm6dl22_1500,1516,0,109555,110728,-1173,0,0,,,
candmirror,cand_dsm6dl22_1500,1516,1,109555,110728,-1173,0,0,,,
candmirror,cand_dsm6dl22_1500,1517,0,113284,112340,944,0,0,,,
candmirror,cand_dsm6dl22_1500,1517,1,113284,112340,944,0,0,,,
candmirror,cand_dsm6dl22_1500,1518,0,128349,123929,4420,0,0,,,
candmirror,cand_dsm6dl22_1500,1518,1,128349,123929,4420,0,0,,,
candmirror,cand_dsm6dl22_1500,1519,0,100791,101302,-511,0,0,,,
candmirror,cand_dsm6dl22_1500,1519,1,101083,101027,56,0,0,,,
candmirror,cand_dsm6hc_1300,1300,0,93331,93331,0,0,0,,,
candmirror,cand_dsm6hc_1300,1300,1,93331,93331,0,0,0,,,
candmirror,cand_dsm6hc_1300,1301,0,114554,114617,-63,0,0,,,
candmirror,cand_dsm6hc_1300,1301,1,114617,114554,63,0,0,,,
candmirror,cand_dsm6hc_1300,1302,0,84108,84108,0,0,0,,,
candmirror,cand_dsm6hc_1300,1302,1,84108,84108,0,0,0,,,
candmirror,cand_dsm6hc_1300,1303,0,101257,102340,-1083,0,0,,,
candmirror,cand_dsm6hc_1300,1303,1,102340,101257,1083,0,0,,,
candmirror,cand_dsm6hc_1300,1304,0,95083,95083,0,0,0,,,
candmirror,cand_dsm6hc_1300,1304,1,95083,95083,0,0,0,,,
candmirror,cand_dsm6hc_1300,1305,0,94348,96756,-2408,0,0,,,
candmirror,cand_dsm6hc_1300,1305,1,96756,94348,2408,0,0,,,
candmirror,cand_dsm6hc_1300,1306,0,109817,109961,-144,0,0,,,
candmirror,cand_dsm6hc_1300,1306,1,109961,109817,144,0,0,,,
candmirror,cand_dsm6hc_1300,1307,0,96357,96357,0,0,0,,,
candmirror,cand_dsm6hc_1300,1307,1,96357,96357,0,0,0,,,
candmirror,cand_dsm6hc_1300,1308,0,111452,111452,0,0,0,,,
candmirror,cand_dsm6hc_1300,1308,1,111452,111452,0,0,0,,,
candmirror,cand_dsm6hc_1300,1309,0,91989,91989,0,0,0,,,
candmirror,cand_dsm6hc_1300,1309,1,91989,91989,0,0,0,,,
candmirror,cand_dsm6hc_1300,1310,0,119020,119020,0,0,0,,,
candmirror,cand_dsm6hc_1300,1310,1,119020,119020,0,0,0,,,
candmirror,cand_dsm6hc_1300,1311,0,98592,98573,19,0,0,,,
candmirror,cand_dsm6hc_1300,1311,1,98573,98592,-19,0,0,,,
candmirror,cand_dsm6hc_1300,1312,0,123393,123393,0,0,0,,,
candmirror,cand_dsm6hc_1300,1312,1,123393,123393,0,0,0,,,
candmirror,cand_dsm6hc_1300,1313,0,110588,109250,1338,0,0,,,
candmirror,cand_dsm6hc_1300,1313,1,109250,110588,-1338,0,0,,,
candmirror,cand_dsm6hc_1300,1314,0,106634,108081,-1447,0,0,,,
candmirror,cand_dsm6hc_1300,1314,1,108081,106634,1447,0,0,,,
candmirror,cand_dsm6hc_1300,1315,0,102258,102258,0,0,0,,,
candmirror,cand_dsm6hc_1300,1315,1,102258,102258,0,0,0,,,
candmirror,cand_dsm6hc_1300,1316,0,137173,135854,1319,0,0,,,
candmirror,cand_dsm6hc_1300,1316,1,135854,137173,-1319,0,0,,,
candmirror,cand_dsm6hc_1300,1317,0,112030,112030,0,0,0,,,
candmirror,cand_dsm6hc_1300,1317,1,112030,112030,0,0,0,,,
candmirror,cand_dsm6hc_1300,1318,0,129257,129257,0,0,0,,,
candmirror,cand_dsm6hc_1300,1318,1,129257,129257,0,0,0,,,
candmirror,cand_dsm6hc_1300,1319,0,85425,85425,0,0,0,,,
candmirror,cand_dsm6hc_1300,1319,1,85425,85425,0,0,0,,,
candmirror,cand_dsm6hc_1400,1400,0,106929,106929,0,0,0,,,
candmirror,cand_dsm6hc_1400,1400,1,106929,106929,0,0,0,,,
candmirror,cand_dsm6hc_1400,1401,0,88313,88316,-3,0,0,,,
candmirror,cand_dsm6hc_1400,1401,1,88316,88313,3,0,0,,,
candmirror,cand_dsm6hc_1400,1402,0,112435,112435,0,0,0,,,
candmirror,cand_dsm6hc_1400,1402,1,112435,112435,0,0,0,,,
candmirror,cand_dsm6hc_1400,1403,0,108533,108533,0,0,0,,,
candmirror,cand_dsm6hc_1400,1403,1,108533,108533,0,0,0,,,
candmirror,cand_dsm6hc_1400,1404,0,96276,96276,0,0,0,,,
candmirror,cand_dsm6hc_1400,1404,1,96276,96276,0,0,0,,,
candmirror,cand_dsm6hc_1400,1405,0,122333,125124,-2791,0,0,,,
candmirror,cand_dsm6hc_1400,1405,1,125124,122333,2791,0,0,,,
candmirror,cand_dsm6hc_1400,1406,0,99991,99969,22,0,0,,,
candmirror,cand_dsm6hc_1400,1406,1,99969,99991,-22,0,0,,,
candmirror,cand_dsm6hc_1400,1407,0,106271,106271,0,0,0,,,
candmirror,cand_dsm6hc_1400,1407,1,106271,106271,0,0,0,,,
candmirror,cand_dsm6hc_1400,1408,0,118331,118331,0,0,0,,,
candmirror,cand_dsm6hc_1400,1408,1,118331,118331,0,0,0,,,
candmirror,cand_dsm6hc_1400,1409,0,110692,110692,0,0,0,,,
candmirror,cand_dsm6hc_1400,1409,1,110692,110692,0,0,0,,,
candmirror,cand_dsm6hc_1400,1410,0,158144,159128,-984,0,0,,,
candmirror,cand_dsm6hc_1400,1410,1,159128,158144,984,0,0,,,
candmirror,cand_dsm6hc_1400,1411,0,102164,100913,1251,0,0,,,
candmirror,cand_dsm6hc_1400,1411,1,100913,102164,-1251,0,0,,,
candmirror,cand_dsm6hc_1400,1412,0,98115,95919,2196,0,0,,,
candmirror,cand_dsm6hc_1400,1412,1,95919,98115,-2196,0,0,,,
candmirror,cand_dsm6hc_1400,1413,0,115304,118593,-3289,0,0,,,
candmirror,cand_dsm6hc_1400,1413,1,118593,115304,3289,0,0,,,
candmirror,cand_dsm6hc_1400,1414,0,118982,118982,0,0,0,,,
candmirror,cand_dsm6hc_1400,1414,1,118982,118982,0,0,0,,,
candmirror,cand_dsm6hc_1400,1415,0,88347,88347,0,0,0,,,
candmirror,cand_dsm6hc_1400,1415,1,88347,88347,0,0,0,,,
candmirror,cand_dsm6hc_1400,1416,0,106646,104927,1719,0,0,,,
candmirror,cand_dsm6hc_1400,1416,1,104927,106646,-1719,0,0,,,
candmirror,cand_dsm6hc_1400,1417,0,114045,114458,-413,0,0,,,
candmirror,cand_dsm6hc_1400,1417,1,114458,114045,413,0,0,,,
candmirror,cand_dsm6hc_1400,1418,0,93856,93856,0,0,0,,,
candmirror,cand_dsm6hc_1400,1418,1,93856,93856,0,0,0,,,
candmirror,cand_dsm6hc_1400,1419,0,125145,127583,-2438,0,0,,,
candmirror,cand_dsm6hc_1400,1419,1,127583,125145,2438,0,0,,,
candmirror,cand_dsm6hc_1500,1500,0,100320,100269,51,0,0,,,
candmirror,cand_dsm6hc_1500,1500,1,101426,101688,-262,0,0,,,
candmirror,cand_dsm6hc_1500,1501,0,105020,105304,-284,0,0,,,
candmirror,cand_dsm6hc_1500,1501,1,105304,105020,284,0,0,,,
candmirror,cand_dsm6hc_1500,1502,0,102738,102738,0,0,0,,,
candmirror,cand_dsm6hc_1500,1502,1,102738,102738,0,0,0,,,
candmirror,cand_dsm6hc_1500,1503,0,109204,109396,-192,0,0,,,
candmirror,cand_dsm6hc_1500,1503,1,109396,109204,192,0,0,,,
candmirror,cand_dsm6hc_1500,1504,0,96512,96512,0,0,0,,,
candmirror,cand_dsm6hc_1500,1504,1,96512,96512,0,0,0,,,
candmirror,cand_dsm6hc_1500,1505,0,87363,81773,5590,0,0,,,
candmirror,cand_dsm6hc_1500,1505,1,81739,87261,-5522,0,0,,,
candmirror,cand_dsm6hc_1500,1506,0,129546,129546,0,0,0,,,
candmirror,cand_dsm6hc_1500,1506,1,129546,129546,0,0,0,,,
candmirror,cand_dsm6hc_1500,1507,0,131412,132329,-917,0,0,,,
candmirror,cand_dsm6hc_1500,1507,1,132329,131412,917,0,0,,,
candmirror,cand_dsm6hc_1500,1508,0,111314,111314,0,0,0,,,
candmirror,cand_dsm6hc_1500,1508,1,111314,111314,0,0,0,,,
candmirror,cand_dsm6hc_1500,1509,0,89351,89389,-38,0,0,,,
candmirror,cand_dsm6hc_1500,1509,1,89389,89351,38,0,0,,,
candmirror,cand_dsm6hc_1500,1510,0,140488,140087,401,0,0,,,
candmirror,cand_dsm6hc_1500,1510,1,140087,140488,-401,0,0,,,
candmirror,cand_dsm6hc_1500,1511,0,112491,112872,-381,0,0,,,
candmirror,cand_dsm6hc_1500,1511,1,112872,112491,381,0,0,,,
candmirror,cand_dsm6hc_1500,1512,0,107267,107248,19,0,0,,,
candmirror,cand_dsm6hc_1500,1512,1,107248,107267,-19,0,0,,,
candmirror,cand_dsm6hc_1500,1513,0,97450,97450,0,0,0,,,
candmirror,cand_dsm6hc_1500,1513,1,97450,97450,0,0,0,,,
candmirror,cand_dsm6hc_1500,1514,0,108595,112163,-3568,0,0,,,
candmirror,cand_dsm6hc_1500,1514,1,112163,108595,3568,0,0,,,
candmirror,cand_dsm6hc_1500,1515,0,106603,106603,0,0,0,,,
candmirror,cand_dsm6hc_1500,1515,1,106603,106603,0,0,0,,,
candmirror,cand_dsm6hc_1500,1516,0,115600,115600,0,0,0,,,
candmirror,cand_dsm6hc_1500,1516,1,115600,115600,0,0,0,,,
candmirror,cand_dsm6hc_1500,1517,0,80957,80957,0,0,0,,,
candmirror,cand_dsm6hc_1500,1517,1,80957,80957,0,0,0,,,
candmirror,cand_dsm6hc_1500,1518,0,120439,120439,0,0,0,,,
candmirror,cand_dsm6hc_1500,1518,1,120439,120439,0,0,0,,,
candmirror,cand_dsm6hc_1500,1519,0,101124,99543,1581,0,0,,,
candmirror,cand_dsm6hc_1500,1519,1,99543,101124,-1581,0,0,,,
candmirror,cand_dsm6s100_1400,1400,0,92638,97105,-4467,0,0,,,
candmirror,cand_dsm6s100_1400,1400,1,92638,97105,-4467,0,0,,,
candmirror,cand_dsm6s100_1400,1401,0,116496,122381,-5885,0,0,,,
candmirror,cand_dsm6s100_1400,1401,1,116496,122381,-5885,0,0,,,
candmirror,cand_dsm6s100_1400,1402,0,91468,96633,-5165,0,0,,,
candmirror,cand_dsm6s100_1400,1402,1,91468,96633,-5165,0,0,,,
candmirror,cand_dsm6s100_1400,1403,0,102081,101171,910,0,0,,,
candmirror,cand_dsm6s100_1400,1403,1,102081,101171,910,0,0,,,
candmirror,cand_dsm6s100_1400,1404,0,89111,83543,5568,0,0,,,
candmirror,cand_dsm6s100_1400,1404,1,89111,83543,5568,0,0,,,
candmirror,cand_dsm6s100_1400,1405,0,131002,137549,-6547,0,0,,,
candmirror,cand_dsm6s100_1400,1405,1,119205,125390,-6185,0,0,,,
candmirror,cand_dsm6s100_1400,1406,0,125363,129526,-4163,0,0,,,
candmirror,cand_dsm6s100_1400,1406,1,125363,129526,-4163,0,0,,,
candmirror,cand_dsm6s100_1400,1407,0,130636,127607,3029,0,0,,,
candmirror,cand_dsm6s100_1400,1407,1,130636,127607,3029,0,0,,,
candmirror,cand_dsm6s100_1400,1408,0,123127,121906,1221,0,0,,,
candmirror,cand_dsm6s100_1400,1408,1,123127,121906,1221,0,0,,,
candmirror,cand_dsm6s100_1400,1409,0,106080,106760,-680,0,0,,,
candmirror,cand_dsm6s100_1400,1409,1,106354,106743,-389,0,0,,,
candmirror,cand_dsm6s100_1400,1410,0,102135,103501,-1366,0,0,,,
candmirror,cand_dsm6s100_1400,1410,1,102135,103501,-1366,0,0,,,
candmirror,cand_dsm6s100_1400,1411,0,142515,146770,-4255,0,0,,,
candmirror,cand_dsm6s100_1400,1411,1,131258,130522,736,0,0,,,
candmirror,cand_dsm6s100_1400,1412,0,103752,106068,-2316,0,0,,,
candmirror,cand_dsm6s100_1400,1412,1,87018,86998,20,0,0,,,
candmirror,cand_dsm6s100_1400,1413,0,94748,94230,518,0,0,,,
candmirror,cand_dsm6s100_1400,1413,1,107996,106291,1705,0,0,,,
candmirror,cand_dsm6s100_1400,1414,0,111022,115199,-4177,0,0,,,
candmirror,cand_dsm6s100_1400,1414,1,111022,115199,-4177,0,0,,,
candmirror,cand_dsm6s100_1400,1415,0,84287,84114,173,0,0,,,
candmirror,cand_dsm6s100_1400,1415,1,84287,84114,173,0,0,,,
candmirror,cand_dsm6s100_1400,1416,0,110522,108868,1654,0,0,,,
candmirror,cand_dsm6s100_1400,1416,1,108871,108603,268,0,0,,,
candmirror,cand_dsm6s100_1400,1417,0,108891,104139,4752,0,0,,,
candmirror,cand_dsm6s100_1400,1417,1,108891,104139,4752,0,0,,,
candmirror,cand_dsm6s100_1400,1418,0,89311,90133,-822,0,0,,,
candmirror,cand_dsm6s100_1400,1418,1,89311,90133,-822,0,0,,,
candmirror,cand_dsm6s100_1400,1419,0,138613,137067,1546,0,0,,,
candmirror,cand_dsm6s100_1400,1419,1,148288,149127,-839,0,0,,,
candmirror,cand_ens_1400,1400,0,107910,110424,-2514,0,0,,,
candmirror,cand_ens_1400,1400,1,107910,110424,-2514,0,0,,,
candmirror,cand_ens_1400,1401,0,94507,89949,4558,0,0,,,
candmirror,cand_ens_1400,1401,1,97672,97811,-139,0,0,,,
candmirror,cand_ens_1400,1402,0,140238,137049,3189,0,0,,,
candmirror,cand_ens_1400,1402,1,140238,137049,3189,0,0,,,
candmirror,cand_ens_1400,1403,0,100854,101736,-882,0,0,,,
candmirror,cand_ens_1400,1403,1,100854,101736,-882,0,0,,,
candmirror,cand_ens_1400,1404,0,93497,96799,-3302,0,0,,,
candmirror,cand_ens_1400,1404,1,93406,96847,-3441,0,0,,,
candmirror,cand_ens_1400,1405,0,114584,118635,-4051,0,0,,,
candmirror,cand_ens_1400,1405,1,128972,136164,-7192,0,0,,,
candmirror,cand_ens_1400,1406,0,148768,151293,-2525,0,0,,,
candmirror,cand_ens_1400,1406,1,148768,151293,-2525,0,0,,,
candmirror,cand_ens_1400,1407,0,122792,125590,-2798,0,0,,,
candmirror,cand_ens_1400,1407,1,122792,125590,-2798,0,0,,,
candmirror,cand_ens_1400,1408,0,123917,125386,-1469,0,0,,,
candmirror,cand_ens_1400,1408,1,123917,125386,-1469,0,0,,,
candmirror,cand_ens_1400,1409,0,100607,95848,4759,0,0,,,
candmirror,cand_ens_1400,1409,1,100607,95848,4759,0,0,,,
candmirror,cand_ens_1400,1410,0,73731,78694,-4963,0,0,,,
candmirror,cand_ens_1400,1410,1,73731,78694,-4963,0,0,,,
candmirror,cand_ens_1400,1411,0,102027,103472,-1445,0,0,,,
candmirror,cand_ens_1400,1411,1,99878,100347,-469,0,0,,,
candmirror,cand_ens_1400,1412,0,101858,103398,-1540,0,0,,,
candmirror,cand_ens_1400,1412,1,112222,115023,-2801,0,0,,,
candmirror,cand_ens_1400,1413,0,108162,108922,-760,0,0,,,
candmirror,cand_ens_1400,1413,1,117096,113388,3708,0,0,,,
candmirror,cand_ens_1400,1414,0,115112,118801,-3689,0,0,,,
candmirror,cand_ens_1400,1414,1,115112,118801,-3689,0,0,,,
candmirror,cand_ens_1400,1415,0,95895,96685,-790,0,0,,,
candmirror,cand_ens_1400,1415,1,95895,96685,-790,0,0,,,
candmirror,cand_ens_1400,1416,0,130164,128720,1444,0,0,,,
candmirror,cand_ens_1400,1416,1,129623,128133,1490,0,0,,,
candmirror,cand_ens_1400,1417,0,107365,107728,-363,0,0,,,
candmirror,cand_ens_1400,1417,1,107365,107728,-363,0,0,,,
candmirror,cand_ens_1400,1418,0,97070,97373,-303,0,0,,,
candmirror,cand_ens_1400,1418,1,89539,90788,-1249,0,0,,,
candmirror,cand_ens_1400,1419,0,114195,119560,-5365,0,0,,,
candmirror,cand_ens_1400,1419,1,130306,134096,-3790,0,0,,,
candmirror,cand_lv12_1300,1300,0,89435,92033,-2598,0,0,,,
candmirror,cand_lv12_1300,1300,1,92488,89738,2750,0,0,,,
candmirror,cand_lv12_1300,1301,0,125427,125427,0,0,0,,,
candmirror,cand_lv12_1300,1301,1,125427,125427,0,0,0,,,
candmirror,cand_lv12_1300,1302,0,79179,80144,-965,0,0,,,
candmirror,cand_lv12_1300,1302,1,79179,80144,-965,0,0,,,
candmirror,cand_lv12_1300,1303,0,94712,94638,74,0,0,,,
candmirror,cand_lv12_1300,1303,1,94638,94712,-74,0,0,,,
candmirror,cand_lv12_1300,1304,0,79418,83432,-4014,0,0,,,
candmirror,cand_lv12_1300,1304,1,79418,83432,-4014,0,0,,,
candmirror,cand_lv12_1300,1305,0,108392,114530,-6138,0,0,,,
candmirror,cand_lv12_1300,1305,1,108392,114530,-6138,0,0,,,
candmirror,cand_lv12_1300,1306,0,82165,83487,-1322,0,0,,,
candmirror,cand_lv12_1300,1306,1,82165,83487,-1322,0,0,,,
candmirror,cand_lv12_1300,1307,0,113159,114671,-1512,0,0,,,
candmirror,cand_lv12_1300,1307,1,90038,93181,-3143,0,0,,,
candmirror,cand_lv12_1300,1308,0,108228,113288,-5060,0,0,,,
candmirror,cand_lv12_1300,1308,1,108228,113288,-5060,0,0,,,
candmirror,cand_lv12_1300,1309,0,116626,113826,2800,0,0,,,
candmirror,cand_lv12_1300,1309,1,116626,113826,2800,0,0,,,
candmirror,cand_lv12_1300,1310,0,106805,111226,-4421,0,0,,,
candmirror,cand_lv12_1300,1310,1,106803,111228,-4425,0,0,,,
candmirror,cand_lv12_1300,1311,0,141946,143260,-1314,0,0,,,
candmirror,cand_lv12_1300,1311,1,141946,143260,-1314,0,0,,,
candmirror,cand_lv12_1300,1312,0,125571,127826,-2255,0,0,,,
candmirror,cand_lv12_1300,1312,1,125571,127826,-2255,0,0,,,
candmirror,cand_lv12_1300,1313,0,119785,129035,-9250,0,0,,,
candmirror,cand_lv12_1300,1313,1,118128,134886,-16758,0,0,,,
candmirror,cand_lv12_1300,1314,0,106109,110611,-4502,0,0,,,
candmirror,cand_lv12_1300,1314,1,111561,114210,-2649,0,0,,,
candmirror,cand_lv12_1300,1315,0,99631,107415,-7784,0,0,,,
candmirror,cand_lv12_1300,1315,1,101040,108907,-7867,0,0,,,
candmirror,cand_lv12_1300,1316,0,118897,119050,-153,0,0,,,
candmirror,cand_lv12_1300,1316,1,110934,111644,-710,0,0,,,
candmirror,cand_lv12_1300,1317,0,123113,119058,4055,0,0,,,
candmirror,cand_lv12_1300,1317,1,117844,121992,-4148,0,0,,,
candmirror,cand_lv12_1300,1318,0,102168,103393,-1225,0,0,,,
candmirror,cand_lv12_1300,1318,1,102168,103393,-1225,0,0,,,
candmirror,cand_lv12_1300,1319,0,112440,118936,-6496,0,0,,,
candmirror,cand_lv12_1300,1319,1,112440,118936,-6496,0,0,,,
candmirror,cand_open_dsm_1300,1300,0,89499,92438,-2939,0,0,,,
candmirror,cand_open_dsm_1300,1300,1,89499,92438,-2939,0,0,,,
candmirror,cand_open_dsm_1300,1301,0,128231,125659,2572,0,0,,,
candmirror,cand_open_dsm_1300,1301,1,128231,125659,2572,0,0,,,
candmirror,cand_open_dsm_1300,1302,0,118177,122017,-3840,0,0,,,
candmirror,cand_open_dsm_1300,1302,1,118177,122017,-3840,0,0,,,
candmirror,cand_open_dsm_1300,1303,0,118211,118567,-356,0,0,,,
candmirror,cand_open_dsm_1300,1303,1,156316,155055,1261,0,0,,,
candmirror,cand_open_dsm_1300,1304,0,90897,89576,1321,0,0,,,
candmirror,cand_open_dsm_1300,1304,1,90897,89576,1321,0,0,,,
candmirror,cand_open_dsm_1300,1305,0,89484,90507,-1023,0,0,,,
candmirror,cand_open_dsm_1300,1305,1,83096,84390,-1294,0,0,,,
candmirror,cand_open_dsm_1300,1306,0,156216,152361,3855,0,0,,,
candmirror,cand_open_dsm_1300,1306,1,159074,152456,6618,0,0,,,
candmirror,cand_open_dsm_1300,1307,0,102289,103293,-1004,0,0,,,
candmirror,cand_open_dsm_1300,1307,1,102241,103203,-962,0,0,,,
candmirror,cand_open_dsm_1300,1308,0,130965,132952,-1987,0,0,,,
candmirror,cand_open_dsm_1300,1308,1,130965,132952,-1987,0,0,,,
candmirror,cand_open_dsm_1300,1309,0,91734,92859,-1125,0,0,,,
candmirror,cand_open_dsm_1300,1309,1,91734,92859,-1125,0,0,,,
candmirror,cand_open_dsm_1300,1310,0,104920,103620,1300,0,0,,,
candmirror,cand_open_dsm_1300,1310,1,104920,103620,1300,0,0,,,
candmirror,cand_open_dsm_1300,1311,0,82402,81174,1228,0,0,,,
candmirror,cand_open_dsm_1300,1311,1,82333,81198,1135,0,0,,,
candmirror,cand_open_dsm_1300,1312,0,131027,132276,-1249,0,0,,,
candmirror,cand_open_dsm_1300,1312,1,129982,131782,-1800,0,0,,,
candmirror,cand_open_dsm_1300,1313,0,112051,111477,574,0,0,,,
candmirror,cand_open_dsm_1300,1313,1,127350,121441,5909,0,0,,,
candmirror,cand_open_dsm_1300,1314,0,110268,110889,-621,0,0,,,
candmirror,cand_open_dsm_1300,1314,1,136278,130646,5632,0,0,,,
candmirror,cand_open_dsm_1300,1315,0,101844,103415,-1571,0,0,,,
candmirror,cand_open_dsm_1300,1315,1,101844,103415,-1571,0,0,,,
candmirror,cand_open_dsm_1300,1316,0,130190,135770,-5580,0,0,,,
candmirror,cand_open_dsm_1300,1316,1,105082,106474,-1392,0,0,,,
candmirror,cand_open_dsm_1300,1317,0,125231,127844,-2613,0,0,,,
candmirror,cand_open_dsm_1300,1317,1,125231,127844,-2613,0,0,,,
candmirror,cand_open_dsm_1300,1318,0,144813,145327,-514,0,0,,,
candmirror,cand_open_dsm_1300,1318,1,146091,146585,-494,0,0,,,
candmirror,cand_open_dsm_1300,1319,0,95156,93029,2127,0,0,,,
candmirror,cand_open_dsm_1300,1319,1,95156,93029,2127,0,0,,,
candmirror,cand_open_majkel_1300,1300,0,81396,86463,-5067,0,0,,,
candmirror,cand_open_majkel_1300,1300,1,81396,86463,-5067,0,0,,,
candmirror,cand_open_majkel_1300,1301,0,107343,101587,5756,0,0,,,
candmirror,cand_open_majkel_1300,1301,1,107343,101587,5756,0,0,,,
candmirror,cand_open_majkel_1300,1302,0,84882,88908,-4026,0,0,,,
candmirror,cand_open_majkel_1300,1302,1,84882,88908,-4026,0,0,,,
candmirror,cand_open_majkel_1300,1303,0,124258,126666,-2408,0,0,,,
candmirror,cand_open_majkel_1300,1303,1,124217,126667,-2450,0,0,,,
candmirror,cand_open_majkel_1300,1304,0,100652,110638,-9986,0,0,,,
candmirror,cand_open_majkel_1300,1304,1,100652,110638,-9986,0,0,,,
candmirror,cand_open_majkel_1300,1305,0,137093,130984,6109,0,0,,,
candmirror,cand_open_majkel_1300,1305,1,137093,130984,6109,0,0,,,
candmirror,cand_open_majkel_1300,1306,0,88035,91405,-3370,0,0,,,
candmirror,cand_open_majkel_1300,1306,1,95381,99250,-3869,0,0,,,
candmirror,cand_open_majkel_1300,1307,0,127942,124618,3324,0,0,,,
candmirror,cand_open_majkel_1300,1307,1,111919,118454,-6535,0,0,,,
candmirror,cand_open_majkel_1300,1308,0,127861,130658,-2797,0,0,,,
candmirror,cand_open_majkel_1300,1308,1,127861,130658,-2797,0,0,,,
candmirror,cand_open_majkel_1300,1309,0,82938,89117,-6179,0,0,,,
candmirror,cand_open_majkel_1300,1309,1,82938,89117,-6179,0,0,,,
candmirror,cand_open_majkel_1300,1310,0,121068,118294,2774,0,0,,,
candmirror,cand_open_majkel_1300,1310,1,120596,126645,-6049,0,0,,,
candmirror,cand_open_majkel_1300,1311,0,98063,101852,-3789,0,0,,,
candmirror,cand_open_majkel_1300,1311,1,97970,102712,-4742,0,0,,,
candmirror,cand_open_majkel_1300,1312,0,105970,107294,-1324,0,0,,,
candmirror,cand_open_majkel_1300,1312,1,105970,107294,-1324,0,0,,,
candmirror,cand_open_majkel_1300,1313,0,113997,115278,-1281,0,0,,,
candmirror,cand_open_majkel_1300,1313,1,101856,101407,449,0,0,,,
candmirror,cand_open_majkel_1300,1314,0,83479,89496,-6017,0,0,,,
candmirror,cand_open_majkel_1300,1314,1,92697,94974,-2277,0,0,,,
candmirror,cand_open_majkel_1300,1315,0,90105,90051,54,0,0,,,
candmirror,cand_open_majkel_1300,1315,1,90105,90051,54,0,0,,,
candmirror,cand_open_majkel_1300,1316,0,72888,78663,-5775,0,0,,,
candmirror,cand_open_majkel_1300,1316,1,72888,78663,-5775,0,0,,,
candmirror,cand_open_majkel_1300,1317,0,125700,136641,-10941,0,0,,,
candmirror,cand_open_majkel_1300,1317,1,125605,136726,-11121,0,0,,,
candmirror,cand_open_majkel_1300,1318,0,68043,75806,-7763,0,0,,,
candmirror,cand_open_majkel_1300,1318,1,68043,75806,-7763,0,0,,,
candmirror,cand_open_majkel_1300,1319,0,83940,86295,-2355,0,0,,,
candmirror,cand_open_majkel_1300,1319,1,83940,86295,-2355,0,0,,,
candmirror,cand_qa60_6_14_1300,1300,0,93331,93331,0,0,0,,,
candmirror,cand_qa60_6_14_1300,1300,1,93331,93331,0,0,0,,,
candmirror,cand_qa60_6_14_1300,1301,0,120861,125305,-4444,0,0,,,
candmirror,cand_qa60_6_14_1300,1301,1,120861,125305,-4444,0,0,,,
candmirror,cand_qa60_6_14_1300,1302,0,77218,79193,-1975,0,0,,,
candmirror,cand_qa60_6_14_1300,1302,1,77218,79193,-1975,0,0,,,
candmirror,cand_qa60_6_14_1300,1303,0,86351,84265,2086,0,0,,,
candmirror,cand_qa60_6_14_1300,1303,1,85883,84709,1174,0,0,,,
candmirror,cand_qa60_6_14_1300,1304,0,95083,95083,0,0,0,,,
candmirror,cand_qa60_6_14_1300,1304,1,95083,95083,0,0,0,,,
candmirror,cand_qa60_6_14_1300,1305,0,94348,96756,-2408,0,0,,,
candmirror,cand_qa60_6_14_1300,1305,1,96756,94348,2408,0,0,,,
candmirror,cand_qa60_6_14_1300,1306,0,109817,109961,-144,0,0,,,
candmirror,cand_qa60_6_14_1300,1306,1,109961,109817,144,0,0,,,
candmirror,cand_qa60_6_14_1300,1307,0,92080,91724,356,0,0,,,
candmirror,cand_qa60_6_14_1300,1307,1,92017,91681,336,0,0,,,
candmirror,cand_qa60_6_14_1300,1308,0,114496,112042,2454,0,0,,,
candmirror,cand_qa60_6_14_1300,1308,1,114496,112042,2454,0,0,,,
candmirror,cand_qa60_6_14_1300,1309,0,91568,91536,32,0,0,,,
candmirror,cand_qa60_6_14_1300,1309,1,91568,91536,32,0,0,,,
candmirror,cand_qa60_6_14_1300,1310,0,119020,119020,0,0,0,,,
candmirror,cand_qa60_6_14_1300,1310,1,119020,119020,0,0,0,,,
candmirror,cand_qa60_6_14_1300,1311,0,91764,91559,205,0,0,,,
candmirror,cand_qa60_6_14_1300,1311,1,91946,91547,399,0,0,,,
candmirror,cand_qa60_6_14_1300,1312,0,107517,106657,860,0,0,,,
candmirror,cand_qa60_6_14_1300,1312,1,107517,106657,860,0,0,,,
candmirror,cand_qa60_6_14_1300,1313,0,110588,109250,1338,0,0,,,
candmirror,cand_qa60_6_14_1300,1313,1,109250,110588,-1338,0,0,,,
candmirror,cand_qa60_6_14_1300,1314,0,106634,108081,-1447,0,0,,,
candmirror,cand_qa60_6_14_1300,1314,1,108081,106634,1447,0,0,,,
candmirror,cand_qa60_6_14_1300,1315,0,88628,87805,823,0,0,,,
candmirror,cand_qa60_6_14_1300,1315,1,88628,87805,823,0,0,,,
candmirror,cand_qa60_6_14_1300,1316,0,137173,135854,1319,0,0,,,
candmirror,cand_qa60_6_14_1300,1316,1,128194,131591,-3397,0,0,,,
candmirror,cand_qa60_6_14_1300,1317,0,112030,112030,0,0,0,,,
candmirror,cand_qa60_6_14_1300,1317,1,112030,112030,0,0,0,,,
candmirror,cand_qa60_6_14_1300,1318,0,135100,132020,3080,0,0,,,
candmirror,cand_qa60_6_14_1300,1318,1,135012,131879,3133,0,0,,,
candmirror,cand_qa60_6_14_1300,1319,0,85425,85425,0,0,0,,,
candmirror,cand_qa60_6_14_1300,1319,1,85425,85425,0,0,0,,,
candmirror,cand_qa70_6_12_1300,1300,0,92035,90860,1175,0,0,,,
candmirror,cand_qa70_6_12_1300,1300,1,92035,90860,1175,0,0,,,
candmirror,cand_qa70_6_12_1300,1301,0,120861,125305,-4444,0,0,,,
candmirror,cand_qa70_6_12_1300,1301,1,120861,125305,-4444,0,0,,,
candmirror,cand_qa70_6_12_1300,1302,0,79204,78838,366,0,0,,,
candmirror,cand_qa70_6_12_1300,1302,1,79204,78838,366,0,0,,,
candmirror,cand_qa70_6_12_1300,1303,0,98046,95890,2156,0,0,,,
candmirror,cand_qa70_6_12_1300,1303,1,97487,95872,1615,0,0,,,
candmirror,cand_qa70_6_12_1300,1304,0,85067,93348,-8281,0,0,,,
candmirror,cand_qa70_6_12_1300,1304,1,85067,93348,-8281,0,0,,,
candmirror,cand_qa70_6_12_1300,1305,0,94348,96756,-2408,0,0,,,
candmirror,cand_qa70_6_12_1300,1305,1,96756,94348,2408,0,0,,,
candmirror,cand_qa70_6_12_1300,1306,0,113367,111767,1600,0,0,,,
candmirror,cand_qa70_6_12_1300,1306,1,120271,117757,2514,0,0,,,
candmirror,cand_qa70_6_12_1300,1307,0,107358,105863,1495,0,0,,,
candmirror,cand_qa70_6_12_1300,1307,1,107362,105858,1504,0,0,,,
candmirror,cand_qa70_6_12_1300,1308,0,111452,111452,0,0,0,,,
candmirror,cand_qa70_6_12_1300,1308,1,111452,111452,0,0,0,,,
candmirror,cand_qa70_6_12_1300,1309,0,90292,88084,2208,0,0,,,
candmirror,cand_qa70_6_12_1300,1309,1,90292,88084,2208,0,0,,,
candmirror,cand_qa70_6_12_1300,1310,0,119020,119020,0,0,0,,,
candmirror,cand_qa70_6_12_1300,1310,1,119020,119020,0,0,0,,,
candmirror,cand_qa70_6_12_1300,1311,0,99167,97079,2088,0,0,,,
candmirror,cand_qa70_6_12_1300,1311,1,99167,97079,2088,0,0,,,
candmirror,cand_qa70_6_12_1300,1312,0,107517,106657,860,0,0,,,
candmirror,cand_qa70_6_12_1300,1312,1,107517,106657,860,0,0,,,
candmirror,cand_qa70_6_12_1300,1313,0,122320,123780,-1460,0,0,,,
candmirror,cand_qa70_6_12_1300,1313,1,117548,121103,-3555,0,0,,,
candmirror,cand_qa70_6_12_1300,1314,0,84512,84721,-209,0,0,,,
candmirror,cand_qa70_6_12_1300,1314,1,86231,83561,2670,0,0,,,
candmirror,cand_qa70_6_12_1300,1315,0,95849,94985,864,0,0,,,
candmirror,cand_qa70_6_12_1300,1315,1,95667,94876,791,0,0,,,
candmirror,cand_qa70_6_12_1300,1316,0,112607,112522,85,0,0,,,
candmirror,cand_qa70_6_12_1300,1316,1,115318,112560,2758,0,0,,,
candmirror,cand_qa70_6_12_1300,1317,0,122065,123184,-1119,0,0,,,
candmirror,cand_qa70_6_12_1300,1317,1,122065,123184,-1119,0,0,,,
candmirror,cand_qa70_6_12_1300,1318,0,135100,132020,3080,0,0,,,
candmirror,cand_qa70_6_12_1300,1318,1,135012,131879,3133,0,0,,,
candmirror,cand_qa70_6_12_1300,1319,0,85315,85435,-120,0,0,,,
candmirror,cand_qa70_6_12_1300,1319,1,85315,85435,-120,0,0,,,
candmirror,cand_qa70_8_14_1300,1300,0,92035,90860,1175,0,0,,,
candmirror,cand_qa70_8_14_1300,1300,1,92035,90860,1175,0,0,,,
candmirror,cand_qa70_8_14_1300,1301,0,121669,117785,3884,0,0,,,
candmirror,cand_qa70_8_14_1300,1301,1,121669,117785,3884,0,0,,,
candmirror,cand_qa70_8_14_1300,1302,0,85843,85273,570,0,0,,,
candmirror,cand_qa70_8_14_1300,1302,1,85843,85273,570,0,0,,,
candmirror,cand_qa70_8_14_1300,1303,0,98046,95890,2156,0,0,,,
candmirror,cand_qa70_8_14_1300,1303,1,97487,95872,1615,0,0,,,
candmirror,cand_qa70_8_14_1300,1304,0,85067,93348,-8281,0,0,,,
candmirror,cand_qa70_8_14_1300,1304,1,85067,93348,-8281,0,0,,,
candmirror,cand_qa70_8_14_1300,1305,0,94348,96756,-2408,0,0,,,
candmirror,cand_qa70_8_14_1300,1305,1,96756,94348,2408,0,0,,,
candmirror,cand_qa70_8_14_1300,1306,0,113367,111767,1600,0,0,,,
candmirror,cand_qa70_8_14_1300,1306,1,120271,117757,2514,0,0,,,
candmirror,cand_qa70_8_14_1300,1307,0,107358,105863,1495,0,0,,,
candmirror,cand_qa70_8_14_1300,1307,1,107362,105858,1504,0,0,,,
candmirror,cand_qa70_8_14_1300,1308,0,114496,112042,2454,0,0,,,
candmirror,cand_qa70_8_14_1300,1308,1,114496,112042,2454,0,0,,,
candmirror,cand_qa70_8_14_1300,1309,0,90292,88084,2208,0,0,,,
candmirror,cand_qa70_8_14_1300,1309,1,90292,88084,2208,0,0,,,
candmirror,cand_qa70_8_14_1300,1310,0,119020,119020,0,0,0,,,
candmirror,cand_qa70_8_14_1300,1310,1,119020,119020,0,0,0,,,
candmirror,cand_qa70_8_14_1300,1311,0,111840,110468,1372,0,0,,,
candmirror,cand_qa70_8_14_1300,1311,1,115305,113567,1738,0,0,,,
candmirror,cand_qa70_8_14_1300,1312,0,119251,116527,2724,0,0,,,
candmirror,cand_qa70_8_14_1300,1312,1,119251,116527,2724,0,0,,,
candmirror,cand_qa70_8_14_1300,1313,0,112600,111659,941,0,0,,,
candmirror,cand_qa70_8_14_1300,1313,1,109250,110588,-1338,0,0,,,
candmirror,cand_qa70_8_14_1300,1314,0,83203,83937,-734,0,0,,,
candmirror,cand_qa70_8_14_1300,1314,1,91554,91030,524,0,0,,,
candmirror,cand_qa70_8_14_1300,1315,0,96848,97708,-860,0,0,,,
candmirror,cand_qa70_8_14_1300,1315,1,96848,97708,-860,0,0,,,
candmirror,cand_qa70_8_14_1300,1316,0,137173,135854,1319,0,0,,,
candmirror,cand_qa70_8_14_1300,1316,1,128194,131591,-3397,0,0,,,
candmirror,cand_qa70_8_14_1300,1317,0,122065,123184,-1119,0,0,,,
candmirror,cand_qa70_8_14_1300,1317,1,122065,123184,-1119,0,0,,,
candmirror,cand_qa70_8_14_1300,1318,0,135100,132020,3080,0,0,,,
candmirror,cand_qa70_8_14_1300,1318,1,135012,131879,3133,0,0,,,
candmirror,cand_qa70_8_14_1300,1319,0,85315,85435,-120,0,0,,,
candmirror,cand_qa70_8_14_1300,1319,1,85315,85435,-120,0,0,,,
candmirror,cand_qa70_8_14_1400,1400,0,106929,106929,0,0,0,,,
candmirror,cand_qa70_8_14_1400,1400,1,106929,106929,0,0,0,,,
candmirror,cand_qa70_8_14_1400,1401,0,88313,88316,-3,0,0,,,
candmirror,cand_qa70_8_14_1400,1401,1,88316,88313,3,0,0,,,
candmirror,cand_qa70_8_14_1400,1402,0,112435,112435,0,0,0,,,
candmirror,cand_qa70_8_14_1400,1402,1,112435,112435,0,0,0,,,
candmirror,cand_qa70_8_14_1400,1403,0,105832,107880,-2048,0,0,,,
candmirror,cand_qa70_8_14_1400,1403,1,105832,107880,-2048,0,0,,,
candmirror,cand_qa70_8_14_1400,1404,0,90437,91004,-567,0,0,,,
candmirror,cand_qa70_8_14_1400,1404,1,90437,91004,-567,0,0,,,
candmirror,cand_qa70_8_14_1400,1405,0,134183,136036,-1853,0,0,,,
candmirror,cand_qa70_8_14_1400,1405,1,123453,120858,2595,0,0,,,
candmirror,cand_qa70_8_14_1400,1406,0,99991,99969,22,0,0,,,
candmirror,cand_qa70_8_14_1400,1406,1,99969,99991,-22,0,0,,,
candmirror,cand_qa70_8_14_1400,1407,0,146289,138979,7310,0,0,,,
candmirror,cand_qa70_8_14_1400,1407,1,146289,138979,7310,0,0,,,
candmirror,cand_qa70_8_14_1400,1408,0,116777,118602,-1825,0,0,,,
candmirror,cand_qa70_8_14_1400,1408,1,116777,118602,-1825,0,0,,,
candmirror,cand_qa70_8_14_1400,1409,0,100416,100349,67,0,0,,,
candmirror,cand_qa70_8_14_1400,1409,1,101550,100149,1401,0,0,,,
candmirror,cand_qa70_8_14_1400,1410,0,143589,141016,2573,0,0,,,
candmirror,cand_qa70_8_14_1400,1410,1,156180,153832,2348,0,0,,,
candmirror,cand_qa70_8_14_1400,1411,0,108001,106012,1989,0,0,,,
candmirror,cand_qa70_8_14_1400,1411,1,95092,97901,-2809,0,0,,,
candmirror,cand_qa70_8_14_1400,1412,0,96289,95189,1100,0,0,,,
candmirror,cand_qa70_8_14_1400,1412,1,102147,99764,2383,0,0,,,
candmirror,cand_qa70_8_14_1400,1413,0,119573,120229,-656,0,0,,,
candmirror,cand_qa70_8_14_1400,1413,1,110723,113006,-2283,0,0,,,
candmirror,cand_qa70_8_14_1400,1414,0,136161,136583,-422,0,0,,,
candmirror,cand_qa70_8_14_1400,1414,1,136161,136583,-422,0,0,,,
candmirror,cand_qa70_8_14_1400,1415,0,88347,88347,0,0,0,,,
candmirror,cand_qa70_8_14_1400,1415,1,88347,88347,0,0,0,,,
candmirror,cand_qa70_8_14_1400,1416,0,101833,100538,1295,0,0,,,
candmirror,cand_qa70_8_14_1400,1416,1,103606,100475,3131,0,0,,,
candmirror,cand_qa70_8_14_1400,1417,0,119836,117556,2280,0,0,,,
candmirror,cand_qa70_8_14_1400,1417,1,115664,117834,-2170,0,0,,,
candmirror,cand_qa70_8_14_1400,1418,0,82774,82582,192,0,0,,,
candmirror,cand_qa70_8_14_1400,1418,1,82774,82582,192,0,0,,,
candmirror,cand_qa70_8_14_1400,1419,0,117024,116407,617,0,0,,,
candmirror,cand_qa70_8_14_1400,1419,1,130786,128214,2572,0,0,,,
candmirror,cand_reach6_1300,1300,0,92035,90860,1175,0,0,,,
candmirror,cand_reach6_1300,1300,1,92035,90860,1175,0,0,,,
candmirror,cand_reach6_1300,1301,0,129735,134262,-4527,0,0,,,
candmirror,cand_reach6_1300,1301,1,129735,134262,-4527,0,0,,,
candmirror,cand_reach6_1300,1302,0,79204,78838,366,0,0,,,
candmirror,cand_reach6_1300,1302,1,79204,78838,366,0,0,,,
candmirror,cand_reach6_1300,1303,0,98046,95890,2156,0,0,,,
candmirror,cand_reach6_1300,1303,1,97487,95872,1615,0,0,,,
candmirror,cand_reach6_1300,1304,0,85067,93348,-8281,0,0,,,
candmirror,cand_reach6_1300,1304,1,85067,93348,-8281,0,0,,,
candmirror,cand_reach6_1300,1305,0,100649,104697,-4048,0,0,,,
candmirror,cand_reach6_1300,1305,1,96871,94481,2390,0,0,,,
candmirror,cand_reach6_1300,1306,0,113367,111767,1600,0,0,,,
candmirror,cand_reach6_1300,1306,1,120271,117757,2514,0,0,,,
candmirror,cand_reach6_1300,1307,0,107358,105863,1495,0,0,,,
candmirror,cand_reach6_1300,1307,1,107362,105858,1504,0,0,,,
candmirror,cand_reach6_1300,1308,0,106631,109223,-2592,0,0,,,
candmirror,cand_reach6_1300,1308,1,106631,109223,-2592,0,0,,,
candmirror,cand_reach6_1300,1309,0,90292,88084,2208,0,0,,,
candmirror,cand_reach6_1300,1309,1,90292,88084,2208,0,0,,,
candmirror,cand_reach6_1300,1310,0,107809,102917,4892,0,0,,,
candmirror,cand_reach6_1300,1310,1,107829,102880,4949,0,0,,,
candmirror,cand_reach6_1300,1311,0,111840,110468,1372,0,0,,,
candmirror,cand_reach6_1300,1311,1,115305,113567,1738,0,0,,,
candmirror,cand_reach6_1300,1312,0,107517,106657,860,0,0,,,
candmirror,cand_reach6_1300,1312,1,107517,106657,860,0,0,,,
candmirror,cand_reach6_1300,1313,0,106903,105076,1827,0,0,,,
candmirror,cand_reach6_1300,1313,1,109250,110588,-1338,0,0,,,
candmirror,cand_reach6_1300,1314,0,95230,93681,1549,0,0,,,
candmirror,cand_reach6_1300,1314,1,83327,84389,-1062,0,0,,,
candmirror,cand_reach6_1300,1315,0,88628,87805,823,0,0,,,
candmirror,cand_reach6_1300,1315,1,88628,87805,823,0,0,,,
candmirror,cand_reach6_1300,1316,0,112607,112522,85,0,0,,,
candmirror,cand_reach6_1300,1316,1,115318,112560,2758,0,0,,,
candmirror,cand_reach6_1300,1317,0,133664,132192,1472,0,0,,,
candmirror,cand_reach6_1300,1317,1,133664,132192,1472,0,0,,,
candmirror,cand_reach6_1300,1318,0,146048,139572,6476,0,0,,,
candmirror,cand_reach6_1300,1318,1,146048,139572,6476,0,0,,,
candmirror,cand_reach6_1300,1319,0,81170,82177,-1007,0,0,,,
candmirror,cand_reach6_1300,1319,1,81170,82177,-1007,0,0,,,
candmirror,cand_reach6_1400,1400,0,114580,112987,1593,0,0,,,
candmirror,cand_reach6_1400,1400,1,114580,112987,1593,0,0,,,
candmirror,cand_reach6_1400,1401,0,88279,88204,75,0,0,,,
candmirror,cand_reach6_1400,1401,1,88282,88201,81,0,0,,,
candmirror,cand_reach6_1400,1402,0,94053,93377,676,0,0,,,
candmirror,cand_reach6_1400,1402,1,94053,93377,676,0,0,,,
candmirror,cand_reach6_1400,1403,0,108533,108533,0,0,0,,,
candmirror,cand_reach6_1400,1403,1,108533,108533,0,0,0,,,
candmirror,cand_reach6_1400,1404,0,109432,102040,7392,0,0,,,
candmirror,cand_reach6_1400,1404,1,109432,102040,7392,0,0,,,
candmirror,cand_reach6_1400,1405,0,110090,113840,-3750,0,0,,,
candmirror,cand_reach6_1400,1405,1,127485,127866,-381,0,0,,,
candmirror,cand_reach6_1400,1406,0,101013,105785,-4772,0,0,,,
candmirror,cand_reach6_1400,1406,1,101013,105785,-4772,0,0,,,
candmirror,cand_reach6_1400,1407,0,141818,135476,6342,0,0,,,
candmirror,cand_reach6_1400,1407,1,141818,135476,6342,0,0,,,
candmirror,cand_reach6_1400,1408,0,116777,118602,-1825,0,0,,,
candmirror,cand_reach6_1400,1408,1,116777,118602,-1825,0,0,,,
candmirror,cand_reach6_1400,1409,0,101339,97694,3645,0,0,,,
candmirror,cand_reach6_1400,1409,1,99518,97255,2263,0,0,,,
candmirror,cand_reach6_1400,1410,0,127530,126630,900,0,0,,,
candmirror,cand_reach6_1400,1410,1,127962,129242,-1280,0,0,,,
candmirror,cand_reach6_1400,1411,0,108001,106012,1989,0,0,,,
candmirror,cand_reach6_1400,1411,1,110254,107404,2850,0,0,,,
candmirror,cand_reach6_1400,1412,0,107884,107631,253,0,0,,,
candmirror,cand_reach6_1400,1412,1,94314,95571,-1257,0,0,,,
candmirror,cand_reach6_1400,1413,0,119573,120229,-656,0,0,,,
candmirror,cand_reach6_1400,1413,1,117968,116714,1254,0,0,,,
candmirror,cand_reach6_1400,1414,0,119252,116429,2823,0,0,,,
candmirror,cand_reach6_1400,1414,1,119252,116429,2823,0,0,,,
candmirror,cand_reach6_1400,1415,0,88347,88347,0,0,0,,,
candmirror,cand_reach6_1400,1415,1,88347,88347,0,0,0,,,
candmirror,cand_reach6_1400,1416,0,101833,100538,1295,0,0,,,
candmirror,cand_reach6_1400,1416,1,103606,100475,3131,0,0,,,
candmirror,cand_reach6_1400,1417,0,127017,125379,1638,0,0,,,
candmirror,cand_reach6_1400,1417,1,127017,125379,1638,0,0,,,
candmirror,cand_reach6_1400,1418,0,93856,93856,0,0,0,,,
candmirror,cand_reach6_1400,1418,1,93856,93856,0,0,0,,,
candmirror,cand_reach6_1400,1419,0,130476,126840,3636,0,0,,,
candmirror,cand_reach6_1400,1419,1,127938,125288,2650,0,0,,,
candmirror,cand_reach6_1500,1500,0,106150,104640,1510,0,0,,,
candmirror,cand_reach6_1500,1500,1,109227,105906,3321,0,0,,,
candmirror,cand_reach6_1500,1501,0,136494,133300,3194,0,0,,,
candmirror,cand_reach6_1500,1501,1,139633,136144,3489,0,0,,,
candmirror,cand_reach6_1500,1502,0,118571,114020,4551,0,0,,,
candmirror,cand_reach6_1500,1502,1,118571,114020,4551,0,0,,,
candmirror,cand_reach6_1500,1503,0,124261,119951,4310,0,0,,,
candmirror,cand_reach6_1500,1503,1,124261,119951,4310,0,0,,,
candmirror,cand_reach6_1500,1504,0,101112,98900,2212,0,0,,,
candmirror,cand_reach6_1500,1504,1,101112,98900,2212,0,0,,,
candmirror,cand_reach6_1500,1505,0,102116,102331,-215,0,0,,,
candmirror,cand_reach6_1500,1505,1,96691,92002,4689,0,0,,,
candmirror,cand_reach6_1500,1506,0,146241,143829,2412,0,0,,,
candmirror,cand_reach6_1500,1506,1,146241,143829,2412,0,0,,,
candmirror,cand_reach6_1500,1507,0,146705,145335,1370,0,0,,,
candmirror,cand_reach6_1500,1507,1,112069,111384,685,0,0,,,
candmirror,cand_reach6_1500,1508,0,146382,149471,-3089,0,0,,,
candmirror,cand_reach6_1500,1508,1,145631,150403,-4772,0,0,,,
candmirror,cand_reach6_1500,1509,0,87673,88080,-407,0,0,,,
candmirror,cand_reach6_1500,1509,1,87726,88033,-307,0,0,,,
candmirror,cand_reach6_1500,1510,0,139021,131529,7492,0,0,,,
candmirror,cand_reach6_1500,1510,1,139147,131452,7695,0,0,,,
candmirror,cand_reach6_1500,1511,0,137208,134803,2405,0,0,,,
candmirror,cand_reach6_1500,1511,1,122636,122697,-61,0,0,,,
candmirror,cand_reach6_1500,1512,0,127399,123547,3852,0,0,,,
candmirror,cand_reach6_1500,1512,1,127675,123400,4275,0,0,,,
candmirror,cand_reach6_1500,1513,0,109731,108608,1123,0,0,,,
candmirror,cand_reach6_1500,1513,1,109731,108608,1123,0,0,,,
candmirror,cand_reach6_1500,1514,0,122523,122517,6,0,0,,,
candmirror,cand_reach6_1500,1514,1,118789,115118,3671,0,0,,,
candmirror,cand_reach6_1500,1515,0,85587,84468,1119,0,0,,,
candmirror,cand_reach6_1500,1515,1,85587,84468,1119,0,0,,,
candmirror,cand_reach6_1500,1516,0,120074,124602,-4528,0,0,,,
candmirror,cand_reach6_1500,1516,1,120074,124602,-4528,0,0,,,
candmirror,cand_reach6_1500,1517,0,107548,104838,2710,0,0,,,
candmirror,cand_reach6_1500,1517,1,107548,104838,2710,0,0,,,
candmirror,cand_reach6_1500,1518,0,142220,140715,1505,0,0,,,
candmirror,cand_reach6_1500,1518,1,142220,140715,1505,0,0,,,
candmirror,cand_reach6_1500,1519,0,87294,85808,1486,0,0,,,
candmirror,cand_reach6_1500,1519,1,87092,85692,1400,0,0,,,
candmirror,cand_reach8_1300,1300,0,92035,90860,1175,0,0,,,
candmirror,cand_reach8_1300,1300,1,92035,90860,1175,0,0,,,
candmirror,cand_reach8_1300,1301,0,129735,134262,-4527,0,0,,,
candmirror,cand_reach8_1300,1301,1,129735,134262,-4527,0,0,,,
candmirror,cand_reach8_1300,1302,0,85843,85273,570,0,0,,,
candmirror,cand_reach8_1300,1302,1,85843,85273,570,0,0,,,
candmirror,cand_reach8_1300,1303,0,98046,95890,2156,0,0,,,
candmirror,cand_reach8_1300,1303,1,97487,95872,1615,0,0,,,
candmirror,cand_reach8_1300,1304,0,85067,93348,-8281,0,0,,,
candmirror,cand_reach8_1300,1304,1,85067,93348,-8281,0,0,,,
candmirror,cand_reach8_1300,1305,0,100649,104697,-4048,0,0,,,
candmirror,cand_reach8_1300,1305,1,96871,94481,2390,0,0,,,
candmirror,cand_reach8_1300,1306,0,113367,111767,1600,0,0,,,
candmirror,cand_reach8_1300,1306,1,120271,117757,2514,0,0,,,
candmirror,cand_reach8_1300,1307,0,107358,105863,1495,0,0,,,
candmirror,cand_reach8_1300,1307,1,107362,105858,1504,0,0,,,
candmirror,cand_reach8_1300,1308,0,106631,109223,-2592,0,0,,,
candmirror,cand_reach8_1300,1308,1,106631,109223,-2592,0,0,,,
candmirror,cand_reach8_1300,1309,0,90292,88084,2208,0,0,,,
candmirror,cand_reach8_1300,1309,1,90292,88084,2208,0,0,,,
candmirror,cand_reach8_1300,1310,0,107809,102917,4892,0,0,,,
candmirror,cand_reach8_1300,1310,1,107829,102880,4949,0,0,,,
candmirror,cand_reach8_1300,1311,0,111840,110468,1372,0,0,,,
candmirror,cand_reach8_1300,1311,1,115305,113567,1738,0,0,,,
candmirror,cand_reach8_1300,1312,0,112970,124874,-11904,0,0,,,
candmirror,cand_reach8_1300,1312,1,112970,124874,-11904,0,0,,,
candmirror,cand_reach8_1300,1313,0,106903,105076,1827,0,0,,,
candmirror,cand_reach8_1300,1313,1,109250,110588,-1338,0,0,,,
candmirror,cand_reach8_1300,1314,0,95230,93681,1549,0,0,,,
candmirror,cand_reach8_1300,1314,1,83327,84389,-1062,0,0,,,
candmirror,cand_reach8_1300,1315,0,109549,113054,-3505,0,0,,,
candmirror,cand_reach8_1300,1315,1,109549,113054,-3505,0,0,,,
candmirror,cand_reach8_1300,1316,0,137173,135854,1319,0,0,,,
candmirror,cand_reach8_1300,1316,1,144808,146511,-1703,0,0,,,
candmirror,cand_reach8_1300,1317,0,133664,132192,1472,0,0,,,
candmirror,cand_reach8_1300,1317,1,133664,132192,1472,0,0,,,
candmirror,cand_reach8_1300,1318,0,146048,139572,6476,0,0,,,
candmirror,cand_reach8_1300,1318,1,146048,139572,6476,0,0,,,
candmirror,cand_reach8_1300,1319,0,85315,85435,-120,0,0,,,
candmirror,cand_reach8_1300,1319,1,85315,85435,-120,0,0,,,
candmirror,cand_reach8q7_1300,1300,0,92035,90860,1175,0,0,,,
candmirror,cand_reach8q7_1300,1300,1,92035,90860,1175,0,0,,,
candmirror,cand_reach8q7_1300,1301,0,129735,134262,-4527,0,0,,,
candmirror,cand_reach8q7_1300,1301,1,129735,134262,-4527,0,0,,,
candmirror,cand_reach8q7_1300,1302,0,85843,85273,570,0,0,,,
candmirror,cand_reach8q7_1300,1302,1,85843,85273,570,0,0,,,
candmirror,cand_reach8q7_1300,1303,0,98046,95890,2156,0,0,,,
candmirror,cand_reach8q7_1300,1303,1,97487,95872,1615,0,0,,,
candmirror,cand_reach8q7_1300,1304,0,85067,93348,-8281,0,0,,,
candmirror,cand_reach8q7_1300,1304,1,85067,93348,-8281,0,0,,,
candmirror,cand_reach8q7_1300,1305,0,94348,96756,-2408,0,0,,,
candmirror,cand_reach8q7_1300,1305,1,96756,94348,2408,0,0,,,
candmirror,cand_reach8q7_1300,1306,0,113367,111767,1600,0,0,,,
candmirror,cand_reach8q7_1300,1306,1,120271,117757,2514,0,0,,,
candmirror,cand_reach8q7_1300,1307,0,107358,105863,1495,0,0,,,
candmirror,cand_reach8q7_1300,1307,1,107362,105858,1504,0,0,,,
candmirror,cand_reach8q7_1300,1308,0,114496,112042,2454,0,0,,,
candmirror,cand_reach8q7_1300,1308,1,114496,112042,2454,0,0,,,
candmirror,cand_reach8q7_1300,1309,0,90292,88084,2208,0,0,,,
candmirror,cand_reach8q7_1300,1309,1,90292,88084,2208,0,0,,,
candmirror,cand_reach8q7_1300,1310,0,119020,119020,0,0,0,,,
candmirror,cand_reach8q7_1300,1310,1,119020,119020,0,0,0,,,
candmirror,cand_reach8q7_1300,1311,0,111840,110468,1372,0,0,,,
candmirror,cand_reach8q7_1300,1311,1,115305,113567,1738,0,0,,,
candmirror,cand_reach8q7_1300,1312,0,119251,116527,2724,0,0,,,
candmirror,cand_reach8q7_1300,1312,1,119251,116527,2724,0,0,,,
candmirror,cand_reach8q7_1300,1313,0,112600,111659,941,0,0,,,
candmirror,cand_reach8q7_1300,1313,1,109250,110588,-1338,0,0,,,
candmirror,cand_reach8q7_1300,1314,0,83203,83937,-734,0,0,,,
candmirror,cand_reach8q7_1300,1314,1,91554,91030,524,0,0,,,
candmirror,cand_reach8q7_1300,1315,0,109549,113054,-3505,0,0,,,
candmirror,cand_reach8q7_1300,1315,1,109549,113054,-3505,0,0,,,
candmirror,cand_reach8q7_1300,1316,0,137173,135854,1319,0,0,,,
candmirror,cand_reach8q7_1300,1316,1,144808,146511,-1703,0,0,,,
candmirror,cand_reach8q7_1300,1317,0,122065,123184,-1119,0,0,,,
candmirror,cand_reach8q7_1300,1317,1,122065,123184,-1119,0,0,,,
candmirror,cand_reach8q7_1300,1318,0,135100,132020,3080,0,0,,,
candmirror,cand_reach8q7_1300,1318,1,135012,131879,3133,0,0,,,
candmirror,cand_reach8q7_1300,1319,0,85315,85435,-120,0,0,,,
candmirror,cand_reach8q7_1300,1319,1,85315,85435,-120,0,0,,,
candmirror,cand_reach8q7_1400,1400,0,106929,106929,0,0,0,,,
candmirror,cand_reach8q7_1400,1400,1,106929,106929,0,0,0,,,
candmirror,cand_reach8q7_1400,1401,0,88313,88316,-3,0,0,,,
candmirror,cand_reach8q7_1400,1401,1,88316,88313,3,0,0,,,
candmirror,cand_reach8q7_1400,1402,0,112435,112435,0,0,0,,,
candmirror,cand_reach8q7_1400,1402,1,112435,112435,0,0,0,,,
candmirror,cand_reach8q7_1400,1403,0,108533,108533,0,0,0,,,
candmirror,cand_reach8q7_1400,1403,1,108533,108533,0,0,0,,,
candmirror,cand_reach8q7_1400,1404,0,90437,91004,-567,0,0,,,
candmirror,cand_reach8q7_1400,1404,1,90437,91004,-567,0,0,,,
candmirror,cand_reach8q7_1400,1405,0,134183,136036,-1853,0,0,,,
candmirror,cand_reach8q7_1400,1405,1,127485,127866,-381,0,0,,,
candmirror,cand_reach8q7_1400,1406,0,99991,99969,22,0,0,,,
candmirror,cand_reach8q7_1400,1406,1,99969,99991,-22,0,0,,,
candmirror,cand_reach8q7_1400,1407,0,146289,138979,7310,0,0,,,
candmirror,cand_reach8q7_1400,1407,1,146289,138979,7310,0,0,,,
candmirror,cand_reach8q7_1400,1408,0,116777,118602,-1825,0,0,,,
candmirror,cand_reach8q7_1400,1408,1,116777,118602,-1825,0,0,,,
candmirror,cand_reach8q7_1400,1409,0,100416,100349,67,0,0,,,
candmirror,cand_reach8q7_1400,1409,1,101550,100149,1401,0,0,,,
candmirror,cand_reach8q7_1400,1410,0,132533,129869,2664,0,0,,,
candmirror,cand_reach8q7_1400,1410,1,156180,153832,2348,0,0,,,
candmirror,cand_reach8q7_1400,1411,0,108001,106012,1989,0,0,,,
candmirror,cand_reach8q7_1400,1411,1,95092,97901,-2809,0,0,,,
candmirror,cand_reach8q7_1400,1412,0,96289,95189,1100,0,0,,,
candmirror,cand_reach8q7_1400,1412,1,101171,101514,-343,0,0,,,
candmirror,cand_reach8q7_1400,1413,0,119573,120229,-656,0,0,,,
candmirror,cand_reach8q7_1400,1413,1,110723,113006,-2283,0,0,,,
candmirror,cand_reach8q7_1400,1414,0,136161,136583,-422,0,0,,,
candmirror,cand_reach8q7_1400,1414,1,136161,136583,-422,0,0,,,
candmirror,cand_reach8q7_1400,1415,0,88347,88347,0,0,0,,,
candmirror,cand_reach8q7_1400,1415,1,88347,88347,0,0,0,,,
candmirror,cand_reach8q7_1400,1416,0,101833,100538,1295,0,0,,,
candmirror,cand_reach8q7_1400,1416,1,103606,100475,3131,0,0,,,
candmirror,cand_reach8q7_1400,1417,0,119836,117556,2280,0,0,,,
candmirror,cand_reach8q7_1400,1417,1,115664,117834,-2170,0,0,,,
candmirror,cand_reach8q7_1400,1418,0,93856,93856,0,0,0,,,
candmirror,cand_reach8q7_1400,1418,1,93856,93856,0,0,0,,,
candmirror,cand_reach8q7_1400,1419,0,117024,116407,617,0,0,,,
candmirror,cand_reach8q7_1400,1419,1,127906,126561,1345,0,0,,,
candmirror,cand_s10_dsm_1300,1300,0,94292,94141,151,0,0,,,
candmirror,cand_s10_dsm_1300,1300,1,94292,94141,151,0,0,,,
candmirror,cand_s10_dsm_1300,1301,0,100088,125278,-25190,0,0,,,
candmirror,cand_s10_dsm_1300,1301,1,100088,125278,-25190,0,0,,,
candmirror,cand_s10_dsm_1300,1302,0,77568,79290,-1722,0,0,,,
candmirror,cand_s10_dsm_1300,1302,1,77568,79290,-1722,0,0,,,
candmirror,cand_s10_dsm_1300,1303,0,92303,95218,-2915,0,0,,,
candmirror,cand_s10_dsm_1300,1303,1,92597,95688,-3091,0,0,,,
candmirror,cand_s10_dsm_1300,1304,0,94689,94199,490,0,0,,,
candmirror,cand_s10_dsm_1300,1304,1,94689,94199,490,0,0,,,
candmirror,cand_s10_dsm_1300,1305,0,91042,90617,425,0,0,,,
candmirror,cand_s10_dsm_1300,1305,1,92596,91395,1201,0,0,,,
candmirror,cand_s10_dsm_1300,1306,0,84937,82455,2482,0,0,,,
candmirror,cand_s10_dsm_1300,1306,1,114159,110720,3439,0,0,,,
candmirror,cand_s10_dsm_1300,1307,0,116366,111624,4742,0,0,,,
candmirror,cand_s10_dsm_1300,1307,1,81008,82869,-1861,0,0,,,
candmirror,cand_s10_dsm_1300,1308,0,109914,112630,-2716,0,0,,,
candmirror,cand_s10_dsm_1300,1308,1,109914,112630,-2716,0,0,,,
candmirror,cand_s10_dsm_1300,1309,0,115497,119996,-4499,0,0,,,
candmirror,cand_s10_dsm_1300,1309,1,115497,119996,-4499,0,0,,,
candmirror,cand_s10_dsm_1300,1310,0,129029,127530,1499,0,0,,,
candmirror,cand_s10_dsm_1300,1310,1,129029,127530,1499,0,0,,,
candmirror,cand_s10_dsm_1300,1311,0,105260,104827,433,0,0,,,
candmirror,cand_s10_dsm_1300,1311,1,94093,93001,1092,0,0,,,
candmirror,cand_s10_dsm_1300,1312,0,117120,112149,4971,0,0,,,
candmirror,cand_s10_dsm_1300,1312,1,117120,112149,4971,0,0,,,
candmirror,cand_s10_dsm_1300,1313,0,113043,110704,2339,0,0,,,
candmirror,cand_s10_dsm_1300,1313,1,118048,115321,2727,0,0,,,
candmirror,cand_s10_dsm_1300,1314,0,87491,83069,4422,0,0,,,
candmirror,cand_s10_dsm_1300,1314,1,92155,87011,5144,0,0,,,
candmirror,cand_s10_dsm_1300,1315,0,97082,99212,-2130,0,0,,,
candmirror,cand_s10_dsm_1300,1315,1,97696,99344,-1648,0,0,,,
candmirror,cand_s10_dsm_1300,1316,0,140568,136630,3938,0,0,,,
candmirror,cand_s10_dsm_1300,1316,1,143837,142235,1602,0,0,,,
candmirror,cand_s10_dsm_1300,1317,0,149679,146670,3009,0,0,,,
candmirror,cand_s10_dsm_1300,1317,1,149679,146670,3009,0,0,,,
candmirror,cand_s10_dsm_1300,1318,0,143512,147610,-4098,0,0,,,
candmirror,cand_s10_dsm_1300,1318,1,143512,147610,-4098,0,0,,,
candmirror,cand_s10_dsm_1300,1319,0,86243,91215,-4972,0,0,,,
candmirror,cand_s10_dsm_1300,1319,1,86277,91240,-4963,0,0,,,
candmirror,cand_s11_dsm_1300,1300,0,83050,82090,960,0,0,,,
candmirror,cand_s11_dsm_1300,1300,1,83050,82090,960,0,0,,,
candmirror,cand_s11_dsm_1300,1301,0,145846,147041,-1195,0,0,,,
candmirror,cand_s11_dsm_1300,1301,1,149242,149943,-701,0,0,,,
candmirror,cand_s11_dsm_1300,1302,0,85490,84751,739,0,0,,,
candmirror,cand_s11_dsm_1300,1302,1,85490,84751,739,0,0,,,
candmirror,cand_s11_dsm_1300,1303,0,114923,126805,-11882,0,0,,,
candmirror,cand_s11_dsm_1300,1303,1,112057,125870,-13813,0,0,,,
candmirror,cand_s11_dsm_1300,1304,0,99733,100391,-658,0,0,,,
candmirror,cand_s11_dsm_1300,1304,1,99733,100391,-658,0,0,,,
candmirror,cand_s11_dsm_1300,1305,0,130144,123269,6875,0,0,,,
candmirror,cand_s11_dsm_1300,1305,1,130615,123285,7330,0,0,,,
candmirror,cand_s11_dsm_1300,1306,0,94963,93086,1877,0,0,,,
candmirror,cand_s11_dsm_1300,1306,1,81737,83888,-2151,0,0,,,
candmirror,cand_s11_dsm_1300,1307,0,105077,102989,2088,0,0,,,
candmirror,cand_s11_dsm_1300,1307,1,88526,88362,164,0,0,,,
candmirror,cand_s11_dsm_1300,1308,0,120664,122902,-2238,0,0,,,
candmirror,cand_s11_dsm_1300,1308,1,120664,122902,-2238,0,0,,,
candmirror,cand_s11_dsm_1300,1309,0,106482,109724,-3242,0,0,,,
candmirror,cand_s11_dsm_1300,1309,1,106482,109724,-3242,0,0,,,
candmirror,cand_s11_dsm_1300,1310,0,122100,125067,-2967,0,0,,,
candmirror,cand_s11_dsm_1300,1310,1,121850,122731,-881,0,0,,,
candmirror,cand_s11_dsm_1300,1311,0,97334,97676,-342,0,0,,,
candmirror,cand_s11_dsm_1300,1311,1,98278,101062,-2784,0,0,,,
candmirror,cand_s11_dsm_1300,1312,0,164048,158564,5484,0,0,,,
candmirror,cand_s11_dsm_1300,1312,1,164244,158796,5448,0,0,,,
candmirror,cand_s11_dsm_1300,1313,0,93963,95024,-1061,0,0,,,
candmirror,cand_s11_dsm_1300,1313,1,93801,92644,1157,0,0,,,
candmirror,cand_s11_dsm_1300,1314,0,92943,94121,-1178,0,0,,,
candmirror,cand_s11_dsm_1300,1314,1,105596,109690,-4094,0,0,,,
candmirror,cand_s11_dsm_1300,1315,0,90498,93086,-2588,0,0,,,
candmirror,cand_s11_dsm_1300,1315,1,90498,93086,-2588,0,0,,,
candmirror,cand_s11_dsm_1300,1316,0,87319,96131,-8812,0,0,,,
candmirror,cand_s11_dsm_1300,1316,1,104324,108403,-4079,0,0,,,
candmirror,cand_s11_dsm_1300,1317,0,113380,114324,-944,0,0,,,
candmirror,cand_s11_dsm_1300,1317,1,104939,108761,-3822,0,0,,,
candmirror,cand_s11_dsm_1300,1318,0,117845,123141,-5296,0,0,,,
candmirror,cand_s11_dsm_1300,1318,1,117845,123141,-5296,0,0,,,
candmirror,cand_s11_dsm_1300,1319,0,108574,111927,-3353,0,0,,,
candmirror,cand_s11_dsm_1300,1319,1,108646,111609,-2963,0,0,,,
candmirror,cand_s5_dsm_1300,1300,0,93838,93049,789,0,0,,,
candmirror,cand_s5_dsm_1300,1300,1,134219,140194,-5975,0,0,,,
candmirror,cand_s5_dsm_1300,1301,0,104620,102236,2384,0,0,,,
candmirror,cand_s5_dsm_1300,1301,1,104620,102236,2384,0,0,,,
candmirror,cand_s5_dsm_1300,1302,0,74936,75310,-374,0,0,,,
candmirror,cand_s5_dsm_1300,1302,1,74936,75310,-374,0,0,,,
candmirror,cand_s5_dsm_1300,1303,0,101461,104536,-3075,0,0,,,
candmirror,cand_s5_dsm_1300,1303,1,107182,104957,2225,0,0,,,
candmirror,cand_s5_dsm_1300,1304,0,119639,121315,-1676,0,0,,,
candmirror,cand_s5_dsm_1300,1304,1,119639,121315,-1676,0,0,,,
candmirror,cand_s5_dsm_1300,1305,0,117842,120582,-2740,0,0,,,
candmirror,cand_s5_dsm_1300,1305,1,117842,120582,-2740,0,0,,,
candmirror,cand_s5_dsm_1300,1306,0,115948,118677,-2729,0,0,,,
candmirror,cand_s5_dsm_1300,1306,1,113105,116844,-3739,0,0,,,
candmirror,cand_s5_dsm_1300,1307,0,99529,97784,1745,0,0,,,
candmirror,cand_s5_dsm_1300,1307,1,99459,97785,1674,0,0,,,
candmirror,cand_s5_dsm_1300,1308,0,105201,103270,1931,0,0,,,
candmirror,cand_s5_dsm_1300,1308,1,105201,103270,1931,0,0,,,
candmirror,cand_s5_dsm_1300,1309,0,117533,118665,-1132,0,0,,,
candmirror,cand_s5_dsm_1300,1309,1,117533,118665,-1132,0,0,,,
candmirror,cand_s5_dsm_1300,1310,0,123328,122446,882,0,0,,,
candmirror,cand_s5_dsm_1300,1310,1,112927,110678,2249,0,0,,,
candmirror,cand_s5_dsm_1300,1311,0,108068,115320,-7252,0,0,,,
candmirror,cand_s5_dsm_1300,1311,1,108369,117004,-8635,0,0,,,
candmirror,cand_s5_dsm_1300,1312,0,150508,154677,-4169,0,0,,,
candmirror,cand_s5_dsm_1300,1312,1,150504,154680,-4176,0,0,,,
candmirror,cand_s5_dsm_1300,1313,0,108645,112370,-3725,0,0,,,
candmirror,cand_s5_dsm_1300,1313,1,93655,98097,-4442,0,0,,,
candmirror,cand_s5_dsm_1300,1314,0,82040,81882,158,0,0,,,
candmirror,cand_s5_dsm_1300,1314,1,82040,81882,158,0,0,,,
candmirror,cand_s5_dsm_1300,1315,0,105076,108404,-3328,0,0,,,
candmirror,cand_s5_dsm_1300,1315,1,105076,108404,-3328,0,0,,,
candmirror,cand_s5_dsm_1300,1316,0,103683,105281,-1598,0,0,,,
candmirror,cand_s5_dsm_1300,1316,1,118668,129333,-10665,0,0,,,
candmirror,cand_s5_dsm_1300,1317,0,117358,117307,51,0,0,,,
candmirror,cand_s5_dsm_1300,1317,1,107571,113345,-5774,0,0,,,
candmirror,cand_s5_dsm_1300,1318,0,86364,86278,86,0,0,,,
candmirror,cand_s5_dsm_1300,1318,1,98069,100728,-2659,0,0,,,
candmirror,cand_s5_dsm_1300,1319,0,89413,85299,4114,0,0,,,
candmirror,cand_s5_dsm_1300,1319,1,89275,85646,3629,0,0,,,
candmirror,cand_s6_dsm_1300,1300,0,82933,84804,-1871,0,0,,,
candmirror,cand_s6_dsm_1300,1300,1,82933,84804,-1871,0,0,,,
candmirror,cand_s6_dsm_1300,1301,0,121563,124400,-2837,0,0,,,
candmirror,cand_s6_dsm_1300,1301,1,121563,124400,-2837,0,0,,,
candmirror,cand_s6_dsm_1300,1302,0,89832,87621,2211,0,0,,,
candmirror,cand_s6_dsm_1300,1302,1,89832,87621,2211,0,0,,,
candmirror,cand_s6_dsm_1300,1303,0,134022,141408,-7386,0,0,,,
candmirror,cand_s6_dsm_1300,1303,1,124559,132403,-7844,0,0,,,
candmirror,cand_s6_dsm_1300,1304,0,91980,91913,67,0,0,,,
candmirror,cand_s6_dsm_1300,1304,1,91980,91913,67,0,0,,,
candmirror,cand_s6_dsm_1300,1305,0,127405,131817,-4412,0,0,,,
candmirror,cand_s6_dsm_1300,1305,1,127410,130454,-3044,0,0,,,
candmirror,cand_s6_dsm_1300,1306,0,111548,116624,-5076,0,0,,,
candmirror,cand_s6_dsm_1300,1306,1,122458,126452,-3994,0,0,,,
candmirror,cand_s6_dsm_1300,1307,0,123395,130726,-7331,0,0,,,
candmirror,cand_s6_dsm_1300,1307,1,113442,122053,-8611,0,0,,,
candmirror,cand_s6_dsm_1300,1308,0,87715,92386,-4671,0,0,,,
candmirror,cand_s6_dsm_1300,1308,1,87715,92386,-4671,0,0,,,
candmirror,cand_s6_dsm_1300,1309,0,79962,80845,-883,0,0,,,
candmirror,cand_s6_dsm_1300,1309,1,79962,80845,-883,0,0,,,
candmirror,cand_s6_dsm_1300,1310,0,107962,110783,-2821,0,0,,,
candmirror,cand_s6_dsm_1300,1310,1,93275,94323,-1048,0,0,,,
candmirror,cand_s6_dsm_1300,1311,0,135944,135374,570,0,0,,,
candmirror,cand_s6_dsm_1300,1311,1,135950,135659,291,0,0,,,
candmirror,cand_s6_dsm_1300,1312,0,137864,130026,7838,0,0,,,
candmirror,cand_s6_dsm_1300,1312,1,141564,137449,4115,0,0,,,
candmirror,cand_s6_dsm_1300,1313,0,134541,135600,-1059,0,0,,,
candmirror,cand_s6_dsm_1300,1313,1,106466,109388,-2922,0,0,,,
candmirror,cand_s6_dsm_1300,1314,0,124331,130068,-5737,0,0,,,
candmirror,cand_s6_dsm_1300,1314,1,123246,124046,-800,0,0,,,
candmirror,cand_s6_dsm_1300,1315,0,96466,100453,-3987,0,0,,,
candmirror,cand_s6_dsm_1300,1315,1,96466,100453,-3987,0,0,,,
candmirror,cand_s6_dsm_1300,1316,0,99632,102637,-3005,0,0,,,
candmirror,cand_s6_dsm_1300,1316,1,111965,109099,2866,0,0,,,
candmirror,cand_s6_dsm_1300,1317,0,102774,109565,-6791,0,0,,,
candmirror,cand_s6_dsm_1300,1317,1,102774,109565,-6791,0,0,,,
candmirror,cand_s6_dsm_1300,1318,0,76297,77982,-1685,0,0,,,
candmirror,cand_s6_dsm_1300,1318,1,131095,131687,-592,0,0,,,
candmirror,cand_s6_dsm_1300,1319,0,155579,161985,-6406,0,0,,,
candmirror,cand_s6_dsm_1300,1319,1,155661,161974,-6313,0,0,,,
candmirror,cand_s7_dsm_1300,1300,0,119444,119864,-420,0,0,,,
candmirror,cand_s7_dsm_1300,1300,1,85602,86030,-428,0,0,,,
candmirror,cand_s7_dsm_1300,1301,0,103598,103691,-93,0,0,,,
candmirror,cand_s7_dsm_1300,1301,1,103598,103691,-93,0,0,,,
candmirror,cand_s7_dsm_1300,1302,0,85543,86094,-551,0,0,,,
candmirror,cand_s7_dsm_1300,1302,1,85543,86094,-551,0,0,,,
candmirror,cand_s7_dsm_1300,1303,0,143045,145141,-2096,0,0,,,
candmirror,cand_s7_dsm_1300,1303,1,144066,145140,-1074,0,0,,,
candmirror,cand_s7_dsm_1300,1304,0,97196,97412,-216,0,0,,,
candmirror,cand_s7_dsm_1300,1304,1,97196,97412,-216,0,0,,,
candmirror,cand_s7_dsm_1300,1305,0,98579,106875,-8296,0,0,,,
candmirror,cand_s7_dsm_1300,1305,1,88432,89557,-1125,0,0,,,
candmirror,cand_s7_dsm_1300,1306,0,109395,119083,-9688,0,0,,,
candmirror,cand_s7_dsm_1300,1306,1,110992,117297,-6305,0,0,,,
candmirror,cand_s7_dsm_1300,1307,0,99551,99860,-309,0,0,,,
candmirror,cand_s7_dsm_1300,1307,1,126197,133204,-7007,0,0,,,
candmirror,cand_s7_dsm_1300,1308,0,111458,113847,-2389,0,0,,,
candmirror,cand_s7_dsm_1300,1308,1,111458,113847,-2389,0,0,,,
candmirror,cand_s7_dsm_1300,1309,0,79872,82958,-3086,0,0,,,
candmirror,cand_s7_dsm_1300,1309,1,79872,82958,-3086,0,0,,,
candmirror,cand_s7_dsm_1300,1310,0,123359,122614,745,0,0,,,
candmirror,cand_s7_dsm_1300,1310,1,133093,131916,1177,0,0,,,
candmirror,cand_s7_dsm_1300,1311,0,127044,131273,-4229,0,0,,,
candmirror,cand_s7_dsm_1300,1311,1,125804,133588,-7784,0,0,,,
candmirror,cand_s7_dsm_1300,1312,0,125002,125771,-769,0,0,,,
candmirror,cand_s7_dsm_1300,1312,1,127811,131417,-3606,0,0,,,
candmirror,cand_s7_dsm_1300,1313,0,105765,110195,-4430,0,0,,,
candmirror,cand_s7_dsm_1300,1313,1,108267,110351,-2084,0,0,,,
candmirror,cand_s7_dsm_1300,1314,0,111618,114776,-3158,0,0,,,
candmirror,cand_s7_dsm_1300,1314,1,94537,94650,-113,0,0,,,
candmirror,cand_s7_dsm_1300,1315,0,104079,114265,-10186,0,0,,,
candmirror,cand_s7_dsm_1300,1315,1,104079,114265,-10186,0,0,,,
candmirror,cand_s7_dsm_1300,1316,0,125232,134898,-9666,0,0,,,
candmirror,cand_s7_dsm_1300,1316,1,105815,95996,9819,0,0,,,
candmirror,cand_s7_dsm_1300,1317,0,110880,114209,-3329,0,0,,,
candmirror,cand_s7_dsm_1300,1317,1,120577,127286,-6709,0,0,,,
candmirror,cand_s7_dsm_1300,1318,0,82254,84969,-2715,0,0,,,
candmirror,cand_s7_dsm_1300,1318,1,115121,121560,-6439,0,0,,,
candmirror,cand_s7_dsm_1300,1319,0,141477,155233,-13756,0,0,,,
candmirror,cand_s7_dsm_1300,1319,1,141477,155233,-13756,0,0,,,
candmirror,cand_s8_dsm_1300,1300,0,118261,117928,333,0,0,,,
candmirror,cand_s8_dsm_1300,1300,1,118261,117928,333,0,0,,,
candmirror,cand_s8_dsm_1300,1301,0,123118,124669,-1551,0,0,,,
candmirror,cand_s8_dsm_1300,1301,1,123118,124669,-1551,0,0,,,
candmirror,cand_s8_dsm_1300,1302,0,96149,102507,-6358,0,0,,,
candmirror,cand_s8_dsm_1300,1302,1,96149,102507,-6358,0,0,,,
candmirror,cand_s8_dsm_1300,1303,0,97989,101816,-3827,0,0,,,
candmirror,cand_s8_dsm_1300,1303,1,97989,101816,-3827,0,0,,,
candmirror,cand_s8_dsm_1300,1304,0,99145,99918,-773,0,0,,,
candmirror,cand_s8_dsm_1300,1304,1,99145,99918,-773,0,0,,,
candmirror,cand_s8_dsm_1300,1305,0,89800,84205,5595,0,0,,,
candmirror,cand_s8_dsm_1300,1305,1,89800,84205,5595,0,0,,,
candmirror,cand_s8_dsm_1300,1306,0,100425,107428,-7003,0,0,,,
candmirror,cand_s8_dsm_1300,1306,1,96137,100278,-4141,0,0,,,
candmirror,cand_s8_dsm_1300,1307,0,107109,103504,3605,0,0,,,
candmirror,cand_s8_dsm_1300,1307,1,119060,114583,4477,0,0,,,
candmirror,cand_s8_dsm_1300,1308,0,122522,126203,-3681,0,0,,,
candmirror,cand_s8_dsm_1300,1308,1,122522,126203,-3681,0,0,,,
candmirror,cand_s8_dsm_1300,1309,0,84486,82191,2295,0,0,,,
candmirror,cand_s8_dsm_1300,1309,1,87256,89815,-2559,0,0,,,
candmirror,cand_s8_dsm_1300,1310,0,111563,129489,-17926,0,0,,,
candmirror,cand_s8_dsm_1300,1310,1,128907,130878,-1971,0,0,,,
candmirror,cand_s8_dsm_1300,1311,0,90315,91505,-1190,0,0,,,
candmirror,cand_s8_dsm_1300,1311,1,90318,91431,-1113,0,0,,,
candmirror,cand_s8_dsm_1300,1312,0,137493,139046,-1553,0,0,,,
candmirror,cand_s8_dsm_1300,1312,1,136200,136913,-713,0,0,,,
candmirror,cand_s8_dsm_1300,1313,0,103909,110975,-7066,0,0,,,
candmirror,cand_s8_dsm_1300,1313,1,92926,100582,-7656,0,0,,,
candmirror,cand_s8_dsm_1300,1314,0,98243,102015,-3772,0,0,,,
candmirror,cand_s8_dsm_1300,1314,1,98163,102842,-4679,0,0,,,
candmirror,cand_s8_dsm_1300,1315,0,122634,127899,-5265,0,0,,,
candmirror,cand_s8_dsm_1300,1315,1,121190,127317,-6127,0,0,,,
candmirror,cand_s8_dsm_1300,1316,0,118166,121225,-3059,0,0,,,
candmirror,cand_s8_dsm_1300,1316,1,127126,127975,-849,0,0,,,
candmirror,cand_s8_dsm_1300,1317,0,93236,95766,-2530,0,0,,,
candmirror,cand_s8_dsm_1300,1317,1,125822,133581,-7759,0,0,,,
candmirror,cand_s8_dsm_1300,1318,0,121181,128845,-7664,0,0,,,
candmirror,cand_s8_dsm_1300,1318,1,111672,126252,-14580,0,0,,,
candmirror,cand_s8_dsm_1300,1319,0,96182,99162,-2980,0,0,,,
candmirror,cand_s8_dsm_1300,1319,1,96182,99162,-2980,0,0,,,
candmirror,cand_s9_dsm_1300,1300,0,85258,88286,-3028,0,0,,,
candmirror,cand_s9_dsm_1300,1300,1,85258,88286,-3028,0,0,,,
candmirror,cand_s9_dsm_1300,1301,0,104967,102944,2023,0,0,,,
candmirror,cand_s9_dsm_1300,1301,1,104967,102944,2023,0,0,,,
candmirror,cand_s9_dsm_1300,1302,0,93871,106784,-12913,0,0,,,
candmirror,cand_s9_dsm_1300,1302,1,93871,106784,-12913,0,0,,,
candmirror,cand_s9_dsm_1300,1303,0,111302,111625,-323,0,0,,,
candmirror,cand_s9_dsm_1300,1303,1,111933,111127,806,0,0,,,
candmirror,cand_s9_dsm_1300,1304,0,108400,107122,1278,0,0,,,
candmirror,cand_s9_dsm_1300,1304,1,108400,107122,1278,0,0,,,
candmirror,cand_s9_dsm_1300,1305,0,93769,94956,-1187,0,0,,,
candmirror,cand_s9_dsm_1300,1305,1,91540,94045,-2505,0,0,,,
candmirror,cand_s9_dsm_1300,1306,0,95537,96054,-517,0,0,,,
candmirror,cand_s9_dsm_1300,1306,1,108153,110695,-2542,0,0,,,
candmirror,cand_s9_dsm_1300,1307,0,112703,121054,-8351,0,0,,,
candmirror,cand_s9_dsm_1300,1307,1,127058,135220,-8162,0,0,,,
candmirror,cand_s9_dsm_1300,1308,0,92452,94416,-1964,0,0,,,
candmirror,cand_s9_dsm_1300,1308,1,92452,94416,-1964,0,0,,,
candmirror,cand_s9_dsm_1300,1309,0,83173,90522,-7349,0,0,,,
candmirror,cand_s9_dsm_1300,1309,1,83173,90522,-7349,0,0,,,
candmirror,cand_s9_dsm_1300,1310,0,126290,133765,-7475,0,0,,,
candmirror,cand_s9_dsm_1300,1310,1,135107,142295,-7188,0,0,,,
candmirror,cand_s9_dsm_1300,1311,0,121795,121170,625,0,0,,,
candmirror,cand_s9_dsm_1300,1311,1,121343,120898,445,0,0,,,
candmirror,cand_s9_dsm_1300,1312,0,121777,108062,13715,0,0,,,
candmirror,cand_s9_dsm_1300,1312,1,127889,117879,10010,0,0,,,
candmirror,cand_s9_dsm_1300,1313,0,116259,114815,1444,0,0,,,
candmirror,cand_s9_dsm_1300,1313,1,135514,130690,4824,0,0,,,
candmirror,cand_s9_dsm_1300,1314,0,97633,104396,-6763,0,0,,,
candmirror,cand_s9_dsm_1300,1314,1,141638,144740,-3102,0,0,,,
candmirror,cand_s9_dsm_1300,1315,0,97140,104849,-7709,0,0,,,
candmirror,cand_s9_dsm_1300,1315,1,95586,106066,-10480,0,0,,,
candmirror,cand_s9_dsm_1300,1316,0,92854,96371,-3517,0,0,,,
candmirror,cand_s9_dsm_1300,1316,1,124420,131715,-7295,0,0,,,
candmirror,cand_s9_dsm_1300,1317,0,122278,130763,-8485,0,0,,,
candmirror,cand_s9_dsm_1300,1317,1,112313,118816,-6503,0,0,,,
candmirror,cand_s9_dsm_1300,1318,0,76980,83550,-6570,0,0,,,
candmirror,cand_s9_dsm_1300,1318,1,84495,92705,-8210,0,0,,,
candmirror,cand_s9_dsm_1300,1319,0,101785,104002,-2217,0,0,,,
candmirror,cand_s9_dsm_1300,1319,1,100034,105853,-5819,0,0,,,
candmirror,cand_str100_1400,1400,0,87462,90081,-2619,0,0,,,
candmirror,cand_str100_1400,1400,1,87462,90081,-2619,0,0,,,
candmirror,cand_str100_1400,1401,0,105532,103725,1807,0,0,,,
candmirror,cand_str100_1400,1401,1,105532,103725,1807,0,0,,,
candmirror,cand_str100_1400,1402,0,121397,114514,6883,0,0,,,
candmirror,cand_str100_1400,1402,1,121397,114514,6883,0,0,,,
candmirror,cand_str100_1400,1403,0,104462,103567,895,0,0,,,
candmirror,cand_str100_1400,1403,1,104462,103567,895,0,0,,,
candmirror,cand_str100_1400,1404,0,77460,77215,245,0,0,,,
candmirror,cand_str100_1400,1404,1,77460,77215,245,0,0,,,
candmirror,cand_str100_1400,1405,0,132446,136348,-3902,0,0,,,
candmirror,cand_str100_1400,1405,1,144014,143501,513,0,0,,,
candmirror,cand_str100_1400,1406,0,118030,116050,1980,0,0,,,
candmirror,cand_str100_1400,1406,1,118030,116050,1980,0,0,,,
candmirror,cand_str100_1400,1407,0,104921,107585,-2664,0,0,,,
candmirror,cand_str100_1400,1407,1,104921,107585,-2664,0,0,,,
candmirror,cand_str100_1400,1408,0,88022,88802,-780,0,0,,,
candmirror,cand_str100_1400,1408,1,88022,88802,-780,0,0,,,
candmirror,cand_str100_1400,1409,0,119443,101024,18419,0,0,,,
candmirror,cand_str100_1400,1409,1,119660,102248,17412,0,0,,,
candmirror,cand_str100_1400,1410,0,108609,105429,3180,0,0,,,
candmirror,cand_str100_1400,1410,1,108609,105429,3180,0,0,,,
candmirror,cand_str100_1400,1411,0,98930,100410,-1480,0,0,,,
candmirror,cand_str100_1400,1411,1,95046,97094,-2048,0,0,,,
candmirror,cand_str100_1400,1412,0,103464,97613,5851,0,0,,,
candmirror,cand_str100_1400,1412,1,104903,100721,4182,0,0,,,
candmirror,cand_str100_1400,1413,0,93407,90415,2992,0,0,,,
candmirror,cand_str100_1400,1413,1,108207,109381,-1174,0,0,,,
candmirror,cand_str100_1400,1414,0,126397,128575,-2178,0,0,,,
candmirror,cand_str100_1400,1414,1,126397,128575,-2178,0,0,,,
candmirror,cand_str100_1400,1415,0,82581,81860,721,0,0,,,
candmirror,cand_str100_1400,1415,1,82581,81860,721,0,0,,,
candmirror,cand_str100_1400,1416,0,111551,114273,-2722,0,0,,,
candmirror,cand_str100_1400,1416,1,111551,114273,-2722,0,0,,,
candmirror,cand_str100_1400,1417,0,105060,102426,2634,0,0,,,
candmirror,cand_str100_1400,1417,1,102430,99605,2825,0,0,,,
candmirror,cand_str100_1400,1418,0,96469,97529,-1060,0,0,,,
candmirror,cand_str100_1400,1418,1,96469,97529,-1060,0,0,,,
candmirror,cand_str100_1400,1419,0,146996,142549,4447,0,0,,,
candmirror,cand_str100_1400,1419,1,125045,120622,4423,0,0,,,
candmirror,cand_v12_ft50_dsm_1400,1400,0,111211,115984,-4773,0,0,,,
candmirror,cand_v12_ft50_dsm_1400,1400,1,111211,115984,-4773,0,0,,,
candmirror,cand_v12_ft50_dsm_1400,1401,0,76459,80926,-4467,0,0,,,
candmirror,cand_v12_ft50_dsm_1400,1401,1,84769,86311,-1542,0,0,,,
candmirror,cand_v12_ft50_dsm_1400,1402,0,131705,136433,-4728,0,0,,,
candmirror,cand_v12_ft50_dsm_1400,1402,1,131705,136433,-4728,0,0,,,
candmirror,cand_v12_ft50_dsm_1400,1403,0,69267,69128,139,0,0,,,
candmirror,cand_v12_ft50_dsm_1400,1403,1,69267,69128,139,0,0,,,
candmirror,cand_v12_ft50_dsm_1400,1404,0,96355,98923,-2568,0,0,,,
candmirror,cand_v12_ft50_dsm_1400,1404,1,96355,98923,-2568,0,0,,,
candmirror,cand_v12_ft50_dsm_1400,1405,0,164023,146339,17684,0,0,,,
candmirror,cand_v12_ft50_dsm_1400,1405,1,152860,142177,10683,0,0,,,
candmirror,cand_v12_ft50_dsm_1400,1406,0,121063,122580,-1517,0,0,,,
candmirror,cand_v12_ft50_dsm_1400,1406,1,121063,122580,-1517,0,0,,,
candmirror,cand_v12_ft50_dsm_1400,1407,0,116381,116115,266,0,0,,,
candmirror,cand_v12_ft50_dsm_1400,1407,1,116381,116115,266,0,0,,,
candmirror,cand_v12_ft50_dsm_1400,1408,0,129560,127140,2420,0,0,,,
candmirror,cand_v12_ft50_dsm_1400,1408,1,129560,127140,2420,0,0,,,
candmirror,cand_v12_ft50_dsm_1400,1409,0,99587,102488,-2901,0,0,,,
candmirror,cand_v12_ft50_dsm_1400,1409,1,99647,102595,-2948,0,0,,,
candmirror,cand_v12_ft50_dsm_1400,1410,0,98889,103071,-4182,0,0,,,
candmirror,cand_v12_ft50_dsm_1400,1410,1,101267,103135,-1868,0,0,,,
candmirror,cand_v12_ft50_dsm_1400,1411,0,112590,107249,5341,0,0,,,
candmirror,cand_v12_ft50_dsm_1400,1411,1,133759,121386,12373,0,0,,,
candmirror,cand_v12_ft50_dsm_1400,1412,0,114773,115709,-936,0,0,,,
candmirror,cand_v12_ft50_dsm_1400,1412,1,84938,83915,1023,0,0,,,
candmirror,cand_v12_ft50_dsm_1400,1413,0,97715,101246,-3531,0,0,,,
candmirror,cand_v12_ft50_dsm_1400,1413,1,97714,101247,-3533,0,0,,,
candmirror,cand_v12_ft50_dsm_1400,1414,0,133226,139057,-5831,0,0,,,
candmirror,cand_v12_ft50_dsm_1400,1414,1,133226,139057,-5831,0,0,,,
candmirror,cand_v12_ft50_dsm_1400,1415,0,76944,79914,-2970,0,0,,,
candmirror,cand_v12_ft50_dsm_1400,1415,1,76944,79914,-2970,0,0,,,
candmirror,cand_v12_ft50_dsm_1400,1416,0,134360,134042,318,0,0,,,
candmirror,cand_v12_ft50_dsm_1400,1416,1,134360,134042,318,0,0,,,
candmirror,cand_v12_ft50_dsm_1400,1417,0,91643,91160,483,0,0,,,
candmirror,cand_v12_ft50_dsm_1400,1417,1,91643,91160,483,0,0,,,
candmirror,cand_v12_ft50_dsm_1400,1418,0,91527,96682,-5155,0,0,,,
candmirror,cand_v12_ft50_dsm_1400,1418,1,91527,96705,-5178,0,0,,,
candmirror,cand_v12_ft50_dsm_1400,1419,0,98211,103925,-5714,0,0,,,
candmirror,cand_v12_ft50_dsm_1400,1419,1,109723,113931,-4208,0,0,,,
candmirror,cand_v12_s4_dsm_1400,1400,0,119877,124287,-4410,0,0,,,
candmirror,cand_v12_s4_dsm_1400,1400,1,119877,124287,-4410,0,0,,,
candmirror,cand_v12_s4_dsm_1400,1401,0,92408,91129,1279,0,0,,,
candmirror,cand_v12_s4_dsm_1400,1401,1,92402,91133,1269,0,0,,,
candmirror,cand_v12_s4_dsm_1400,1402,0,104093,103786,307,0,0,,,
candmirror,cand_v12_s4_dsm_1400,1402,1,104093,103786,307,0,0,,,
candmirror,cand_v12_s4_dsm_1400,1403,0,107956,102640,5316,0,0,,,
candmirror,cand_v12_s4_dsm_1400,1403,1,107956,102640,5316,0,0,,,
candmirror,cand_v12_s4_dsm_1400,1404,0,112833,117345,-4512,0,0,,,
candmirror,cand_v12_s4_dsm_1400,1404,1,112833,117345,-4512,0,0,,,
candmirror,cand_v12_s4_dsm_1400,1405,0,138077,130851,7226,0,0,,,
candmirror,cand_v12_s4_dsm_1400,1405,1,142282,138888,3394,0,0,,,
candmirror,cand_v12_s4_dsm_1400,1406,0,131556,141013,-9457,0,0,,,
candmirror,cand_v12_s4_dsm_1400,1406,1,131556,141013,-9457,0,0,,,
candmirror,cand_v12_s4_dsm_1400,1407,0,136669,138251,-1582,0,0,,,
candmirror,cand_v12_s4_dsm_1400,1407,1,136669,138251,-1582,0,0,,,
candmirror,cand_v12_s4_dsm_1400,1408,0,109854,112457,-2603,0,0,,,
candmirror,cand_v12_s4_dsm_1400,1408,1,109854,112457,-2603,0,0,,,
candmirror,cand_v12_s4_dsm_1400,1409,0,101236,93893,7343,0,0,,,
candmirror,cand_v12_s4_dsm_1400,1409,1,101236,93893,7343,0,0,,,
candmirror,cand_v12_s4_dsm_1400,1410,0,76360,74292,2068,0,0,,,
candmirror,cand_v12_s4_dsm_1400,1410,1,76089,74336,1753,0,0,,,
candmirror,cand_v12_s4_dsm_1400,1411,0,117074,118217,-1143,0,0,,,
candmirror,cand_v12_s4_dsm_1400,1411,1,116790,118564,-1774,0,0,,,
candmirror,cand_v12_s4_dsm_1400,1412,0,118988,117668,1320,0,0,,,
candmirror,cand_v12_s4_dsm_1400,1412,1,95522,100571,-5049,0,0,,,
candmirror,cand_v12_s4_dsm_1400,1413,0,102777,103522,-745,0,0,,,
candmirror,cand_v12_s4_dsm_1400,1413,1,124600,125924,-1324,0,0,,,
candmirror,cand_v12_s4_dsm_1400,1414,0,125141,132846,-7705,0,0,,,
candmirror,cand_v12_s4_dsm_1400,1414,1,125141,132846,-7705,0,0,,,
candmirror,cand_v12_s4_dsm_1400,1415,0,80874,77274,3600,0,0,,,
candmirror,cand_v12_s4_dsm_1400,1415,1,84977,81018,3959,0,0,,,
candmirror,cand_v12_s4_dsm_1400,1416,0,120982,116817,4165,0,0,,,
candmirror,cand_v12_s4_dsm_1400,1416,1,120331,116734,3597,0,0,,,
candmirror,cand_v12_s4_dsm_1400,1417,0,112590,118013,-5423,0,0,,,
candmirror,cand_v12_s4_dsm_1400,1417,1,112590,118013,-5423,0,0,,,
candmirror,cand_v12_s4_dsm_1400,1418,0,102037,102973,-936,0,0,,,
candmirror,cand_v12_s4_dsm_1400,1418,1,104874,102883,1991,0,0,,,
candmirror,cand_v12_s4_dsm_1400,1419,0,139648,139297,351,0,0,,,
candmirror,cand_v12_s4_dsm_1400,1419,1,124028,128553,-4525,0,0,,,
candmirror,dsm6_vs_so2rw_7000,7000,0,137468,134994,2474,0,0,,,
candmirror,dsm6_vs_so2rw_7000,7000,1,137468,134994,2474,0,0,,,
candmirror,dsm6_vs_so2rw_7000,7001,0,94801,96420,-1619,0,0,,,
candmirror,dsm6_vs_so2rw_7000,7001,1,96071,96365,-294,0,0,,,
candmirror,dsm6_vs_so2rw_7000,7002,0,120758,124302,-3544,0,0,,,
candmirror,dsm6_vs_so2rw_7000,7002,1,112839,111898,941,0,0,,,
candmirror,dsm6_vs_so2rw_7000,7003,0,111457,115396,-3939,0,0,,,
candmirror,dsm6_vs_so2rw_7000,7003,1,111457,115396,-3939,0,0,,,
candmirror,dsm6_vs_so2rw_7000,7004,0,109842,110801,-959,0,0,,,
candmirror,dsm6_vs_so2rw_7000,7004,1,98786,100697,-1911,0,0,,,
candmirror,dsm6_vs_so2rw_7000,7005,0,144761,144374,387,0,0,,,
candmirror,dsm6_vs_so2rw_7000,7005,1,144953,144190,763,0,0,,,
candmirror,dsm6_vs_so2rw_7000,7006,0,105278,102866,2412,0,0,,,
candmirror,dsm6_vs_so2rw_7000,7006,1,105248,102845,2403,0,0,,,
candmirror,dsm6_vs_so2rw_7000,7007,0,106281,107337,-1056,0,0,,,
candmirror,dsm6_vs_so2rw_7000,7007,1,106281,107337,-1056,0,0,,,
candmirror,dsm6_vs_so2rw_7000,7008,0,82338,84745,-2407,0,0,,,
candmirror,dsm6_vs_so2rw_7000,7008,1,82338,84745,-2407,0,0,,,
candmirror,dsm6_vs_so2rw_7000,7009,0,116886,122703,-5817,0,0,,,
candmirror,dsm6_vs_so2rw_7000,7009,1,116886,122703,-5817,0,0,,,
candmirror,dsm6_vs_so2rw_7000,7010,0,83726,79941,3785,0,0,,,
candmirror,dsm6_vs_so2rw_7000,7010,1,83726,79941,3785,0,0,,,
candmirror,dsm6_vs_so2rw_7000,7011,0,93886,94689,-803,0,0,,,
candmirror,dsm6_vs_so2rw_7000,7011,1,93886,94689,-803,0,0,,,
candmirror,dsm6_vs_so2rw_7000,7012,0,146818,146196,622,0,0,,,
candmirror,dsm6_vs_so2rw_7000,7012,1,124333,124199,134,0,0,,,
candmirror,dsm6_vs_so2rw_7000,7013,0,107427,102750,4677,0,0,,,
candmirror,dsm6_vs_so2rw_7000,7013,1,107427,102750,4677,0,0,,,
candmirror,dsm6_vs_so2rw_7000,7014,0,108488,108219,269,0,0,,,
candmirror,dsm6_vs_so2rw_7000,7014,1,108488,108219,269,0,0,,,
candmirror,dsm6_vs_so2rw_7000,7015,0,79996,80537,-541,0,0,,,
candmirror,dsm6_vs_so2rw_7000,7015,1,80006,80524,-518,0,0,,,
candmirror,dsm6_vs_so2rw_7000,7016,0,111927,110830,1097,0,0,,,
candmirror,dsm6_vs_so2rw_7000,7016,1,111927,110830,1097,0,0,,,
candmirror,dsm6_vs_so2rw_7000,7017,0,120539,128408,-7869,0,0,,,
candmirror,dsm6_vs_so2rw_7000,7017,1,121496,129658,-8162,0,0,,,
candmirror,dsm6_vs_so2rw_7000,7018,0,87084,91932,-4848,0,0,,,
candmirror,dsm6_vs_so2rw_7000,7018,1,87084,91932,-4848,0,0,,,
candmirror,dsm6_vs_so2rw_7000,7019,0,65979,68346,-2367,0,0,,,
candmirror,dsm6_vs_so2rw_7000,7019,1,65979,68346,-2367,0,0,,,
candmirror,fin_B100_1300,1300,0,93433,94840,-1407,0,0,,,
candmirror,fin_B100_1300,1300,1,93433,94840,-1407,0,0,,,
candmirror,fin_B100_1300,1301,0,133984,137428,-3444,0,0,,,
candmirror,fin_B100_1300,1301,1,133984,137428,-3444,0,0,,,
candmirror,fin_B100_1300,1302,0,76718,78319,-1601,0,0,,,
candmirror,fin_B100_1300,1302,1,76718,78319,-1601,0,0,,,
candmirror,fin_B100_1300,1303,0,90880,87947,2933,0,0,,,
candmirror,fin_B100_1300,1303,1,90642,89918,724,0,0,,,
candmirror,fin_B100_1300,1304,0,93223,92770,453,0,0,,,
candmirror,fin_B100_1300,1304,1,93223,92770,453,0,0,,,
candmirror,fin_B100_1300,1305,0,96325,94361,1964,0,0,,,
candmirror,fin_B100_1300,1305,1,89124,88950,174,0,0,,,
candmirror,fin_B100_1300,1306,0,84580,84313,267,0,0,,,
candmirror,fin_B100_1300,1306,1,86130,85646,484,0,0,,,
candmirror,fin_B100_1300,1307,0,93542,93142,400,0,0,,,
candmirror,fin_B100_1300,1307,1,93542,93142,400,0,0,,,
candmirror,fin_B100_1300,1308,0,109309,108806,503,0,0,,,
candmirror,fin_B100_1300,1308,1,109309,108806,503,0,0,,,
candmirror,fin_B100_1300,1309,0,89780,90293,-513,0,0,,,
candmirror,fin_B100_1300,1309,1,89780,90293,-513,0,0,,,
candmirror,fin_B100_1300,1310,0,121640,123193,-1553,0,0,,,
candmirror,fin_B100_1300,1310,1,121661,123204,-1543,0,0,,,
candmirror,fin_B100_1300,1311,0,103158,101513,1645,0,0,,,
candmirror,fin_B100_1300,1311,1,104624,103980,644,0,0,,,
candmirror,fin_B100_1300,1312,0,118313,118183,130,0,0,,,
candmirror,fin_B100_1300,1312,1,118313,118183,130,0,0,,,
candmirror,fin_B100_1300,1313,0,105283,102452,2831,0,0,,,
candmirror,fin_B100_1300,1313,1,102641,104069,-1428,0,0,,,
candmirror,fin_B100_1300,1314,0,105392,105538,-146,0,0,,,
candmirror,fin_B100_1300,1314,1,110366,111051,-685,0,0,,,
candmirror,fin_B100_1300,1315,0,93705,94805,-1100,0,0,,,
candmirror,fin_B100_1300,1315,1,93705,94805,-1100,0,0,,,
candmirror,fin_B100_1300,1316,0,167363,168463,-1100,0,0,,,
candmirror,fin_B100_1300,1316,1,168583,170226,-1643,0,0,,,
candmirror,fin_B100_1300,1317,0,103016,101845,1171,0,0,,,
candmirror,fin_B100_1300,1317,1,103016,101845,1171,0,0,,,
candmirror,fin_B100_1300,1318,0,136576,136704,-128,0,0,,,
candmirror,fin_B100_1300,1318,1,136576,136704,-128,0,0,,,
candmirror,fin_B100_1300,1319,0,91756,91705,51,0,0,,,
candmirror,fin_B100_1300,1319,1,91756,91705,51,0,0,,,
candmirror,fin_B100_1400,1400,0,104715,105050,-335,0,0,,,
candmirror,fin_B100_1400,1400,1,104715,105050,-335,0,0,,,
candmirror,fin_B100_1400,1401,0,97508,97083,425,0,0,,,
candmirror,fin_B100_1400,1401,1,97540,97421,119,0,0,,,
candmirror,fin_B100_1400,1402,0,104144,104174,-30,0,0,,,
candmirror,fin_B100_1400,1402,1,104144,104174,-30,0,0,,,
candmirror,fin_B100_1400,1403,0,101006,101550,-544,0,0,,,
candmirror,fin_B100_1400,1403,1,101006,101550,-544,0,0,,,
candmirror,fin_B100_1400,1404,0,115333,113361,1972,0,0,,,
candmirror,fin_B100_1400,1404,1,115333,113361,1972,0,0,,,
candmirror,fin_B100_1400,1405,0,108802,109428,-626,0,0,,,
candmirror,fin_B100_1400,1405,1,126346,128330,-1984,0,0,,,
candmirror,fin_B100_1400,1406,0,98696,97352,1344,0,0,,,
candmirror,fin_B100_1400,1406,1,98696,97352,1344,0,0,,,
candmirror,fin_B100_1400,1407,0,138212,141458,-3246,0,0,,,
candmirror,fin_B100_1400,1407,1,138212,141458,-3246,0,0,,,
candmirror,fin_B100_1400,1408,0,127860,127687,173,0,0,,,
candmirror,fin_B100_1400,1408,1,127860,127687,173,0,0,,,
candmirror,fin_B100_1400,1409,0,117950,118288,-338,0,0,,,
candmirror,fin_B100_1400,1409,1,116926,118767,-1841,0,0,,,
candmirror,fin_B100_1400,1410,0,135665,132973,2692,0,0,,,
candmirror,fin_B100_1400,1410,1,130935,134112,-3177,0,0,,,
candmirror,fin_B100_1400,1411,0,94157,93107,1050,0,0,,,
candmirror,fin_B100_1400,1411,1,111718,110708,1010,0,0,,,
candmirror,fin_B100_1400,1412,0,134495,134510,-15,0,0,,,
candmirror,fin_B100_1400,1412,1,128221,129246,-1025,0,0,,,
candmirror,fin_B100_1400,1413,0,119594,121180,-1586,0,0,,,
candmirror,fin_B100_1400,1413,1,103736,102429,1307,0,0,,,
candmirror,fin_B100_1400,1414,0,121003,122613,-1610,0,0,,,
candmirror,fin_B100_1400,1414,1,121003,122613,-1610,0,0,,,
candmirror,fin_B100_1400,1415,0,94426,93715,711,0,0,,,
candmirror,fin_B100_1400,1415,1,94426,93715,711,0,0,,,
candmirror,fin_B100_1400,1416,0,95195,95634,-439,0,0,,,
candmirror,fin_B100_1400,1416,1,93601,93409,192,0,0,,,
candmirror,fin_B100_1400,1417,0,99683,101596,-1913,0,0,,,
candmirror,fin_B100_1400,1417,1,100790,102360,-1570,0,0,,,
candmirror,fin_B100_1400,1418,0,93677,93778,-101,0,0,,,
candmirror,fin_B100_1400,1418,1,93677,93778,-101,0,0,,,
candmirror,fin_B100_1400,1419,0,102780,102791,-11,0,0,,,
candmirror,fin_B100_1400,1419,1,102283,103366,-1083,0,0,,,
candmirror,fin_B30_1300,1300,0,104407,104340,67,0,0,,,
candmirror,fin_B30_1300,1300,1,104417,104286,131,0,0,,,
candmirror,fin_B30_1300,1301,0,104078,103939,139,0,0,,,
candmirror,fin_B30_1300,1301,1,104078,103939,139,0,0,,,
candmirror,fin_B30_1300,1302,0,80149,80236,-87,0,0,,,
candmirror,fin_B30_1300,1302,1,80149,80236,-87,0,0,,,
candmirror,fin_B30_1300,1303,0,87640,88916,-1276,0,0,,,
candmirror,fin_B30_1300,1303,1,91783,93674,-1891,0,0,,,
candmirror,fin_B30_1300,1304,0,85182,87065,-1883,0,0,,,
candmirror,fin_B30_1300,1304,1,85182,87065,-1883,0,0,,,
candmirror,fin_B30_1300,1305,0,90726,90636,90,0,0,,,
candmirror,fin_B30_1300,1305,1,91321,90126,1195,0,0,,,
candmirror,fin_B30_1300,1306,0,78706,78088,618,0,0,,,
candmirror,fin_B30_1300,1306,1,77512,77668,-156,0,0,,,
candmirror,fin_B30_1300,1307,0,90440,90435,5,0,0,,,
candmirror,fin_B30_1300,1307,1,90440,90435,5,0,0,,,
candmirror,fin_B30_1300,1308,0,100398,97352,3046,0,0,,,
candmirror,fin_B30_1300,1308,1,100398,97352,3046,0,0,,,
candmirror,fin_B30_1300,1309,0,95490,96795,-1305,0,0,,,
candmirror,fin_B30_1300,1309,1,95490,96795,-1305,0,0,,,
candmirror,fin_B30_1300,1310,0,125705,125731,-26,0,0,,,
candmirror,fin_B30_1300,1310,1,125705,125731,-26,0,0,,,
candmirror,fin_B30_1300,1311,0,100886,100766,120,0,0,,,
candmirror,fin_B30_1300,1311,1,101859,103703,-1844,0,0,,,
candmirror,fin_B30_1300,1312,0,119071,119631,-560,0,0,,,
candmirror,fin_B30_1300,1312,1,119071,119631,-560,0,0,,,
candmirror,fin_B30_1300,1313,0,103577,101702,1875,0,0,,,
candmirror,fin_B30_1300,1313,1,102762,103257,-495,0,0,,,
candmirror,fin_B30_1300,1314,0,101399,102829,-1430,0,0,,,
candmirror,fin_B30_1300,1314,1,103288,101791,1497,0,0,,,
candmirror,fin_B30_1300,1315,0,90230,94348,-4118,0,0,,,
candmirror,fin_B30_1300,1315,1,90230,94348,-4118,0,0,,,
candmirror,fin_B30_1300,1316,0,170405,169224,1181,0,0,,,
candmirror,fin_B30_1300,1316,1,168806,170358,-1552,0,0,,,
candmirror,fin_B30_1300,1317,0,103798,102464,1334,0,0,,,
candmirror,fin_B30_1300,1317,1,103798,102464,1334,0,0,,,
candmirror,fin_B30_1300,1318,0,134944,136463,-1519,0,0,,,
candmirror,fin_B30_1300,1318,1,134944,136463,-1519,0,0,,,
candmirror,fin_B30_1300,1319,0,82545,83983,-1438,0,0,,,
candmirror,fin_B30_1300,1319,1,82541,83868,-1327,0,0,,,
candmirror,fin_B30_1400,1400,0,104901,104918,-17,0,0,,,
candmirror,fin_B30_1400,1400,1,104901,104918,-17,0,0,,,
candmirror,fin_B30_1400,1401,0,97191,97196,-5,0,0,,,
candmirror,fin_B30_1400,1401,1,97201,97186,15,0,0,,,
candmirror,fin_B30_1400,1402,0,99858,99680,178,0,0,,,
candmirror,fin_B30_1400,1402,1,99858,99680,178,0,0,,,
candmirror,fin_B30_1400,1403,0,100625,100642,-17,0,0,,,
candmirror,fin_B30_1400,1403,1,100625,100642,-17,0,0,,,
candmirror,fin_B30_1400,1404,0,115740,113534,2206,0,0,,,
candmirror,fin_B30_1400,1404,1,115740,113534,2206,0,0,,,
candmirror,fin_B30_1400,1405,0,110554,113781,-3227,0,0,,,
candmirror,fin_B30_1400,1405,1,101823,105274,-3451,0,0,,,
candmirror,fin_B30_1400,1406,0,93416,93279,137,0,0,,,
candmirror,fin_B30_1400,1406,1,93416,93279,137,0,0,,,
candmirror,fin_B30_1400,1407,0,156085,156086,-1,0,0,,,
candmirror,fin_B30_1400,1407,1,156085,156086,-1,0,0,,,
candmirror,fin_B30_1400,1408,0,125133,124894,239,0,0,,,
candmirror,fin_B30_1400,1408,1,125133,124894,239,0,0,,,
candmirror,fin_B30_1400,1409,0,100593,100561,32,0,0,,,
candmirror,fin_B30_1400,1409,1,100370,100981,-611,0,0,,,
candmirror,fin_B30_1400,1410,0,134595,129678,4917,0,0,,,
candmirror,fin_B30_1400,1410,1,130630,134407,-3777,0,0,,,
candmirror,fin_B30_1400,1411,0,109390,109840,-450,0,0,,,
candmirror,fin_B30_1400,1411,1,109677,110616,-939,0,0,,,
candmirror,fin_B30_1400,1412,0,106031,108358,-2327,0,0,,,
candmirror,fin_B30_1400,1412,1,106494,104044,2450,0,0,,,
candmirror,fin_B30_1400,1413,0,117685,120523,-2838,0,0,,,
candmirror,fin_B30_1400,1413,1,120230,117223,3007,0,0,,,
candmirror,fin_B30_1400,1414,0,128050,133738,-5688,0,0,,,
candmirror,fin_B30_1400,1414,1,128050,133738,-5688,0,0,,,
candmirror,fin_B30_1400,1415,0,96268,97029,-761,0,0,,,
candmirror,fin_B30_1400,1415,1,96268,97029,-761,0,0,,,
candmirror,fin_B30_1400,1416,0,94527,94587,-60,0,0,,,
candmirror,fin_B30_1400,1416,1,95246,94886,360,0,0,,,
candmirror,fin_B30_1400,1417,0,100300,99208,1092,0,0,,,
candmirror,fin_B30_1400,1417,1,117736,117703,33,0,0,,,
candmirror,fin_B30_1400,1418,0,93589,93373,216,0,0,,,
candmirror,fin_B30_1400,1418,1,93589,93373,216,0,0,,,
candmirror,fin_B30_1400,1419,0,101459,100109,1350,0,0,,,
candmirror,fin_B30_1400,1419,1,103714,102049,1665,0,0,,,
candmirror,fin_B70_1300,1300,0,92634,93957,-1323,0,0,,,
candmirror,fin_B70_1300,1300,1,92634,93957,-1323,0,0,,,
candmirror,fin_B70_1300,1301,0,136797,136773,24,0,0,,,
candmirror,fin_B70_1300,1301,1,136797,136773,24,0,0,,,
candmirror,fin_B70_1300,1302,0,76568,78610,-2042,0,0,,,
candmirror,fin_B70_1300,1302,1,76568,78610,-2042,0,0,,,
candmirror,fin_B70_1300,1303,0,93917,93328,589,0,0,,,
candmirror,fin_B70_1300,1303,1,88522,89651,-1129,0,0,,,
candmirror,fin_B70_1300,1304,0,92440,90968,1472,0,0,,,
candmirror,fin_B70_1300,1304,1,92440,90968,1472,0,0,,,
candmirror,fin_B70_1300,1305,0,91754,90340,1414,0,0,,,
candmirror,fin_B70_1300,1305,1,89186,93376,-4190,0,0,,,
candmirror,fin_B70_1300,1306,0,97501,97493,8,0,0,,,
candmirror,fin_B70_1300,1306,1,90818,92883,-2065,0,0,,,
candmirror,fin_B70_1300,1307,0,93510,92175,1335,0,0,,,
candmirror,fin_B70_1300,1307,1,93510,92175,1335,0,0,,,
candmirror,fin_B70_1300,1308,0,111556,109506,2050,0,0,,,
candmirror,fin_B70_1300,1308,1,111556,109506,2050,0,0,,,
candmirror,fin_B70_1300,1309,0,89377,85458,3919,0,0,,,
candmirror,fin_B70_1300,1309,1,89377,85458,3919,0,0,,,
candmirror,fin_B70_1300,1310,0,121640,123193,-1553,0,0,,,
candmirror,fin_B70_1300,1310,1,121661,123204,-1543,0,0,,,
candmirror,fin_B70_1300,1311,0,103084,101482,1602,0,0,,,
candmirror,fin_B70_1300,1311,1,104627,103980,647,0,0,,,
candmirror,fin_B70_1300,1312,0,118311,118183,128,0,0,,,
candmirror,fin_B70_1300,1312,1,118311,118183,128,0,0,,,
candmirror,fin_B70_1300,1313,0,104303,102927,1376,0,0,,,
candmirror,fin_B70_1300,1313,1,101649,103444,-1795,0,0,,,
candmirror,fin_B70_1300,1314,0,103122,103410,-288,0,0,,,
candmirror,fin_B70_1300,1314,1,102354,102487,-133,0,0,,,
candmirror,fin_B70_1300,1315,0,89599,88804,795,0,0,,,
candmirror,fin_B70_1300,1315,1,89599,88804,795,0,0,,,
candmirror,fin_B70_1300,1316,0,170209,168498,1711,0,0,,,
candmirror,fin_B70_1300,1316,1,168588,170238,-1650,0,0,,,
candmirror,fin_B70_1300,1317,0,102123,101585,538,0,0,,,
candmirror,fin_B70_1300,1317,1,102123,101585,538,0,0,,,
candmirror,fin_B70_1300,1318,0,137226,136513,713,0,0,,,
candmirror,fin_B70_1300,1318,1,137226,136513,713,0,0,,,
candmirror,fin_B70_1300,1319,0,93313,90951,2362,0,0,,,
candmirror,fin_B70_1300,1319,1,93313,90951,2362,0,0,,,
candmirror,fin_B70_1400,1400,0,105089,105061,28,0,0,,,
candmirror,fin_B70_1400,1400,1,105089,105061,28,0,0,,,
candmirror,fin_B70_1400,1401,0,97896,98875,-979,0,0,,,
candmirror,fin_B70_1400,1401,1,97906,98865,-959,0,0,,,
candmirror,fin_B70_1400,1402,0,104603,104786,-183,0,0,,,
candmirror,fin_B70_1400,1402,1,104603,104786,-183,0,0,,,
candmirror,fin_B70_1400,1403,0,100438,100546,-108,0,0,,,
candmirror,fin_B70_1400,1403,1,100438,100546,-108,0,0,,,
candmirror,fin_B70_1400,1404,0,115170,113125,2045,0,0,,,
candmirror,fin_B70_1400,1404,1,115170,113125,2045,0,0,,,
candmirror,fin_B70_1400,1405,0,99755,98351,1404,0,0,,,
candmirror,fin_B70_1400,1405,1,100356,100988,-632,0,0,,,
candmirror,fin_B70_1400,1406,0,100661,104323,-3662,0,0,,,
candmirror,fin_B70_1400,1406,1,100661,104323,-3662,0,0,,,
candmirror,fin_B70_1400,1407,0,153330,151536,1794,0,0,,,
candmirror,fin_B70_1400,1407,1,153330,151536,1794,0,0,,,
candmirror,fin_B70_1400,1408,0,127920,128221,-301,0,0,,,
candmirror,fin_B70_1400,1408,1,127920,128221,-301,0,0,,,
candmirror,fin_B70_1400,1409,0,98564,96776,1788,0,0,,,
candmirror,fin_B70_1400,1409,1,99011,96845,2166,0,0,,,
candmirror,fin_B70_1400,1410,0,134779,129576,5203,0,0,,,
candmirror,fin_B70_1400,1410,1,129592,134688,-5096,0,0,,,
candmirror,fin_B70_1400,1411,0,95815,93923,1892,0,0,,,
candmirror,fin_B70_1400,1411,1,90730,89841,889,0,0,,,
candmirror,fin_B70_1400,1412,0,134436,134014,422,0,0,,,
candmirror,fin_B70_1400,1412,1,127576,129175,-1599,0,0,,,
candmirror,fin_B70_1400,1413,0,117356,119737,-2381,0,0,,,
candmirror,fin_B70_1400,1413,1,120268,117164,3104,0,0,,,
candmirror,fin_B70_1400,1414,0,120912,120090,822,0,0,,,
candmirror,fin_B70_1400,1414,1,120912,120090,822,0,0,,,
candmirror,fin_B70_1400,1415,0,94188,94663,-475,0,0,,,
candmirror,fin_B70_1400,1415,1,94188,94663,-475,0,0,,,
candmirror,fin_B70_1400,1416,0,96656,95747,909,0,0,,,
candmirror,fin_B70_1400,1416,1,96172,97482,-1310,0,0,,,
candmirror,fin_B70_1400,1417,0,103961,102154,1807,0,0,,,
candmirror,fin_B70_1400,1417,1,97560,99214,-1654,0,0,,,
candmirror,fin_B70_1400,1418,0,94283,94289,-6,0,0,,,
candmirror,fin_B70_1400,1418,1,94283,94289,-6,0,0,,,
candmirror,fin_B70_1400,1419,0,104275,99878,4397,0,0,,,
candmirror,fin_B70_1400,1419,1,102958,104150,-1192,0,0,,,
candmirror,fin_B85_1300,1300,0,94421,94682,-261,0,0,,,
candmirror,fin_B85_1300,1300,1,94421,94682,-261,0,0,,,
candmirror,fin_B85_1300,1301,0,136750,136703,47,0,0,,,
candmirror,fin_B85_1300,1301,1,136750,136703,47,0,0,,,
candmirror,fin_B85_1300,1302,0,76593,78558,-1965,0,0,,,
candmirror,fin_B85_1300,1302,1,76593,78558,-1965,0,0,,,
candmirror,fin_B85_1300,1303,0,89862,88261,1601,0,0,,,
candmirror,fin_B85_1300,1303,1,90575,89891,684,0,0,,,
candmirror,fin_B85_1300,1304,0,92279,92667,-388,0,0,,,
candmirror,fin_B85_1300,1304,1,92279,92667,-388,0,0,,,
candmirror,fin_B85_1300,1305,0,90750,89604,1146,0,0,,,
candmirror,fin_B85_1300,1305,1,96103,96034,69,0,0,,,
candmirror,fin_B85_1300,1306,0,97501,97493,8,0,0,,,
candmirror,fin_B85_1300,1306,1,90810,92844,-2034,0,0,,,
candmirror,fin_B85_1300,1307,0,93860,92640,1220,0,0,,,
candmirror,fin_B85_1300,1307,1,93860,92640,1220,0,0,,,
candmirror,fin_B85_1300,1308,0,109701,108773,928,0,0,,,
candmirror,fin_B85_1300,1308,1,109701,108773,928,0,0,,,
candmirror,fin_B85_1300,1309,0,89377,85457,3920,0,0,,,
candmirror,fin_B85_1300,1309,1,89377,85457,3920,0,0,,,
candmirror,fin_B85_1300,1310,0,121640,123193,-1553,0,0,,,
candmirror,fin_B85_1300,1310,1,121661,123204,-1543,0,0,,,
candmirror,fin_B85_1300,1311,0,103152,101534,1618,0,0,,,
candmirror,fin_B85_1300,1311,1,104627,103981,646,0,0,,,
candmirror,fin_B85_1300,1312,0,118313,118183,130,0,0,,,
candmirror,fin_B85_1300,1312,1,118313,118183,130,0,0,,,
candmirror,fin_B85_1300,1313,0,103728,102522,1206,0,0,,,
candmirror,fin_B85_1300,1313,1,102049,103670,-1621,0,0,,,
candmirror,fin_B85_1300,1314,0,102741,105626,-2885,0,0,,,
candmirror,fin_B85_1300,1314,1,109077,109300,-223,0,0,,,
candmirror,fin_B85_1300,1315,0,91374,94769,-3395,0,0,,,
candmirror,fin_B85_1300,1315,1,91374,94769,-3395,0,0,,,
candmirror,fin_B85_1300,1316,0,171796,166513,5283,0,0,,,
candmirror,fin_B85_1300,1316,1,168581,170237,-1656,0,0,,,
candmirror,fin_B85_1300,1317,0,103075,101832,1243,0,0,,,
candmirror,fin_B85_1300,1317,1,103075,101832,1243,0,0,,,
candmirror,fin_B85_1300,1318,0,136640,136061,579,0,0,,,
candmirror,fin_B85_1300,1318,1,136640,136061,579,0,0,,,
candmirror,fin_B85_1300,1319,0,92014,91452,562,0,0,,,
candmirror,fin_B85_1300,1319,1,92014,91452,562,0,0,,,
candmirror,fin_B85_1400,1400,0,104785,105391,-606,0,0,,,
candmirror,fin_B85_1400,1400,1,104785,105391,-606,0,0,,,
candmirror,fin_B85_1400,1401,0,97914,98878,-964,0,0,,,
candmirror,fin_B85_1400,1401,1,97924,98868,-944,0,0,,,
candmirror,fin_B85_1400,1402,0,104763,104376,387,0,0,,,
candmirror,fin_B85_1400,1402,1,104763,104376,387,0,0,,,
candmirror,fin_B85_1400,1403,0,101420,100500,920,0,0,,,
candmirror,fin_B85_1400,1403,1,101420,100500,920,0,0,,,
candmirror,fin_B85_1400,1404,0,115040,113697,1343,0,0,,,
candmirror,fin_B85_1400,1404,1,115040,113697,1343,0,0,,,
candmirror,fin_B85_1400,1405,0,105314,104374,940,0,0,,,
candmirror,fin_B85_1400,1405,1,100062,102105,-2043,0,0,,,
candmirror,fin_B85_1400,1406,0,100282,99676,606,0,0,,,
candmirror,fin_B85_1400,1406,1,100172,99808,364,0,0,,,
candmirror,fin_B85_1400,1407,0,138110,141340,-3230,0,0,,,
candmirror,fin_B85_1400,1407,1,138110,141340,-3230,0,0,,,
candmirror,fin_B85_1400,1408,0,127683,129637,-1954,0,0,,,
candmirror,fin_B85_1400,1408,1,127683,129637,-1954,0,0,,,
candmirror,fin_B85_1400,1409,0,102844,104591,-1747,0,0,,,
candmirror,fin_B85_1400,1409,1,105135,103159,1976,0,0,,,
candmirror,fin_B85_1400,1410,0,134779,129576,5203,0,0,,,
candmirror,fin_B85_1400,1410,1,130788,132826,-2038,0,0,,,
candmirror,fin_B85_1400,1411,0,94444,90684,3760,0,0,,,
candmirror,fin_B85_1400,1411,1,109982,109923,59,0,0,,,
candmirror,fin_B85_1400,1412,0,134495,134510,-15,0,0,,,
candmirror,fin_B85_1400,1412,1,125667,125818,-151,0,0,,,
candmirror,fin_B85_1400,1413,0,117910,119868,-1958,0,0,,,
candmirror,fin_B85_1400,1413,1,111257,109946,1311,0,0,,,
candmirror,fin_B85_1400,1414,0,117023,118629,-1606,0,0,,,
candmirror,fin_B85_1400,1414,1,117023,118629,-1606,0,0,,,
candmirror,fin_B85_1400,1415,0,91910,92462,-552,0,0,,,
candmirror,fin_B85_1400,1415,1,91910,92462,-552,0,0,,,
candmirror,fin_B85_1400,1416,0,96467,96023,444,0,0,,,
candmirror,fin_B85_1400,1416,1,95968,97604,-1636,0,0,,,
candmirror,fin_B85_1400,1417,0,99871,101704,-1833,0,0,,,
candmirror,fin_B85_1400,1417,1,101149,102286,-1137,0,0,,,
candmirror,fin_B85_1400,1418,0,93143,92833,310,0,0,,,
candmirror,fin_B85_1400,1418,1,93143,92833,310,0,0,,,
candmirror,fin_B85_1400,1419,0,102692,102710,-18,0,0,,,
candmirror,fin_B85_1400,1419,1,101635,103400,-1765,0,0,,,
candmirror,fin_C_1300,1300,0,81504,81098,406,0,0,,,
candmirror,fin_C_1300,1300,1,81504,81098,406,0,0,,,
candmirror,fin_C_1300,1301,0,100751,102824,-2073,0,0,,,
candmirror,fin_C_1300,1301,1,100751,102824,-2073,0,0,,,
candmirror,fin_C_1300,1302,0,92871,93728,-857,0,0,,,
candmirror,fin_C_1300,1302,1,92871,93728,-857,0,0,,,
candmirror,fin_C_1300,1303,0,115891,111951,3940,0,0,,,
candmirror,fin_C_1300,1303,1,117504,116875,629,0,0,,,
candmirror,fin_C_1300,1304,0,99946,98031,1915,0,0,,,
candmirror,fin_C_1300,1304,1,99946,98031,1915,0,0,,,
candmirror,fin_C_1300,1305,0,132852,138720,-5868,0,0,,,
candmirror,fin_C_1300,1305,1,134050,139161,-5111,0,0,,,
candmirror,fin_C_1300,1306,0,88955,87810,1145,0,0,,,
candmirror,fin_C_1300,1306,1,88955,87810,1145,0,0,,,
candmirror,fin_C_1300,1307,0,119437,118638,799,0,0,,,
candmirror,fin_C_1300,1307,1,93373,95905,-2532,0,0,,,
candmirror,fin_C_1300,1308,0,126583,124690,1893,0,0,,,
candmirror,fin_C_1300,1308,1,126583,124690,1893,0,0,,,
candmirror,fin_C_1300,1309,0,88008,86025,1983,0,0,,,
candmirror,fin_C_1300,1309,1,88008,86025,1983,0,0,,,
candmirror,fin_C_1300,1310,0,144529,141256,3273,0,0,,,
candmirror,fin_C_1300,1310,1,144854,140793,4061,0,0,,,
candmirror,fin_C_1300,1311,0,89143,89871,-728,0,0,,,
candmirror,fin_C_1300,1311,1,89139,90649,-1510,0,0,,,
candmirror,fin_C_1300,1312,0,107291,109201,-1910,0,0,,,
candmirror,fin_C_1300,1312,1,107291,109201,-1910,0,0,,,
candmirror,fin_C_1300,1313,0,103036,106311,-3275,0,0,,,
candmirror,fin_C_1300,1313,1,120842,128185,-7343,0,0,,,
candmirror,fin_C_1300,1314,0,118584,111667,6917,0,0,,,
candmirror,fin_C_1300,1314,1,116997,112590,4407,0,0,,,
candmirror,fin_C_1300,1315,0,90622,88976,1646,0,0,,,
candmirror,fin_C_1300,1315,1,90622,88976,1646,0,0,,,
candmirror,fin_C_1300,1316,0,121358,124818,-3460,0,0,,,
candmirror,fin_C_1300,1316,1,79779,77029,2750,0,0,,,
candmirror,fin_C_1300,1317,0,134023,124775,9248,0,0,,,
candmirror,fin_C_1300,1317,1,134023,124775,9248,0,0,,,
candmirror,fin_C_1300,1318,0,119333,111719,7614,0,0,,,
candmirror,fin_C_1300,1318,1,119333,111719,7614,0,0,,,
candmirror,fin_C_1300,1319,0,98546,95239,3307,0,0,,,
candmirror,fin_C_1300,1319,1,98546,95239,3307,0,0,,,
candmirror,fin_C_1400,1400,0,85711,84149,1562,0,0,,,
candmirror,fin_C_1400,1400,1,85711,84149,1562,0,0,,,
candmirror,fin_C_1400,1401,0,98515,93750,4765,0,0,,,
candmirror,fin_C_1400,1401,1,95849,88110,7739,0,0,,,
candmirror,fin_C_1400,1402,0,93165,91776,1389,0,0,,,
candmirror,fin_C_1400,1402,1,93165,91776,1389,0,0,,,
candmirror,fin_C_1400,1403,0,89768,91844,-2076,0,0,,,
candmirror,fin_C_1400,1403,1,89768,91844,-2076,0,0,,,
candmirror,fin_C_1400,1404,0,93328,87258,6070,0,0,,,
candmirror,fin_C_1400,1404,1,93328,87258,6070,0,0,,,
candmirror,fin_C_1400,1405,0,123073,121801,1272,0,0,,,
candmirror,fin_C_1400,1405,1,123081,121821,1260,0,0,,,
candmirror,fin_C_1400,1406,0,118432,115495,2937,0,0,,,
candmirror,fin_C_1400,1406,1,118289,115502,2787,0,0,,,
candmirror,fin_C_1400,1407,0,126054,127358,-1304,0,0,,,
candmirror,fin_C_1400,1407,1,126054,127358,-1304,0,0,,,
candmirror,fin_C_1400,1408,0,120717,118905,1812,0,0,,,
candmirror,fin_C_1400,1408,1,120717,118905,1812,0,0,,,
candmirror,fin_C_1400,1409,0,76402,79316,-2914,0,0,,,
candmirror,fin_C_1400,1409,1,76910,80364,-3454,0,0,,,
candmirror,fin_C_1400,1410,0,94110,92169,1941,0,0,,,
candmirror,fin_C_1400,1410,1,94052,91989,2063,0,0,,,
candmirror,fin_C_1400,1411,0,93648,91038,2610,0,0,,,
candmirror,fin_C_1400,1411,1,94970,92378,2592,0,0,,,
candmirror,fin_C_1400,1412,0,125818,121259,4559,0,0,,,
candmirror,fin_C_1400,1412,1,87495,84081,3414,0,0,,,
candmirror,fin_C_1400,1413,0,115538,116057,-519,0,0,,,
candmirror,fin_C_1400,1413,1,122857,123646,-789,0,0,,,
candmirror,fin_C_1400,1414,0,102706,96460,6246,0,0,,,
candmirror,fin_C_1400,1414,1,102706,96460,6246,0,0,,,
candmirror,fin_C_1400,1415,0,87423,82673,4750,0,0,,,
candmirror,fin_C_1400,1415,1,87423,82673,4750,0,0,,,
candmirror,fin_C_1400,1416,0,92404,88696,3708,0,0,,,
candmirror,fin_C_1400,1416,1,91428,88655,2773,0,0,,,
candmirror,fin_C_1400,1417,0,115433,113910,1523,0,0,,,
candmirror,fin_C_1400,1417,1,113929,113951,-22,0,0,,,
candmirror,fin_C_1400,1418,0,86789,85000,1789,0,0,,,
candmirror,fin_C_1400,1418,1,86789,85000,1789,0,0,,,
candmirror,fin_C_1400,1419,0,160314,159638,676,0,0,,,
candmirror,fin_C_1400,1419,1,152828,151504,1324,0,0,,,
candmirror,fin_C_1500,1500,0,87190,87161,29,0,0,,,
candmirror,fin_C_1500,1500,1,87190,87161,29,0,0,,,
candmirror,fin_C_1500,1501,0,129006,128124,882,0,0,,,
candmirror,fin_C_1500,1501,1,128349,123500,4849,0,0,,,
candmirror,fin_C_1500,1502,0,81064,74785,6279,0,0,,,
candmirror,fin_C_1500,1502,1,81064,74785,6279,0,0,,,
candmirror,fin_C_1500,1503,0,123649,121212,2437,0,0,,,
candmirror,fin_C_1500,1503,1,123649,121212,2437,0,0,,,
candmirror,fin_C_1500,1504,0,114390,115031,-641,0,0,,,
candmirror,fin_C_1500,1504,1,114390,115031,-641,0,0,,,
candmirror,fin_C_1500,1505,0,91578,88125,3453,0,0,,,
candmirror,fin_C_1500,1505,1,93456,91149,2307,0,0,,,
candmirror,fin_C_1500,1506,0,115427,118995,-3568,0,0,,,
candmirror,fin_C_1500,1506,1,115427,118995,-3568,0,0,,,
candmirror,fin_C_1500,1507,0,100097,97580,2517,0,0,,,
candmirror,fin_C_1500,1507,1,100097,97580,2517,0,0,,,
candmirror,fin_C_1500,1508,0,130018,121065,8953,0,0,,,
candmirror,fin_C_1500,1508,1,129855,121495,8360,0,0,,,
candmirror,fin_C_1500,1509,0,93658,91773,1885,0,0,,,
candmirror,fin_C_1500,1509,1,93658,91773,1885,0,0,,,
candmirror,fin_C_1500,1510,0,151361,155374,-4013,0,0,,,
candmirror,fin_C_1500,1510,1,151050,151143,-93,0,0,,,
candmirror,fin_C_1500,1511,0,100311,92776,7535,0,0,,,
candmirror,fin_C_1500,1511,1,116106,116419,-313,0,0,,,
candmirror,fin_C_1500,1512,0,165012,154665,10347,0,0,,,
candmirror,fin_C_1500,1512,1,165012,154665,10347,0,0,,,
candmirror,fin_C_1500,1513,0,101470,104409,-2939,0,0,,,
candmirror,fin_C_1500,1513,1,101470,104409,-2939,0,0,,,
candmirror,fin_C_1500,1514,0,103280,105758,-2478,0,0,,,
candmirror,fin_C_1500,1514,1,108540,106613,1927,0,0,,,
candmirror,fin_C_1500,1515,0,119522,126080,-6558,0,0,,,
candmirror,fin_C_1500,1515,1,119522,126080,-6558,0,0,,,
candmirror,fin_C_1500,1516,0,142309,144275,-1966,0,0,,,
candmirror,fin_C_1500,1516,1,142309,144275,-1966,0,0,,,
candmirror,fin_C_1500,1517,0,131811,130483,1328,0,0,,,
candmirror,fin_C_1500,1517,1,131811,130483,1328,0,0,,,
candmirror,fin_C_1500,1518,0,127790,124985,2805,0,0,,,
candmirror,fin_C_1500,1518,1,127790,124985,2805,0,0,,,
candmirror,fin_C_1500,1519,0,102852,100052,2800,0,0,,,
candmirror,fin_C_1500,1519,1,102852,100052,2800,0,0,,,
candmirror,fin_C_1600,1600,0,97933,106368,-8435,0,0,,,
candmirror,fin_C_1600,1600,1,96348,104167,-7819,0,0,,,
candmirror,fin_C_1600,1601,0,95980,95900,80,0,0,,,
candmirror,fin_C_1600,1601,1,115948,115210,738,0,0,,,
candmirror,fin_C_1600,1602,0,136252,138563,-2311,0,0,,,
candmirror,fin_C_1600,1602,1,136252,138563,-2311,0,0,,,
candmirror,fin_C_1600,1603,0,132378,130926,1452,0,0,,,
candmirror,fin_C_1600,1603,1,132378,130926,1452,0,0,,,
candmirror,fin_C_1600,1604,0,88559,89323,-764,0,0,,,
candmirror,fin_C_1600,1604,1,88559,89323,-764,0,0,,,
candmirror,fin_C_1600,1605,0,99231,98892,339,0,0,,,
candmirror,fin_C_1600,1605,1,99231,98892,339,0,0,,,
candmirror,fin_C_1600,1606,0,90094,88351,1743,0,0,,,
candmirror,fin_C_1600,1606,1,90004,88291,1713,0,0,,,
candmirror,fin_C_1600,1607,0,120617,119720,897,0,0,,,
candmirror,fin_C_1600,1607,1,132235,135454,-3219,0,0,,,
candmirror,fin_C_1600,1608,0,101944,106375,-4431,0,0,,,
candmirror,fin_C_1600,1608,1,101944,106375,-4431,0,0,,,
candmirror,fin_C_1600,1609,0,93047,89573,3474,0,0,,,
candmirror,fin_C_1600,1609,1,97287,93876,3411,0,0,,,
candmirror,fin_C_1600,1610,0,95384,101371,-5987,0,0,,,
candmirror,fin_C_1600,1610,1,95384,101371,-5987,0,0,,,
candmirror,fin_C_1600,1611,0,122289,123907,-1618,0,0,,,
candmirror,fin_C_1600,1611,1,123006,123628,-622,0,0,,,
candmirror,fin_C_1600,1612,0,139311,136335,2976,0,0,,,
candmirror,fin_C_1600,1612,1,139311,136335,2976,0,0,,,
candmirror,fin_C_1600,1613,0,71595,69946,1649,0,0,,,
candmirror,fin_C_1600,1613,1,78994,77471,1523,0,0,,,
candmirror,fin_C_1600,1614,0,121515,122491,-976,0,0,,,
candmirror,fin_C_1600,1614,1,95080,96920,-1840,0,0,,,
candmirror,fin_C_1600,1615,0,101251,103062,-1811,0,0,,,
candmirror,fin_C_1600,1615,1,101251,103062,-1811,0,0,,,
candmirror,fin_C_1600,1616,0,144235,143351,884,0,0,,,
candmirror,fin_C_1600,1616,1,144235,143351,884,0,0,,,
candmirror,fin_C_1600,1617,0,111147,109595,1552,0,0,,,
candmirror,fin_C_1600,1617,1,111147,109595,1552,0,0,,,
candmirror,fin_C_1600,1618,0,107582,104054,3528,0,0,,,
candmirror,fin_C_1600,1618,1,107582,104054,3528,0,0,,,
candmirror,fin_C_1600,1619,0,107281,104690,2591,0,0,,,
candmirror,fin_C_1600,1619,1,107281,104690,2591,0,0,,,
candmirror,fin_C_7000,7000,0,137468,134994,2474,0,0,,,
candmirror,fin_C_7000,7000,1,137468,134994,2474,0,0,,,
candmirror,fin_C_7000,7001,0,94599,97505,-2906,0,0,,,
candmirror,fin_C_7000,7001,1,94518,97932,-3414,0,0,,,
candmirror,fin_C_7000,7002,0,120758,124302,-3544,0,0,,,
candmirror,fin_C_7000,7002,1,112839,111898,941,0,0,,,
candmirror,fin_C_7000,7003,0,111457,115396,-3939,0,0,,,
candmirror,fin_C_7000,7003,1,111457,115396,-3939,0,0,,,
candmirror,fin_C_7000,7004,0,109842,110801,-959,0,0,,,
candmirror,fin_C_7000,7004,1,98786,100697,-1911,0,0,,,
candmirror,fin_C_7000,7005,0,144761,144374,387,0,0,,,
candmirror,fin_C_7000,7005,1,144953,144190,763,0,0,,,
candmirror,fin_C_7000,7006,0,107328,109970,-2642,0,0,,,
candmirror,fin_C_7000,7006,1,107328,109970,-2642,0,0,,,
candmirror,fin_C_7000,7007,0,106281,107337,-1056,0,0,,,
candmirror,fin_C_7000,7007,1,106281,107337,-1056,0,0,,,
candmirror,fin_C_7000,7008,0,82338,84745,-2407,0,0,,,
candmirror,fin_C_7000,7008,1,82338,84745,-2407,0,0,,,
candmirror,fin_C_7000,7009,0,116886,122703,-5817,0,0,,,
candmirror,fin_C_7000,7009,1,116886,122703,-5817,0,0,,,
candmirror,fin_C_7000,7010,0,83726,79941,3785,0,0,,,
candmirror,fin_C_7000,7010,1,83726,79941,3785,0,0,,,
candmirror,fin_C_7000,7011,0,93886,94689,-803,0,0,,,
candmirror,fin_C_7000,7011,1,93886,94689,-803,0,0,,,
candmirror,fin_C_7000,7012,0,146818,146196,622,0,0,,,
candmirror,fin_C_7000,7012,1,124333,124199,134,0,0,,,
candmirror,fin_C_7000,7013,0,107427,102750,4677,0,0,,,
candmirror,fin_C_7000,7013,1,107427,102750,4677,0,0,,,
candmirror,fin_C_7000,7014,0,108488,108219,269,0,0,,,
candmirror,fin_C_7000,7014,1,108488,108219,269,0,0,,,
candmirror,fin_C_7000,7015,0,79996,80537,-541,0,0,,,
candmirror,fin_C_7000,7015,1,80006,80524,-518,0,0,,,
candmirror,fin_C_7000,7016,0,111927,110830,1097,0,0,,,
candmirror,fin_C_7000,7016,1,111927,110830,1097,0,0,,,
candmirror,fin_C_7000,7017,0,120539,128408,-7869,0,0,,,
candmirror,fin_C_7000,7017,1,121496,129658,-8162,0,0,,,
candmirror,fin_C_7000,7018,0,87084,91932,-4848,0,0,,,
candmirror,fin_C_7000,7018,1,87084,91932,-4848,0,0,,,
candmirror,fin_C_7000,7019,0,65979,68346,-2367,0,0,,,
candmirror,fin_C_7000,7019,1,65979,68346,-2367,0,0,,,
candmirror,fin_D_1300,1300,0,81504,81098,406,0,0,,,
candmirror,fin_D_1300,1300,1,81504,81098,406,0,0,,,
candmirror,fin_D_1300,1301,0,110202,126710,-16508,0,0,,,
candmirror,fin_D_1300,1301,1,110202,126710,-16508,0,0,,,
candmirror,fin_D_1300,1302,0,95100,94619,481,0,0,,,
candmirror,fin_D_1300,1302,1,95100,94619,481,0,0,,,
candmirror,fin_D_1300,1303,0,113305,108524,4781,0,0,,,
candmirror,fin_D_1300,1303,1,111623,116162,-4539,0,0,,,
candmirror,fin_D_1300,1304,0,98780,94235,4545,0,0,,,
candmirror,fin_D_1300,1304,1,98780,94235,4545,0,0,,,
candmirror,fin_D_1300,1305,0,132726,137571,-4845,0,0,,,
candmirror,fin_D_1300,1305,1,130177,138822,-8645,0,0,,,
candmirror,fin_D_1300,1306,0,86894,85840,1054,0,0,,,
candmirror,fin_D_1300,1306,1,86157,83479,2678,0,0,,,
candmirror,fin_D_1300,1307,0,118109,116245,1864,0,0,,,
candmirror,fin_D_1300,1307,1,111992,116451,-4459,0,0,,,
candmirror,fin_D_1300,1308,0,120330,116316,4014,0,0,,,
candmirror,fin_D_1300,1308,1,120330,116316,4014,0,0,,,
candmirror,fin_D_1300,1309,0,88008,86025,1983,0,0,,,
candmirror,fin_D_1300,1309,1,88008,86025,1983,0,0,,,
candmirror,fin_D_1300,1310,0,144529,141256,3273,0,0,,,
candmirror,fin_D_1300,1310,1,144854,140793,4061,0,0,,,
candmirror,fin_D_1300,1311,0,98332,96833,1499,0,0,,,
candmirror,fin_D_1300,1311,1,98054,96476,1578,0,0,,,
candmirror,fin_D_1300,1312,0,109744,111725,-1981,0,0,,,
candmirror,fin_D_1300,1312,1,109744,111725,-1981,0,0,,,
candmirror,fin_D_1300,1313,0,108044,105025,3019,0,0,,,
candmirror,fin_D_1300,1313,1,103493,103587,-94,0,0,,,
candmirror,fin_D_1300,1314,0,115196,117771,-2575,0,0,,,
candmirror,fin_D_1300,1314,1,80930,78770,2160,0,0,,,
candmirror,fin_D_1300,1315,0,97117,93890,3227,0,0,,,
candmirror,fin_D_1300,1315,1,97117,93890,3227,0,0,,,
candmirror,fin_D_1300,1316,0,91584,92319,-735,0,0,,,
candmirror,fin_D_1300,1316,1,91583,92310,-727,0,0,,,
candmirror,fin_D_1300,1317,0,121368,120879,489,0,0,,,
candmirror,fin_D_1300,1317,1,121368,120879,489,0,0,,,
candmirror,fin_D_1300,1318,0,78616,72812,5804,0,0,,,
candmirror,fin_D_1300,1318,1,78616,72812,5804,0,0,,,
candmirror,fin_D_1300,1319,0,97400,95151,2249,0,0,,,
candmirror,fin_D_1300,1319,1,97400,95151,2249,0,0,,,
candmirror,fin_D_1400,1400,0,87376,86377,999,0,0,,,
candmirror,fin_D_1400,1400,1,87376,86377,999,0,0,,,
candmirror,fin_D_1400,1401,0,91627,89181,2446,0,0,,,
candmirror,fin_D_1400,1401,1,92296,84957,7339,0,0,,,
candmirror,fin_D_1400,1402,0,109832,105684,4148,0,0,,,
candmirror,fin_D_1400,1402,1,109832,105684,4148,0,0,,,
candmirror,fin_D_1400,1403,0,89371,92089,-2718,0,0,,,
candmirror,fin_D_1400,1403,1,89371,92089,-2718,0,0,,,
candmirror,fin_D_1400,1404,0,93405,87295,6110,0,0,,,
candmirror,fin_D_1400,1404,1,93405,87295,6110,0,0,,,
candmirror,fin_D_1400,1405,0,124573,124843,-270,0,0,,,
candmirror,fin_D_1400,1405,1,124748,124846,-98,0,0,,,
candmirror,fin_D_1400,1406,0,99940,94513,5427,0,0,,,
candmirror,fin_D_1400,1406,1,99940,94513,5427,0,0,,,
candmirror,fin_D_1400,1407,0,125006,126462,-1456,0,0,,,
candmirror,fin_D_1400,1407,1,125006,126462,-1456,0,0,,,
candmirror,fin_D_1400,1408,0,120717,118905,1812,0,0,,,
candmirror,fin_D_1400,1408,1,120717,118905,1812,0,0,,,
candmirror,fin_D_1400,1409,0,80948,85421,-4473,0,0,,,
candmirror,fin_D_1400,1409,1,79012,84083,-5071,0,0,,,
candmirror,fin_D_1400,1410,0,92836,89929,2907,0,0,,,
candmirror,fin_D_1400,1410,1,93346,89319,4027,0,0,,,
candmirror,fin_D_1400,1411,0,108455,108135,320,0,0,,,
candmirror,fin_D_1400,1411,1,102978,102919,59,0,0,,,
candmirror,fin_D_1400,1412,0,119225,115406,3819,0,0,,,
candmirror,fin_D_1400,1412,1,87177,85351,1826,0,0,,,
candmirror,fin_D_1400,1413,0,119162,118633,529,0,0,,,
candmirror,fin_D_1400,1413,1,116331,116866,-535,0,0,,,
candmirror,fin_D_1400,1414,0,121190,119381,1809,0,0,,,
candmirror,fin_D_1400,1414,1,121190,119381,1809,0,0,,,
candmirror,fin_D_1400,1415,0,93579,91033,2546,0,0,,,
candmirror,fin_D_1400,1415,1,93579,91033,2546,0,0,,,
candmirror,fin_D_1400,1416,0,86742,84501,2241,0,0,,,
candmirror,fin_D_1400,1416,1,86742,84501,2241,0,0,,,
candmirror,fin_D_1400,1417,0,107209,106163,1046,0,0,,,
candmirror,fin_D_1400,1417,1,105971,104715,1256,0,0,,,
candmirror,fin_D_1400,1418,0,89518,83583,5935,0,0,,,
candmirror,fin_D_1400,1418,1,89518,83583,5935,0,0,,,
candmirror,fin_D_1400,1419,0,158173,152529,5644,0,0,,,
candmirror,fin_D_1400,1419,1,142568,140225,2343,0,0,,,
candmirror,fin_D_1500,1500,0,92219,88359,3860,0,0,,,
candmirror,fin_D_1500,1500,1,90593,88547,2046,0,0,,,
candmirror,fin_D_1500,1501,0,102270,102390,-120,0,0,,,
candmirror,fin_D_1500,1501,1,102575,101983,592,0,0,,,
candmirror,fin_D_1500,1502,0,81064,74785,6279,0,0,,,
candmirror,fin_D_1500,1502,1,81064,74785,6279,0,0,,,
candmirror,fin_D_1500,1503,0,108781,106116,2665,0,0,,,
candmirror,fin_D_1500,1503,1,108781,106116,2665,0,0,,,
candmirror,fin_D_1500,1504,0,109418,109684,-266,0,0,,,
candmirror,fin_D_1500,1504,1,109418,109684,-266,0,0,,,
candmirror,fin_D_1500,1505,0,79073,83651,-4578,0,0,,,
candmirror,fin_D_1500,1505,1,92360,94363,-2003,0,0,,,
candmirror,fin_D_1500,1506,0,123297,123084,213,0,0,,,
candmirror,fin_D_1500,1506,1,123297,123084,213,0,0,,,
candmirror,fin_D_1500,1507,0,92402,93778,-1376,0,0,,,
candmirror,fin_D_1500,1507,1,92402,93778,-1376,0,0,,,
candmirror,fin_D_1500,1508,0,109045,108076,969,0,0,,,
candmirror,fin_D_1500,1508,1,108351,108057,294,0,0,,,
candmirror,fin_D_1500,1509,0,92594,91314,1280,0,0,,,
candmirror,fin_D_1500,1509,1,92594,91314,1280,0,0,,,
candmirror,fin_D_1500,1510,0,130058,126845,3213,0,0,,,
candmirror,fin_D_1500,1510,1,127078,123919,3159,0,0,,,
candmirror,fin_D_1500,1511,0,104190,99088,5102,0,0,,,
candmirror,fin_D_1500,1511,1,114855,112648,2207,0,0,,,
candmirror,fin_D_1500,1512,0,136489,135330,1159,0,0,,,
candmirror,fin_D_1500,1512,1,136489,135330,1159,0,0,,,
candmirror,fin_D_1500,1513,0,97663,99362,-1699,0,0,,,
candmirror,fin_D_1500,1513,1,97663,99362,-1699,0,0,,,
candmirror,fin_D_1500,1514,0,108049,102858,5191,0,0,,,
candmirror,fin_D_1500,1514,1,98606,95785,2821,0,0,,,
candmirror,fin_D_1500,1515,0,117504,116913,591,0,0,,,
candmirror,fin_D_1500,1515,1,117504,116913,591,0,0,,,
candmirror,fin_D_1500,1516,0,130333,125348,4985,0,0,,,
candmirror,fin_D_1500,1516,1,130333,125348,4985,0,0,,,
candmirror,fin_D_1500,1517,0,104294,103867,427,0,0,,,
candmirror,fin_D_1500,1517,1,104294,103867,427,0,0,,,
candmirror,fin_D_1500,1518,0,144486,137663,6823,0,0,,,
candmirror,fin_D_1500,1518,1,144486,137663,6823,0,0,,,
candmirror,fin_D_1500,1519,0,100308,104233,-3925,0,0,,,
candmirror,fin_D_1500,1519,1,100921,104269,-3348,0,0,,,
candmirror,fin_D_1600,1600,0,91903,100500,-8597,0,0,,,
candmirror,fin_D_1600,1600,1,90265,100770,-10505,0,0,,,
candmirror,fin_D_1600,1601,0,96614,93148,3466,0,0,,,
candmirror,fin_D_1600,1601,1,123402,119212,4190,0,0,,,
candmirror,fin_D_1600,1602,0,136623,137595,-972,0,0,,,
candmirror,fin_D_1600,1602,1,136623,137595,-972,0,0,,,
candmirror,fin_D_1600,1603,0,136477,135223,1254,0,0,,,
candmirror,fin_D_1600,1603,1,136477,135223,1254,0,0,,,
candmirror,fin_D_1600,1604,0,93113,91537,1576,0,0,,,
candmirror,fin_D_1600,1604,1,93113,91537,1576,0,0,,,
candmirror,fin_D_1600,1605,0,103635,101805,1830,0,0,,,
candmirror,fin_D_1600,1605,1,103649,101764,1885,0,0,,,
candmirror,fin_D_1600,1606,0,90094,88351,1743,0,0,,,
candmirror,fin_D_1600,1606,1,90004,88291,1713,0,0,,,
candmirror,fin_D_1600,1607,0,134432,136496,-2064,0,0,,,
candmirror,fin_D_1600,1607,1,124475,132183,-7708,0,0,,,
candmirror,fin_D_1600,1608,0,88959,91114,-2155,0,0,,,
candmirror,fin_D_1600,1608,1,88959,91114,-2155,0,0,,,
candmirror,fin_D_1600,1609,0,93047,89573,3474,0,0,,,
candmirror,fin_D_1600,1609,1,90565,87355,3210,0,0,,,
candmirror,fin_D_1600,1610,0,91531,91451,80,0,0,,,
candmirror,fin_D_1600,1610,1,91857,91477,380,0,0,,,
candmirror,fin_D_1600,1611,0,117196,128141,-10945,0,0,,,
candmirror,fin_D_1600,1611,1,116596,128033,-11437,0,0,,,
candmirror,fin_D_1600,1612,0,134751,135783,-1032,0,0,,,
candmirror,fin_D_1600,1612,1,134751,135783,-1032,0,0,,,
candmirror,fin_D_1600,1613,0,78740,78545,195,0,0,,,
candmirror,fin_D_1600,1613,1,80909,79621,1288,0,0,,,
candmirror,fin_D_1600,1614,0,94384,92573,1811,0,0,,,
candmirror,fin_D_1600,1614,1,94384,92573,1811,0,0,,,
candmirror,fin_D_1600,1615,0,93936,103592,-9656,0,0,,,
candmirror,fin_D_1600,1615,1,93936,103592,-9656,0,0,,,
candmirror,fin_D_1600,1616,0,137462,138937,-1475,0,0,,,
candmirror,fin_D_1600,1616,1,137462,138937,-1475,0,0,,,
candmirror,fin_D_1600,1617,0,133066,131684,1382,0,0,,,
candmirror,fin_D_1600,1617,1,133066,131684,1382,0,0,,,
candmirror,fin_D_1600,1618,0,106594,106720,-126,0,0,,,
candmirror,fin_D_1600,1618,1,106594,106720,-126,0,0,,,
candmirror,fin_D_1600,1619,0,100224,100783,-559,0,0,,,
candmirror,fin_D_1600,1619,1,100224,100783,-559,0,0,,,
candmirror,fin_D_7000,7000,0,131764,132296,-532,0,0,,,
candmirror,fin_D_7000,7000,1,131764,132296,-532,0,0,,,
candmirror,fin_D_7000,7001,0,108047,107471,576,0,0,,,
candmirror,fin_D_7000,7001,1,104844,105323,-479,0,0,,,
candmirror,fin_D_7000,7002,0,123177,118739,4438,0,0,,,
candmirror,fin_D_7000,7002,1,104569,108148,-3579,0,0,,,
candmirror,fin_D_7000,7003,0,101277,99932,1345,0,0,,,
candmirror,fin_D_7000,7003,1,101277,99932,1345,0,0,,,
candmirror,fin_D_7000,7004,0,115280,113636,1644,0,0,,,
candmirror,fin_D_7000,7004,1,96694,108705,-12011,0,0,,,
candmirror,fin_D_7000,7005,0,134709,133175,1534,0,0,,,
candmirror,fin_D_7000,7005,1,134968,132799,2169,0,0,,,
candmirror,fin_D_7000,7006,0,115998,118890,-2892,0,0,,,
candmirror,fin_D_7000,7006,1,115998,118890,-2892,0,0,,,
candmirror,fin_D_7000,7007,0,126289,127908,-1619,0,0,,,
candmirror,fin_D_7000,7007,1,125706,127996,-2290,0,0,,,
candmirror,fin_D_7000,7008,0,98713,98439,274,0,0,,,
candmirror,fin_D_7000,7008,1,98713,98439,274,0,0,,,
candmirror,fin_D_7000,7009,0,127655,133053,-5398,0,0,,,
candmirror,fin_D_7000,7009,1,126607,132916,-6309,0,0,,,
candmirror,fin_D_7000,7010,0,97418,92495,4923,0,0,,,
candmirror,fin_D_7000,7010,1,97418,92495,4923,0,0,,,
candmirror,fin_D_7000,7011,0,99989,102156,-2167,0,0,,,
candmirror,fin_D_7000,7011,1,99989,102156,-2167,0,0,,,
candmirror,fin_D_7000,7012,0,124271,127649,-3378,0,0,,,
candmirror,fin_D_7000,7012,1,146395,142322,4073,0,0,,,
candmirror,fin_D_7000,7013,0,93793,91954,1839,0,0,,,
candmirror,fin_D_7000,7013,1,93793,91954,1839,0,0,,,
candmirror,fin_D_7000,7014,0,110829,111192,-363,0,0,,,
candmirror,fin_D_7000,7014,1,110829,111192,-363,0,0,,,
candmirror,fin_D_7000,7015,0,105128,104929,199,0,0,,,
candmirror,fin_D_7000,7015,1,105138,104916,222,0,0,,,
candmirror,fin_D_7000,7016,0,116721,116280,441,0,0,,,
candmirror,fin_D_7000,7016,1,116721,116280,441,0,0,,,
candmirror,fin_D_7000,7017,0,114411,121258,-6847,0,0,,,
candmirror,fin_D_7000,7017,1,117792,118295,-503,0,0,,,
candmirror,fin_D_7000,7018,0,111945,112302,-357,0,0,,,
candmirror,fin_D_7000,7018,1,111945,112302,-357,0,0,,,
candmirror,fin_D_7000,7019,0,75673,77991,-2318,0,0,,,
candmirror,fin_D_7000,7019,1,75673,77991,-2318,0,0,,,
candmirror,fin_E_1300,1300,0,100214,98830,1384,0,0,,,
candmirror,fin_E_1300,1300,1,106123,103022,3101,0,0,,,
candmirror,fin_E_1300,1301,0,119170,118204,966,0,0,,,
candmirror,fin_E_1300,1301,1,119141,118254,887,0,0,,,
candmirror,fin_E_1300,1302,0,79421,79805,-384,0,0,,,
candmirror,fin_E_1300,1302,1,79421,79805,-384,0,0,,,
candmirror,fin_E_1300,1303,0,96593,98153,-1560,0,0,,,
candmirror,fin_E_1300,1303,1,96766,98429,-1663,0,0,,,
candmirror,fin_E_1300,1304,0,88884,88456,428,0,0,,,
candmirror,fin_E_1300,1304,1,88884,88456,428,0,0,,,
candmirror,fin_E_1300,1305,0,101224,103797,-2573,0,0,,,
candmirror,fin_E_1300,1305,1,101224,103797,-2573,0,0,,,
candmirror,fin_E_1300,1306,0,99659,98645,1014,0,0,,,
candmirror,fin_E_1300,1306,1,97463,96908,555,0,0,,,
candmirror,fin_E_1300,1307,0,85386,86281,-895,0,0,,,
candmirror,fin_E_1300,1307,1,116632,108158,8474,0,0,,,
candmirror,fin_E_1300,1308,0,116896,117291,-395,0,0,,,
candmirror,fin_E_1300,1308,1,116896,117291,-395,0,0,,,
candmirror,fin_E_1300,1309,0,79244,85854,-6610,0,0,,,
candmirror,fin_E_1300,1309,1,79244,85854,-6610,0,0,,,
candmirror,fin_E_1300,1310,0,109079,109077,2,0,0,,,
candmirror,fin_E_1300,1310,1,109077,109079,-2,0,0,,,
candmirror,fin_E_1300,1311,0,135962,134780,1182,0,0,,,
candmirror,fin_E_1300,1311,1,135806,134967,839,0,0,,,
candmirror,fin_E_1300,1312,0,110056,111173,-1117,0,0,,,
candmirror,fin_E_1300,1312,1,110056,111173,-1117,0,0,,,
candmirror,fin_E_1300,1313,0,125769,123852,1917,0,0,,,
candmirror,fin_E_1300,1313,1,109602,115182,-5580,0,0,,,
candmirror,fin_E_1300,1314,0,107934,111153,-3219,0,0,,,
candmirror,fin_E_1300,1314,1,103254,105418,-2164,0,0,,,
candmirror,fin_E_1300,1315,0,109884,110193,-309,0,0,,,
candmirror,fin_E_1300,1315,1,109884,110193,-309,0,0,,,
candmirror,fin_E_1300,1316,0,134628,133288,1340,0,0,,,
candmirror,fin_E_1300,1316,1,112320,108561,3759,0,0,,,
candmirror,fin_E_1300,1317,0,127724,120468,7256,0,0,,,
candmirror,fin_E_1300,1317,1,118364,121110,-2746,0,0,,,
candmirror,fin_E_1300,1318,0,107912,110507,-2595,0,0,,,
candmirror,fin_E_1300,1318,1,107912,110507,-2595,0,0,,,
candmirror,fin_E_1300,1319,0,87564,93442,-5878,0,0,,,
candmirror,fin_E_1300,1319,1,87564,93442,-5878,0,0,,,
candmirror,fin_E_1400,1400,0,108996,110258,-1262,0,0,,,
candmirror,fin_E_1400,1400,1,108996,110258,-1262,0,0,,,
candmirror,fin_E_1400,1401,0,70195,66888,3307,0,0,,,
candmirror,fin_E_1400,1401,1,99663,100750,-1087,0,0,,,
candmirror,fin_E_1400,1402,0,94694,93232,1462,0,0,,,
candmirror,fin_E_1400,1402,1,94694,93232,1462,0,0,,,
candmirror,fin_E_1400,1403,0,108983,108058,925,0,0,,,
candmirror,fin_E_1400,1403,1,108983,108058,925,0,0,,,
candmirror,fin_E_1400,1404,0,101085,102188,-1103,0,0,,,
candmirror,fin_E_1400,1404,1,101085,102188,-1103,0,0,,,
candmirror,fin_E_1400,1405,0,147102,141731,5371,0,0,,,
candmirror,fin_E_1400,1405,1,147198,141694,5504,0,0,,,
candmirror,fin_E_1400,1406,0,128714,122487,6227,0,0,,,
candmirror,fin_E_1400,1406,1,128714,122487,6227,0,0,,,
candmirror,fin_E_1400,1407,0,125878,129749,-3871,0,0,,,
candmirror,fin_E_1400,1407,1,125878,129749,-3871,0,0,,,
candmirror,fin_E_1400,1408,0,113143,112293,850,0,0,,,
candmirror,fin_E_1400,1408,1,113143,112293,850,0,0,,,
candmirror,fin_E_1400,1409,0,112648,112056,592,0,0,,,
candmirror,fin_E_1400,1409,1,114041,112690,1351,0,0,,,
candmirror,fin_E_1400,1410,0,108121,108394,-273,0,0,,,
candmirror,fin_E_1400,1410,1,109609,111094,-1485,0,0,,,
candmirror,fin_E_1400,1411,0,94061,93929,132,0,0,,,
candmirror,fin_E_1400,1411,1,98041,96396,1645,0,0,,,
candmirror,fin_E_1400,1412,0,101405,99740,1665,0,0,,,
candmirror,fin_E_1400,1412,1,104775,105406,-631,0,0,,,
candmirror,fin_E_1400,1413,0,103249,103248,1,0,0,,,
candmirror,fin_E_1400,1413,1,103248,103249,-1,0,0,,,
candmirror,fin_E_1400,1414,0,83688,93468,-9780,0,0,,,
candmirror,fin_E_1400,1414,1,83688,93468,-9780,0,0,,,
candmirror,fin_E_1400,1415,0,96198,95438,760,0,0,,,
candmirror,fin_E_1400,1415,1,96198,95438,760,0,0,,,
candmirror,fin_E_1400,1416,0,97295,99124,-1829,0,0,,,
candmirror,fin_E_1400,1416,1,95546,102141,-6595,0,0,,,
candmirror,fin_E_1400,1417,0,111135,113037,-1902,0,0,,,
candmirror,fin_E_1400,1417,1,111135,113037,-1902,0,0,,,
candmirror,fin_E_1400,1418,0,120810,118185,2625,0,0,,,
candmirror,fin_E_1400,1418,1,120810,118185,2625,0,0,,,
candmirror,fin_E_1400,1419,0,103884,103272,612,0,0,,,
candmirror,fin_E_1400,1419,1,86735,86081,654,0,0,,,
candmirror,fin_E_1500,1500,0,96679,93553,3126,0,0,,,
candmirror,fin_E_1500,1500,1,96927,93460,3467,0,0,,,
candmirror,fin_E_1500,1501,0,100832,102192,-1360,0,0,,,
candmirror,fin_E_1500,1501,1,105816,106828,-1012,0,0,,,
candmirror,fin_E_1500,1502,0,115254,115870,-616,0,0,,,
candmirror,fin_E_1500,1502,1,115254,115870,-616,0,0,,,
candmirror,fin_E_1500,1503,0,99958,98331,1627,0,0,,,
candmirror,fin_E_1500,1503,1,100258,98131,2127,0,0,,,
candmirror,fin_E_1500,1504,0,84900,80521,4379,0,0,,,
candmirror,fin_E_1500,1504,1,84900,80521,4379,0,0,,,
candmirror,fin_E_1500,1505,0,92452,91696,756,0,0,,,
candmirror,fin_E_1500,1505,1,102137,98259,3878,0,0,,,
candmirror,fin_E_1500,1506,0,129486,125019,4467,0,0,,,
candmirror,fin_E_1500,1506,1,129486,125019,4467,0,0,,,
candmirror,fin_E_1500,1507,0,106287,105563,724,0,0,,,
candmirror,fin_E_1500,1507,1,135144,131502,3642,0,0,,,
candmirror,fin_E_1500,1508,0,113244,114166,-922,0,0,,,
candmirror,fin_E_1500,1508,1,113239,114100,-861,0,0,,,
candmirror,fin_E_1500,1509,0,114995,112188,2807,0,0,,,
candmirror,fin_E_1500,1509,1,114995,112188,2807,0,0,,,
candmirror,fin_E_1500,1510,0,127503,124398,3105,0,0,,,
candmirror,fin_E_1500,1510,1,136556,135643,913,0,0,,,
candmirror,fin_E_1500,1511,0,96749,96661,88,0,0,,,
candmirror,fin_E_1500,1511,1,96749,96661,88,0,0,,,
candmirror,fin_E_1500,1512,0,139726,140481,-755,0,0,,,
candmirror,fin_E_1500,1512,1,140178,140523,-345,0,0,,,
candmirror,fin_E_1500,1513,0,107792,106744,1048,0,0,,,
candmirror,fin_E_1500,1513,1,107792,106744,1048,0,0,,,
candmirror,fin_E_1500,1514,0,112858,111685,1173,0,0,,,
candmirror,fin_E_1500,1514,1,112858,111685,1173,0,0,,,
candmirror,fin_E_1500,1515,0,95717,93355,2362,0,0,,,
candmirror,fin_E_1500,1515,1,95717,93355,2362,0,0,,,
candmirror,fin_E_1500,1516,0,135661,138668,-3007,0,0,,,
candmirror,fin_E_1500,1516,1,135661,138668,-3007,0,0,,,
candmirror,fin_E_1500,1517,0,88820,89646,-826,0,0,,,
candmirror,fin_E_1500,1517,1,88820,89646,-826,0,0,,,
candmirror,fin_E_1500,1518,0,132609,125761,6848,0,0,,,
candmirror,fin_E_1500,1518,1,132609,125761,6848,0,0,,,
candmirror,fin_E_1500,1519,0,79996,81020,-1024,0,0,,,
candmirror,fin_E_1500,1519,1,79996,81020,-1024,0,0,,,
candmirror,fin_E_1600,1600,0,91673,93258,-1585,0,0,,,
candmirror,fin_E_1600,1600,1,92680,93076,-396,0,0,,,
candmirror,fin_E_1600,1601,0,98560,98110,450,0,0,,,
candmirror,fin_E_1600,1601,1,84492,93691,-9199,0,0,,,
candmirror,fin_E_1600,1602,0,119521,119116,405,0,0,,,
candmirror,fin_E_1600,1602,1,119521,119116,405,0,0,,,
candmirror,fin_E_1600,1603,0,100797,100797,0,0,0,,,
candmirror,fin_E_1600,1603,1,100797,100797,0,0,0,,,
candmirror,fin_E_1600,1604,0,91838,91510,328,0,0,,,
candmirror,fin_E_1600,1604,1,91838,91510,328,0,0,,,
candmirror,fin_E_1600,1605,0,115564,111443,4121,0,0,,,
candmirror,fin_E_1600,1605,1,105167,104143,1024,0,0,,,
candmirror,fin_E_1600,1606,0,116584,116175,409,0,0,,,
candmirror,fin_E_1600,1606,1,128043,128072,-29,0,0,,,
candmirror,fin_E_1600,1607,0,95680,96662,-982,0,0,,,
candmirror,fin_E_1600,1607,1,94238,94618,-380,0,0,,,
candmirror,fin_E_1600,1608,0,76337,77345,-1008,0,0,,,
candmirror,fin_E_1600,1608,1,76337,77345,-1008,0,0,,,
candmirror,fin_E_1600,1609,0,94781,109877,-15096,0,0,,,
candmirror,fin_E_1600,1609,1,89660,90928,-1268,0,0,,,
candmirror,fin_E_1600,1610,0,81195,78247,2948,0,0,,,
candmirror,fin_E_1600,1610,1,81195,78247,2948,0,0,,,
candmirror,fin_E_1600,1611,0,107085,112361,-5276,0,0,,,
candmirror,fin_E_1600,1611,1,106807,112418,-5611,0,0,,,
candmirror,fin_E_1600,1612,0,92333,92944,-611,0,0,,,
candmirror,fin_E_1600,1612,1,112001,111320,681,0,0,,,
candmirror,fin_E_1600,1613,0,92007,90840,1167,0,0,,,
candmirror,fin_E_1600,1613,1,102354,96331,6023,0,0,,,
candmirror,fin_E_1600,1614,0,114969,115206,-237,0,0,,,
candmirror,fin_E_1600,1614,1,114969,115206,-237,0,0,,,
candmirror,fin_E_1600,1615,0,112538,110599,1939,0,0,,,
candmirror,fin_E_1600,1615,1,112538,110599,1939,0,0,,,
candmirror,fin_E_1600,1616,0,119270,120611,-1341,0,0,,,
candmirror,fin_E_1600,1616,1,119270,120611,-1341,0,0,,,
candmirror,fin_E_1600,1617,0,113991,115259,-1268,0,0,,,
candmirror,fin_E_1600,1617,1,113991,115259,-1268,0,0,,,
candmirror,fin_E_1600,1618,0,102829,93003,9826,0,0,,,
candmirror,fin_E_1600,1618,1,102829,93003,9826,0,0,,,
candmirror,fin_E_1600,1619,0,112259,113548,-1289,0,0,,,
candmirror,fin_E_1600,1619,1,112259,113548,-1289,0,0,,,
candmirror,fin_E_7000,7000,0,108620,110304,-1684,0,0,,,
candmirror,fin_E_7000,7000,1,108620,110304,-1684,0,0,,,
candmirror,fin_E_7000,7001,0,107857,101079,6778,0,0,,,
candmirror,fin_E_7000,7001,1,109344,100813,8531,0,0,,,
candmirror,fin_E_7000,7002,0,81355,85987,-4632,0,0,,,
candmirror,fin_E_7000,7002,1,78626,82289,-3663,0,0,,,
candmirror,fin_E_7000,7003,0,105040,103083,1957,0,0,,,
candmirror,fin_E_7000,7003,1,105040,103083,1957,0,0,,,
candmirror,fin_E_7000,7004,0,103783,102368,1415,0,0,,,
candmirror,fin_E_7000,7004,1,103783,102368,1415,0,0,,,
candmirror,fin_E_7000,7005,0,123981,127423,-3442,0,0,,,
candmirror,fin_E_7000,7005,1,124601,127383,-2782,0,0,,,
candmirror,fin_E_7000,7006,0,111419,106614,4805,0,0,,,
candmirror,fin_E_7000,7006,1,111419,106614,4805,0,0,,,
candmirror,fin_E_7000,7007,0,154556,151425,3131,0,0,,,
candmirror,fin_E_7000,7007,1,153916,151321,2595,0,0,,,
candmirror,fin_E_7000,7008,0,114786,116957,-2171,0,0,,,
candmirror,fin_E_7000,7008,1,114786,116957,-2171,0,0,,,
candmirror,fin_E_7000,7009,0,96046,94544,1502,0,0,,,
candmirror,fin_E_7000,7009,1,95856,94740,1116,0,0,,,
candmirror,fin_E_7000,7010,0,76044,76911,-867,0,0,,,
candmirror,fin_E_7000,7010,1,76044,76911,-867,0,0,,,
candmirror,fin_E_7000,7011,0,130977,131812,-835,0,0,,,
candmirror,fin_E_7000,7011,1,130977,131812,-835,0,0,,,
candmirror,fin_E_7000,7012,0,102926,103075,-149,0,0,,,
candmirror,fin_E_7000,7012,1,102926,103075,-149,0,0,,,
candmirror,fin_E_7000,7013,0,106436,105637,799,0,0,,,
candmirror,fin_E_7000,7013,1,106436,105637,799,0,0,,,
candmirror,fin_E_7000,7014,0,98725,98428,297,0,0,,,
candmirror,fin_E_7000,7014,1,98725,98428,297,0,0,,,
candmirror,fin_E_7000,7015,0,110687,109274,1413,0,0,,,
candmirror,fin_E_7000,7015,1,141617,131517,10100,0,0,,,
candmirror,fin_E_7000,7016,0,83285,83454,-169,0,0,,,
candmirror,fin_E_7000,7016,1,83285,83454,-169,0,0,,,
candmirror,fin_E_7000,7017,0,91296,89549,1747,0,0,,,
candmirror,fin_E_7000,7017,1,91296,89549,1747,0,0,,,
candmirror,fin_E_7000,7018,0,112410,106399,6011,0,0,,,
candmirror,fin_E_7000,7018,1,112410,106399,6011,0,0,,,
candmirror,fin_E_7000,7019,0,81205,88474,-7269,0,0,,,
candmirror,fin_E_7000,7019,1,81205,88474,-7269,0,0,,,
candmirror,fin_F_1300,1300,0,84749,84749,0,0,0,,,
candmirror,fin_F_1300,1300,1,84749,84749,0,0,0,,,
candmirror,fin_F_1300,1301,0,127880,127880,0,0,0,,,
candmirror,fin_F_1300,1301,1,127880,127880,0,0,0,,,
candmirror,fin_F_1300,1302,0,81088,81088,0,0,0,,,
candmirror,fin_F_1300,1302,1,81088,81088,0,0,0,,,
candmirror,fin_F_1300,1303,0,93630,93692,-62,0,0,,,
candmirror,fin_F_1300,1303,1,93692,93630,62,0,0,,,
candmirror,fin_F_1300,1304,0,93907,93907,0,0,0,,,
candmirror,fin_F_1300,1304,1,93907,93907,0,0,0,,,
candmirror,fin_F_1300,1305,0,90082,90752,-670,0,0,,,
candmirror,fin_F_1300,1305,1,90752,90082,670,0,0,,,
candmirror,fin_F_1300,1306,0,86313,90040,-3727,0,0,,,
candmirror,fin_F_1300,1306,1,90040,86313,3727,0,0,,,
candmirror,fin_F_1300,1307,0,95833,96899,-1066,0,0,,,
candmirror,fin_F_1300,1307,1,95719,97166,-1447,0,0,,,
candmirror,fin_F_1300,1308,0,124042,124042,0,0,0,,,
candmirror,fin_F_1300,1308,1,124042,124042,0,0,0,,,
candmirror,fin_F_1300,1309,0,97848,97848,0,0,0,,,
candmirror,fin_F_1300,1309,1,97848,97848,0,0,0,,,
candmirror,fin_F_1300,1310,0,120189,120189,0,0,0,,,
candmirror,fin_F_1300,1310,1,120189,120189,0,0,0,,,
candmirror,fin_F_1300,1311,0,99687,99056,631,0,0,,,
candmirror,fin_F_1300,1311,1,99056,99687,-631,0,0,,,
candmirror,fin_F_1300,1312,0,155971,155971,0,0,0,,,
candmirror,fin_F_1300,1312,1,155971,155971,0,0,0,,,
candmirror,fin_F_1300,1313,0,100818,105005,-4187,0,0,,,
candmirror,fin_F_1300,1313,1,102322,105059,-2737,0,0,,,
candmirror,fin_F_1300,1314,0,90286,90994,-708,0,0,,,
candmirror,fin_F_1300,1314,1,90994,90286,708,0,0,,,
candmirror,fin_F_1300,1315,0,98643,98643,0,0,0,,,
candmirror,fin_F_1300,1315,1,98643,98643,0,0,0,,,
candmirror,fin_F_1300,1316,0,120640,119660,980,0,0,,,
candmirror,fin_F_1300,1316,1,119660,120640,-980,0,0,,,
candmirror,fin_F_1300,1317,0,120856,120798,58,0,0,,,
candmirror,fin_F_1300,1317,1,120798,120856,-58,0,0,,,
candmirror,fin_F_1300,1318,0,129580,126796,2784,0,0,,,
candmirror,fin_F_1300,1318,1,129580,126796,2784,0,0,,,
candmirror,fin_F_1300,1319,0,87076,87076,0,0,0,,,
candmirror,fin_F_1300,1319,1,87076,87076,0,0,0,,,
candmirror,fin_G_1300,1300,0,98817,95501,3316,0,0,,,
candmirror,fin_G_1300,1300,1,98817,95501,3316,0,0,,,
candmirror,fin_G_1300,1301,0,117789,115532,2257,0,0,,,
candmirror,fin_G_1300,1301,1,117789,115532,2257,0,0,,,
candmirror,fin_G_1300,1302,0,81117,80401,716,0,0,,,
candmirror,fin_G_1300,1302,1,81117,80401,716,0,0,,,
candmirror,fin_G_1300,1303,0,104572,105880,-1308,0,0,,,
candmirror,fin_G_1300,1303,1,104572,105880,-1308,0,0,,,
candmirror,fin_G_1300,1304,0,89588,92329,-2741,0,0,,,
candmirror,fin_G_1300,1304,1,89588,92329,-2741,0,0,,,
candmirror,fin_G_1300,1305,0,95212,95869,-657,0,0,,,
candmirror,fin_G_1300,1305,1,95654,99250,-3596,0,0,,,
candmirror,fin_G_1300,1306,0,88986,86545,2441,0,0,,,
candmirror,fin_G_1300,1306,1,89269,87265,2004,0,0,,,
candmirror,fin_G_1300,1307,0,95377,94732,645,0,0,,,
candmirror,fin_G_1300,1307,1,95332,94798,534,0,0,,,
candmirror,fin_G_1300,1308,0,119871,118195,1676,0,0,,,
candmirror,fin_G_1300,1308,1,119871,118195,1676,0,0,,,
candmirror,fin_G_1300,1309,0,91713,89523,2190,0,0,,,
candmirror,fin_G_1300,1309,1,91713,89523,2190,0,0,,,
candmirror,fin_G_1300,1310,0,121092,120102,990,0,0,,,
candmirror,fin_G_1300,1310,1,121092,120102,990,0,0,,,
candmirror,fin_G_1300,1311,0,101896,99301,2595,0,0,,,
candmirror,fin_G_1300,1311,1,101353,99245,2108,0,0,,,
candmirror,fin_G_1300,1312,0,114924,116049,-1125,0,0,,,
candmirror,fin_G_1300,1312,1,114679,115866,-1187,0,0,,,
candmirror,fin_G_1300,1313,0,105040,100893,4147,0,0,,,
candmirror,fin_G_1300,1313,1,103699,101724,1975,0,0,,,
candmirror,fin_G_1300,1314,0,106125,105640,485,0,0,,,
candmirror,fin_G_1300,1314,1,90715,90828,-113,0,0,,,
candmirror,fin_G_1300,1315,0,92286,94475,-2189,0,0,,,
candmirror,fin_G_1300,1315,1,92633,95135,-2502,0,0,,,
candmirror,fin_G_1300,1316,0,124710,126345,-1635,0,0,,,
candmirror,fin_G_1300,1316,1,121184,119928,1256,0,0,,,
candmirror,fin_G_1300,1317,0,132138,127219,4919,0,0,,,
candmirror,fin_G_1300,1317,1,132138,127219,4919,0,0,,,
candmirror,fin_G_1300,1318,0,138581,136708,1873,0,0,,,
candmirror,fin_G_1300,1318,1,138581,136708,1873,0,0,,,
candmirror,fin_G_1300,1319,0,98956,97113,1843,0,0,,,
candmirror,fin_G_1300,1319,1,98956,97113,1843,0,0,,,
candmirror,fin_G_1400,1400,0,107717,108039,-322,0,0,,,
candmirror,fin_G_1400,1400,1,107717,108039,-322,0,0,,,
candmirror,fin_G_1400,1401,0,90056,90700,-644,0,0,,,
candmirror,fin_G_1400,1401,1,93280,94268,-988,0,0,,,
candmirror,fin_G_1400,1402,0,121477,120932,545,0,0,,,
candmirror,fin_G_1400,1402,1,121477,120932,545,0,0,,,
candmirror,fin_G_1400,1403,0,105812,105613,199,0,0,,,
candmirror,fin_G_1400,1403,1,105812,105613,199,0,0,,,
candmirror,fin_G_1400,1404,0,115697,114166,1531,0,0,,,
candmirror,fin_G_1400,1404,1,115697,114166,1531,0,0,,,
candmirror,fin_G_1400,1405,0,109361,110335,-974,0,0,,,
candmirror,fin_G_1400,1405,1,105783,103161,2622,0,0,,,
candmirror,fin_G_1400,1406,0,103495,105752,-2257,0,0,,,
candmirror,fin_G_1400,1406,1,103495,105752,-2257,0,0,,,
candmirror,fin_G_1400,1407,0,130302,126230,4072,0,0,,,
candmirror,fin_G_1400,1407,1,130302,126230,4072,0,0,,,
candmirror,fin_G_1400,1408,0,128630,127017,1613,0,0,,,
candmirror,fin_G_1400,1408,1,128630,127017,1613,0,0,,,
candmirror,fin_G_1400,1409,0,117816,115657,2159,0,0,,,
candmirror,fin_G_1400,1409,1,117250,115718,1532,0,0,,,
candmirror,fin_G_1400,1410,0,131664,131174,490,0,0,,,
candmirror,fin_G_1400,1410,1,128684,126981,1703,0,0,,,
candmirror,fin_G_1400,1411,0,99975,98329,1646,0,0,,,
candmirror,fin_G_1400,1411,1,98292,97433,859,0,0,,,
candmirror,fin_G_1400,1412,0,115336,117244,-1908,0,0,,,
candmirror,fin_G_1400,1412,1,110101,108267,1834,0,0,,,
candmirror,fin_G_1400,1413,0,124273,123384,889,0,0,,,
candmirror,fin_G_1400,1413,1,116913,118452,-1539,0,0,,,
candmirror,fin_G_1400,1414,0,118443,118207,236,0,0,,,
candmirror,fin_G_1400,1414,1,118443,118207,236,0,0,,,
candmirror,fin_G_1400,1415,0,99812,97726,2086,0,0,,,
candmirror,fin_G_1400,1415,1,99812,97726,2086,0,0,,,
candmirror,fin_G_1400,1416,0,97529,101365,-3836,0,0,,,
candmirror,fin_G_1400,1416,1,97147,102182,-5035,0,0,,,
candmirror,fin_G_1400,1417,0,107033,106985,48,0,0,,,
candmirror,fin_G_1400,1417,1,107033,106985,48,0,0,,,
candmirror,fin_G_1400,1418,0,97945,97450,495,0,0,,,
candmirror,fin_G_1400,1418,1,97945,97450,495,0,0,,,
candmirror,fin_G_1400,1419,0,105871,102553,3318,0,0,,,
candmirror,fin_G_1400,1419,1,115676,111505,4171,0,0,,,
candmirror,fin_G_1500,1500,0,104883,103874,1009,0,0,,,
candmirror,fin_G_1500,1500,1,104223,103886,337,0,0,,,
candmirror,fin_G_1500,1501,0,120422,119571,851,0,0,,,
candmirror,fin_G_1500,1501,1,108445,107814,631,0,0,,,
candmirror,fin_G_1500,1502,0,111507,109702,1805,0,0,,,
candmirror,fin_G_1500,1502,1,111507,109702,1805,0,0,,,
candmirror,fin_G_1500,1503,0,125653,116777,8876,0,0,,,
candmirror,fin_G_1500,1503,1,125653,116777,8876,0,0,,,
candmirror,fin_G_1500,1504,0,92890,89984,2906,0,0,,,
candmirror,fin_G_1500,1504,1,92890,89984,2906,0,0,,,
candmirror,fin_G_1500,1505,0,93350,109682,-16332,0,0,,,
candmirror,fin_G_1500,1505,1,119472,107385,12087,0,0,,,
candmirror,fin_G_1500,1506,0,124718,121235,3483,0,0,,,
candmirror,fin_G_1500,1506,1,124718,121235,3483,0,0,,,
candmirror,fin_G_1500,1507,0,113625,109839,3786,0,0,,,
candmirror,fin_G_1500,1507,1,135795,133798,1997,0,0,,,
candmirror,fin_G_1500,1508,0,118843,111514,7329,0,0,,,
candmirror,fin_G_1500,1508,1,117920,111603,6317,0,0,,,
candmirror,fin_G_1500,1509,0,89783,89722,61,0,0,,,
candmirror,fin_G_1500,1509,1,89783,89722,61,0,0,,,
candmirror,fin_G_1500,1510,0,144030,144052,-22,0,0,,,
candmirror,fin_G_1500,1510,1,144095,143770,325,0,0,,,
candmirror,fin_G_1500,1511,0,134546,136584,-2038,0,0,,,
candmirror,fin_G_1500,1511,1,132581,130372,2209,0,0,,,
candmirror,fin_G_1500,1512,0,130927,127188,3739,0,0,,,
candmirror,fin_G_1500,1512,1,131096,127009,4087,0,0,,,
candmirror,fin_G_1500,1513,0,108807,109274,-467,0,0,,,
candmirror,fin_G_1500,1513,1,108807,109274,-467,0,0,,,
candmirror,fin_G_1500,1514,0,108948,117862,-8914,0,0,,,
candmirror,fin_G_1500,1514,1,111154,110894,260,0,0,,,
candmirror,fin_G_1500,1515,0,114303,112223,2080,0,0,,,
candmirror,fin_G_1500,1515,1,114303,112223,2080,0,0,,,
candmirror,fin_G_1500,1516,0,124370,127040,-2670,0,0,,,
candmirror,fin_G_1500,1516,1,124370,127040,-2670,0,0,,,
candmirror,fin_G_1500,1517,0,91558,90813,745,0,0,,,
candmirror,fin_G_1500,1517,1,91558,90813,745,0,0,,,
candmirror,fin_G_1500,1518,0,132905,130979,1926,0,0,,,
candmirror,fin_G_1500,1518,1,132905,130979,1926,0,0,,,
candmirror,fin_G_1500,1519,0,77425,77659,-234,0,0,,,
candmirror,fin_G_1500,1519,1,77834,76996,838,0,0,,,
candmirror,fin_H_1300,1300,0,95846,93915,1931,0,0,,,
candmirror,fin_H_1300,1300,1,95846,93915,1931,0,0,,,
candmirror,fin_H_1300,1301,0,106590,99822,6768,0,0,,,
candmirror,fin_H_1300,1301,1,106590,99822,6768,0,0,,,
candmirror,fin_H_1300,1302,0,106761,74740,32021,0,0,,,
candmirror,fin_H_1300,1302,1,106761,74740,32021,0,0,,,
candmirror,fin_H_1300,1303,0,140869,131578,9291,0,0,,,
candmirror,fin_H_1300,1303,1,135918,129254,6664,0,0,,,
candmirror,fin_H_1300,1304,0,92100,86332,5768,0,0,,,
candmirror,fin_H_1300,1304,1,92100,86332,5768,0,0,,,
candmirror,fin_H_1300,1305,0,92694,88135,4559,0,0,,,
candmirror,fin_H_1300,1305,1,93501,92820,681,0,0,,,
candmirror,fin_H_1300,1306,0,119017,115274,3743,0,0,,,
candmirror,fin_H_1300,1306,1,121732,118722,3010,0,0,,,
candmirror,fin_H_1300,1307,0,105021,99076,5945,0,0,,,
candmirror,fin_H_1300,1307,1,105053,99125,5928,0,0,,,
candmirror,fin_H_1300,1308,0,111253,108194,3059,0,0,,,
candmirror,fin_H_1300,1308,1,111253,108194,3059,0,0,,,
candmirror,fin_H_1300,1309,0,101829,97263,4566,0,0,,,
candmirror,fin_H_1300,1309,1,101829,97263,4566,0,0,,,
candmirror,fin_H_1300,1310,0,125294,122657,2637,0,0,,,
candmirror,fin_H_1300,1310,1,125229,122551,2678,0,0,,,
candmirror,fin_H_1300,1311,0,105471,101853,3618,0,0,,,
candmirror,fin_H_1300,1311,1,104640,101965,2675,0,0,,,
candmirror,fin_H_1300,1312,0,120049,112158,7891,0,0,,,
candmirror,fin_H_1300,1312,1,120049,112158,7891,0,0,,,
candmirror,fin_H_1300,1313,0,109595,107032,2563,0,0,,,
candmirror,fin_H_1300,1313,1,99717,99763,-46,0,0,,,
candmirror,fin_H_1300,1314,0,87592,87844,-252,0,0,,,
candmirror,fin_H_1300,1314,1,91919,89987,1932,0,0,,,
candmirror,fin_H_1300,1315,0,86311,84473,1838,0,0,,,
candmirror,fin_H_1300,1315,1,86311,84473,1838,0,0,,,
candmirror,fin_H_1300,1316,0,114010,112507,1503,0,0,,,
candmirror,fin_H_1300,1316,1,106465,107346,-881,0,0,,,
candmirror,fin_H_1300,1317,0,159321,149191,10130,0,0,,,
candmirror,fin_H_1300,1317,1,159320,149175,10145,0,0,,,
candmirror,fin_H_1300,1318,0,116416,118899,-2483,0,0,,,
candmirror,fin_H_1300,1318,1,116416,118899,-2483,0,0,,,
candmirror,fin_H_1300,1319,0,84811,80911,3900,0,0,,,
candmirror,fin_H_1300,1319,1,85598,80269,5329,0,0,,,
candmirror,fin_H_1400,1400,0,79545,83462,-3917,0,0,,,
candmirror,fin_H_1400,1400,1,79545,83462,-3917,0,0,,,
candmirror,fin_H_1400,1401,0,85907,82328,3579,0,0,,,
candmirror,fin_H_1400,1401,1,90023,86974,3049,0,0,,,
candmirror,fin_H_1400,1402,0,117844,115026,2818,0,0,,,
candmirror,fin_H_1400,1402,1,117844,115026,2818,0,0,,,
candmirror,fin_H_1400,1403,0,101075,100434,641,0,0,,,
candmirror,fin_H_1400,1403,1,101075,100434,641,0,0,,,
candmirror,fin_H_1400,1404,0,122653,92418,30235,0,0,,,
candmirror,fin_H_1400,1404,1,122653,92418,30235,0,0,,,
candmirror,fin_H_1400,1405,0,126810,124621,2189,0,0,,,
candmirror,fin_H_1400,1405,1,141776,135926,5850,0,0,,,
candmirror,fin_H_1400,1406,0,120120,121358,-1238,0,0,,,
candmirror,fin_H_1400,1406,1,120120,121358,-1238,0,0,,,
candmirror,fin_H_1400,1407,0,145603,142948,2655,0,0,,,
candmirror,fin_H_1400,1407,1,145603,142948,2655,0,0,,,
candmirror,fin_H_1400,1408,0,130341,124356,5985,0,0,,,
candmirror,fin_H_1400,1408,1,130341,124356,5985,0,0,,,
candmirror,fin_H_1400,1409,0,123060,114443,8617,0,0,,,
candmirror,fin_H_1400,1409,1,121895,115018,6877,0,0,,,
candmirror,fin_H_1400,1410,0,137900,140380,-2480,0,0,,,
candmirror,fin_H_1400,1410,1,125970,125145,825,0,0,,,
candmirror,fin_H_1400,1411,0,93816,89417,4399,0,0,,,
candmirror,fin_H_1400,1411,1,107558,104471,3087,0,0,,,
candmirror,fin_H_1400,1412,0,98412,95163,3249,0,0,,,
candmirror,fin_H_1400,1412,1,98409,95164,3245,0,0,,,
candmirror,fin_H_1400,1413,0,125687,125410,277,0,0,,,
candmirror,fin_H_1400,1413,1,121506,117097,4409,0,0,,,
candmirror,fin_H_1400,1414,0,121154,115299,5855,0,0,,,
candmirror,fin_H_1400,1414,1,121154,115299,5855,0,0,,,
candmirror,fin_H_1400,1415,0,97934,94537,3397,0,0,,,
candmirror,fin_H_1400,1415,1,97934,94537,3397,0,0,,,
candmirror,fin_H_1400,1416,0,99237,102911,-3674,0,0,,,
candmirror,fin_H_1400,1416,1,99520,102541,-3021,0,0,,,
candmirror,fin_H_1400,1417,0,100920,69300,31620,0,0,,,
candmirror,fin_H_1400,1417,1,100920,69300,31620,0,0,,,
candmirror,fin_H_1400,1418,0,94940,95787,-847,0,0,,,
candmirror,fin_H_1400,1418,1,94940,95787,-847,0,0,,,
candmirror,fin_H_1400,1419,0,113916,114674,-758,0,0,,,
candmirror,fin_H_1400,1419,1,104702,104215,487,0,0,,,
candmirror,fin_H_1500,1500,0,107819,98609,9210,0,0,,,
candmirror,fin_H_1500,1500,1,107980,98720,9260,0,0,,,
candmirror,fin_H_1500,1501,0,105406,102306,3100,0,0,,,
candmirror,fin_H_1500,1501,1,106740,101885,4855,0,0,,,
candmirror,fin_H_1500,1502,0,118253,111853,6400,0,0,,,
candmirror,fin_H_1500,1502,1,118253,111853,6400,0,0,,,
candmirror,fin_H_1500,1503,0,120004,116533,3471,0,0,,,
candmirror,fin_H_1500,1503,1,120004,116533,3471,0,0,,,
candmirror,fin_H_1500,1504,0,93762,86387,7375,0,0,,,
candmirror,fin_H_1500,1504,1,93766,86385,7381,0,0,,,
candmirror,fin_H_1500,1505,0,108841,110011,-1170,0,0,,,
candmirror,fin_H_1500,1505,1,105832,99067,6765,0,0,,,
candmirror,fin_H_1500,1506,0,141479,140896,583,0,0,,,
candmirror,fin_H_1500,1506,1,141479,140896,583,0,0,,,
candmirror,fin_H_1500,1507,0,126045,124866,1179,0,0,,,
candmirror,fin_H_1500,1507,1,124316,122034,2282,0,0,,,
candmirror,fin_H_1500,1508,0,108352,108370,-18,0,0,,,
candmirror,fin_H_1500,1508,1,109451,107205,2246,0,0,,,
candmirror,fin_H_1500,1509,0,86904,86412,492,0,0,,,
candmirror,fin_H_1500,1509,1,86904,86412,492,0,0,,,
candmirror,fin_H_1500,1510,0,134455,130058,4397,0,0,,,
candmirror,fin_H_1500,1510,1,126093,120351,5742,0,0,,,
candmirror,fin_H_1500,1511,0,101927,101908,19,0,0,,,
candmirror,fin_H_1500,1511,1,101821,92213,9608,0,0,,,
candmirror,fin_H_1500,1512,0,132106,129365,2741,0,0,,,
candmirror,fin_H_1500,1512,1,132102,129230,2872,0,0,,,
candmirror,fin_H_1500,1513,0,117786,83287,34499,0,0,,,
candmirror,fin_H_1500,1513,1,117786,83287,34499,0,0,,,
candmirror,fin_H_1500,1514,0,116165,108373,7792,0,0,,,
candmirror,fin_H_1500,1514,1,127154,116954,10200,0,0,,,
candmirror,fin_H_1500,1515,0,102358,103552,-1194,0,0,,,
candmirror,fin_H_1500,1515,1,102358,103552,-1194,0,0,,,
candmirror,fin_H_1500,1516,0,137422,133669,3753,0,0,,,
candmirror,fin_H_1500,1516,1,137422,133669,3753,0,0,,,
candmirror,fin_H_1500,1517,0,92697,89914,2783,0,0,,,
candmirror,fin_H_1500,1517,1,92697,89914,2783,0,0,,,
candmirror,fin_H_1500,1518,0,113648,111731,1917,0,0,,,
candmirror,fin_H_1500,1518,1,113648,111731,1917,0,0,,,
candmirror,fin_H_1500,1519,0,91887,90075,1812,0,0,,,
candmirror,fin_H_1500,1519,1,91959,90373,1586,0,0,,,
candmirror,fin_I_1300,1300,0,125685,118736,6949,0,0,,,
candmirror,fin_I_1300,1300,1,125685,118736,6949,0,0,,,
candmirror,fin_I_1300,1301,0,131314,123539,7775,0,0,,,
candmirror,fin_I_1300,1301,1,131314,123539,7775,0,0,,,
candmirror,fin_I_1300,1302,0,88233,85849,2384,0,0,,,
candmirror,fin_I_1300,1302,1,88233,85849,2384,0,0,,,
candmirror,fin_I_1300,1303,0,119041,114622,4419,0,0,,,
candmirror,fin_I_1300,1303,1,117712,113301,4411,0,0,,,
candmirror,fin_I_1300,1304,0,100442,96179,4263,0,0,,,
candmirror,fin_I_1300,1304,1,100442,96179,4263,0,0,,,
candmirror,fin_I_1300,1305,0,123528,127299,-3771,0,0,,,
candmirror,fin_I_1300,1305,1,124069,126005,-1936,0,0,,,
candmirror,fin_I_1300,1306,0,87747,88239,-492,0,0,,,
candmirror,fin_I_1300,1306,1,78319,76686,1633,0,0,,,
candmirror,fin_I_1300,1307,0,112680,113524,-844,0,0,,,
candmirror,fin_I_1300,1307,1,80674,74211,6463,0,0,,,
candmirror,fin_I_1300,1308,0,136048,125158,10890,0,0,,,
candmirror,fin_I_1300,1308,1,136048,125158,10890,0,0,,,
candmirror,fin_I_1300,1309,0,80940,79440,1500,0,0,,,
candmirror,fin_I_1300,1309,1,80940,79440,1500,0,0,,,
candmirror,fin_I_1300,1310,0,128172,125231,2941,0,0,,,
candmirror,fin_I_1300,1310,1,128205,125925,2280,0,0,,,
candmirror,fin_I_1300,1311,0,84644,79170,5474,0,0,,,
candmirror,fin_I_1300,1311,1,86695,80697,5998,0,0,,,
candmirror,fin_I_1300,1312,0,113629,117557,-3928,0,0,,,
candmirror,fin_I_1300,1312,1,113629,117557,-3928,0,0,,,
candmirror,fin_I_1300,1313,0,92797,90704,2093,0,0,,,
candmirror,fin_I_1300,1313,1,113629,115493,-1864,0,0,,,
candmirror,fin_I_1300,1314,0,100142,97638,2504,0,0,,,
candmirror,fin_I_1300,1314,1,84663,80056,4607,0,0,,,
candmirror,fin_I_1300,1315,0,92483,90067,2416,0,0,,,
candmirror,fin_I_1300,1315,1,92483,90067,2416,0,0,,,
candmirror,fin_I_1300,1316,0,120047,119721,326,0,0,,,
candmirror,fin_I_1300,1316,1,120045,119715,330,0,0,,,
candmirror,fin_I_1300,1317,0,125906,119936,5970,0,0,,,
candmirror,fin_I_1300,1317,1,125906,119936,5970,0,0,,,
candmirror,fin_I_1300,1318,0,99374,91338,8036,0,0,,,
candmirror,fin_I_1300,1318,1,99374,91338,8036,0,0,,,
candmirror,fin_I_1300,1319,0,112586,107947,4639,0,0,,,
candmirror,fin_I_1300,1319,1,112586,107947,4639,0,0,,,
candmirror,fin_I_1400,1400,0,94473,91828,2645,0,0,,,
candmirror,fin_I_1400,1400,1,94473,91828,2645,0,0,,,
candmirror,fin_I_1400,1401,0,93326,89544,3782,0,0,,,
candmirror,fin_I_1400,1401,1,104694,102610,2084,0,0,,,
candmirror,fin_I_1400,1402,0,110549,106431,4118,0,0,,,
candmirror,fin_I_1400,1402,1,110549,106431,4118,0,0,,,
candmirror,fin_I_1400,1403,0,128087,127766,321,0,0,,,
candmirror,fin_I_1400,1403,1,128087,127766,321,0,0,,,
candmirror,fin_I_1400,1404,0,124215,117162,7053,0,0,,,
candmirror,fin_I_1400,1404,1,124215,117162,7053,0,0,,,
candmirror,fin_I_1400,1405,0,111666,109956,1710,0,0,,,
candmirror,fin_I_1400,1405,1,111666,109956,1710,0,0,,,
candmirror,fin_I_1400,1406,0,112279,103673,8606,0,0,,,
candmirror,fin_I_1400,1406,1,112279,103673,8606,0,0,,,
candmirror,fin_I_1400,1407,0,140342,140341,1,0,0,,,
candmirror,fin_I_1400,1407,1,140342,140341,1,0,0,,,
candmirror,fin_I_1400,1408,0,128101,120413,7688,0,0,,,
candmirror,fin_I_1400,1408,1,128101,120413,7688,0,0,,,
candmirror,fin_I_1400,1409,0,95573,97453,-1880,0,0,,,
candmirror,fin_I_1400,1409,1,95785,96987,-1202,0,0,,,
candmirror,fin_I_1400,1410,0,84578,72524,12054,0,0,,,
candmirror,fin_I_1400,1410,1,84578,72524,12054,0,0,,,
candmirror,fin_I_1400,1411,0,101328,94593,6735,0,0,,,
candmirror,fin_I_1400,1411,1,95446,97405,-1959,0,0,,,
candmirror,fin_I_1400,1412,0,102744,95788,6956,0,0,,,
candmirror,fin_I_1400,1412,1,101019,99027,1992,0,0,,,
candmirror,fin_I_1400,1413,0,101573,98004,3569,0,0,,,
candmirror,fin_I_1400,1413,1,109790,106558,3232,0,0,,,
candmirror,fin_I_1400,1414,0,111131,107141,3990,0,0,,,
candmirror,fin_I_1400,1414,1,111131,107141,3990,0,0,,,
candmirror,fin_I_1400,1415,0,101599,95135,6464,0,0,,,
candmirror,fin_I_1400,1415,1,101599,95135,6464,0,0,,,
candmirror,fin_I_1400,1416,0,94531,105386,-10855,0,0,,,
candmirror,fin_I_1400,1416,1,93759,105350,-11591,0,0,,,
candmirror,fin_I_1400,1417,0,101421,77787,23634,0,0,,,
candmirror,fin_I_1400,1417,1,101421,77787,23634,0,0,,,
candmirror,fin_I_1400,1418,0,94219,86567,7652,0,0,,,
candmirror,fin_I_1400,1418,1,94219,86567,7652,0,0,,,
candmirror,fin_I_1400,1419,0,136438,136801,-363,0,0,,,
candmirror,fin_I_1400,1419,1,135886,135450,436,0,0,,,
candmirror,fin_I_1500,1500,0,91448,88834,2614,0,0,,,
candmirror,fin_I_1500,1500,1,91448,88834,2614,0,0,,,
candmirror,fin_I_1500,1501,0,120180,123447,-3267,0,0,,,
candmirror,fin_I_1500,1501,1,119982,123132,-3150,0,0,,,
candmirror,fin_I_1500,1502,0,77316,73328,3988,0,0,,,
candmirror,fin_I_1500,1502,1,77316,73328,3988,0,0,,,
candmirror,fin_I_1500,1503,0,126013,116380,9633,0,0,,,
candmirror,fin_I_1500,1503,1,126099,116388,9711,0,0,,,
candmirror,fin_I_1500,1504,0,124491,122998,1493,0,0,,,
candmirror,fin_I_1500,1504,1,124491,122998,1493,0,0,,,
candmirror,fin_I_1500,1505,0,82187,81567,620,0,0,,,
candmirror,fin_I_1500,1505,1,104046,101908,2138,0,0,,,
candmirror,fin_I_1500,1506,0,124391,125665,-1274,0,0,,,
candmirror,fin_I_1500,1506,1,124391,125665,-1274,0,0,,,
candmirror,fin_I_1500,1507,0,111592,101129,10463,0,0,,,
candmirror,fin_I_1500,1507,1,109416,100604,8812,0,0,,,
candmirror,fin_I_1500,1508,0,112340,108576,3764,0,0,,,
candmirror,fin_I_1500,1508,1,112297,107545,4752,0,0,,,
candmirror,fin_I_1500,1509,0,91940,88335,3605,0,0,,,
candmirror,fin_I_1500,1509,1,91940,88335,3605,0,0,,,
candmirror,fin_I_1500,1510,0,128263,126755,1508,0,0,,,
candmirror,fin_I_1500,1510,1,127453,126118,1335,0,0,,,
candmirror,fin_I_1500,1511,0,97229,91908,5321,0,0,,,
candmirror,fin_I_1500,1511,1,112058,106555,5503,0,0,,,
candmirror,fin_I_1500,1512,0,119891,116336,3555,0,0,,,
candmirror,fin_I_1500,1512,1,119891,116336,3555,0,0,,,
candmirror,fin_I_1500,1513,0,99056,95757,3299,0,0,,,
candmirror,fin_I_1500,1513,1,99056,95757,3299,0,0,,,
candmirror,fin_I_1500,1514,0,115610,111485,4125,0,0,,,
candmirror,fin_I_1500,1514,1,107006,103649,3357,0,0,,,
candmirror,fin_I_1500,1515,0,106791,107905,-1114,0,0,,,
candmirror,fin_I_1500,1515,1,106791,107905,-1114,0,0,,,
candmirror,fin_I_1500,1516,0,127264,123675,3589,0,0,,,
candmirror,fin_I_1500,1516,1,127264,123675,3589,0,0,,,
candmirror,fin_I_1500,1517,0,99173,90503,8670,0,0,,,
candmirror,fin_I_1500,1517,1,99173,90503,8670,0,0,,,
candmirror,fin_I_1500,1518,0,140504,135171,5333,0,0,,,
candmirror,fin_I_1500,1518,1,140504,135171,5333,0,0,,,
candmirror,fin_I_1500,1519,0,116546,115907,639,0,0,,,
candmirror,fin_I_1500,1519,1,116546,115907,639,0,0,,,
candmirror,fin_I_1600,1600,0,115062,121160,-6098,0,0,,,
candmirror,fin_I_1600,1600,1,100710,107815,-7105,0,0,,,
candmirror,fin_I_1600,1601,0,101203,94555,6648,0,0,,,
candmirror,fin_I_1600,1601,1,98041,93844,4197,0,0,,,
candmirror,fin_I_1600,1602,0,125694,128678,-2984,0,0,,,
candmirror,fin_I_1600,1602,1,125694,128678,-2984,0,0,,,
candmirror,fin_I_1600,1603,0,133595,130140,3455,0,0,,,
candmirror,fin_I_1600,1603,1,133595,130140,3455,0,0,,,
candmirror,fin_I_1600,1604,0,99740,101253,-1513,0,0,,,
candmirror,fin_I_1600,1604,1,99740,101253,-1513,0,0,,,
candmirror,fin_I_1600,1605,0,104926,101038,3888,0,0,,,
candmirror,fin_I_1600,1605,1,104926,101038,3888,0,0,,,
candmirror,fin_I_1600,1606,0,95718,91048,4670,0,0,,,
candmirror,fin_I_1600,1606,1,95718,91048,4670,0,0,,,
candmirror,fin_I_1600,1607,0,129386,130596,-1210,0,0,,,
candmirror,fin_I_1600,1607,1,114952,121833,-6881,0,0,,,
candmirror,fin_I_1600,1608,0,98428,103807,-5379,0,0,,,
candmirror,fin_I_1600,1608,1,98428,103807,-5379,0,0,,,
candmirror,fin_I_1600,1609,0,95068,83049,12019,0,0,,,
candmirror,fin_I_1600,1609,1,95068,83049,12019,0,0,,,
candmirror,fin_I_1600,1610,0,128219,123695,4524,0,0,,,
candmirror,fin_I_1600,1610,1,128219,123695,4524,0,0,,,
candmirror,fin_I_1600,1611,0,129594,123090,6504,0,0,,,
candmirror,fin_I_1600,1611,1,129086,124178,4908,0,0,,,
candmirror,fin_I_1600,1612,0,96984,93995,2989,0,0,,,
candmirror,fin_I_1600,1612,1,96984,93995,2989,0,0,,,
candmirror,fin_I_1600,1613,0,88234,86330,1904,0,0,,,
candmirror,fin_I_1600,1613,1,88234,86330,1904,0,0,,,
candmirror,fin_I_1600,1614,0,90596,87142,3454,0,0,,,
candmirror,fin_I_1600,1614,1,90460,89436,1024,0,0,,,
candmirror,fin_I_1600,1615,0,110870,105932,4938,0,0,,,
candmirror,fin_I_1600,1615,1,110870,105932,4938,0,0,,,
candmirror,fin_I_1600,1616,0,113350,116920,-3570,0,0,,,
candmirror,fin_I_1600,1616,1,113350,116920,-3570,0,0,,,
candmirror,fin_I_1600,1617,0,109669,107393,2276,0,0,,,
candmirror,fin_I_1600,1617,1,109669,107393,2276,0,0,,,
candmirror,fin_I_1600,1618,0,100219,96731,3488,0,0,,,
candmirror,fin_I_1600,1618,1,100219,96731,3488,0,0,,,
candmirror,fin_I_1600,1619,0,102309,97324,4985,0,0,,,
candmirror,fin_I_1600,1619,1,102309,97324,4985,0,0,,,
candmirror,fin_I_7000,7000,0,136314,145256,-8942,0,0,,,
candmirror,fin_I_7000,7000,1,136314,145256,-8942,0,0,,,
candmirror,fin_I_7000,7001,0,108387,108225,162,0,0,,,
candmirror,fin_I_7000,7001,1,109363,108483,880,0,0,,,
candmirror,fin_I_7000,7002,0,103000,95085,7915,0,0,,,
candmirror,fin_I_7000,7002,1,108559,106921,1638,0,0,,,
candmirror,fin_I_7000,7003,0,103672,99973,3699,0,0,,,
candmirror,fin_I_7000,7003,1,103672,99973,3699,0,0,,,
candmirror,fin_I_7000,7004,0,115249,117792,-2543,0,0,,,
candmirror,fin_I_7000,7004,1,108479,107726,753,0,0,,,
candmirror,fin_I_7000,7005,0,135381,133080,2301,0,0,,,
candmirror,fin_I_7000,7005,1,135391,133074,2317,0,0,,,
candmirror,fin_I_7000,7006,0,127606,125820,1786,0,0,,,
candmirror,fin_I_7000,7006,1,127606,125820,1786,0,0,,,
candmirror,fin_I_7000,7007,0,121982,113763,8219,0,0,,,
candmirror,fin_I_7000,7007,1,121582,114869,6713,0,0,,,
candmirror,fin_I_7000,7008,0,123797,109045,14752,0,0,,,
candmirror,fin_I_7000,7008,1,123797,109045,14752,0,0,,,
candmirror,fin_I_7000,7009,0,125724,119939,5785,0,0,,,
candmirror,fin_I_7000,7009,1,126065,119878,6187,0,0,,,
candmirror,fin_I_7000,7010,0,89255,85874,3381,0,0,,,
candmirror,fin_I_7000,7010,1,89255,85874,3381,0,0,,,
candmirror,fin_I_7000,7011,0,101515,99136,2379,0,0,,,
candmirror,fin_I_7000,7011,1,101515,99136,2379,0,0,,,
candmirror,fin_I_7000,7012,0,124202,121864,2338,0,0,,,
candmirror,fin_I_7000,7012,1,109330,106553,2777,0,0,,,
candmirror,fin_I_7000,7013,0,100193,98489,1704,0,0,,,
candmirror,fin_I_7000,7013,1,100193,98489,1704,0,0,,,
candmirror,fin_I_7000,7014,0,104934,98640,6294,0,0,,,
candmirror,fin_I_7000,7014,1,104934,98640,6294,0,0,,,
candmirror,fin_I_7000,7015,0,105605,99838,5767,0,0,,,
candmirror,fin_I_7000,7015,1,105786,99570,6216,0,0,,,
candmirror,fin_I_7000,7016,0,87850,83099,4751,0,0,,,
candmirror,fin_I_7000,7016,1,87850,83099,4751,0,0,,,
candmirror,fin_I_7000,7017,0,106034,98986,7048,0,0,,,
candmirror,fin_I_7000,7017,1,106034,98986,7048,0,0,,,
candmirror,fin_I_7000,7018,0,100760,106211,-5451,0,0,,,
candmirror,fin_I_7000,7018,1,100760,106211,-5451,0,0,,,
candmirror,fin_I_7000,7019,0,78240,75901,2339,0,0,,,
candmirror,fin_I_7000,7019,1,78240,75901,2339,0,0,,,
candmirror,fin_Iv_1300,1300,0,98214,100126,-1912,0,0,,,
candmirror,fin_Iv_1300,1300,1,98214,100126,-1912,0,0,,,
candmirror,fin_Iv_1300,1301,0,108012,114776,-6764,0,0,,,
candmirror,fin_Iv_1300,1301,1,108012,114776,-6764,0,0,,,
candmirror,fin_Iv_1300,1302,0,76343,76809,-466,0,0,,,
candmirror,fin_Iv_1300,1302,1,76343,76809,-466,0,0,,,
candmirror,fin_Iv_1300,1303,0,106863,115560,-8697,0,0,,,
candmirror,fin_Iv_1300,1303,1,106226,112925,-6699,0,0,,,
candmirror,fin_Iv_1300,1304,0,90689,99475,-8786,0,0,,,
candmirror,fin_Iv_1300,1304,1,90689,99475,-8786,0,0,,,
candmirror,fin_Iv_1300,1305,0,116667,113285,3382,0,0,,,
candmirror,fin_Iv_1300,1305,1,116667,113285,3382,0,0,,,
candmirror,fin_Iv_1300,1306,0,111203,107005,4198,0,0,,,
candmirror,fin_Iv_1300,1306,1,102020,100725,1295,0,0,,,
candmirror,fin_Iv_1300,1307,0,105904,102755,3149,0,0,,,
candmirror,fin_Iv_1300,1307,1,125045,125892,-847,0,0,,,
candmirror,fin_Iv_1300,1308,0,115279,118428,-3149,0,0,,,
candmirror,fin_Iv_1300,1308,1,115279,118428,-3149,0,0,,,
candmirror,fin_Iv_1300,1309,0,79632,78937,695,0,0,,,
candmirror,fin_Iv_1300,1309,1,79632,78937,695,0,0,,,
candmirror,fin_Iv_1300,1310,0,124662,128432,-3770,0,0,,,
candmirror,fin_Iv_1300,1310,1,124743,128393,-3650,0,0,,,
candmirror,fin_Iv_1300,1311,0,97179,98637,-1458,0,0,,,
candmirror,fin_Iv_1300,1311,1,96693,98036,-1343,0,0,,,
candmirror,fin_Iv_1300,1312,0,104630,103544,1086,0,0,,,
candmirror,fin_Iv_1300,1312,1,104564,103613,951,0,0,,,
candmirror,fin_Iv_1300,1313,0,109935,111311,-1376,0,0,,,
candmirror,fin_Iv_1300,1313,1,109118,107096,2022,0,0,,,
candmirror,fin_Iv_1300,1314,0,81807,83580,-1773,0,0,,,
candmirror,fin_Iv_1300,1314,1,99538,100877,-1339,0,0,,,
candmirror,fin_Iv_1300,1315,0,89971,91469,-1498,0,0,,,
candmirror,fin_Iv_1300,1315,1,89971,91469,-1498,0,0,,,
candmirror,fin_Iv_1300,1316,0,88073,91693,-3620,0,0,,,
candmirror,fin_Iv_1300,1316,1,77796,76657,1139,0,0,,,
candmirror,fin_Iv_1300,1317,0,105795,106303,-508,0,0,,,
candmirror,fin_Iv_1300,1317,1,105795,106303,-508,0,0,,,
candmirror,fin_Iv_1300,1318,0,80164,83990,-3826,0,0,,,
candmirror,fin_Iv_1300,1318,1,80164,83990,-3826,0,0,,,
candmirror,fin_Iv_1300,1319,0,111571,107740,3831,0,0,,,
candmirror,fin_Iv_1300,1319,1,111571,107740,3831,0,0,,,
candmirror,fin_J2_1300,1300,0,97000,97092,-92,0,0,,,
candmirror,fin_J2_1300,1300,1,97000,97092,-92,0,0,,,
candmirror,fin_J2_1300,1301,0,136008,136343,-335,0,0,,,
candmirror,fin_J2_1300,1301,1,136008,136343,-335,0,0,,,
candmirror,fin_J2_1300,1302,0,80130,79587,543,0,0,,,
candmirror,fin_J2_1300,1302,1,80130,79587,543,0,0,,,
candmirror,fin_J2_1300,1303,0,90441,88650,1791,0,0,,,
candmirror,fin_J2_1300,1303,1,90400,90012,388,0,0,,,
candmirror,fin_J2_1300,1304,0,93375,93375,0,0,0,,,
candmirror,fin_J2_1300,1304,1,93375,93375,0,0,0,,,
candmirror,fin_J2_1300,1305,0,89297,88517,780,0,0,,,
candmirror,fin_J2_1300,1305,1,86993,86947,46,0,0,,,
candmirror,fin_J2_1300,1306,0,87952,85933,2019,0,0,,,
candmirror,fin_J2_1300,1306,1,86552,87313,-761,0,0,,,
candmirror,fin_J2_1300,1307,0,89705,89510,195,0,0,,,
candmirror,fin_J2_1300,1307,1,89697,89470,227,0,0,,,
candmirror,fin_J2_1300,1308,0,112545,112545,0,0,0,,,
candmirror,fin_J2_1300,1308,1,112545,112545,0,0,0,,,
candmirror,fin_J2_1300,1309,0,96792,96792,0,0,0,,,
candmirror,fin_J2_1300,1309,1,96792,96792,0,0,0,,,
candmirror,fin_J2_1300,1310,0,126058,126058,0,0,0,,,
candmirror,fin_J2_1300,1310,1,126058,126058,0,0,0,,,
candmirror,fin_J2_1300,1311,0,103704,101446,2258,0,0,,,
candmirror,fin_J2_1300,1311,1,101660,103951,-2291,0,0,,,
candmirror,fin_J2_1300,1312,0,118135,120011,-1876,0,0,,,
candmirror,fin_J2_1300,1312,1,118135,120011,-1876,0,0,,,
candmirror,fin_J2_1300,1313,0,105312,102378,2934,0,0,,,
candmirror,fin_J2_1300,1313,1,102686,103742,-1056,0,0,,,
candmirror,fin_J2_1300,1314,0,101739,103380,-1641,0,0,,,
candmirror,fin_J2_1300,1314,1,103949,105041,-1092,0,0,,,
candmirror,fin_J2_1300,1315,0,94132,93988,144,0,0,,,
candmirror,fin_J2_1300,1315,1,94132,93988,144,0,0,,,
candmirror,fin_J2_1300,1316,0,170255,168687,1568,0,0,,,
candmirror,fin_J2_1300,1316,1,127505,125380,2125,0,0,,,
candmirror,fin_J2_1300,1317,0,102891,102659,232,0,0,,,
candmirror,fin_J2_1300,1317,1,102891,102659,232,0,0,,,
candmirror,fin_J2_1300,1318,0,137090,137192,-102,0,0,,,
candmirror,fin_J2_1300,1318,1,137090,137192,-102,0,0,,,
candmirror,fin_J2_1300,1319,0,92759,91245,1514,0,0,,,
candmirror,fin_J2_1300,1319,1,92759,91245,1514,0,0,,,
candmirror,fin_J2_1400,1400,0,105209,105082,127,0,0,,,
candmirror,fin_J2_1400,1400,1,105209,105082,127,0,0,,,
candmirror,fin_J2_1400,1401,0,98248,97565,683,0,0,,,
candmirror,fin_J2_1400,1401,1,98244,97573,671,0,0,,,
candmirror,fin_J2_1400,1402,0,103462,103951,-489,0,0,,,
candmirror,fin_J2_1400,1402,1,103462,103951,-489,0,0,,,
candmirror,fin_J2_1400,1403,0,100690,100403,287,0,0,,,
candmirror,fin_J2_1400,1403,1,100690,100403,287,0,0,,,
candmirror,fin_J2_1400,1404,0,109292,111757,-2465,0,0,,,
candmirror,fin_J2_1400,1404,1,109292,111757,-2465,0,0,,,
candmirror,fin_J2_1400,1405,0,99948,98893,1055,0,0,,,
candmirror,fin_J2_1400,1405,1,98296,98537,-241,0,0,,,
candmirror,fin_J2_1400,1406,0,93878,93354,524,0,0,,,
candmirror,fin_J2_1400,1406,1,93878,93354,524,0,0,,,
candmirror,fin_J2_1400,1407,0,156083,156083,0,0,0,,,
candmirror,fin_J2_1400,1407,1,156083,156083,0,0,0,,,
candmirror,fin_J2_1400,1408,0,126558,125939,619,0,0,,,
candmirror,fin_J2_1400,1408,1,126558,125939,619,0,0,,,
candmirror,fin_J2_1400,1409,0,99681,101307,-1626,0,0,,,
candmirror,fin_J2_1400,1409,1,101307,99681,1626,0,0,,,
candmirror,fin_J2_1400,1410,0,133527,131218,2309,0,0,,,
candmirror,fin_J2_1400,1410,1,129973,134797,-4824,0,0,,,
candmirror,fin_J2_1400,1411,0,110598,109721,877,0,0,,,
candmirror,fin_J2_1400,1411,1,111172,110547,625,0,0,,,
candmirror,fin_J2_1400,1412,0,109333,111418,-2085,0,0,,,
candmirror,fin_J2_1400,1412,1,111418,109333,2085,0,0,,,
candmirror,fin_J2_1400,1413,0,117451,120325,-2874,0,0,,,
candmirror,fin_J2_1400,1413,1,120057,117135,2922,0,0,,,
candmirror,fin_J2_1400,1414,0,121326,121001,325,0,0,,,
candmirror,fin_J2_1400,1414,1,121326,121001,325,0,0,,,
candmirror,fin_J2_1400,1415,0,96830,95467,1363,0,0,,,
candmirror,fin_J2_1400,1415,1,96830,95467,1363,0,0,,,
candmirror,fin_J2_1400,1416,0,93387,93059,328,0,0,,,
candmirror,fin_J2_1400,1416,1,96431,92969,3462,0,0,,,
candmirror,fin_J2_1400,1417,0,99574,96110,3464,0,0,,,
candmirror,fin_J2_1400,1417,1,98101,99494,-1393,0,0,,,
candmirror,fin_J2_1400,1418,0,96295,96295,0,0,0,,,
candmirror,fin_J2_1400,1418,1,96295,96295,0,0,0,,,
candmirror,fin_J2_1400,1419,0,102347,100753,1594,0,0,,,
candmirror,fin_J2_1400,1419,1,100963,102610,-1647,0,0,,,
candmirror,fin_J_1300,1300,0,99960,97532,2428,0,0,,,
candmirror,fin_J_1300,1300,1,99960,97532,2428,0,0,,,
candmirror,fin_J_1300,1301,0,121711,118303,3408,0,0,,,
candmirror,fin_J_1300,1301,1,121711,118303,3408,0,0,,,
candmirror,fin_J_1300,1302,0,80658,80878,-220,0,0,,,
candmirror,fin_J_1300,1302,1,80658,80878,-220,0,0,,,
candmirror,fin_J_1300,1303,0,109513,110657,-1144,0,0,,,
candmirror,fin_J_1300,1303,1,115324,117714,-2390,0,0,,,
candmirror,fin_J_1300,1304,0,124252,132180,-7928,0,0,,,
candmirror,fin_J_1300,1304,1,121038,134717,-13679,0,0,,,
candmirror,fin_J_1300,1305,0,87307,96219,-8912,0,0,,,
candmirror,fin_J_1300,1305,1,87307,96219,-8912,0,0,,,
candmirror,fin_J_1300,1306,0,82862,85457,-2595,0,0,,,
candmirror,fin_J_1300,1306,1,85809,86402,-593,0,0,,,
candmirror,fin_J_1300,1307,0,104562,103273,1289,0,0,,,
candmirror,fin_J_1300,1307,1,104562,103273,1289,0,0,,,
candmirror,fin_J_1300,1308,0,100352,99286,1066,0,0,,,
candmirror,fin_J_1300,1308,1,100352,99286,1066,0,0,,,
candmirror,fin_J_1300,1309,0,97628,96349,1279,0,0,,,
candmirror,fin_J_1300,1309,1,97628,96349,1279,0,0,,,
candmirror,fin_J_1300,1310,0,119301,121838,-2537,0,0,,,
candmirror,fin_J_1300,1310,1,119301,121838,-2537,0,0,,,
candmirror,fin_J_1300,1311,0,104916,101776,3140,0,0,,,
candmirror,fin_J_1300,1311,1,106489,103289,3200,0,0,,,
candmirror,fin_J_1300,1312,0,120961,122967,-2006,0,0,,,
candmirror,fin_J_1300,1312,1,120961,122967,-2006,0,0,,,
candmirror,fin_J_1300,1313,0,105255,103589,1666,0,0,,,
candmirror,fin_J_1300,1313,1,102504,103292,-788,0,0,,,
candmirror,fin_J_1300,1314,0,90515,91123,-608,0,0,,,
candmirror,fin_J_1300,1314,1,91907,90873,1034,0,0,,,
candmirror,fin_J_1300,1315,0,88988,87480,1508,0,0,,,
candmirror,fin_J_1300,1315,1,88988,87480,1508,0,0,,,
candmirror,fin_J_1300,1316,0,137471,134930,2541,0,0,,,
candmirror,fin_J_1300,1316,1,124101,124994,-893,0,0,,,
candmirror,fin_J_1300,1317,0,128475,127671,804,0,0,,,
candmirror,fin_J_1300,1317,1,128475,127671,804,0,0,,,
candmirror,fin_J_1300,1318,0,160255,155748,4507,0,0,,,
candmirror,fin_J_1300,1318,1,160255,155748,4507,0,0,,,
candmirror,fin_J_1300,1319,0,101351,97507,3844,0,0,,,
candmirror,fin_J_1300,1319,1,101351,97507,3844,0,0,,,
candmirror,fin_J_1400,1400,0,106805,108195,-1390,0,0,,,
candmirror,fin_J_1400,1400,1,106805,108195,-1390,0,0,,,
candmirror,fin_J_1400,1401,0,92493,91784,709,0,0,,,
candmirror,fin_J_1400,1401,1,92474,90719,1755,0,0,,,
candmirror,fin_J_1400,1402,0,99590,95001,4589,0,0,,,
candmirror,fin_J_1400,1402,1,99590,95001,4589,0,0,,,
candmirror,fin_J_1400,1403,0,109286,109024,262,0,0,,,
candmirror,fin_J_1400,1403,1,108927,109309,-382,0,0,,,
candmirror,fin_J_1400,1404,0,114888,112496,2392,0,0,,,
candmirror,fin_J_1400,1404,1,114888,112496,2392,0,0,,,
candmirror,fin_J_1400,1405,0,121820,115925,5895,0,0,,,
candmirror,fin_J_1400,1405,1,129351,126029,3322,0,0,,,
candmirror,fin_J_1400,1406,0,128206,126761,1445,0,0,,,
candmirror,fin_J_1400,1406,1,128206,126761,1445,0,0,,,
candmirror,fin_J_1400,1407,0,146728,144752,1976,0,0,,,
candmirror,fin_J_1400,1407,1,146728,144752,1976,0,0,,,
candmirror,fin_J_1400,1408,0,126527,128592,-2065,0,0,,,
candmirror,fin_J_1400,1408,1,126527,128592,-2065,0,0,,,
candmirror,fin_J_1400,1409,0,109843,109581,262,0,0,,,
candmirror,fin_J_1400,1409,1,110297,109553,744,0,0,,,
candmirror,fin_J_1400,1410,0,124107,123673,434,0,0,,,
candmirror,fin_J_1400,1410,1,125422,123203,2219,0,0,,,
candmirror,fin_J_1400,1411,0,95065,94330,735,0,0,,,
candmirror,fin_J_1400,1411,1,103455,104884,-1429,0,0,,,
candmirror,fin_J_1400,1412,0,127264,131997,-4733,0,0,,,
candmirror,fin_J_1400,1412,1,133224,135339,-2115,0,0,,,
candmirror,fin_J_1400,1413,0,128171,126139,2032,0,0,,,
candmirror,fin_J_1400,1413,1,103948,99326,4622,0,0,,,
candmirror,fin_J_1400,1414,0,119196,122799,-3603,0,0,,,
candmirror,fin_J_1400,1414,1,119196,122799,-3603,0,0,,,
candmirror,fin_J_1400,1415,0,96514,94270,2244,0,0,,,
candmirror,fin_J_1400,1415,1,96514,94270,2244,0,0,,,
candmirror,fin_J_1400,1416,0,95213,95723,-510,0,0,,,
candmirror,fin_J_1400,1416,1,100263,100326,-63,0,0,,,
candmirror,fin_J_1400,1417,0,106484,106772,-288,0,0,,,
candmirror,fin_J_1400,1417,1,106484,106772,-288,0,0,,,
candmirror,fin_J_1400,1418,0,94016,93585,431,0,0,,,
candmirror,fin_J_1400,1418,1,94019,93506,513,0,0,,,
candmirror,fin_J_1400,1419,0,114992,115088,-96,0,0,,,
candmirror,fin_J_1400,1419,1,113469,111922,1547,0,0,,,
candmirror,fin_J_1500,1500,0,106849,104020,2829,0,0,,,
candmirror,fin_J_1500,1500,1,105884,103421,2463,0,0,,,
candmirror,fin_J_1500,1501,0,110347,113024,-2677,0,0,,,
candmirror,fin_J_1500,1501,1,108221,110927,-2706,0,0,,,
candmirror,fin_J_1500,1502,0,103209,96749,6460,0,0,,,
candmirror,fin_J_1500,1502,1,103209,96749,6460,0,0,,,
candmirror,fin_J_1500,1503,0,117143,117566,-423,0,0,,,
candmirror,fin_J_1500,1503,1,117143,117566,-423,0,0,,,
candmirror,fin_J_1500,1504,0,89138,87074,2064,0,0,,,
candmirror,fin_J_1500,1504,1,89138,87074,2064,0,0,,,
candmirror,fin_J_1500,1505,0,102374,102603,-229,0,0,,,
candmirror,fin_J_1500,1505,1,86875,84906,1969,0,0,,,
candmirror,fin_J_1500,1506,0,114845,114748,97,0,0,,,
candmirror,fin_J_1500,1506,1,114845,114748,97,0,0,,,
candmirror,fin_J_1500,1507,0,116981,115846,1135,0,0,,,
candmirror,fin_J_1500,1507,1,116597,115856,741,0,0,,,
candmirror,fin_J_1500,1508,0,106770,108851,-2081,0,0,,,
candmirror,fin_J_1500,1508,1,107727,108365,-638,0,0,,,
candmirror,fin_J_1500,1509,0,105839,99539,6300,0,0,,,
candmirror,fin_J_1500,1509,1,105839,99539,6300,0,0,,,
candmirror,fin_J_1500,1510,0,124735,124765,-30,0,0,,,
candmirror,fin_J_1500,1510,1,125276,124937,339,0,0,,,
candmirror,fin_J_1500,1511,0,114262,110260,4002,0,0,,,
candmirror,fin_J_1500,1511,1,114705,112484,2221,0,0,,,
candmirror,fin_J_1500,1512,0,117935,118285,-350,0,0,,,
candmirror,fin_J_1500,1512,1,117935,118285,-350,0,0,,,
candmirror,fin_J_1500,1513,0,109140,107715,1425,0,0,,,
candmirror,fin_J_1500,1513,1,109140,107715,1425,0,0,,,
candmirror,fin_J_1500,1514,0,111411,110544,867,0,0,,,
candmirror,fin_J_1500,1514,1,119228,122228,-3000,0,0,,,
candmirror,fin_J_1500,1515,0,98431,92411,6020,0,0,,,
candmirror,fin_J_1500,1515,1,98431,92411,6020,0,0,,,
candmirror,fin_J_1500,1516,0,117487,117703,-216,0,0,,,
candmirror,fin_J_1500,1516,1,117487,117703,-216,0,0,,,
candmirror,fin_J_1500,1517,0,82915,80442,2473,0,0,,,
candmirror,fin_J_1500,1517,1,82915,80442,2473,0,0,,,
candmirror,fin_J_1500,1518,0,131869,128730,3139,0,0,,,
candmirror,fin_J_1500,1518,1,131869,128730,3139,0,0,,,
candmirror,fin_J_1500,1519,0,111883,116208,-4325,0,0,,,
candmirror,fin_J_1500,1519,1,110773,115020,-4247,0,0,,,
candmirror,fin_K_1300,1300,0,93954,97425,-3471,0,0,,,
candmirror,fin_K_1300,1300,1,93954,97425,-3471,0,0,,,
candmirror,fin_K_1300,1301,0,131523,132496,-973,0,0,,,
candmirror,fin_K_1300,1301,1,131523,132496,-973,0,0,,,
candmirror,fin_K_1300,1302,0,75808,79875,-4067,0,0,,,
candmirror,fin_K_1300,1302,1,75808,79875,-4067,0,0,,,
candmirror,fin_K_1300,1303,0,119067,119793,-726,0,0,,,
candmirror,fin_K_1300,1303,1,118175,120408,-2233,0,0,,,
candmirror,fin_K_1300,1304,0,81473,85331,-3858,0,0,,,
candmirror,fin_K_1300,1304,1,81473,85331,-3858,0,0,,,
candmirror,fin_K_1300,1305,0,87438,86197,1241,0,0,,,
candmirror,fin_K_1300,1305,1,83878,83738,140,0,0,,,
candmirror,fin_K_1300,1306,0,80197,82194,-1997,0,0,,,
candmirror,fin_K_1300,1306,1,78990,82266,-3276,0,0,,,
candmirror,fin_K_1300,1307,0,89746,90739,-993,0,0,,,
candmirror,fin_K_1300,1307,1,89381,90686,-1305,0,0,,,
candmirror,fin_K_1300,1308,0,90555,96005,-5450,0,0,,,
candmirror,fin_K_1300,1308,1,90555,96005,-5450,0,0,,,
candmirror,fin_K_1300,1309,0,88270,94362,-6092,0,0,,,
candmirror,fin_K_1300,1309,1,88270,94362,-6092,0,0,,,
candmirror,fin_K_1300,1310,0,122227,125948,-3721,0,0,,,
candmirror,fin_K_1300,1310,1,122227,125948,-3721,0,0,,,
candmirror,fin_K_1300,1311,0,105293,104678,615,0,0,,,
candmirror,fin_K_1300,1311,1,106599,104975,1624,0,0,,,
candmirror,fin_K_1300,1312,0,144650,143500,1150,0,0,,,
candmirror,fin_K_1300,1312,1,144623,141837,2786,0,0,,,
candmirror,fin_K_1300,1313,0,102222,100987,1235,0,0,,,
candmirror,fin_K_1300,1313,1,101351,106449,-5098,0,0,,,
candmirror,fin_K_1300,1314,0,97251,98551,-1300,0,0,,,
candmirror,fin_K_1300,1314,1,99582,103062,-3480,0,0,,,
candmirror,fin_K_1300,1315,0,86133,91712,-5579,0,0,,,
candmirror,fin_K_1300,1315,1,86133,91712,-5579,0,0,,,
candmirror,fin_K_1300,1316,0,145056,146281,-1225,0,0,,,
candmirror,fin_K_1300,1316,1,150143,156103,-5960,0,0,,,
candmirror,fin_K_1300,1317,0,116540,115565,975,0,0,,,
candmirror,fin_K_1300,1317,1,116540,115565,975,0,0,,,
candmirror,fin_K_1300,1318,0,123814,126650,-2836,0,0,,,
candmirror,fin_K_1300,1318,1,123814,126650,-2836,0,0,,,
candmirror,fin_K_1300,1319,0,80205,80214,-9,0,0,,,
candmirror,fin_K_1300,1319,1,80205,80214,-9,0,0,,,
candmirror,fin_L_1300,1300,0,96908,96984,-76,0,0,,,
candmirror,fin_L_1300,1300,1,96908,96984,-76,0,0,,,
candmirror,fin_L_1300,1301,0,120059,117934,2125,0,0,,,
candmirror,fin_L_1300,1301,1,120047,118129,1918,0,0,,,
candmirror,fin_L_1300,1302,0,78591,77052,1539,0,0,,,
candmirror,fin_L_1300,1302,1,78591,77052,1539,0,0,,,
candmirror,fin_L_1300,1303,0,96300,96312,-12,0,0,,,
candmirror,fin_L_1300,1303,1,104336,105109,-773,0,0,,,
candmirror,fin_L_1300,1304,0,90266,88020,2246,0,0,,,
candmirror,fin_L_1300,1304,1,90266,88020,2246,0,0,,,
candmirror,fin_L_1300,1305,0,85228,85400,-172,0,0,,,
candmirror,fin_L_1300,1305,1,92891,96285,-3394,0,0,,,
candmirror,fin_L_1300,1306,0,77599,75047,2552,0,0,,,
candmirror,fin_L_1300,1306,1,84242,83666,576,0,0,,,
candmirror,fin_L_1300,1307,0,94417,92677,1740,0,0,,,
candmirror,fin_L_1300,1307,1,94268,92632,1636,0,0,,,
candmirror,fin_L_1300,1308,0,122041,119329,2712,0,0,,,
candmirror,fin_L_1300,1308,1,122041,119329,2712,0,0,,,
candmirror,fin_L_1300,1309,0,124997,125706,-709,0,0,,,
candmirror,fin_L_1300,1309,1,124997,125706,-709,0,0,,,
candmirror,fin_L_1300,1310,0,123402,121512,1890,0,0,,,
candmirror,fin_L_1300,1310,1,123391,121491,1900,0,0,,,
candmirror,fin_L_1300,1311,0,100899,98621,2278,0,0,,,
candmirror,fin_L_1300,1311,1,99489,99083,406,0,0,,,
candmirror,fin_L_1300,1312,0,118808,118220,588,0,0,,,
candmirror,fin_L_1300,1312,1,118808,118220,588,0,0,,,
candmirror,fin_L_1300,1313,0,105148,104204,944,0,0,,,
candmirror,fin_L_1300,1313,1,103295,103533,-238,0,0,,,
candmirror,fin_L_1300,1314,0,103632,103891,-259,0,0,,,
candmirror,fin_L_1300,1314,1,102010,104149,-2139,0,0,,,
candmirror,fin_L_1300,1315,0,95829,97906,-2077,0,0,,,
candmirror,fin_L_1300,1315,1,94388,98400,-4012,0,0,,,
candmirror,fin_L_1300,1316,0,161063,162216,-1153,0,0,,,
candmirror,fin_L_1300,1316,1,163562,168115,-4553,0,0,,,
candmirror,fin_L_1300,1317,0,105287,100660,4627,0,0,,,
candmirror,fin_L_1300,1317,1,105287,100660,4627,0,0,,,
candmirror,fin_L_1300,1318,0,129011,132454,-3443,0,0,,,
candmirror,fin_L_1300,1318,1,129011,132454,-3443,0,0,,,
candmirror,fin_L_1300,1319,0,96264,98025,-1761,0,0,,,
candmirror,fin_L_1300,1319,1,96264,98025,-1761,0,0,,,
candmirror,fin_L_1400,1400,0,109271,107883,1388,0,0,,,
candmirror,fin_L_1400,1400,1,109271,107883,1388,0,0,,,
candmirror,fin_L_1400,1401,0,98427,96816,1611,0,0,,,
candmirror,fin_L_1400,1401,1,98429,96814,1615,0,0,,,
candmirror,fin_L_1400,1402,0,80653,81521,-868,0,0,,,
candmirror,fin_L_1400,1402,1,80653,81521,-868,0,0,,,
candmirror,fin_L_1400,1403,0,105936,103544,2392,0,0,,,
candmirror,fin_L_1400,1403,1,105936,103544,2392,0,0,,,
candmirror,fin_L_1400,1404,0,112227,113154,-927,0,0,,,
candmirror,fin_L_1400,1404,1,112227,113154,-927,0,0,,,
candmirror,fin_L_1400,1405,0,126615,124278,2337,0,0,,,
candmirror,fin_L_1400,1405,1,129530,127583,1947,0,0,,,
candmirror,fin_L_1400,1406,0,118326,120564,-2238,0,0,,,
candmirror,fin_L_1400,1406,1,118326,120564,-2238,0,0,,,
candmirror,fin_L_1400,1407,0,155981,156165,-184,0,0,,,
candmirror,fin_L_1400,1407,1,155981,156165,-184,0,0,,,
candmirror,fin_L_1400,1408,0,123499,127514,-4015,0,0,,,
candmirror,fin_L_1400,1408,1,123499,127514,-4015,0,0,,,
candmirror,fin_L_1400,1409,0,102799,100992,1807,0,0,,,
candmirror,fin_L_1400,1409,1,102394,101487,907,0,0,,,
candmirror,fin_L_1400,1410,0,120781,121956,-1175,0,0,,,
candmirror,fin_L_1400,1410,1,122393,120096,2297,0,0,,,
candmirror,fin_L_1400,1411,0,90606,89094,1512,0,0,,,
candmirror,fin_L_1400,1411,1,109073,112371,-3298,0,0,,,
candmirror,fin_L_1400,1412,0,133029,130836,2193,0,0,,,
candmirror,fin_L_1400,1412,1,105831,103181,2650,0,0,,,
candmirror,fin_L_1400,1413,0,103267,100335,2932,0,0,,,
candmirror,fin_L_1400,1413,1,112954,113492,-538,0,0,,,
candmirror,fin_L_1400,1414,0,120553,120566,-13,0,0,,,
candmirror,fin_L_1400,1414,1,120553,120566,-13,0,0,,,
candmirror,fin_L_1400,1415,0,95103,94152,951,0,0,,,
candmirror,fin_L_1400,1415,1,95103,94152,951,0,0,,,
candmirror,fin_L_1400,1416,0,95420,96556,-1136,0,0,,,
candmirror,fin_L_1400,1416,1,96510,98502,-1992,0,0,,,
candmirror,fin_L_1400,1417,0,100621,99355,1266,0,0,,,
candmirror,fin_L_1400,1417,1,103176,103580,-404,0,0,,,
candmirror,fin_L_1400,1418,0,97845,93741,4104,0,0,,,
candmirror,fin_L_1400,1418,1,97845,93741,4104,0,0,,,
candmirror,fin_L_1400,1419,0,109212,110212,-1000,0,0,,,
candmirror,fin_L_1400,1419,1,105467,102837,2630,0,0,,,
candmirror,fin_L_1500,1500,0,110125,108436,1689,0,0,,,
candmirror,fin_L_1500,1500,1,110522,108257,2265,0,0,,,
candmirror,fin_L_1500,1501,0,107429,105383,2046,0,0,,,
candmirror,fin_L_1500,1501,1,105268,106950,-1682,0,0,,,
candmirror,fin_L_1500,1502,0,109645,108276,1369,0,0,,,
candmirror,fin_L_1500,1502,1,109645,108276,1369,0,0,,,
candmirror,fin_L_1500,1503,0,115824,116452,-628,0,0,,,
candmirror,fin_L_1500,1503,1,116246,116333,-87,0,0,,,
candmirror,fin_L_1500,1504,0,83585,83585,0,0,0,,,
candmirror,fin_L_1500,1504,1,83585,83585,0,0,0,,,
candmirror,fin_L_1500,1505,0,87996,90396,-2400,0,0,,,
candmirror,fin_L_1500,1505,1,91156,91554,-398,0,0,,,
candmirror,fin_L_1500,1506,0,134524,134524,0,0,0,,,
candmirror,fin_L_1500,1506,1,134524,134524,0,0,0,,,
candmirror,fin_L_1500,1507,0,122375,124579,-2204,0,0,,,
candmirror,fin_L_1500,1507,1,124578,122376,2202,0,0,,,
candmirror,fin_L_1500,1508,0,118078,115692,2386,0,0,,,
candmirror,fin_L_1500,1508,1,118078,115692,2386,0,0,,,
candmirror,fin_L_1500,1509,0,103291,102776,515,0,0,,,
candmirror,fin_L_1500,1509,1,103291,102776,515,0,0,,,
candmirror,fin_L_1500,1510,0,131825,131369,456,0,0,,,
candmirror,fin_L_1500,1510,1,122856,126003,-3147,0,0,,,
candmirror,fin_L_1500,1511,0,111142,108081,3061,0,0,,,
candmirror,fin_L_1500,1511,1,103913,110534,-6621,0,0,,,
candmirror,fin_L_1500,1512,0,121020,119590,1430,0,0,,,
candmirror,fin_L_1500,1512,1,121020,119590,1430,0,0,,,
candmirror,fin_L_1500,1513,0,92050,91980,70,0,0,,,
candmirror,fin_L_1500,1513,1,92050,91980,70,0,0,,,
candmirror,fin_L_1500,1514,0,120649,115683,4966,0,0,,,
candmirror,fin_L_1500,1514,1,114884,116284,-1400,0,0,,,
candmirror,fin_L_1500,1515,0,99526,102902,-3376,0,0,,,
candmirror,fin_L_1500,1515,1,99526,102902,-3376,0,0,,,
candmirror,fin_L_1500,1516,0,110525,109850,675,0,0,,,
candmirror,fin_L_1500,1516,1,110525,109850,675,0,0,,,
candmirror,fin_L_1500,1517,0,107034,106217,817,0,0,,,
candmirror,fin_L_1500,1517,1,107034,106217,817,0,0,,,
candmirror,fin_L_1500,1518,0,126454,124644,1810,0,0,,,
candmirror,fin_L_1500,1518,1,126454,124644,1810,0,0,,,
candmirror,fin_L_1500,1519,0,117769,117769,0,0,0,,,
candmirror,fin_L_1500,1519,1,117769,117769,0,0,0,,,
candmirror,fin_L_1600,1600,0,118296,119060,-764,0,0,,,
candmirror,fin_L_1600,1600,1,116423,117407,-984,0,0,,,
candmirror,fin_L_1600,1601,0,105626,109072,-3446,0,0,,,
candmirror,fin_L_1600,1601,1,105697,103791,1906,0,0,,,
candmirror,fin_L_1600,1602,0,99193,99193,0,0,0,,,
candmirror,fin_L_1600,1602,1,99193,99193,0,0,0,,,
candmirror,fin_L_1600,1603,0,97974,98207,-233,0,0,,,
candmirror,fin_L_1600,1603,1,97974,98207,-233,0,0,,,
candmirror,fin_L_1600,1604,0,115406,114571,835,0,0,,,
candmirror,fin_L_1600,1604,1,115406,114571,835,0,0,,,
candmirror,fin_L_1600,1605,0,112396,110664,1732,0,0,,,
candmirror,fin_L_1600,1605,1,110168,108704,1464,0,0,,,
candmirror,fin_L_1600,1606,0,124523,124404,119,0,0,,,
candmirror,fin_L_1600,1606,1,124404,124523,-119,0,0,,,
candmirror,fin_L_1600,1607,0,98642,101058,-2416,0,0,,,
candmirror,fin_L_1600,1607,1,94643,101480,-6837,0,0,,,
candmirror,fin_L_1600,1608,0,101839,95635,6204,0,0,,,
candmirror,fin_L_1600,1608,1,101839,95635,6204,0,0,,,
candmirror,fin_L_1600,1609,0,112965,115447,-2482,0,0,,,
candmirror,fin_L_1600,1609,1,111110,110001,1109,0,0,,,
candmirror,fin_L_1600,1610,0,97362,93543,3819,0,0,,,
candmirror,fin_L_1600,1610,1,97362,93543,3819,0,0,,,
candmirror,fin_L_1600,1611,0,95810,96845,-1035,0,0,,,
candmirror,fin_L_1600,1611,1,96394,95703,691,0,0,,,
candmirror,fin_L_1600,1612,0,106142,104217,1925,0,0,,,
candmirror,fin_L_1600,1612,1,117378,114343,3035,0,0,,,
candmirror,fin_L_1600,1613,0,145951,134317,11634,0,0,,,
candmirror,fin_L_1600,1613,1,104652,117847,-13195,0,0,,,
candmirror,fin_L_1600,1614,0,109033,106653,2380,0,0,,,
candmirror,fin_L_1600,1614,1,109033,106653,2380,0,0,,,
candmirror,fin_L_1600,1615,0,102434,103938,-1504,0,0,,,
candmirror,fin_L_1600,1615,1,102434,103938,-1504,0,0,,,
candmirror,fin_L_1600,1616,0,136506,136506,0,0,0,,,
candmirror,fin_L_1600,1616,1,136506,136506,0,0,0,,,
candmirror,fin_L_1600,1617,0,94277,93244,1033,0,0,,,
candmirror,fin_L_1600,1617,1,94277,93244,1033,0,0,,,
candmirror,fin_L_1600,1618,0,108762,108085,677,0,0,,,
candmirror,fin_L_1600,1618,1,108762,108085,677,0,0,,,
candmirror,fin_L_1600,1619,0,126505,128535,-2030,0,0,,,
candmirror,fin_L_1600,1619,1,126505,128535,-2030,0,0,,,
candmirror,fin_L_7000,7000,0,117490,117333,157,0,0,,,
candmirror,fin_L_7000,7000,1,117490,117333,157,0,0,,,
candmirror,fin_L_7000,7001,0,98614,98555,59,0,0,,,
candmirror,fin_L_7000,7001,1,98555,98614,-59,0,0,,,
candmirror,fin_L_7000,7002,0,82554,79870,2684,0,0,,,
candmirror,fin_L_7000,7002,1,82554,79870,2684,0,0,,,
candmirror,fin_L_7000,7003,0,114258,114835,-577,0,0,,,
candmirror,fin_L_7000,7003,1,114258,114835,-577,0,0,,,
candmirror,fin_L_7000,7004,0,102838,105654,-2816,0,0,,,
candmirror,fin_L_7000,7004,1,97995,98965,-970,0,0,,,
candmirror,fin_L_7000,7005,0,143361,148386,-5025,0,0,,,
candmirror,fin_L_7000,7005,1,149072,150839,-1767,0,0,,,
candmirror,fin_L_7000,7006,0,113189,113205,-16,0,0,,,
candmirror,fin_L_7000,7006,1,113189,113205,-16,0,0,,,
candmirror,fin_L_7000,7007,0,154708,159469,-4761,0,0,,,
candmirror,fin_L_7000,7007,1,154297,159710,-5413,0,0,,,
candmirror,fin_L_7000,7008,0,73912,76621,-2709,0,0,,,
candmirror,fin_L_7000,7008,1,73912,76621,-2709,0,0,,,
candmirror,fin_L_7000,7009,0,91193,90672,521,0,0,,,
candmirror,fin_L_7000,7009,1,91444,90717,727,0,0,,,
candmirror,fin_L_7000,7010,0,98082,98136,-54,0,0,,,
candmirror,fin_L_7000,7010,1,98082,98136,-54,0,0,,,
candmirror,fin_L_7000,7011,0,115027,115027,0,0,0,,,
candmirror,fin_L_7000,7011,1,115027,115027,0,0,0,,,
candmirror,fin_L_7000,7012,0,141335,141527,-192,0,0,,,
candmirror,fin_L_7000,7012,1,143156,137916,5240,0,0,,,
candmirror,fin_L_7000,7013,0,119692,121046,-1354,0,0,,,
candmirror,fin_L_7000,7013,1,119692,121046,-1354,0,0,,,
candmirror,fin_L_7000,7014,0,89899,89639,260,0,0,,,
candmirror,fin_L_7000,7014,1,89899,89639,260,0,0,,,
candmirror,fin_L_7000,7015,0,106109,106359,-250,0,0,,,
candmirror,fin_L_7000,7015,1,115798,118483,-2685,0,0,,,
candmirror,fin_L_7000,7016,0,96490,88919,7571,0,0,,,
candmirror,fin_L_7000,7016,1,96490,88919,7571,0,0,,,
candmirror,fin_L_7000,7017,0,106507,101789,4718,0,0,,,
candmirror,fin_L_7000,7017,1,106507,101789,4718,0,0,,,
candmirror,fin_L_7000,7018,0,104618,105217,-599,0,0,,,
candmirror,fin_L_7000,7018,1,104618,105217,-599,0,0,,,
candmirror,fin_L_7000,7019,0,132963,130265,2698,0,0,,,
candmirror,fin_L_7000,7019,1,132963,130265,2698,0,0,,,
candmirror,fin_M_1300,1300,0,107813,111067,-3254,0,0,,,
candmirror,fin_M_1300,1300,1,107813,111067,-3254,0,0,,,
candmirror,fin_M_1300,1301,0,121504,119212,2292,0,0,,,
candmirror,fin_M_1300,1301,1,121452,119206,2246,0,0,,,
candmirror,fin_M_1300,1302,0,84699,86672,-1973,0,0,,,
candmirror,fin_M_1300,1302,1,84699,86672,-1973,0,0,,,
candmirror,fin_M_1300,1303,0,126854,125790,1064,0,0,,,
candmirror,fin_M_1300,1303,1,127228,129068,-1840,0,0,,,
candmirror,fin_M_1300,1304,0,101418,101193,225,0,0,,,
candmirror,fin_M_1300,1304,1,101418,101193,225,0,0,,,
candmirror,fin_M_1300,1305,0,117791,111699,6092,0,0,,,
candmirror,fin_M_1300,1305,1,116680,112294,4386,0,0,,,
candmirror,fin_M_1300,1306,0,81170,78374,2796,0,0,,,
candmirror,fin_M_1300,1306,1,88359,85337,3022,0,0,,,
candmirror,fin_M_1300,1307,0,105841,105607,234,0,0,,,
candmirror,fin_M_1300,1307,1,105841,105607,234,0,0,,,
candmirror,fin_M_1300,1308,0,119650,123488,-3838,0,0,,,
candmirror,fin_M_1300,1308,1,119650,123488,-3838,0,0,,,
candmirror,fin_M_1300,1309,0,86477,86644,-167,0,0,,,
candmirror,fin_M_1300,1309,1,86477,86644,-167,0,0,,,
candmirror,fin_M_1300,1310,0,126704,127898,-1194,0,0,,,
candmirror,fin_M_1300,1310,1,126704,127898,-1194,0,0,,,
candmirror,fin_M_1300,1311,0,104971,102924,2047,0,0,,,
candmirror,fin_M_1300,1311,1,104971,102924,2047,0,0,,,
candmirror,fin_M_1300,1312,0,144958,147161,-2203,0,0,,,
candmirror,fin_M_1300,1312,1,144901,147246,-2345,0,0,,,
candmirror,fin_M_1300,1313,0,115538,114793,745,0,0,,,
candmirror,fin_M_1300,1313,1,122387,124956,-2569,0,0,,,
candmirror,fin_M_1300,1314,0,115340,108353,6987,0,0,,,
candmirror,fin_M_1300,1314,1,115340,108353,6987,0,0,,,
candmirror,fin_M_1300,1315,0,91904,92305,-401,0,0,,,
candmirror,fin_M_1300,1315,1,91904,92305,-401,0,0,,,
candmirror,fin_M_1300,1316,0,124778,124330,448,0,0,,,
candmirror,fin_M_1300,1316,1,124832,124330,502,0,0,,,
candmirror,fin_M_1300,1317,0,90747,86345,4402,0,0,,,
candmirror,fin_M_1300,1317,1,90747,86345,4402,0,0,,,
candmirror,fin_M_1300,1318,0,117157,120646,-3489,0,0,,,
candmirror,fin_M_1300,1318,1,117157,120646,-3489,0,0,,,
candmirror,fin_M_1300,1319,0,89519,88813,706,0,0,,,
candmirror,fin_M_1300,1319,1,89550,88786,764,0,0,,,
candmirror,fin_M_1400,1400,0,83379,86927,-3548,0,0,,,
candmirror,fin_M_1400,1400,1,83379,86927,-3548,0,0,,,
candmirror,fin_M_1400,1401,0,97559,98351,-792,0,0,,,
candmirror,fin_M_1400,1401,1,91571,94730,-3159,0,0,,,
candmirror,fin_M_1400,1402,0,92620,90204,2416,0,0,,,
candmirror,fin_M_1400,1402,1,92620,90204,2416,0,0,,,
candmirror,fin_M_1400,1403,0,106353,114049,-7696,0,0,,,
candmirror,fin_M_1400,1403,1,106353,114049,-7696,0,0,,,
candmirror,fin_M_1400,1404,0,106019,104863,1156,0,0,,,
candmirror,fin_M_1400,1404,1,106019,104863,1156,0,0,,,
candmirror,fin_M_1400,1405,0,113334,133680,-20346,0,0,,,
candmirror,fin_M_1400,1405,1,122750,130383,-7633,0,0,,,
candmirror,fin_M_1400,1406,0,107096,107382,-286,0,0,,,
candmirror,fin_M_1400,1406,1,107100,107319,-219,0,0,,,
candmirror,fin_M_1400,1407,0,129501,133572,-4071,0,0,,,
candmirror,fin_M_1400,1407,1,129501,133572,-4071,0,0,,,
candmirror,fin_M_1400,1408,0,125494,121576,3918,0,0,,,
candmirror,fin_M_1400,1408,1,125494,121576,3918,0,0,,,
candmirror,fin_M_1400,1409,0,94657,94586,71,0,0,,,
candmirror,fin_M_1400,1409,1,94657,94586,71,0,0,,,
candmirror,fin_M_1400,1410,0,86351,89804,-3453,0,0,,,
candmirror,fin_M_1400,1410,1,92486,91707,779,0,0,,,
candmirror,fin_M_1400,1411,0,110362,114882,-4520,0,0,,,
candmirror,fin_M_1400,1411,1,92478,93292,-814,0,0,,,
candmirror,fin_M_1400,1412,0,92619,89494,3125,0,0,,,
candmirror,fin_M_1400,1412,1,92619,89494,3125,0,0,,,
candmirror,fin_M_1400,1413,0,110198,110515,-317,0,0,,,
candmirror,fin_M_1400,1413,1,121510,120129,1381,0,0,,,
candmirror,fin_M_1400,1414,0,92587,94010,-1423,0,0,,,
candmirror,fin_M_1400,1414,1,92587,94010,-1423,0,0,,,
candmirror,fin_M_1400,1415,0,92143,89497,2646,0,0,,,
candmirror,fin_M_1400,1415,1,92143,89497,2646,0,0,,,
candmirror,fin_M_1400,1416,0,101588,97520,4068,0,0,,,
candmirror,fin_M_1400,1416,1,101588,97520,4068,0,0,,,
candmirror,fin_M_1400,1417,0,109055,104123,4932,0,0,,,
candmirror,fin_M_1400,1417,1,109055,104123,4932,0,0,,,
candmirror,fin_M_1400,1418,0,132576,138120,-5544,0,0,,,
candmirror,fin_M_1400,1418,1,132544,138177,-5633,0,0,,,
candmirror,fin_M_1400,1419,0,145542,146175,-633,0,0,,,
candmirror,fin_M_1400,1419,1,133274,132763,511,0,0,,,
candmirror,fin_N_1300,1300,0,97664,97093,571,0,0,,,
candmirror,fin_N_1300,1300,1,97664,97093,571,0,0,,,
candmirror,fin_N_1300,1301,0,103925,106410,-2485,0,0,,,
candmirror,fin_N_1300,1301,1,103925,106410,-2485,0,0,,,
candmirror,fin_N_1300,1302,0,78445,79325,-880,0,0,,,
candmirror,fin_N_1300,1302,1,78445,79325,-880,0,0,,,
candmirror,fin_N_1300,1303,0,137006,139699,-2693,0,0,,,
candmirror,fin_N_1300,1303,1,136598,139521,-2923,0,0,,,
candmirror,fin_N_1300,1304,0,88872,88590,282,0,0,,,
candmirror,fin_N_1300,1304,1,88872,88590,282,0,0,,,
candmirror,fin_N_1300,1305,0,106118,103019,3099,0,0,,,
candmirror,fin_N_1300,1305,1,103742,101009,2733,0,0,,,
candmirror,fin_N_1300,1306,0,101092,101637,-545,0,0,,,
candmirror,fin_N_1300,1306,1,102332,103262,-930,0,0,,,
candmirror,fin_N_1300,1307,0,91991,93446,-1455,0,0,,,
candmirror,fin_N_1300,1307,1,91963,93498,-1535,0,0,,,
candmirror,fin_N_1300,1308,0,108107,107170,937,0,0,,,
candmirror,fin_N_1300,1308,1,108107,107170,937,0,0,,,
candmirror,fin_N_1300,1309,0,100608,99559,1049,0,0,,,
candmirror,fin_N_1300,1309,1,100608,99559,1049,0,0,,,
candmirror,fin_N_1300,1310,0,124739,123468,1271,0,0,,,
candmirror,fin_N_1300,1310,1,124739,123468,1271,0,0,,,
candmirror,fin_N_1300,1311,0,106881,108456,-1575,0,0,,,
candmirror,fin_N_1300,1311,1,107660,109350,-1690,0,0,,,
candmirror,fin_N_1300,1312,0,130797,132205,-1408,0,0,,,
candmirror,fin_N_1300,1312,1,130768,131972,-1204,0,0,,,
candmirror,fin_N_1300,1313,0,101949,99408,2541,0,0,,,
candmirror,fin_N_1300,1313,1,103768,103684,84,0,0,,,
candmirror,fin_N_1300,1314,0,105444,100878,4566,0,0,,,
candmirror,fin_N_1300,1314,1,87756,88897,-1141,0,0,,,
candmirror,fin_N_1300,1315,0,96726,90676,6050,0,0,,,
candmirror,fin_N_1300,1315,1,96726,90676,6050,0,0,,,
candmirror,fin_N_1300,1316,0,143616,142654,962,0,0,,,
candmirror,fin_N_1300,1316,1,126429,123053,3376,0,0,,,
candmirror,fin_N_1300,1317,0,142616,148440,-5824,0,0,,,
candmirror,fin_N_1300,1317,1,142616,148440,-5824,0,0,,,
candmirror,fin_N_1300,1318,0,123022,123813,-791,0,0,,,
candmirror,fin_N_1300,1318,1,123022,123813,-791,0,0,,,
candmirror,fin_N_1300,1319,0,93609,92147,1462,0,0,,,
candmirror,fin_N_1300,1319,1,93609,92147,1462,0,0,,,
candmirror,fin_N_1400,1400,0,108104,107608,496,0,0,,,
candmirror,fin_N_1400,1400,1,108104,107608,496,0,0,,,
candmirror,fin_N_1400,1401,0,82162,81532,630,0,0,,,
candmirror,fin_N_1400,1401,1,82172,81522,650,0,0,,,
candmirror,fin_N_1400,1402,0,106127,109216,-3089,0,0,,,
candmirror,fin_N_1400,1402,1,106127,109216,-3089,0,0,,,
candmirror,fin_N_1400,1403,0,98880,95988,2892,0,0,,,
candmirror,fin_N_1400,1403,1,98880,95988,2892,0,0,,,
candmirror,fin_N_1400,1404,0,108222,106057,2165,0,0,,,
candmirror,fin_N_1400,1404,1,108222,106057,2165,0,0,,,
candmirror,fin_N_1400,1405,0,120566,116843,3723,0,0,,,
candmirror,fin_N_1400,1405,1,126246,125957,289,0,0,,,
candmirror,fin_N_1400,1406,0,109921,106809,3112,0,0,,,
candmirror,fin_N_1400,1406,1,109896,106833,3063,0,0,,,
candmirror,fin_N_1400,1407,0,141424,140899,525,0,0,,,
candmirror,fin_N_1400,1407,1,141424,140899,525,0,0,,,
candmirror,fin_N_1400,1408,0,127318,120530,6788,0,0,,,
candmirror,fin_N_1400,1408,1,127318,120530,6788,0,0,,,
candmirror,fin_N_1400,1409,0,104850,105052,-202,0,0,,,
candmirror,fin_N_1400,1409,1,104850,105052,-202,0,0,,,
candmirror,fin_N_1400,1410,0,127550,129159,-1609,0,0,,,
candmirror,fin_N_1400,1410,1,127144,124269,2875,0,0,,,
candmirror,fin_N_1400,1411,0,101039,101237,-198,0,0,,,
candmirror,fin_N_1400,1411,1,96316,95234,1082,0,0,,,
candmirror,fin_N_1400,1412,0,115910,116231,-321,0,0,,,
candmirror,fin_N_1400,1412,1,114631,115298,-667,0,0,,,
candmirror,fin_N_1400,1413,0,117744,117704,40,0,0,,,
candmirror,fin_N_1400,1413,1,109729,111738,-2009,0,0,,,
candmirror,fin_N_1400,1414,0,126080,127541,-1461,0,0,,,
candmirror,fin_N_1400,1414,1,126080,127541,-1461,0,0,,,
candmirror,fin_N_1400,1415,0,89101,87563,1538,0,0,,,
candmirror,fin_N_1400,1415,1,89101,87563,1538,0,0,,,
candmirror,fin_N_1400,1416,0,100126,99280,846,0,0,,,
candmirror,fin_N_1400,1416,1,99155,99449,-294,0,0,,,
candmirror,fin_N_1400,1417,0,130164,126922,3242,0,0,,,
candmirror,fin_N_1400,1417,1,130164,126922,3242,0,0,,,
candmirror,fin_N_1400,1418,0,89300,89055,245,0,0,,,
candmirror,fin_N_1400,1418,1,89300,89055,245,0,0,,,
candmirror,fin_N_1400,1419,0,110054,111874,-1820,0,0,,,
candmirror,fin_N_1400,1419,1,98948,102584,-3636,0,0,,,
candmirror,fin_N_1500,1500,0,109761,107676,2085,0,0,,,
candmirror,fin_N_1500,1500,1,109761,107676,2085,0,0,,,
candmirror,fin_N_1500,1501,0,110321,114313,-3992,0,0,,,
candmirror,fin_N_1500,1501,1,111109,109124,1985,0,0,,,
candmirror,fin_N_1500,1502,0,105921,106434,-513,0,0,,,
candmirror,fin_N_1500,1502,1,105921,106434,-513,0,0,,,
candmirror,fin_N_1500,1503,0,109547,109988,-441,0,0,,,
candmirror,fin_N_1500,1503,1,109547,109988,-441,0,0,,,
candmirror,fin_N_1500,1504,0,85813,87940,-2127,0,0,,,
candmirror,fin_N_1500,1504,1,85813,87940,-2127,0,0,,,
candmirror,fin_N_1500,1505,0,99950,100474,-524,0,0,,,
candmirror,fin_N_1500,1505,1,99743,101591,-1848,0,0,,,
candmirror,fin_N_1500,1506,0,141124,142932,-1808,0,0,,,
candmirror,fin_N_1500,1506,1,141124,142932,-1808,0,0,,,
candmirror,fin_N_1500,1507,0,113851,114122,-271,0,0,,,
candmirror,fin_N_1500,1507,1,113851,114122,-271,0,0,,,
candmirror,fin_N_1500,1508,0,134015,137070,-3055,0,0,,,
candmirror,fin_N_1500,1508,1,133392,137185,-3793,0,0,,,
candmirror,fin_N_1500,1509,0,101076,103278,-2202,0,0,,,
candmirror,fin_N_1500,1509,1,101076,103278,-2202,0,0,,,
candmirror,fin_N_1500,1510,0,141286,140324,962,0,0,,,
candmirror,fin_N_1500,1510,1,143926,143498,428,0,0,,,
candmirror,fin_N_1500,1511,0,98750,99229,-479,0,0,,,
candmirror,fin_N_1500,1511,1,99118,101238,-2120,0,0,,,
candmirror,fin_N_1500,1512,0,130257,129791,466,0,0,,,
candmirror,fin_N_1500,1512,1,130257,129791,466,0,0,,,
candmirror,fin_N_1500,1513,0,93025,93226,-201,0,0,,,
candmirror,fin_N_1500,1513,1,93025,93226,-201,0,0,,,
candmirror,fin_N_1500,1514,0,104591,107136,-2545,0,0,,,
candmirror,fin_N_1500,1514,1,108286,112889,-4603,0,0,,,
candmirror,fin_N_1500,1515,0,98452,96417,2035,0,0,,,
candmirror,fin_N_1500,1515,1,98452,96417,2035,0,0,,,
candmirror,fin_N_1500,1516,0,109488,109243,245,0,0,,,
candmirror,fin_N_1500,1516,1,109488,109243,245,0,0,,,
candmirror,fin_N_1500,1517,0,113961,114151,-190,0,0,,,
candmirror,fin_N_1500,1517,1,113961,114151,-190,0,0,,,
candmirror,fin_N_1500,1518,0,126295,125410,885,0,0,,,
candmirror,fin_N_1500,1518,1,126295,125410,885,0,0,,,
candmirror,fin_N_1500,1519,0,111932,113025,-1093,0,0,,,
candmirror,fin_N_1500,1519,1,108660,112780,-4120,0,0,,,
candmirror,fin_P_1300,1300,0,93312,93449,-137,0,0,,,
candmirror,fin_P_1300,1300,1,93312,93449,-137,0,0,,,
candmirror,fin_P_1300,1301,0,120595,118188,2407,0,0,,,
candmirror,fin_P_1300,1301,1,120595,118188,2407,0,0,,,
candmirror,fin_P_1300,1302,0,77920,77528,392,0,0,,,
candmirror,fin_P_1300,1302,1,77920,77528,392,0,0,,,
candmirror,fin_P_1300,1303,0,140226,135563,4663,0,0,,,
candmirror,fin_P_1300,1303,1,114972,111246,3726,0,0,,,
candmirror,fin_P_1300,1304,0,91642,88239,3403,0,0,,,
candmirror,fin_P_1300,1304,1,91642,88239,3403,0,0,,,
candmirror,fin_P_1300,1305,0,84977,85244,-267,0,0,,,
candmirror,fin_P_1300,1305,1,101136,103032,-1896,0,0,,,
candmirror,fin_P_1300,1306,0,78100,75611,2489,0,0,,,
candmirror,fin_P_1300,1306,1,85157,83344,1813,0,0,,,
candmirror,fin_P_1300,1307,0,94693,92918,1775,0,0,,,
candmirror,fin_P_1300,1307,1,94681,92846,1835,0,0,,,
candmirror,fin_P_1300,1308,0,120398,116641,3757,0,0,,,
candmirror,fin_P_1300,1308,1,120398,116641,3757,0,0,,,
candmirror,fin_P_1300,1309,0,125468,126037,-569,0,0,,,
candmirror,fin_P_1300,1309,1,125468,126037,-569,0,0,,,
candmirror,fin_P_1300,1310,0,123255,121512,1743,0,0,,,
candmirror,fin_P_1300,1310,1,123244,121491,1753,0,0,,,
candmirror,fin_P_1300,1311,0,100651,98663,1988,0,0,,,
candmirror,fin_P_1300,1311,1,101142,99408,1734,0,0,,,
candmirror,fin_P_1300,1312,0,118521,117869,652,0,0,,,
candmirror,fin_P_1300,1312,1,118521,117869,652,0,0,,,
candmirror,fin_P_1300,1313,0,110870,111078,-208,0,0,,,
candmirror,fin_P_1300,1313,1,99628,102105,-2477,0,0,,,
candmirror,fin_P_1300,1314,0,100996,104050,-3054,0,0,,,
candmirror,fin_P_1300,1314,1,101895,102689,-794,0,0,,,
candmirror,fin_P_1300,1315,0,100202,102215,-2013,0,0,,,
candmirror,fin_P_1300,1315,1,101904,101802,102,0,0,,,
candmirror,fin_P_1300,1316,0,166417,167217,-800,0,0,,,
candmirror,fin_P_1300,1316,1,134834,134282,552,0,0,,,
candmirror,fin_P_1300,1317,0,103925,101558,2367,0,0,,,
candmirror,fin_P_1300,1317,1,103925,101558,2367,0,0,,,
candmirror,fin_P_1300,1318,0,137868,141910,-4042,0,0,,,
candmirror,fin_P_1300,1318,1,137868,141910,-4042,0,0,,,
candmirror,fin_P_1300,1319,0,97072,99402,-2330,0,0,,,
candmirror,fin_P_1300,1319,1,97072,99402,-2330,0,0,,,
candmirror,fin_P_1400,1400,0,109265,108284,981,0,0,,,
candmirror,fin_P_1400,1400,1,109265,108284,981,0,0,,,
candmirror,fin_P_1400,1401,0,83308,82574,734,0,0,,,
candmirror,fin_P_1400,1401,1,83116,82652,464,0,0,,,
candmirror,fin_P_1400,1402,0,81429,81829,-400,0,0,,,
candmirror,fin_P_1400,1402,1,81429,81829,-400,0,0,,,
candmirror,fin_P_1400,1403,0,105936,103544,2392,0,0,,,
candmirror,fin_P_1400,1403,1,105936,103544,2392,0,0,,,
candmirror,fin_P_1400,1404,0,109947,108789,1158,0,0,,,
candmirror,fin_P_1400,1404,1,109955,108840,1115,0,0,,,
candmirror,fin_P_1400,1405,0,117986,115608,2378,0,0,,,
candmirror,fin_P_1400,1405,1,131705,125933,5772,0,0,,,
candmirror,fin_P_1400,1406,0,124796,118341,6455,0,0,,,
candmirror,fin_P_1400,1406,1,124796,118341,6455,0,0,,,
candmirror,fin_P_1400,1407,0,153872,151711,2161,0,0,,,
candmirror,fin_P_1400,1407,1,153872,151711,2161,0,0,,,
candmirror,fin_P_1400,1408,0,125872,127333,-1461,0,0,,,
candmirror,fin_P_1400,1408,1,125872,127333,-1461,0,0,,,
candmirror,fin_P_1400,1409,0,105144,103584,1560,0,0,,,
candmirror,fin_P_1400,1409,1,105265,103361,1904,0,0,,,
candmirror,fin_P_1400,1410,0,118828,126570,-7742,0,0,,,
candmirror,fin_P_1400,1410,1,121895,120299,1596,0,0,,,
candmirror,fin_P_1400,1411,0,93295,90627,2668,0,0,,,
candmirror,fin_P_1400,1411,1,104894,106236,-1342,0,0,,,
candmirror,fin_P_1400,1412,0,123592,120209,3383,0,0,,,
candmirror,fin_P_1400,1412,1,105500,101907,3593,0,0,,,
candmirror,fin_P_1400,1413,0,125202,125017,185,0,0,,,
candmirror,fin_P_1400,1413,1,114215,113278,937,0,0,,,
candmirror,fin_P_1400,1414,0,121073,119911,1162,0,0,,,
candmirror,fin_P_1400,1414,1,121073,119911,1162,0,0,,,
candmirror,fin_P_1400,1415,0,94242,91992,2250,0,0,,,
candmirror,fin_P_1400,1415,1,94242,91992,2250,0,0,,,
candmirror,fin_P_1400,1416,0,97427,98932,-1505,0,0,,,
candmirror,fin_P_1400,1416,1,97698,99230,-1532,0,0,,,
candmirror,fin_P_1400,1417,0,104114,101888,2226,0,0,,,
candmirror,fin_P_1400,1417,1,101551,100775,776,0,0,,,
candmirror,fin_P_1400,1418,0,96282,91621,4661,0,0,,,
candmirror,fin_P_1400,1418,1,96250,91618,4632,0,0,,,
candmirror,fin_P_1400,1419,0,110527,111159,-632,0,0,,,
candmirror,fin_P_1400,1419,1,113025,111306,1719,0,0,,,
candmirror,fin_P_1500,1500,0,118039,117091,948,0,0,,,
candmirror,fin_P_1500,1500,1,118149,117134,1015,0,0,,,
candmirror,fin_P_1500,1501,0,107268,105194,2074,0,0,,,
candmirror,fin_P_1500,1501,1,110572,109610,962,0,0,,,
candmirror,fin_P_1500,1502,0,105906,105607,299,0,0,,,
candmirror,fin_P_1500,1502,1,105906,105607,299,0,0,,,
candmirror,fin_P_1500,1503,0,116777,116191,586,0,0,,,
candmirror,fin_P_1500,1503,1,116663,116598,65,0,0,,,
candmirror,fin_P_1500,1504,0,80955,82133,-1178,0,0,,,
candmirror,fin_P_1500,1504,1,80955,82133,-1178,0,0,,,
candmirror,fin_P_1500,1505,0,86507,88094,-1587,0,0,,,
candmirror,fin_P_1500,1505,1,87981,88990,-1009,0,0,,,
candmirror,fin_P_1500,1506,0,128795,129602,-807,0,0,,,
candmirror,fin_P_1500,1506,1,128795,129602,-807,0,0,,,
candmirror,fin_P_1500,1507,0,125717,124613,1104,0,0,,,
candmirror,fin_P_1500,1507,1,123981,122001,1980,0,0,,,
candmirror,fin_P_1500,1508,0,116082,117239,-1157,0,0,,,
candmirror,fin_P_1500,1508,1,116303,117082,-779,0,0,,,
candmirror,fin_P_1500,1509,0,86392,82396,3996,0,0,,,
candmirror,fin_P_1500,1509,1,86392,82396,3996,0,0,,,
candmirror,fin_P_1500,1510,0,127529,127793,-264,0,0,,,
candmirror,fin_P_1500,1510,1,127983,127334,649,0,0,,,
candmirror,fin_P_1500,1511,0,111635,106947,4688,0,0,,,
candmirror,fin_P_1500,1511,1,111960,112656,-696,0,0,,,
candmirror,fin_P_1500,1512,0,124173,121066,3107,0,0,,,
candmirror,fin_P_1500,1512,1,123970,120688,3282,0,0,,,
candmirror,fin_P_1500,1513,0,90711,92611,-1900,0,0,,,
candmirror,fin_P_1500,1513,1,90711,92611,-1900,0,0,,,
candmirror,fin_P_1500,1514,0,120545,115737,4808,0,0,,,
candmirror,fin_P_1500,1514,1,112772,116328,-3556,0,0,,,
candmirror,fin_P_1500,1515,0,101001,102853,-1852,0,0,,,
candmirror,fin_P_1500,1515,1,101001,102853,-1852,0,0,,,
candmirror,fin_P_1500,1516,0,101261,104053,-2792,0,0,,,
candmirror,fin_P_1500,1516,1,101261,104053,-2792,0,0,,,
candmirror,fin_P_1500,1517,0,106759,106466,293,0,0,,,
candmirror,fin_P_1500,1517,1,106759,106466,293,0,0,,,
candmirror,fin_P_1500,1518,0,129869,130122,-253,0,0,,,
candmirror,fin_P_1500,1518,1,129869,130122,-253,0,0,,,
candmirror,fin_P_1500,1519,0,106032,106942,-910,0,0,,,
candmirror,fin_P_1500,1519,1,106115,106925,-810,0,0,,,
candmirror,fin_P_7000,7000,0,118720,117237,1483,0,0,,,
candmirror,fin_P_7000,7000,1,118720,117237,1483,0,0,,,
candmirror,fin_P_7000,7001,0,99552,100023,-471,0,0,,,
candmirror,fin_P_7000,7001,1,98447,99151,-704,0,0,,,
candmirror,fin_P_7000,7002,0,75723,76416,-693,0,0,,,
candmirror,fin_P_7000,7002,1,75723,76416,-693,0,0,,,
candmirror,fin_P_7000,7003,0,113547,113920,-373,0,0,,,
candmirror,fin_P_7000,7003,1,113547,113920,-373,0,0,,,
candmirror,fin_P_7000,7004,0,102791,104728,-1937,0,0,,,
candmirror,fin_P_7000,7004,1,98197,99299,-1102,0,0,,,
candmirror,fin_P_7000,7005,0,144829,144624,205,0,0,,,
candmirror,fin_P_7000,7005,1,149872,150174,-302,0,0,,,
candmirror,fin_P_7000,7006,0,113680,112679,1001,0,0,,,
candmirror,fin_P_7000,7006,1,113680,112679,1001,0,0,,,
candmirror,fin_P_7000,7007,0,158711,161805,-3094,0,0,,,
candmirror,fin_P_7000,7007,1,159916,160842,-926,0,0,,,
candmirror,fin_P_7000,7008,0,73616,82348,-8732,0,0,,,
candmirror,fin_P_7000,7008,1,73616,82348,-8732,0,0,,,
candmirror,fin_P_7000,7009,0,90839,90347,492,0,0,,,
candmirror,fin_P_7000,7009,1,90839,90347,492,0,0,,,
candmirror,fin_P_7000,7010,0,97812,98006,-194,0,0,,,
candmirror,fin_P_7000,7010,1,97812,98006,-194,0,0,,,
candmirror,fin_P_7000,7011,0,126341,126726,-385,0,0,,,
candmirror,fin_P_7000,7011,1,126341,126726,-385,0,0,,,
candmirror,fin_P_7000,7012,0,142183,140103,2080,0,0,,,
candmirror,fin_P_7000,7012,1,141079,131663,9416,0,0,,,
candmirror,fin_P_7000,7013,0,120247,120696,-449,0,0,,,
candmirror,fin_P_7000,7013,1,120247,120696,-449,0,0,,,
candmirror,fin_P_7000,7014,0,90118,90265,-147,0,0,,,
candmirror,fin_P_7000,7014,1,90118,90265,-147,0,0,,,
candmirror,fin_P_7000,7015,0,104956,107285,-2329,0,0,,,
candmirror,fin_P_7000,7015,1,115885,119270,-3385,0,0,,,
candmirror,fin_P_7000,7016,0,91786,87025,4761,0,0,,,
candmirror,fin_P_7000,7016,1,91786,87025,4761,0,0,,,
candmirror,fin_P_7000,7017,0,93510,90052,3458,0,0,,,
candmirror,fin_P_7000,7017,1,93510,90052,3458,0,0,,,
candmirror,fin_P_7000,7018,0,105213,105315,-102,0,0,,,
candmirror,fin_P_7000,7018,1,105213,105315,-102,0,0,,,
candmirror,fin_P_7000,7019,0,131927,130192,1735,0,0,,,
candmirror,fin_P_7000,7019,1,131927,130192,1735,0,0,,,
candmirror,fin_Q_1300,1300,0,92876,93476,-600,0,0,,,
candmirror,fin_Q_1300,1300,1,92876,93476,-600,0,0,,,
candmirror,fin_Q_1300,1301,0,137201,137305,-104,0,0,,,
candmirror,fin_Q_1300,1301,1,137201,137305,-104,0,0,,,
candmirror,fin_Q_1300,1302,0,78955,79154,-199,0,0,,,
candmirror,fin_Q_1300,1302,1,78955,79154,-199,0,0,,,
candmirror,fin_Q_1300,1303,0,87678,87904,-226,0,0,,,
candmirror,fin_Q_1300,1303,1,90864,92564,-1700,0,0,,,
candmirror,fin_Q_1300,1304,0,89190,88705,485,0,0,,,
candmirror,fin_Q_1300,1304,1,89190,88705,485,0,0,,,
candmirror,fin_Q_1300,1305,0,94985,95703,-718,0,0,,,
candmirror,fin_Q_1300,1305,1,87075,90671,-3596,0,0,,,
candmirror,fin_Q_1300,1306,0,87424,86313,1111,0,0,,,
candmirror,fin_Q_1300,1306,1,85458,86431,-973,0,0,,,
candmirror,fin_Q_1300,1307,0,92011,90879,1132,0,0,,,
candmirror,fin_Q_1300,1307,1,91967,91019,948,0,0,,,
candmirror,fin_Q_1300,1308,0,111504,115045,-3541,0,0,,,
candmirror,fin_Q_1300,1308,1,111504,115045,-3541,0,0,,,
candmirror,fin_Q_1300,1309,0,92435,90992,1443,0,0,,,
candmirror,fin_Q_1300,1309,1,92435,90992,1443,0,0,,,
candmirror,fin_Q_1300,1310,0,121627,123088,-1461,0,0,,,
candmirror,fin_Q_1300,1310,1,121627,123088,-1461,0,0,,,
candmirror,fin_Q_1300,1311,0,101449,100228,1221,0,0,,,
candmirror,fin_Q_1300,1311,1,104377,104857,-480,0,0,,,
candmirror,fin_Q_1300,1312,0,119643,118304,1339,0,0,,,
candmirror,fin_Q_1300,1312,1,119643,118304,1339,0,0,,,
candmirror,fin_Q_1300,1313,0,104066,101589,2477,0,0,,,
candmirror,fin_Q_1300,1313,1,100184,103476,-3292,0,0,,,
candmirror,fin_Q_1300,1314,0,101096,103044,-1948,0,0,,,
candmirror,fin_Q_1300,1314,1,111112,107631,3481,0,0,,,
candmirror,fin_Q_1300,1315,0,91212,91580,-368,0,0,,,
candmirror,fin_Q_1300,1315,1,91212,91580,-368,0,0,,,
candmirror,fin_Q_1300,1316,0,156662,154519,2143,0,0,,,
candmirror,fin_Q_1300,1316,1,157847,157321,526,0,0,,,
candmirror,fin_Q_1300,1317,0,100792,100839,-47,0,0,,,
candmirror,fin_Q_1300,1317,1,100792,100839,-47,0,0,,,
candmirror,fin_Q_1300,1318,0,133573,133874,-301,0,0,,,
candmirror,fin_Q_1300,1318,1,133573,133874,-301,0,0,,,
candmirror,fin_Q_1300,1319,0,90340,86936,3404,0,0,,,
candmirror,fin_Q_1300,1319,1,90340,86936,3404,0,0,,,
candmirror,fin_Q_1400,1400,0,106814,106536,278,0,0,,,
candmirror,fin_Q_1400,1400,1,106814,106536,278,0,0,,,
candmirror,fin_Q_1400,1401,0,97286,94689,2597,0,0,,,
candmirror,fin_Q_1400,1401,1,97296,94679,2617,0,0,,,
candmirror,fin_Q_1400,1402,0,104234,104295,-61,0,0,,,
candmirror,fin_Q_1400,1402,1,104234,104295,-61,0,0,,,
candmirror,fin_Q_1400,1403,0,100420,99918,502,0,0,,,
candmirror,fin_Q_1400,1403,1,101112,100236,876,0,0,,,
candmirror,fin_Q_1400,1404,0,109117,110282,-1165,0,0,,,
candmirror,fin_Q_1400,1404,1,109117,110282,-1165,0,0,,,
candmirror,fin_Q_1400,1405,0,98994,98371,623,0,0,,,
candmirror,fin_Q_1400,1405,1,99126,98843,283,0,0,,,
candmirror,fin_Q_1400,1406,0,93188,95759,-2571,0,0,,,
candmirror,fin_Q_1400,1406,1,93188,95759,-2571,0,0,,,
candmirror,fin_Q_1400,1407,0,138455,138326,129,0,0,,,
candmirror,fin_Q_1400,1407,1,138455,138326,129,0,0,,,
candmirror,fin_Q_1400,1408,0,127187,129587,-2400,0,0,,,
candmirror,fin_Q_1400,1408,1,127187,129587,-2400,0,0,,,
candmirror,fin_Q_1400,1409,0,113190,112165,1025,0,0,,,
candmirror,fin_Q_1400,1409,1,113378,112116,1262,0,0,,,
candmirror,fin_Q_1400,1410,0,131971,128159,3812,0,0,,,
candmirror,fin_Q_1400,1410,1,128060,127754,306,0,0,,,
candmirror,fin_Q_1400,1411,0,90508,88416,2092,0,0,,,
candmirror,fin_Q_1400,1411,1,89585,90956,-1371,0,0,,,
candmirror,fin_Q_1400,1412,0,133483,133994,-511,0,0,,,
candmirror,fin_Q_1400,1412,1,131095,131788,-693,0,0,,,
candmirror,fin_Q_1400,1413,0,115409,118784,-3375,0,0,,,
candmirror,fin_Q_1400,1413,1,117336,117371,-35,0,0,,,
candmirror,fin_Q_1400,1414,0,120858,120501,357,0,0,,,
candmirror,fin_Q_1400,1414,1,120858,120501,357,0,0,,,
candmirror,fin_Q_1400,1415,0,91175,93565,-2390,0,0,,,
candmirror,fin_Q_1400,1415,1,91175,93565,-2390,0,0,,,
candmirror,fin_Q_1400,1416,0,101036,98219,2817,0,0,,,
candmirror,fin_Q_1400,1416,1,101260,97177,4083,0,0,,,
candmirror,fin_Q_1400,1417,0,114378,115741,-1363,0,0,,,
candmirror,fin_Q_1400,1417,1,98197,97442,755,0,0,,,
candmirror,fin_Q_1400,1418,0,95592,93712,1880,0,0,,,
candmirror,fin_Q_1400,1418,1,95592,93712,1880,0,0,,,
candmirror,fin_Q_1400,1419,0,101284,98903,2381,0,0,,,
candmirror,fin_Q_1400,1419,1,103687,101386,2301,0,0,,,
candmirror,fin_R_1300,1300,0,95563,96473,-910,0,0,,,
candmirror,fin_R_1300,1300,1,95399,96431,-1032,0,0,,,
candmirror,fin_R_1300,1301,0,137189,137334,-145,0,0,,,
candmirror,fin_R_1300,1301,1,137189,137334,-145,0,0,,,
candmirror,fin_R_1300,1302,0,80808,79753,1055,0,0,,,
candmirror,fin_R_1300,1302,1,80808,79753,1055,0,0,,,
candmirror,fin_R_1300,1303,0,87177,89206,-2029,0,0,,,
candmirror,fin_R_1300,1303,1,91122,92941,-1819,0,0,,,
candmirror,fin_R_1300,1304,0,93828,91245,2583,0,0,,,
candmirror,fin_R_1300,1304,1,93828,91245,2583,0,0,,,
candmirror,fin_R_1300,1305,0,91907,92259,-352,0,0,,,
candmirror,fin_R_1300,1305,1,90127,89919,208,0,0,,,
candmirror,fin_R_1300,1306,0,97785,98406,-621,0,0,,,
candmirror,fin_R_1300,1306,1,90308,93614,-3306,0,0,,,
candmirror,fin_R_1300,1307,0,91071,92043,-972,0,0,,,
candmirror,fin_R_1300,1307,1,91071,92043,-972,0,0,,,
candmirror,fin_R_1300,1308,0,107521,107681,-160,0,0,,,
candmirror,fin_R_1300,1308,1,107521,107681,-160,0,0,,,
candmirror,fin_R_1300,1309,0,88228,84746,3482,0,0,,,
candmirror,fin_R_1300,1309,1,88228,84746,3482,0,0,,,
candmirror,fin_R_1300,1310,0,121486,123169,-1683,0,0,,,
candmirror,fin_R_1300,1310,1,121479,123180,-1701,0,0,,,
candmirror,fin_R_1300,1311,0,102417,101283,1134,0,0,,,
candmirror,fin_R_1300,1311,1,104365,104878,-513,0,0,,,
candmirror,fin_R_1300,1312,0,118216,118099,117,0,0,,,
candmirror,fin_R_1300,1312,1,118216,118099,117,0,0,,,
candmirror,fin_R_1300,1313,0,104308,102969,1339,0,0,,,
candmirror,fin_R_1300,1313,1,101438,104068,-2630,0,0,,,
candmirror,fin_R_1300,1314,0,102099,103964,-1865,0,0,,,
candmirror,fin_R_1300,1314,1,104033,101419,2614,0,0,,,
candmirror,fin_R_1300,1315,0,90207,94348,-4141,0,0,,,
candmirror,fin_R_1300,1315,1,90207,94348,-4141,0,0,,,
candmirror,fin_R_1300,1316,0,150799,147484,3315,0,0,,,
candmirror,fin_R_1300,1316,1,151271,154252,-2981,0,0,,,
candmirror,fin_R_1300,1317,0,102802,102513,289,0,0,,,
candmirror,fin_R_1300,1317,1,102802,102513,289,0,0,,,
candmirror,fin_R_1300,1318,0,133825,134875,-1050,0,0,,,
candmirror,fin_R_1300,1318,1,133825,134875,-1050,0,0,,,
candmirror,fin_R_1300,1319,0,91471,90972,499,0,0,,,
candmirror,fin_R_1300,1319,1,90590,90993,-403,0,0,,,
candmirror,fin_R_1400,1400,0,107645,106525,1120,0,0,,,
candmirror,fin_R_1400,1400,1,107645,106525,1120,0,0,,,
candmirror,fin_R_1400,1401,0,99073,97958,1115,0,0,,,
candmirror,fin_R_1400,1401,1,99065,98027,1038,0,0,,,
candmirror,fin_R_1400,1402,0,104327,104233,94,0,0,,,
candmirror,fin_R_1400,1402,1,104327,104233,94,0,0,,,
candmirror,fin_R_1400,1403,0,101729,101507,222,0,0,,,
candmirror,fin_R_1400,1403,1,101626,100896,730,0,0,,,
candmirror,fin_R_1400,1404,0,109210,106877,2333,0,0,,,
candmirror,fin_R_1400,1404,1,109210,106877,2333,0,0,,,
candmirror,fin_R_1400,1405,0,100740,99142,1598,0,0,,,
candmirror,fin_R_1400,1405,1,103068,101365,1703,0,0,,,
candmirror,fin_R_1400,1406,0,94798,94291,507,0,0,,,
candmirror,fin_R_1400,1406,1,94798,94291,507,0,0,,,
candmirror,fin_R_1400,1407,0,156861,156875,-14,0,0,,,
candmirror,fin_R_1400,1407,1,156861,156875,-14,0,0,,,
candmirror,fin_R_1400,1408,0,126912,126807,105,0,0,,,
candmirror,fin_R_1400,1408,1,126912,126807,105,0,0,,,
candmirror,fin_R_1400,1409,0,111461,113269,-1808,0,0,,,
candmirror,fin_R_1400,1409,1,111461,113269,-1808,0,0,,,
candmirror,fin_R_1400,1410,0,133899,130216,3683,0,0,,,
candmirror,fin_R_1400,1410,1,130809,131822,-1013,0,0,,,
candmirror,fin_R_1400,1411,0,105456,104566,890,0,0,,,
candmirror,fin_R_1400,1411,1,93183,94343,-1160,0,0,,,
candmirror,fin_R_1400,1412,0,133514,133910,-396,0,0,,,
candmirror,fin_R_1400,1412,1,127573,129141,-1568,0,0,,,
candmirror,fin_R_1400,1413,0,117500,120365,-2865,0,0,,,
candmirror,fin_R_1400,1413,1,120315,117242,3073,0,0,,,
candmirror,fin_R_1400,1414,0,120936,122281,-1345,0,0,,,
candmirror,fin_R_1400,1414,1,120936,122281,-1345,0,0,,,
candmirror,fin_R_1400,1415,0,91963,92425,-462,0,0,,,
candmirror,fin_R_1400,1415,1,91963,92425,-462,0,0,,,
candmirror,fin_R_1400,1416,0,95651,94736,915,0,0,,,
candmirror,fin_R_1400,1416,1,97751,95846,1905,0,0,,,
candmirror,fin_R_1400,1417,0,99839,98620,1219,0,0,,,
candmirror,fin_R_1400,1417,1,98163,99420,-1257,0,0,,,
candmirror,fin_R_1400,1418,0,95049,97326,-2277,0,0,,,
candmirror,fin_R_1400,1418,1,95049,97326,-2277,0,0,,,
candmirror,fin_R_1400,1419,0,101638,100173,1465,0,0,,,
candmirror,fin_R_1400,1419,1,102842,100672,2170,0,0,,,
candmirror,fin_S_1300,1300,0,97924,96975,949,0,0,,,
candmirror,fin_S_1300,1300,1,97924,96975,949,0,0,,,
candmirror,fin_S_1300,1301,0,115874,119118,-3244,0,0,,,
candmirror,fin_S_1300,1301,1,115874,119118,-3244,0,0,,,
candmirror,fin_S_1300,1302,0,79618,80179,-561,0,0,,,
candmirror,fin_S_1300,1302,1,79618,80179,-561,0,0,,,
candmirror,fin_S_1300,1303,0,104035,103883,152,0,0,,,
candmirror,fin_S_1300,1303,1,105716,107148,-1432,0,0,,,
candmirror,fin_S_1300,1304,0,86909,88508,-1599,0,0,,,
candmirror,fin_S_1300,1304,1,86909,88508,-1599,0,0,,,
candmirror,fin_S_1300,1305,0,94856,91896,2960,0,0,,,
candmirror,fin_S_1300,1305,1,94797,91518,3279,0,0,,,
candmirror,fin_S_1300,1306,0,88167,86257,1910,0,0,,,
candmirror,fin_S_1300,1306,1,87198,86529,669,0,0,,,
candmirror,fin_S_1300,1307,0,88304,88426,-122,0,0,,,
candmirror,fin_S_1300,1307,1,88384,88431,-47,0,0,,,
candmirror,fin_S_1300,1308,0,107337,110975,-3638,0,0,,,
candmirror,fin_S_1300,1308,1,107337,110975,-3638,0,0,,,
candmirror,fin_S_1300,1309,0,93326,94615,-1289,0,0,,,
candmirror,fin_S_1300,1309,1,93326,94615,-1289,0,0,,,
candmirror,fin_S_1300,1310,0,119621,119228,393,0,0,,,
candmirror,fin_S_1300,1310,1,119718,119103,615,0,0,,,
candmirror,fin_S_1300,1311,0,101731,102697,-966,0,0,,,
candmirror,fin_S_1300,1311,1,104359,104909,-550,0,0,,,
candmirror,fin_S_1300,1312,0,118252,117240,1012,0,0,,,
candmirror,fin_S_1300,1312,1,118898,116447,2451,0,0,,,
candmirror,fin_S_1300,1313,0,102646,101641,1005,0,0,,,
candmirror,fin_S_1300,1313,1,103846,107248,-3402,0,0,,,
candmirror,fin_S_1300,1314,0,115389,114656,733,0,0,,,
candmirror,fin_S_1300,1314,1,115963,116373,-410,0,0,,,
candmirror,fin_S_1300,1315,0,101685,102271,-586,0,0,,,
candmirror,fin_S_1300,1315,1,101685,102271,-586,0,0,,,
candmirror,fin_S_1300,1316,0,165965,160454,5511,0,0,,,
candmirror,fin_S_1300,1316,1,134466,135429,-963,0,0,,,
candmirror,fin_S_1300,1317,0,116948,119357,-2409,0,0,,,
candmirror,fin_S_1300,1317,1,116948,119357,-2409,0,0,,,
candmirror,fin_S_1300,1318,0,133614,133478,136,0,0,,,
candmirror,fin_S_1300,1318,1,133614,133478,136,0,0,,,
candmirror,fin_S_1300,1319,0,85995,82909,3086,0,0,,,
candmirror,fin_S_1300,1319,1,85995,82909,3086,0,0,,,
candmirror,fin_S_1400,1400,0,107606,109740,-2134,0,0,,,
candmirror,fin_S_1400,1400,1,107606,109740,-2134,0,0,,,
candmirror,fin_S_1400,1401,0,81466,78744,2722,0,0,,,
candmirror,fin_S_1400,1401,1,81498,78704,2794,0,0,,,
candmirror,fin_S_1400,1402,0,86266,81481,4785,0,0,,,
candmirror,fin_S_1400,1402,1,86266,81481,4785,0,0,,,
candmirror,fin_S_1400,1403,0,102785,100431,2354,0,0,,,
candmirror,fin_S_1400,1403,1,102591,101753,838,0,0,,,
candmirror,fin_S_1400,1404,0,110117,111611,-1494,0,0,,,
candmirror,fin_S_1400,1404,1,110117,111611,-1494,0,0,,,
candmirror,fin_S_1400,1405,0,127964,135226,-7262,0,0,,,
candmirror,fin_S_1400,1405,1,118429,121940,-3511,0,0,,,
candmirror,fin_S_1400,1406,0,118487,115361,3126,0,0,,,
candmirror,fin_S_1400,1406,1,118487,115361,3126,0,0,,,
candmirror,fin_S_1400,1407,0,128162,128599,-437,0,0,,,
candmirror,fin_S_1400,1407,1,128162,128599,-437,0,0,,,
candmirror,fin_S_1400,1408,0,124924,126001,-1077,0,0,,,
candmirror,fin_S_1400,1408,1,124924,126001,-1077,0,0,,,
candmirror,fin_S_1400,1409,0,113887,116770,-2883,0,0,,,
candmirror,fin_S_1400,1409,1,114002,117023,-3021,0,0,,,
candmirror,fin_S_1400,1410,0,134372,127997,6375,0,0,,,
candmirror,fin_S_1400,1410,1,131452,130186,1266,0,0,,,
candmirror,fin_S_1400,1411,0,92415,91633,782,0,0,,,
candmirror,fin_S_1400,1411,1,96247,98403,-2156,0,0,,,
candmirror,fin_S_1400,1412,0,127401,127389,12,0,0,,,
candmirror,fin_S_1400,1412,1,126421,129872,-3451,0,0,,,
candmirror,fin_S_1400,1413,0,122019,123240,-1221,0,0,,,
candmirror,fin_S_1400,1413,1,106933,107475,-542,0,0,,,
candmirror,fin_S_1400,1414,0,130247,136150,-5903,0,0,,,
candmirror,fin_S_1400,1414,1,130247,136150,-5903,0,0,,,
candmirror,fin_S_1400,1415,0,102298,100946,1352,0,0,,,
candmirror,fin_S_1400,1415,1,102298,100946,1352,0,0,,,
candmirror,fin_S_1400,1416,0,96697,97583,-886,0,0,,,
candmirror,fin_S_1400,1416,1,97080,98249,-1169,0,0,,,
candmirror,fin_S_1400,1417,0,105401,104162,1239,0,0,,,
candmirror,fin_S_1400,1417,1,105401,104162,1239,0,0,,,
candmirror,fin_S_1400,1418,0,92567,92527,40,0,0,,,
candmirror,fin_S_1400,1418,1,92567,92527,40,0,0,,,
candmirror,fin_S_1400,1419,0,101899,100018,1881,0,0,,,
candmirror,fin_S_1400,1419,1,101819,100506,1313,0,0,,,
candmirror,fin_S_1500,1500,0,106622,106446,176,0,0,,,
candmirror,fin_S_1500,1500,1,107835,107629,206,0,0,,,
candmirror,fin_S_1500,1501,0,110251,113875,-3624,0,0,,,
candmirror,fin_S_1500,1501,1,97121,98884,-1763,0,0,,,
candmirror,fin_S_1500,1502,0,109579,105487,4092,0,0,,,
candmirror,fin_S_1500,1502,1,109579,105487,4092,0,0,,,
candmirror,fin_S_1500,1503,0,124975,124208,767,0,0,,,
candmirror,fin_S_1500,1503,1,124496,123547,949,0,0,,,
candmirror,fin_S_1500,1504,0,90291,92223,-1932,0,0,,,
candmirror,fin_S_1500,1504,1,90291,92223,-1932,0,0,,,
candmirror,fin_S_1500,1505,0,99797,104153,-4356,0,0,,,
candmirror,fin_S_1500,1505,1,118036,111547,6489,0,0,,,
candmirror,fin_S_1500,1506,0,109884,108378,1506,0,0,,,
candmirror,fin_S_1500,1506,1,109884,108378,1506,0,0,,,
candmirror,fin_S_1500,1507,0,119737,119089,648,0,0,,,
candmirror,fin_S_1500,1507,1,122767,122254,513,0,0,,,
candmirror,fin_S_1500,1508,0,106716,108051,-1335,0,0,,,
candmirror,fin_S_1500,1508,1,106713,107834,-1121,0,0,,,
candmirror,fin_S_1500,1509,0,104729,103139,1590,0,0,,,
candmirror,fin_S_1500,1509,1,104710,103133,1577,0,0,,,
candmirror,fin_S_1500,1510,0,135507,135469,38,0,0,,,
candmirror,fin_S_1500,1510,1,135119,135895,-776,0,0,,,
candmirror,fin_S_1500,1511,0,110585,109678,907,0,0,,,
candmirror,fin_S_1500,1511,1,101400,103649,-2249,0,0,,,
candmirror,fin_S_1500,1512,0,118497,117879,618,0,0,,,
candmirror,fin_S_1500,1512,1,118497,117879,618,0,0,,,
candmirror,fin_S_1500,1513,0,90437,93718,-3281,0,0,,,
candmirror,fin_S_1500,1513,1,90437,93718,-3281,0,0,,,
candmirror,fin_S_1500,1514,0,111403,112137,-734,0,0,,,
candmirror,fin_S_1500,1514,1,111862,115999,-4137,0,0,,,
candmirror,fin_S_1500,1515,0,103848,104054,-206,0,0,,,
candmirror,fin_S_1500,1515,1,103848,104054,-206,0,0,,,
candmirror,fin_S_1500,1516,0,110473,111339,-866,0,0,,,
candmirror,fin_S_1500,1516,1,110473,111339,-866,0,0,,,
candmirror,fin_S_1500,1517,0,88861,90233,-1372,0,0,,,
candmirror,fin_S_1500,1517,1,88861,90233,-1372,0,0,,,
candmirror,fin_S_1500,1518,0,124513,126519,-2006,0,0,,,
candmirror,fin_S_1500,1518,1,124513,126519,-2006,0,0,,,
candmirror,fin_S_1500,1519,0,103785,108741,-4956,0,0,,,
candmirror,fin_S_1500,1519,1,103785,108741,-4956,0,0,,,
candmirror,fin_T_1300,1300,0,93166,93132,34,0,0,,,
candmirror,fin_T_1300,1300,1,93166,93132,34,0,0,,,
candmirror,fin_T_1300,1301,0,137262,137294,-32,0,0,,,
candmirror,fin_T_1300,1301,1,137262,137294,-32,0,0,,,
candmirror,fin_T_1300,1302,0,80795,79820,975,0,0,,,
candmirror,fin_T_1300,1302,1,80795,79820,975,0,0,,,
candmirror,fin_T_1300,1303,0,88563,87890,673,0,0,,,
candmirror,fin_T_1300,1303,1,89825,88792,1033,0,0,,,
candmirror,fin_T_1300,1304,0,94204,96004,-1800,0,0,,,
candmirror,fin_T_1300,1304,1,94204,96004,-1800,0,0,,,
candmirror,fin_T_1300,1305,0,104200,101540,2660,0,0,,,
candmirror,fin_T_1300,1305,1,103158,100342,2816,0,0,,,
candmirror,fin_T_1300,1306,0,87590,85715,1875,0,0,,,
candmirror,fin_T_1300,1306,1,85958,85519,439,0,0,,,
candmirror,fin_T_1300,1307,0,90383,91646,-1263,0,0,,,
candmirror,fin_T_1300,1307,1,90383,91646,-1263,0,0,,,
candmirror,fin_T_1300,1308,0,111748,108825,2923,0,0,,,
candmirror,fin_T_1300,1308,1,111748,108825,2923,0,0,,,
candmirror,fin_T_1300,1309,0,93503,94606,-1103,0,0,,,
candmirror,fin_T_1300,1309,1,93503,94606,-1103,0,0,,,
candmirror,fin_T_1300,1310,0,121627,123088,-1461,0,0,,,
candmirror,fin_T_1300,1310,1,121627,123088,-1461,0,0,,,
candmirror,fin_T_1300,1311,0,101774,102642,-868,0,0,,,
candmirror,fin_T_1300,1311,1,104377,104857,-480,0,0,,,
candmirror,fin_T_1300,1312,0,117935,118346,-411,0,0,,,
candmirror,fin_T_1300,1312,1,117935,118346,-411,0,0,,,
candmirror,fin_T_1300,1313,0,104250,102226,2024,0,0,,,
candmirror,fin_T_1300,1313,1,100283,102436,-2153,0,0,,,
candmirror,fin_T_1300,1314,0,102362,103801,-1439,0,0,,,
candmirror,fin_T_1300,1314,1,103190,100432,2758,0,0,,,
candmirror,fin_T_1300,1315,0,90779,93802,-3023,0,0,,,
candmirror,fin_T_1300,1315,1,90779,93802,-3023,0,0,,,
candmirror,fin_T_1300,1316,0,168593,166418,2175,0,0,,,
candmirror,fin_T_1300,1316,1,159584,161011,-1427,0,0,,,
candmirror,fin_T_1300,1317,0,95837,101010,-5173,0,0,,,
candmirror,fin_T_1300,1317,1,95837,101010,-5173,0,0,,,
candmirror,fin_T_1300,1318,0,133568,133878,-310,0,0,,,
candmirror,fin_T_1300,1318,1,133568,133878,-310,0,0,,,
candmirror,fin_T_1300,1319,0,90644,88655,1989,0,0,,,
candmirror,fin_T_1300,1319,1,90644,88655,1989,0,0,,,
candmirror,fin_T_1400,1400,0,107907,107772,135,0,0,,,
candmirror,fin_T_1400,1400,1,107907,107772,135,0,0,,,
candmirror,fin_T_1400,1401,0,99239,98319,920,0,0,,,
candmirror,fin_T_1400,1401,1,99249,98309,940,0,0,,,
candmirror,fin_T_1400,1402,0,104212,104297,-85,0,0,,,
candmirror,fin_T_1400,1402,1,104212,104297,-85,0,0,,,
candmirror,fin_T_1400,1403,0,101596,101588,8,0,0,,,
candmirror,fin_T_1400,1403,1,101590,101594,-4,0,0,,,
candmirror,fin_T_1400,1404,0,114488,109845,4643,0,0,,,
candmirror,fin_T_1400,1404,1,114488,109845,4643,0,0,,,
candmirror,fin_T_1400,1405,0,99654,98074,1580,0,0,,,
candmirror,fin_T_1400,1405,1,110617,113756,-3139,0,0,,,
candmirror,fin_T_1400,1406,0,111981,110190,1791,0,0,,,
candmirror,fin_T_1400,1406,1,111981,110190,1791,0,0,,,
candmirror,fin_T_1400,1407,0,135654,132360,3294,0,0,,,
candmirror,fin_T_1400,1407,1,135654,132360,3294,0,0,,,
candmirror,fin_T_1400,1408,0,127668,130247,-2579,0,0,,,
candmirror,fin_T_1400,1408,1,127668,130247,-2579,0,0,,,
candmirror,fin_T_1400,1409,0,113224,112169,1055,0,0,,,
candmirror,fin_T_1400,1409,1,113734,112574,1160,0,0,,,
candmirror,fin_T_1400,1410,0,123382,119946,3436,0,0,,,
candmirror,fin_T_1400,1410,1,131210,129593,1617,0,0,,,
candmirror,fin_T_1400,1411,0,97641,97546,95,0,0,,,
candmirror,fin_T_1400,1411,1,93848,93306,542,0,0,,,
candmirror,fin_T_1400,1412,0,133476,134002,-526,0,0,,,
candmirror,fin_T_1400,1412,1,127569,129169,-1600,0,0,,,
candmirror,fin_T_1400,1413,0,117908,119906,-1998,0,0,,,
candmirror,fin_T_1400,1413,1,120282,117175,3107,0,0,,,
candmirror,fin_T_1400,1414,0,120180,120007,173,0,0,,,
candmirror,fin_T_1400,1414,1,120180,120007,173,0,0,,,
candmirror,fin_T_1400,1415,0,91169,93252,-2083,0,0,,,
candmirror,fin_T_1400,1415,1,91169,93252,-2083,0,0,,,
candmirror,fin_T_1400,1416,0,100545,97035,3510,0,0,,,
candmirror,fin_T_1400,1416,1,100050,97790,2260,0,0,,,
candmirror,fin_T_1400,1417,0,117117,115284,1833,0,0,,,
candmirror,fin_T_1400,1417,1,97946,99327,-1381,0,0,,,
candmirror,fin_T_1400,1418,0,95691,95236,455,0,0,,,
candmirror,fin_T_1400,1418,1,95691,95236,455,0,0,,,
candmirror,fin_T_1400,1419,0,101923,99928,1995,0,0,,,
candmirror,fin_T_1400,1419,1,104056,101554,2502,0,0,,,
candmirror,fin_U_1300,1300,0,99068,97726,1342,0,0,,,
candmirror,fin_U_1300,1300,1,99067,97791,1276,0,0,,,
candmirror,fin_U_1300,1301,0,117617,116559,1058,0,0,,,
candmirror,fin_U_1300,1301,1,117617,116559,1058,0,0,,,
candmirror,fin_U_1300,1302,0,79744,79503,241,0,0,,,
candmirror,fin_U_1300,1302,1,79744,79503,241,0,0,,,
candmirror,fin_U_1300,1303,0,136420,134610,1810,0,0,,,
candmirror,fin_U_1300,1303,1,140484,138041,2443,0,0,,,
candmirror,fin_U_1300,1304,0,88252,88071,181,0,0,,,
candmirror,fin_U_1300,1304,1,88252,88071,181,0,0,,,
candmirror,fin_U_1300,1305,0,100505,102269,-1764,0,0,,,
candmirror,fin_U_1300,1305,1,94750,96795,-2045,0,0,,,
candmirror,fin_U_1300,1306,0,86103,86095,8,0,0,,,
candmirror,fin_U_1300,1306,1,84184,84236,-52,0,0,,,
candmirror,fin_U_1300,1307,0,88572,88234,338,0,0,,,
candmirror,fin_U_1300,1307,1,88578,88300,278,0,0,,,
candmirror,fin_U_1300,1308,0,112379,112618,-239,0,0,,,
candmirror,fin_U_1300,1308,1,112379,112618,-239,0,0,,,
candmirror,fin_U_1300,1309,0,92138,93752,-1614,0,0,,,
candmirror,fin_U_1300,1309,1,92138,93752,-1614,0,0,,,
candmirror,fin_U_1300,1310,0,126058,126058,0,0,0,,,
candmirror,fin_U_1300,1310,1,126058,126058,0,0,0,,,
candmirror,fin_U_1300,1311,0,103704,101455,2249,0,0,,,
candmirror,fin_U_1300,1311,1,101446,103714,-2268,0,0,,,
candmirror,fin_U_1300,1312,0,118604,118172,432,0,0,,,
candmirror,fin_U_1300,1312,1,118604,118172,432,0,0,,,
candmirror,fin_U_1300,1313,0,104333,102900,1433,0,0,,,
candmirror,fin_U_1300,1313,1,99813,100170,-357,0,0,,,
candmirror,fin_U_1300,1314,0,101685,103383,-1698,0,0,,,
candmirror,fin_U_1300,1314,1,103667,102217,1450,0,0,,,
candmirror,fin_U_1300,1315,0,91197,88343,2854,0,0,,,
candmirror,fin_U_1300,1315,1,91197,88343,2854,0,0,,,
candmirror,fin_U_1300,1316,0,170245,168594,1651,0,0,,,
candmirror,fin_U_1300,1316,1,166862,169173,-2311,0,0,,,
candmirror,fin_U_1300,1317,0,110787,116063,-5276,0,0,,,
candmirror,fin_U_1300,1317,1,111002,115326,-4324,0,0,,,
candmirror,fin_U_1300,1318,0,132613,131310,1303,0,0,,,
candmirror,fin_U_1300,1318,1,132613,131310,1303,0,0,,,
candmirror,fin_U_1300,1319,0,91838,92223,-385,0,0,,,
candmirror,fin_U_1300,1319,1,91838,92223,-385,0,0,,,
candmirror,fin_U_1400,1400,0,105133,104953,180,0,0,,,
candmirror,fin_U_1400,1400,1,105133,104953,180,0,0,,,
candmirror,fin_U_1400,1401,0,98542,97501,1041,0,0,,,
candmirror,fin_U_1400,1401,1,97992,98055,-63,0,0,,,
candmirror,fin_U_1400,1402,0,103976,103976,0,0,0,,,
candmirror,fin_U_1400,1402,1,103976,103976,0,0,0,,,
candmirror,fin_U_1400,1403,0,102482,100602,1880,0,0,,,
candmirror,fin_U_1400,1403,1,101184,99433,1751,0,0,,,
candmirror,fin_U_1400,1404,0,115342,113244,2098,0,0,,,
candmirror,fin_U_1400,1404,1,115342,113244,2098,0,0,,,
candmirror,fin_U_1400,1405,0,128088,127705,383,0,0,,,
candmirror,fin_U_1400,1405,1,122928,121557,1371,0,0,,,
candmirror,fin_U_1400,1406,0,98268,96934,1334,0,0,,,
candmirror,fin_U_1400,1406,1,98236,96962,1274,0,0,,,
candmirror,fin_U_1400,1407,0,153374,153016,358,0,0,,,
candmirror,fin_U_1400,1407,1,153374,153016,358,0,0,,,
candmirror,fin_U_1400,1408,0,115418,114104,1314,0,0,,,
candmirror,fin_U_1400,1408,1,115418,114104,1314,0,0,,,
candmirror,fin_U_1400,1409,0,108185,106885,1300,0,0,,,
candmirror,fin_U_1400,1409,1,108270,104643,3627,0,0,,,
candmirror,fin_U_1400,1410,0,134042,135151,-1109,0,0,,,
candmirror,fin_U_1400,1410,1,129585,134656,-5071,0,0,,,
candmirror,fin_U_1400,1411,0,95275,94837,438,0,0,,,
candmirror,fin_U_1400,1411,1,109672,110558,-886,0,0,,,
candmirror,fin_U_1400,1412,0,136351,134963,1388,0,0,,,
candmirror,fin_U_1400,1412,1,110887,106897,3990,0,0,,,
candmirror,fin_U_1400,1413,0,125224,126612,-1388,0,0,,,
candmirror,fin_U_1400,1413,1,108230,106145,2085,0,0,,,
candmirror,fin_U_1400,1414,0,120618,120658,-40,0,0,,,
candmirror,fin_U_1400,1414,1,120618,120658,-40,0,0,,,
candmirror,fin_U_1400,1415,0,99528,100389,-861,0,0,,,
candmirror,fin_U_1400,1415,1,99528,100389,-861,0,0,,,
candmirror,fin_U_1400,1416,0,94893,94817,76,0,0,,,
candmirror,fin_U_1400,1416,1,94907,94803,104,0,0,,,
candmirror,fin_U_1400,1417,0,115883,114736,1147,0,0,,,
candmirror,fin_U_1400,1417,1,114242,113730,512,0,0,,,
candmirror,fin_U_1400,1418,0,96235,96325,-90,0,0,,,
candmirror,fin_U_1400,1418,1,96235,96325,-90,0,0,,,
candmirror,fin_U_1400,1419,0,102591,100967,1624,0,0,,,
candmirror,fin_U_1400,1419,1,100954,102622,-1668,0,0,,,
candmirror,fin_V_1300,1300,0,93166,93131,35,0,0,,,
candmirror,fin_V_1300,1300,1,93166,93131,35,0,0,,,
candmirror,fin_V_1300,1301,0,123821,123188,633,0,0,,,
candmirror,fin_V_1300,1301,1,123821,123188,633,0,0,,,
candmirror,fin_V_1300,1302,0,79766,78899,867,0,0,,,
candmirror,fin_V_1300,1302,1,79766,78899,867,0,0,,,
candmirror,fin_V_1300,1303,0,129270,130074,-804,0,0,,,
candmirror,fin_V_1300,1303,1,131481,132584,-1103,0,0,,,
candmirror,fin_V_1300,1304,0,96344,94899,1445,0,0,,,
candmirror,fin_V_1300,1304,1,96344,94899,1445,0,0,,,
candmirror,fin_V_1300,1305,0,96062,93984,2078,0,0,,,
candmirror,fin_V_1300,1305,1,96070,93574,2496,0,0,,,
candmirror,fin_V_1300,1306,0,86994,86890,104,0,0,,,
candmirror,fin_V_1300,1306,1,83338,84342,-1004,0,0,,,
candmirror,fin_V_1300,1307,0,88266,88468,-202,0,0,,,
candmirror,fin_V_1300,1307,1,88350,88469,-119,0,0,,,
candmirror,fin_V_1300,1308,0,112047,111019,1028,0,0,,,
candmirror,fin_V_1300,1308,1,112047,111019,1028,0,0,,,
candmirror,fin_V_1300,1309,0,86110,85936,174,0,0,,,
candmirror,fin_V_1300,1309,1,86110,85936,174,0,0,,,
candmirror,fin_V_1300,1310,0,121594,123081,-1487,0,0,,,
candmirror,fin_V_1300,1310,1,121594,123081,-1487,0,0,,,
candmirror,fin_V_1300,1311,0,101689,101078,611,0,0,,,
candmirror,fin_V_1300,1311,1,104375,104864,-489,0,0,,,
candmirror,fin_V_1300,1312,0,118037,118058,-21,0,0,,,
candmirror,fin_V_1300,1312,1,118037,118058,-21,0,0,,,
candmirror,fin_V_1300,1313,0,104250,102226,2024,0,0,,,
candmirror,fin_V_1300,1313,1,98589,101172,-2583,0,0,,,
candmirror,fin_V_1300,1314,0,101833,103672,-1839,0,0,,,
candmirror,fin_V_1300,1314,1,103139,100432,2707,0,0,,,
candmirror,fin_V_1300,1315,0,90816,91268,-452,0,0,,,
candmirror,fin_V_1300,1315,1,90816,91268,-452,0,0,,,
candmirror,fin_V_1300,1316,0,168600,166428,2172,0,0,,,
candmirror,fin_V_1300,1316,1,160853,162581,-1728,0,0,,,
candmirror,fin_V_1300,1317,0,99482,102318,-2836,0,0,,,
candmirror,fin_V_1300,1317,1,99482,102318,-2836,0,0,,,
candmirror,fin_V_1300,1318,0,133453,133930,-477,0,0,,,
candmirror,fin_V_1300,1318,1,133453,133930,-477,0,0,,,
candmirror,fin_V_1300,1319,0,91641,92682,-1041,0,0,,,
candmirror,fin_V_1300,1319,1,91641,92682,-1041,0,0,,,
candmirror,fin_V_1400,1400,0,106861,108424,-1563,0,0,,,
candmirror,fin_V_1400,1400,1,106861,108424,-1563,0,0,,,
candmirror,fin_V_1400,1401,0,99074,98248,826,0,0,,,
candmirror,fin_V_1400,1401,1,98704,98095,609,0,0,,,
candmirror,fin_V_1400,1402,0,104212,104297,-85,0,0,,,
candmirror,fin_V_1400,1402,1,104212,104297,-85,0,0,,,
candmirror,fin_V_1400,1403,0,102176,99837,2339,0,0,,,
candmirror,fin_V_1400,1403,1,100035,98439,1596,0,0,,,
candmirror,fin_V_1400,1404,0,114812,110934,3878,0,0,,,
candmirror,fin_V_1400,1404,1,114812,110934,3878,0,0,,,
candmirror,fin_V_1400,1405,0,130428,129499,929,0,0,,,
candmirror,fin_V_1400,1405,1,123213,121774,1439,0,0,,,
candmirror,fin_V_1400,1406,0,98277,94656,3621,0,0,,,
candmirror,fin_V_1400,1406,1,98277,94656,3621,0,0,,,
candmirror,fin_V_1400,1407,0,135596,132347,3249,0,0,,,
candmirror,fin_V_1400,1407,1,135596,132347,3249,0,0,,,
candmirror,fin_V_1400,1408,0,111138,111738,-600,0,0,,,
candmirror,fin_V_1400,1408,1,111138,111738,-600,0,0,,,
candmirror,fin_V_1400,1409,0,110720,109229,1491,0,0,,,
candmirror,fin_V_1400,1409,1,110720,109229,1491,0,0,,,
candmirror,fin_V_1400,1410,0,123335,119882,3453,0,0,,,
candmirror,fin_V_1400,1410,1,124468,125727,-1259,0,0,,,
candmirror,fin_V_1400,1411,0,96315,95803,512,0,0,,,
candmirror,fin_V_1400,1411,1,93819,93284,535,0,0,,,
candmirror,fin_V_1400,1412,0,134736,134998,-262,0,0,,,
candmirror,fin_V_1400,1412,1,127598,128766,-1168,0,0,,,
candmirror,fin_V_1400,1413,0,97159,97180,-21,0,0,,,
candmirror,fin_V_1400,1413,1,101919,100110,1809,0,0,,,
candmirror,fin_V_1400,1414,0,120224,119979,245,0,0,,,
candmirror,fin_V_1400,1414,1,120224,119979,245,0,0,,,
candmirror,fin_V_1400,1415,0,102810,101608,1202,0,0,,,
candmirror,fin_V_1400,1415,1,102810,101608,1202,0,0,,,
candmirror,fin_V_1400,1416,0,99811,100057,-246,0,0,,,
candmirror,fin_V_1400,1416,1,103524,100872,2652,0,0,,,
candmirror,fin_V_1400,1417,0,114705,113304,1401,0,0,,,
candmirror,fin_V_1400,1417,1,117405,116688,717,0,0,,,
candmirror,fin_V_1400,1418,0,94332,95401,-1069,0,0,,,
candmirror,fin_V_1400,1418,1,94332,95401,-1069,0,0,,,
candmirror,fin_V_1400,1419,0,101906,99930,1976,0,0,,,
candmirror,fin_V_1400,1419,1,104025,101568,2457,0,0,,,
candmirror,fin_W_1300,1300,0,84156,82167,1989,0,0,,,
candmirror,fin_W_1300,1300,1,84156,82167,1989,0,0,,,
candmirror,fin_W_1300,1301,0,122052,120197,1855,0,0,,,
candmirror,fin_W_1300,1301,1,122052,120197,1855,0,0,,,
candmirror,fin_W_1300,1302,0,77581,101804,-24223,0,0,,,
candmirror,fin_W_1300,1302,1,77581,101804,-24223,0,0,,,
candmirror,fin_W_1300,1303,0,128914,125323,3591,0,0,,,
candmirror,fin_W_1300,1303,1,117292,114053,3239,0,0,,,
candmirror,fin_W_1300,1304,0,106809,110849,-4040,0,0,,,
candmirror,fin_W_1300,1304,1,106809,110849,-4040,0,0,,,
candmirror,fin_W_1300,1305,0,101308,101068,240,0,0,,,
candmirror,fin_W_1300,1305,1,102789,103250,-461,0,0,,,
candmirror,fin_W_1300,1306,0,111146,105888,5258,0,0,,,
candmirror,fin_W_1300,1306,1,111521,106825,4696,0,0,,,
candmirror,fin_W_1300,1307,0,105201,102257,2944,0,0,,,
candmirror,fin_W_1300,1307,1,105432,102264,3168,0,0,,,
candmirror,fin_W_1300,1308,0,95770,90219,5551,0,0,,,
candmirror,fin_W_1300,1308,1,95770,90219,5551,0,0,,,
candmirror,fin_W_1300,1309,0,87600,86179,1421,0,0,,,
candmirror,fin_W_1300,1309,1,87600,86179,1421,0,0,,,
candmirror,fin_W_1300,1310,0,124400,119468,4932,0,0,,,
candmirror,fin_W_1300,1310,1,124398,119493,4905,0,0,,,
candmirror,fin_W_1300,1311,0,86134,81771,4363,0,0,,,
candmirror,fin_W_1300,1311,1,86134,81771,4363,0,0,,,
candmirror,fin_W_1300,1312,0,120283,116354,3929,0,0,,,
candmirror,fin_W_1300,1312,1,120294,116347,3947,0,0,,,
candmirror,fin_W_1300,1313,0,102136,101081,1055,0,0,,,
candmirror,fin_W_1300,1313,1,120763,112848,7915,0,0,,,
candmirror,fin_W_1300,1314,0,92718,91345,1373,0,0,,,
candmirror,fin_W_1300,1314,1,90476,86866,3610,0,0,,,
candmirror,fin_W_1300,1315,0,90615,93269,-2654,0,0,,,
candmirror,fin_W_1300,1315,1,90615,93269,-2654,0,0,,,
candmirror,fin_W_1300,1316,0,114568,116100,-1532,0,0,,,
candmirror,fin_W_1300,1316,1,143697,143482,215,0,0,,,
candmirror,fin_W_1300,1317,0,126544,122556,3988,0,0,,,
candmirror,fin_W_1300,1317,1,126544,122556,3988,0,0,,,
candmirror,fin_W_1300,1318,0,160753,153547,7206,0,0,,,
candmirror,fin_W_1300,1318,1,160753,153547,7206,0,0,,,
candmirror,fin_W_1300,1319,0,100836,98499,2337,0,0,,,
candmirror,fin_W_1300,1319,1,100836,98499,2337,0,0,,,
candmirror,fin_W_1400,1400,0,91230,86050,5180,0,0,,,
candmirror,fin_W_1400,1400,1,101439,96964,4475,0,0,,,
candmirror,fin_W_1400,1401,0,82812,79580,3232,0,0,,,
candmirror,fin_W_1400,1401,1,81115,81125,-10,0,0,,,
candmirror,fin_W_1400,1402,0,109194,107019,2175,0,0,,,
candmirror,fin_W_1400,1402,1,109194,107019,2175,0,0,,,
candmirror,fin_W_1400,1403,0,106093,103241,2852,0,0,,,
candmirror,fin_W_1400,1403,1,106093,103241,2852,0,0,,,
candmirror,fin_W_1400,1404,0,89497,120886,-31389,0,0,,,
candmirror,fin_W_1400,1404,1,89497,120886,-31389,0,0,,,
candmirror,fin_W_1400,1405,0,124631,120015,4616,0,0,,,
candmirror,fin_W_1400,1405,1,124854,122480,2374,0,0,,,
candmirror,fin_W_1400,1406,0,117142,121534,-4392,0,0,,,
candmirror,fin_W_1400,1406,1,117142,121534,-4392,0,0,,,
candmirror,fin_W_1400,1407,0,132370,129734,2636,0,0,,,
candmirror,fin_W_1400,1407,1,132370,129734,2636,0,0,,,
candmirror,fin_W_1400,1408,0,133413,118166,15247,0,0,,,
candmirror,fin_W_1400,1408,1,133413,118166,15247,0,0,,,
candmirror,fin_W_1400,1409,0,102931,113698,-10767,0,0,,,
candmirror,fin_W_1400,1409,1,102931,113698,-10767,0,0,,,
candmirror,fin_W_1400,1410,0,119780,117512,2268,0,0,,,
candmirror,fin_W_1400,1410,1,124303,109479,14824,0,0,,,
candmirror,fin_W_1400,1411,0,100730,96190,4540,0,0,,,
candmirror,fin_W_1400,1411,1,115363,111868,3495,0,0,,,
candmirror,fin_W_1400,1412,0,131948,129191,2757,0,0,,,
candmirror,fin_W_1400,1412,1,137098,132328,4770,0,0,,,
candmirror,fin_W_1400,1413,0,128771,131466,-2695,0,0,,,
candmirror,fin_W_1400,1413,1,126324,128567,-2243,0,0,,,
candmirror,fin_W_1400,1414,0,122879,121050,1829,0,0,,,
candmirror,fin_W_1400,1414,1,122879,121050,1829,0,0,,,
candmirror,fin_W_1400,1415,0,106182,103022,3160,0,0,,,
candmirror,fin_W_1400,1415,1,106182,103022,3160,0,0,,,
candmirror,fin_W_1400,1416,0,99389,98950,439,0,0,,,
candmirror,fin_W_1400,1416,1,100012,100831,-819,0,0,,,
candmirror,fin_W_1400,1417,0,71502,95899,-24397,0,0,,,
candmirror,fin_W_1400,1417,1,71502,95899,-24397,0,0,,,
candmirror,fin_W_1400,1418,0,89266,86170,3096,0,0,,,
candmirror,fin_W_1400,1418,1,89266,86170,3096,0,0,,,
candmirror,fin_W_1400,1419,0,119191,116585,2606,0,0,,,
candmirror,fin_W_1400,1419,1,108983,111357,-2374,0,0,,,
candmirror,fin_Y_1300,1300,0,87983,84303,3680,0,0,,,
candmirror,fin_Y_1300,1300,1,87983,84303,3680,0,0,,,
candmirror,fin_Y_1300,1301,0,120909,114309,6600,0,0,,,
candmirror,fin_Y_1300,1301,1,120909,114309,6600,0,0,,,
candmirror,fin_Y_1300,1302,0,76351,101328,-24977,0,0,,,
candmirror,fin_Y_1300,1302,1,76351,101328,-24977,0,0,,,
candmirror,fin_Y_1300,1303,0,129793,126296,3497,0,0,,,
candmirror,fin_Y_1300,1303,1,117216,114118,3098,0,0,,,
candmirror,fin_Y_1300,1304,0,91725,85662,6063,0,0,,,
candmirror,fin_Y_1300,1304,1,91725,85662,6063,0,0,,,
candmirror,fin_Y_1300,1305,0,97685,96701,984,0,0,,,
candmirror,fin_Y_1300,1305,1,103925,105877,-1952,0,0,,,
candmirror,fin_Y_1300,1306,0,120139,115568,4571,0,0,,,
candmirror,fin_Y_1300,1306,1,110675,106448,4227,0,0,,,
candmirror,fin_Y_1300,1307,0,105201,102257,2944,0,0,,,
candmirror,fin_Y_1300,1307,1,105432,102264,3168,0,0,,,
candmirror,fin_Y_1300,1308,0,101078,93618,7460,0,0,,,
candmirror,fin_Y_1300,1308,1,101078,93618,7460,0,0,,,
candmirror,fin_Y_1300,1309,0,89964,86500,3464,0,0,,,
candmirror,fin_Y_1300,1309,1,89964,86500,3464,0,0,,,
candmirror,fin_Y_1300,1310,0,123144,122279,865,0,0,,,
candmirror,fin_Y_1300,1310,1,123144,122279,865,0,0,,,
candmirror,fin_Y_1300,1311,0,82376,79414,2962,0,0,,,
candmirror,fin_Y_1300,1311,1,82376,79414,2962,0,0,,,
candmirror,fin_Y_1300,1312,0,125750,123475,2275,0,0,,,
candmirror,fin_Y_1300,1312,1,125741,123496,2245,0,0,,,
candmirror,fin_Y_1300,1313,0,105083,102002,3081,0,0,,,
candmirror,fin_Y_1300,1313,1,120866,111668,9198,0,0,,,
candmirror,fin_Y_1300,1314,0,93616,91981,1635,0,0,,,
candmirror,fin_Y_1300,1314,1,93809,91147,2662,0,0,,,
candmirror,fin_Y_1300,1315,0,95493,90571,4922,0,0,,,
candmirror,fin_Y_1300,1315,1,95493,90571,4922,0,0,,,
candmirror,fin_Y_1300,1316,0,116768,117871,-1103,0,0,,,
candmirror,fin_Y_1300,1316,1,142557,139249,3308,0,0,,,
candmirror,fin_Y_1300,1317,0,126548,122020,4528,0,0,,,
candmirror,fin_Y_1300,1317,1,126548,122020,4528,0,0,,,
candmirror,fin_Y_1300,1318,0,159035,155022,4013,0,0,,,
candmirror,fin_Y_1300,1318,1,159035,155022,4013,0,0,,,
candmirror,fin_Y_1300,1319,0,87610,83411,4199,0,0,,,
candmirror,fin_Y_1300,1319,1,87610,83411,4199,0,0,,,
candmirror,fin_Y_1400,1400,0,92044,87480,4564,0,0,,,
candmirror,fin_Y_1400,1400,1,104606,103160,1446,0,0,,,
candmirror,fin_Y_1400,1401,0,82875,78874,4001,0,0,,,
candmirror,fin_Y_1400,1401,1,81444,82053,-609,0,0,,,
candmirror,fin_Y_1400,1402,0,106103,104778,1325,0,0,,,
candmirror,fin_Y_1400,1402,1,106103,104778,1325,0,0,,,
candmirror,fin_Y_1400,1403,0,105704,104384,1320,0,0,,,
candmirror,fin_Y_1400,1403,1,105704,104384,1320,0,0,,,
candmirror,fin_Y_1400,1404,0,89764,118354,-28590,0,0,,,
candmirror,fin_Y_1400,1404,1,89764,118354,-28590,0,0,,,
candmirror,fin_Y_1400,1405,0,120491,117694,2797,0,0,,,
candmirror,fin_Y_1400,1405,1,123442,122976,466,0,0,,,
candmirror,fin_Y_1400,1406,0,119842,125049,-5207,0,0,,,
candmirror,fin_Y_1400,1406,1,119842,125049,-5207,0,0,,,
candmirror,fin_Y_1400,1407,0,142507,139095,3412,0,0,,,
candmirror,fin_Y_1400,1407,1,142507,139095,3412,0,0,,,
candmirror,fin_Y_1400,1408,0,132914,120625,12289,0,0,,,
candmirror,fin_Y_1400,1408,1,132914,120625,12289,0,0,,,
candmirror,fin_Y_1400,1409,0,105561,117107,-11546,0,0,,,
candmirror,fin_Y_1400,1409,1,105561,117107,-11546,0,0,,,
candmirror,fin_Y_1400,1410,0,123838,118475,5363,0,0,,,
candmirror,fin_Y_1400,1410,1,129972,108863,21109,0,0,,,
candmirror,fin_Y_1400,1411,0,95628,91500,4128,0,0,,,
candmirror,fin_Y_1400,1411,1,116548,112318,4230,0,0,,,
candmirror,fin_Y_1400,1412,0,128058,124067,3991,0,0,,,
candmirror,fin_Y_1400,1412,1,136461,130099,6362,0,0,,,
candmirror,fin_Y_1400,1413,0,113564,111843,1721,0,0,,,
candmirror,fin_Y_1400,1413,1,126107,128127,-2020,0,0,,,
candmirror,fin_Y_1400,1414,0,120698,119956,742,0,0,,,
candmirror,fin_Y_1400,1414,1,120698,119956,742,0,0,,,
candmirror,fin_Y_1400,1415,0,93757,92819,938,0,0,,,
candmirror,fin_Y_1400,1415,1,93757,92819,938,0,0,,,
candmirror,fin_Y_1400,1416,0,97177,93341,3836,0,0,,,
candmirror,fin_Y_1400,1416,1,95207,90653,4554,0,0,,,
candmirror,fin_Y_1400,1417,0,69969,94491,-24522,0,0,,,
candmirror,fin_Y_1400,1417,1,69969,94491,-24522,0,0,,,
candmirror,fin_Y_1400,1418,0,89474,86790,2684,0,0,,,
candmirror,fin_Y_1400,1418,1,89449,86835,2614,0,0,,,
candmirror,fin_Y_1400,1419,0,117658,116305,1353,0,0,,,
candmirror,fin_Y_1400,1419,1,108030,108339,-309,0,0,,,
candmirror,knob_mid16_1300,1300,0,130852,131560,-708,0,0,,,
candmirror,knob_mid16_1300,1300,1,130852,131560,-708,0,0,,,
candmirror,knob_mid16_1300,1301,0,125408,127014,-1606,0,0,,,
candmirror,knob_mid16_1300,1301,1,125437,127016,-1579,0,0,,,
candmirror,knob_mid16_1300,1302,0,83310,83936,-626,0,0,,,
candmirror,knob_mid16_1300,1302,1,83310,83936,-626,0,0,,,
candmirror,knob_mid16_1300,1303,0,107897,111343,-3446,0,0,,,
candmirror,knob_mid16_1300,1303,1,113041,116471,-3430,0,0,,,
candmirror,knob_mid16_1300,1304,0,114047,117628,-3581,0,0,,,
candmirror,knob_mid16_1300,1304,1,114047,117628,-3581,0,0,,,
candmirror,knob_mid16_1300,1305,0,94384,90788,3596,0,0,,,
candmirror,knob_mid16_1300,1305,1,95921,93789,2132,0,0,,,
candmirror,knob_mid16_1300,1306,0,89615,95922,-6307,0,0,,,
candmirror,knob_mid16_1300,1306,1,101234,108826,-7592,0,0,,,
candmirror,knob_mid16_1300,1307,0,117959,129423,-11464,0,0,,,
candmirror,knob_mid16_1300,1307,1,117959,129423,-11464,0,0,,,
candmirror,knob_mid16_1300,1308,0,93465,98157,-4692,0,0,,,
candmirror,knob_mid16_1300,1308,1,93465,98157,-4692,0,0,,,
candmirror,knob_mid16_1300,1309,0,123308,131866,-8558,0,0,,,
candmirror,knob_mid16_1300,1309,1,123308,131866,-8558,0,0,,,
candmirror,knob_mid16_1300,1310,0,132289,130784,1505,0,0,,,
candmirror,knob_mid16_1300,1310,1,132289,130784,1505,0,0,,,
candmirror,knob_mid16_1300,1311,0,86350,94032,-7682,0,0,,,
candmirror,knob_mid16_1300,1311,1,86350,94032,-7682,0,0,,,
candmirror,knob_mid16_1300,1312,0,141158,142631,-1473,0,0,,,
candmirror,knob_mid16_1300,1312,1,141103,142626,-1523,0,0,,,
candmirror,knob_mid16_1300,1313,0,110476,113316,-2840,0,0,,,
candmirror,knob_mid16_1300,1313,1,102315,101086,1229,0,0,,,
candmirror,knob_mid16_1300,1314,0,92799,99844,-7045,0,0,,,
candmirror,knob_mid16_1300,1314,1,93397,101014,-7617,0,0,,,
candmirror,knob_mid16_1300,1315,0,94071,100507,-6436,0,0,,,
candmirror,knob_mid16_1300,1315,1,94071,100507,-6436,0,0,,,
candmirror,knob_mid16_1300,1316,0,130159,129090,1069,0,0,,,
candmirror,knob_mid16_1300,1316,1,108903,113003,-4100,0,0,,,
candmirror,knob_mid16_1300,1317,0,110646,115861,-5215,0,0,,,
candmirror,knob_mid16_1300,1317,1,111134,109402,1732,0,0,,,
candmirror,knob_mid16_1300,1318,0,112998,115002,-2004,0,0,,,
candmirror,knob_mid16_1300,1318,1,112998,115002,-2004,0,0,,,
candmirror,knob_mid16_1300,1319,0,69541,75497,-5956,0,0,,,
candmirror,knob_mid16_1300,1319,1,69222,75799,-6577,0,0,,,
candmirror,knob_mid1_1300,1300,0,128941,131158,-2217,0,0,,,
candmirror,knob_mid1_1300,1300,1,128941,131158,-2217,0,0,,,
candmirror,knob_mid1_1300,1301,0,104356,101237,3119,0,0,,,
candmirror,knob_mid1_1300,1301,1,104356,101237,3119,0,0,,,
candmirror,knob_mid1_1300,1302,0,105340,102244,3096,0,0,,,
candmirror,knob_mid1_1300,1302,1,105340,102244,3096,0,0,,,
candmirror,knob_mid1_1300,1303,0,124528,119394,5134,0,0,,,
candmirror,knob_mid1_1300,1303,1,124389,119243,5146,0,0,,,
candmirror,knob_mid1_1300,1304,0,84040,85336,-1296,0,0,,,
candmirror,knob_mid1_1300,1304,1,84040,85336,-1296,0,0,,,
candmirror,knob_mid1_1300,1305,0,93587,97114,-3527,0,0,,,
candmirror,knob_mid1_1300,1305,1,93587,97114,-3527,0,0,,,
candmirror,knob_mid1_1300,1306,0,91494,89405,2089,0,0,,,
candmirror,knob_mid1_1300,1306,1,88072,87701,371,0,0,,,
candmirror,knob_mid1_1300,1307,0,125169,118718,6451,0,0,,,
candmirror,knob_mid1_1300,1307,1,125169,118718,6451,0,0,,,
candmirror,knob_mid1_1300,1308,0,99758,103916,-4158,0,0,,,
candmirror,knob_mid1_1300,1308,1,99758,103916,-4158,0,0,,,
candmirror,knob_mid1_1300,1309,0,93654,91413,2241,0,0,,,
candmirror,knob_mid1_1300,1309,1,93654,91413,2241,0,0,,,
candmirror,knob_mid1_1300,1310,0,109695,113215,-3520,0,0,,,
candmirror,knob_mid1_1300,1310,1,121732,119165,2567,0,0,,,
candmirror,knob_mid1_1300,1311,0,112024,105357,6667,0,0,,,
candmirror,knob_mid1_1300,1311,1,112016,104978,7038,0,0,,,
candmirror,knob_mid1_1300,1312,0,109135,104048,5087,0,0,,,
candmirror,knob_mid1_1300,1312,1,109135,104048,5087,0,0,,,
candmirror,knob_mid1_1300,1313,0,105125,104439,686,0,0,,,
candmirror,knob_mid1_1300,1313,1,119478,112860,6618,0,0,,,
candmirror,knob_mid1_1300,1314,0,112437,108726,3711,0,0,,,
candmirror,knob_mid1_1300,1314,1,99311,96947,2364,0,0,,,
candmirror,knob_mid1_1300,1315,0,116928,126781,-9853,0,0,,,
candmirror,knob_mid1_1300,1315,1,116928,126781,-9853,0,0,,,
candmirror,knob_mid1_1300,1316,0,129293,124494,4799,0,0,,,
candmirror,knob_mid1_1300,1316,1,110398,111495,-1097,0,0,,,
candmirror,knob_mid1_1300,1317,0,150452,153406,-2954,0,0,,,
candmirror,knob_mid1_1300,1317,1,150452,153406,-2954,0,0,,,
candmirror,knob_mid1_1300,1318,0,109313,106446,2867,0,0,,,
candmirror,knob_mid1_1300,1318,1,109313,106446,2867,0,0,,,
candmirror,knob_mid1_1300,1319,0,100603,90035,10568,0,0,,,
candmirror,knob_mid1_1300,1319,1,100603,90035,10568,0,0,,,
candmirror,knob_mid1_1400,1400,0,95234,93657,1577,0,0,,,
candmirror,knob_mid1_1400,1400,1,95234,93657,1577,0,0,,,
candmirror,knob_mid1_1400,1401,0,91636,93181,-1545,0,0,,,
candmirror,knob_mid1_1400,1401,1,91639,93178,-1539,0,0,,,
candmirror,knob_mid1_1400,1402,0,91682,91806,-124,0,0,,,
candmirror,knob_mid1_1400,1402,1,91682,91806,-124,0,0,,,
candmirror,knob_mid1_1400,1403,0,128021,133135,-5114,0,0,,,
candmirror,knob_mid1_1400,1403,1,128007,133151,-5144,0,0,,,
candmirror,knob_mid1_1400,1404,0,111996,108210,3786,0,0,,,
candmirror,knob_mid1_1400,1404,1,111996,108210,3786,0,0,,,
candmirror,knob_mid1_1400,1405,0,120802,123096,-2294,0,0,,,
candmirror,knob_mid1_1400,1405,1,120832,123146,-2314,0,0,,,
candmirror,knob_mid1_1400,1406,0,91372,93574,-2202,0,0,,,
candmirror,knob_mid1_1400,1406,1,91372,93574,-2202,0,0,,,
candmirror,knob_mid1_1400,1407,0,164037,164870,-833,0,0,,,
candmirror,knob_mid1_1400,1407,1,164037,164870,-833,0,0,,,
candmirror,knob_mid1_1400,1408,0,120851,117267,3584,0,0,,,
candmirror,knob_mid1_1400,1408,1,120851,117267,3584,0,0,,,
candmirror,knob_mid1_1400,1409,0,106589,106552,37,0,0,,,
candmirror,knob_mid1_1400,1409,1,106511,106520,-9,0,0,,,
candmirror,knob_mid1_1400,1410,0,130140,125751,4389,0,0,,,
candmirror,knob_mid1_1400,1410,1,118567,115277,3290,0,0,,,
candmirror,knob_mid1_1400,1411,0,112153,105807,6346,0,0,,,
candmirror,knob_mid1_1400,1411,1,111029,111991,-962,0,0,,,
candmirror,knob_mid1_1400,1412,0,126134,126355,-221,0,0,,,
candmirror,knob_mid1_1400,1412,1,97493,96863,630,0,0,,,
candmirror,knob_mid1_1400,1413,0,102409,105017,-2608,0,0,,,
candmirror,knob_mid1_1400,1413,1,102409,105017,-2608,0,0,,,
candmirror,knob_mid1_1400,1414,0,130842,143086,-12244,0,0,,,
candmirror,knob_mid1_1400,1414,1,130842,143086,-12244,0,0,,,
candmirror,knob_mid1_1400,1415,0,90981,90136,845,0,0,,,
candmirror,knob_mid1_1400,1415,1,90981,90136,845,0,0,,,
candmirror,knob_mid1_1400,1416,0,91479,93493,-2014,0,0,,,
candmirror,knob_mid1_1400,1416,1,92258,93874,-1616,0,0,,,
candmirror,knob_mid1_1400,1417,0,129790,127759,2031,0,0,,,
candmirror,knob_mid1_1400,1417,1,128589,128107,482,0,0,,,
candmirror,knob_mid1_1400,1418,0,90213,91620,-1407,0,0,,,
candmirror,knob_mid1_1400,1418,1,90118,91588,-1470,0,0,,,
candmirror,knob_mid1_1400,1419,0,118986,116082,2904,0,0,,,
candmirror,knob_mid1_1400,1419,1,96902,96088,814,0,0,,,
candmirror,knob_mid1_1500,1500,0,116382,117959,-1577,0,0,,,
candmirror,knob_mid1_1500,1500,1,116501,118262,-1761,0,0,,,
candmirror,knob_mid1_1500,1501,0,152046,154309,-2263,0,0,,,
candmirror,knob_mid1_1500,1501,1,150219,153754,-3535,0,0,,,
candmirror,knob_mid1_1500,1502,0,108923,110756,-1833,0,0,,,
candmirror,knob_mid1_1500,1502,1,108923,110756,-1833,0,0,,,
candmirror,knob_mid1_1500,1503,0,97672,99173,-1501,0,0,,,
candmirror,knob_mid1_1500,1503,1,97672,99173,-1501,0,0,,,
candmirror,knob_mid1_1500,1504,0,95656,98233,-2577,0,0,,,
candmirror,knob_mid1_1500,1504,1,95656,98233,-2577,0,0,,,
candmirror,knob_mid1_1500,1505,0,107440,111838,-4398,0,0,,,
candmirror,knob_mid1_1500,1505,1,83706,90795,-7089,0,0,,,
candmirror,knob_mid1_1500,1506,0,133557,132002,1555,0,0,,,
candmirror,knob_mid1_1500,1506,1,133557,132002,1555,0,0,,,
candmirror,knob_mid1_1500,1507,0,142759,141568,1191,0,0,,,
candmirror,knob_mid1_1500,1507,1,120052,123021,-2969,0,0,,,
candmirror,knob_mid1_1500,1508,0,113769,111205,2564,0,0,,,
candmirror,knob_mid1_1500,1508,1,113602,111113,2489,0,0,,,
candmirror,knob_mid1_1500,1509,0,95038,97601,-2563,0,0,,,
candmirror,knob_mid1_1500,1509,1,95038,97601,-2563,0,0,,,
candmirror,knob_mid1_1500,1510,0,155886,156219,-333,0,0,,,
candmirror,knob_mid1_1500,1510,1,156012,156286,-274,0,0,,,
candmirror,knob_mid1_1500,1511,0,125896,133740,-7844,0,0,,,
candmirror,knob_mid1_1500,1511,1,94252,93873,379,0,0,,,
candmirror,knob_mid1_1500,1512,0,118008,118576,-568,0,0,,,
candmirror,knob_mid1_1500,1512,1,118008,118576,-568,0,0,,,
candmirror,knob_mid1_1500,1513,0,93928,91435,2493,0,0,,,
candmirror,knob_mid1_1500,1513,1,93928,91435,2493,0,0,,,
candmirror,knob_mid1_1500,1514,0,98553,93688,4865,0,0,,,
candmirror,knob_mid1_1500,1514,1,108357,103512,4845,0,0,,,
candmirror,knob_mid1_1500,1515,0,105815,99964,5851,0,0,,,
candmirror,knob_mid1_1500,1515,1,105815,99964,5851,0,0,,,
candmirror,knob_mid1_1500,1516,0,104336,105495,-1159,0,0,,,
candmirror,knob_mid1_1500,1516,1,104336,105495,-1159,0,0,,,
candmirror,knob_mid1_1500,1517,0,88133,83581,4552,0,0,,,
candmirror,knob_mid1_1500,1517,1,88133,83581,4552,0,0,,,
candmirror,knob_mid1_1500,1518,0,123757,122457,1300,0,0,,,
candmirror,knob_mid1_1500,1518,1,123757,122457,1300,0,0,,,
candmirror,knob_mid1_1500,1519,0,103392,103772,-380,0,0,,,
candmirror,knob_mid1_1500,1519,1,103392,103772,-380,0,0,,,
candmirror,knob_mid22_1300,1300,0,99648,100781,-1133,0,0,,,
candmirror,knob_mid22_1300,1300,1,99648,100781,-1133,0,0,,,
candmirror,knob_mid22_1300,1301,0,101665,98238,3427,0,0,,,
candmirror,knob_mid22_1300,1301,1,101665,98238,3427,0,0,,,
candmirror,knob_mid22_1300,1302,0,90115,90180,-65,0,0,,,
candmirror,knob_mid22_1300,1302,1,90115,90180,-65,0,0,,,
candmirror,knob_mid22_1300,1303,0,132821,135025,-2204,0,0,,,
candmirror,knob_mid22_1300,1303,1,135721,139598,-3877,0,0,,,
candmirror,knob_mid22_1300,1304,0,109299,105572,3727,0,0,,,
candmirror,knob_mid22_1300,1304,1,104876,99260,5616,0,0,,,
candmirror,knob_mid22_1300,1305,0,93180,130622,-37442,0,0,,,
candmirror,knob_mid22_1300,1305,1,93180,130622,-37442,0,0,,,
candmirror,knob_mid22_1300,1306,0,101971,105605,-3634,0,0,,,
candmirror,knob_mid22_1300,1306,1,101069,104344,-3275,0,0,,,
candmirror,knob_mid22_1300,1307,0,84927,84604,323,0,0,,,
candmirror,knob_mid22_1300,1307,1,84927,84604,323,0,0,,,
candmirror,knob_mid22_1300,1308,0,94366,99405,-5039,0,0,,,
candmirror,knob_mid22_1300,1308,1,94366,99405,-5039,0,0,,,
candmirror,knob_mid22_1300,1309,0,105297,113189,-7892,0,0,,,
candmirror,knob_mid22_1300,1309,1,105297,113189,-7892,0,0,,,
candmirror,knob_mid22_1300,1310,0,109509,112020,-2511,0,0,,,
candmirror,knob_mid22_1300,1310,1,109509,112020,-2511,0,0,,,
candmirror,knob_mid22_1300,1311,0,87378,87684,-306,0,0,,,
candmirror,knob_mid22_1300,1311,1,95584,95849,-265,0,0,,,
candmirror,knob_mid22_1300,1312,0,132455,131325,1130,0,0,,,
candmirror,knob_mid22_1300,1312,1,132455,131325,1130,0,0,,,
candmirror,knob_mid22_1300,1313,0,104539,105822,-1283,0,0,,,
candmirror,knob_mid22_1300,1313,1,84421,86487,-2066,0,0,,,
candmirror,knob_mid22_1300,1314,0,101470,105494,-4024,0,0,,,
candmirror,knob_mid22_1300,1314,1,101799,105989,-4190,0,0,,,
candmirror,knob_mid22_1300,1315,0,76322,83936,-7614,0,0,,,
candmirror,knob_mid22_1300,1315,1,76516,83986,-7470,0,0,,,
candmirror,knob_mid22_1300,1316,0,105576,112591,-7015,0,0,,,
candmirror,knob_mid22_1300,1316,1,121253,122528,-1275,0,0,,,
candmirror,knob_mid22_1300,1317,0,121222,128190,-6968,0,0,,,
candmirror,knob_mid22_1300,1317,1,106678,114094,-7416,0,0,,,
candmirror,knob_mid22_1300,1318,0,111911,113591,-1680,0,0,,,
candmirror,knob_mid22_1300,1318,1,112025,113524,-1499,0,0,,,
candmirror,knob_mid22_1300,1319,0,92505,94697,-2192,0,0,,,
candmirror,knob_mid22_1300,1319,1,92667,94766,-2099,0,0,,,
candmirror,knob_mid3_1300,1300,0,104767,109169,-4402,0,0,,,
candmirror,knob_mid3_1300,1300,1,104767,109169,-4402,0,0,,,
candmirror,knob_mid3_1300,1301,0,96702,95862,840,0,0,,,
candmirror,knob_mid3_1300,1301,1,96545,95831,714,0,0,,,
candmirror,knob_mid3_1300,1302,0,88675,89299,-624,0,0,,,
candmirror,knob_mid3_1300,1302,1,88675,89299,-624,0,0,,,
candmirror,knob_mid3_1300,1303,0,109687,106292,3395,0,0,,,
candmirror,knob_mid3_1300,1303,1,107759,103917,3842,0,0,,,
candmirror,knob_mid3_1300,1304,0,105579,105457,122,0,0,,,
candmirror,knob_mid3_1300,1304,1,105579,105457,122,0,0,,,
candmirror,knob_mid3_1300,1305,0,101678,99453,2225,0,0,,,
candmirror,knob_mid3_1300,1305,1,101617,100547,1070,0,0,,,
candmirror,knob_mid3_1300,1306,0,84371,86798,-2427,0,0,,,
candmirror,knob_mid3_1300,1306,1,87609,90947,-3338,0,0,,,
candmirror,knob_mid3_1300,1307,0,107865,104952,2913,0,0,,,
candmirror,knob_mid3_1300,1307,1,107913,104911,3002,0,0,,,
candmirror,knob_mid3_1300,1308,0,118081,116492,1589,0,0,,,
candmirror,knob_mid3_1300,1308,1,118081,116492,1589,0,0,,,
candmirror,knob_mid3_1300,1309,0,99443,99776,-333,0,0,,,
candmirror,knob_mid3_1300,1309,1,99443,99776,-333,0,0,,,
candmirror,knob_mid3_1300,1310,0,110609,113984,-3375,0,0,,,
candmirror,knob_mid3_1300,1310,1,110609,113984,-3375,0,0,,,
candmirror,knob_mid3_1300,1311,0,100017,98207,1810,0,0,,,
candmirror,knob_mid3_1300,1311,1,99454,97522,1932,0,0,,,
candmirror,knob_mid3_1300,1312,0,127695,131416,-3721,0,0,,,
candmirror,knob_mid3_1300,1312,1,127947,132180,-4233,0,0,,,
candmirror,knob_mid3_1300,1313,0,130571,125738,4833,0,0,,,
candmirror,knob_mid3_1300,1313,1,122520,120154,2366,0,0,,,
candmirror,knob_mid3_1300,1314,0,83641,87051,-3410,0,0,,,
candmirror,knob_mid3_1300,1314,1,89359,94615,-5256,0,0,,,
candmirror,knob_mid3_1300,1315,0,97146,97448,-302,0,0,,,
candmirror,knob_mid3_1300,1315,1,97146,97448,-302,0,0,,,
candmirror,knob_mid3_1300,1316,0,116601,116609,-8,0,0,,,
candmirror,knob_mid3_1300,1316,1,107857,106790,1067,0,0,,,
candmirror,knob_mid3_1300,1317,0,113596,117824,-4228,0,0,,,
candmirror,knob_mid3_1300,1317,1,113398,118862,-5464,0,0,,,
candmirror,knob_mid3_1300,1318,0,151741,154236,-2495,0,0,,,
candmirror,knob_mid3_1300,1318,1,151741,154236,-2495,0,0,,,
candmirror,knob_mid3_1300,1319,0,85137,80060,5077,0,0,,,
candmirror,knob_mid3_1300,1319,1,85137,80060,5077,0,0,,,
candmirror,knob_mid7_1300,1300,0,104389,107919,-3530,0,0,,,
candmirror,knob_mid7_1300,1300,1,104389,107919,-3530,0,0,,,
candmirror,knob_mid7_1300,1301,0,133901,139889,-5988,0,0,,,
candmirror,knob_mid7_1300,1301,1,133901,139889,-5988,0,0,,,
candmirror,knob_mid7_1300,1302,0,84912,85740,-828,0,0,,,
candmirror,knob_mid7_1300,1302,1,84912,85740,-828,0,0,,,
candmirror,knob_mid7_1300,1303,0,116537,115572,965,0,0,,,
candmirror,knob_mid7_1300,1303,1,116553,115537,1016,0,0,,,
candmirror,knob_mid7_1300,1304,0,90740,91732,-992,0,0,,,
candmirror,knob_mid7_1300,1304,1,90740,91732,-992,0,0,,,
candmirror,knob_mid7_1300,1305,0,91600,90004,1596,0,0,,,
candmirror,knob_mid7_1300,1305,1,83221,84678,-1457,0,0,,,
candmirror,knob_mid7_1300,1306,0,87590,86403,1187,0,0,,,
candmirror,knob_mid7_1300,1306,1,100117,101053,-936,0,0,,,
candmirror,knob_mid7_1300,1307,0,85305,86832,-1527,0,0,,,
candmirror,knob_mid7_1300,1307,1,85305,86832,-1527,0,0,,,
candmirror,knob_mid7_1300,1308,0,102039,102638,-599,0,0,,,
candmirror,knob_mid7_1300,1308,1,102039,102638,-599,0,0,,,
candmirror,knob_mid7_1300,1309,0,131093,131947,-854,0,0,,,
candmirror,knob_mid7_1300,1309,1,131093,131947,-854,0,0,,,
candmirror,knob_mid7_1300,1310,0,133237,131711,1526,0,0,,,
candmirror,knob_mid7_1300,1310,1,133345,131474,1871,0,0,,,
candmirror,knob_mid7_1300,1311,0,103138,102932,206,0,0,,,
candmirror,knob_mid7_1300,1311,1,102336,101882,454,0,0,,,
candmirror,knob_mid7_1300,1312,0,180477,178348,2129,0,0,,,
candmirror,knob_mid7_1300,1312,1,180206,178321,1885,0,0,,,
candmirror,knob_mid7_1300,1313,0,109611,107703,1908,0,0,,,
candmirror,knob_mid7_1300,1313,1,109107,106686,2421,0,0,,,
candmirror,knob_mid7_1300,1314,0,79413,79324,89,0,0,,,
candmirror,knob_mid7_1300,1314,1,82291,81944,347,0,0,,,
candmirror,knob_mid7_1300,1315,0,92008,89384,2624,0,0,,,
candmirror,knob_mid7_1300,1315,1,92008,89384,2624,0,0,,,
candmirror,knob_mid7_1300,1316,0,105885,99957,5928,0,0,,,
candmirror,knob_mid7_1300,1316,1,146484,151086,-4602,0,0,,,
candmirror,knob_mid7_1300,1317,0,117595,120696,-3101,0,0,,,
candmirror,knob_mid7_1300,1317,1,117595,120696,-3101,0,0,,,
candmirror,knob_mid7_1300,1318,0,107717,108970,-1253,0,0,,,
candmirror,knob_mid7_1300,1318,1,107717,108970,-1253,0,0,,,
candmirror,knob_mid7_1300,1319,0,77176,75700,1476,0,0,,,
candmirror,knob_mid7_1300,1319,1,77176,75700,1476,0,0,,,
candmirror,knob_mid8_1300,1300,0,101670,96690,4980,0,0,,,
candmirror,knob_mid8_1300,1300,1,101670,96690,4980,0,0,,,
candmirror,knob_mid8_1300,1301,0,95006,95765,-759,0,0,,,
candmirror,knob_mid8_1300,1301,1,95006,95765,-759,0,0,,,
candmirror,knob_mid8_1300,1302,0,100432,97581,2851,0,0,,,
candmirror,knob_mid8_1300,1302,1,100432,97581,2851,0,0,,,
candmirror,knob_mid8_1300,1303,0,92662,91146,1516,0,0,,,
candmirror,knob_mid8_1300,1303,1,92667,91142,1525,0,0,,,
candmirror,knob_mid8_1300,1304,0,89746,96584,-6838,0,0,,,
candmirror,knob_mid8_1300,1304,1,89746,96584,-6838,0,0,,,
candmirror,knob_mid8_1300,1305,0,103906,104710,-804,0,0,,,
candmirror,knob_mid8_1300,1305,1,104107,104804,-697,0,0,,,
candmirror,knob_mid8_1300,1306,0,76607,78175,-1568,0,0,,,
candmirror,knob_mid8_1300,1306,1,76607,78175,-1568,0,0,,,
candmirror,knob_mid8_1300,1307,0,101847,101752,95,0,0,,,
candmirror,knob_mid8_1300,1307,1,101847,101752,95,0,0,,,
candmirror,knob_mid8_1300,1308,0,102994,104465,-1471,0,0,,,
candmirror,knob_mid8_1300,1308,1,102994,104465,-1471,0,0,,,
candmirror,knob_mid8_1300,1309,0,112316,111038,1278,0,0,,,
candmirror,knob_mid8_1300,1309,1,112316,111038,1278,0,0,,,
candmirror,knob_mid8_1300,1310,0,114382,120655,-6273,0,0,,,
candmirror,knob_mid8_1300,1310,1,114169,120721,-6552,0,0,,,
candmirror,knob_mid8_1300,1311,0,116298,118803,-2505,0,0,,,
candmirror,knob_mid8_1300,1311,1,116302,118798,-2496,0,0,,,
candmirror,knob_mid8_1300,1312,0,176263,178779,-2516,0,0,,,
candmirror,knob_mid8_1300,1312,1,176263,178779,-2516,0,0,,,
candmirror,knob_mid8_1300,1313,0,101031,98936,2095,0,0,,,
candmirror,knob_mid8_1300,1313,1,109007,107392,1615,0,0,,,
candmirror,knob_mid8_1300,1314,0,116405,112196,4209,0,0,,,
candmirror,knob_mid8_1300,1314,1,108954,114319,-5365,0,0,,,
candmirror,knob_mid8_1300,1315,0,110436,106481,3955,0,0,,,
candmirror,knob_mid8_1300,1315,1,110436,106481,3955,0,0,,,
candmirror,knob_mid8_1300,1316,0,123225,124636,-1411,0,0,,,
candmirror,knob_mid8_1300,1316,1,109158,110657,-1499,0,0,,,
candmirror,knob_mid8_1300,1317,0,99682,97913,1769,0,0,,,
candmirror,knob_mid8_1300,1317,1,99682,97913,1769,0,0,,,
candmirror,knob_mid8_1300,1318,0,109114,106499,2615,0,0,,,
candmirror,knob_mid8_1300,1318,1,109114,106499,2615,0,0,,,
candmirror,knob_mid8_1300,1319,0,73977,74226,-249,0,0,,,
candmirror,knob_mid8_1300,1319,1,73977,74226,-249,0,0,,,
candmirror,knob_mid9_1300,1300,0,114215,115208,-993,0,0,,,
candmirror,knob_mid9_1300,1300,1,114215,115208,-993,0,0,,,
candmirror,knob_mid9_1300,1301,0,119742,127333,-7591,0,0,,,
candmirror,knob_mid9_1300,1301,1,119789,127339,-7550,0,0,,,
candmirror,knob_mid9_1300,1302,0,86590,83663,2927,0,0,,,
candmirror,knob_mid9_1300,1302,1,86590,83663,2927,0,0,,,
candmirror,knob_mid9_1300,1303,0,104905,108966,-4061,0,0,,,
candmirror,knob_mid9_1300,1303,1,104796,108809,-4013,0,0,,,
candmirror,knob_mid9_1300,1304,0,87398,87789,-391,0,0,,,
candmirror,knob_mid9_1300,1304,1,87398,87789,-391,0,0,,,
candmirror,knob_mid9_1300,1305,0,90395,87165,3230,0,0,,,
candmirror,knob_mid9_1300,1305,1,89441,87581,1860,0,0,,,
candmirror,knob_mid9_1300,1306,0,106366,106725,-359,0,0,,,
candmirror,knob_mid9_1300,1306,1,104653,106053,-1400,0,0,,,
candmirror,knob_mid9_1300,1307,0,96006,101659,-5653,0,0,,,
candmirror,knob_mid9_1300,1307,1,96006,101659,-5653,0,0,,,
candmirror,knob_mid9_1300,1308,0,134681,142109,-7428,0,0,,,
candmirror,knob_mid9_1300,1308,1,134681,142109,-7428,0,0,,,
candmirror,knob_mid9_1300,1309,0,128689,134476,-5787,0,0,,,
candmirror,knob_mid9_1300,1309,1,128689,134476,-5787,0,0,,,
candmirror,knob_mid9_1300,1310,0,118584,122903,-4319,0,0,,,
candmirror,knob_mid9_1300,1310,1,118830,122861,-4031,0,0,,,
candmirror,knob_mid9_1300,1311,0,91611,93000,-1389,0,0,,,
candmirror,knob_mid9_1300,1311,1,92222,93499,-1277,0,0,,,
candmirror,knob_mid9_1300,1312,0,129696,134166,-4470,0,0,,,
candmirror,knob_mid9_1300,1312,1,129720,133956,-4236,0,0,,,
candmirror,knob_mid9_1300,1313,0,91789,93798,-2009,0,0,,,
candmirror,knob_mid9_1300,1313,1,108842,107729,1113,0,0,,,
candmirror,knob_mid9_1300,1314,0,94755,94859,-104,0,0,,,
candmirror,knob_mid9_1300,1314,1,95040,95026,14,0,0,,,
candmirror,knob_mid9_1300,1315,0,117918,118048,-130,0,0,,,
candmirror,knob_mid9_1300,1315,1,117918,118048,-130,0,0,,,
candmirror,knob_mid9_1300,1316,0,118529,114547,3982,0,0,,,
candmirror,knob_mid9_1300,1316,1,130457,133730,-3273,0,0,,,
candmirror,knob_mid9_1300,1317,0,146978,153680,-6702,0,0,,,
candmirror,knob_mid9_1300,1317,1,146978,153680,-6702,0,0,,,
candmirror,knob_mid9_1300,1318,0,110498,111722,-1224,0,0,,,
candmirror,knob_mid9_1300,1318,1,110498,111722,-1224,0,0,,,
candmirror,knob_mid9_1300,1319,0,83223,85477,-2254,0,0,,,
candmirror,knob_mid9_1300,1319,1,83223,85477,-2254,0,0,,,
knobmirror,dsm3_1300,1300,0,77865,82439,-4574,0,0,,,
knobmirror,dsm3_1300,1300,1,77865,82439,-4574,0,0,,,
knobmirror,dsm3_1300,1301,0,122449,122102,347,0,0,,,
knobmirror,dsm3_1300,1301,1,122449,122102,347,0,0,,,
knobmirror,dsm3_1300,1302,0,90073,89363,710,0,0,,,
knobmirror,dsm3_1300,1302,1,90073,89363,710,0,0,,,
knobmirror,dsm3_1300,1303,0,99003,101997,-2994,0,0,,,
knobmirror,dsm3_1300,1303,1,101905,102919,-1014,0,0,,,
knobmirror,dsm3_1300,1304,0,95083,95083,0,0,0,,,
knobmirror,dsm3_1300,1304,1,95083,95083,0,0,0,,,
knobmirror,dsm3_1300,1305,0,107540,105950,1590,0,0,,,
knobmirror,dsm3_1300,1305,1,107426,105576,1850,0,0,,,
knobmirror,dsm3_1300,1306,0,95146,94280,866,0,0,,,
knobmirror,dsm3_1300,1306,1,84546,85604,-1058,0,0,,,
knobmirror,dsm3_1300,1307,0,92798,94540,-1742,0,0,,,
knobmirror,dsm3_1300,1307,1,92537,94779,-2242,0,0,,,
knobmirror,dsm3_1300,1308,0,114820,114955,-135,0,0,,,
knobmirror,dsm3_1300,1308,1,114820,114955,-135,0,0,,,
knobmirror,dsm3_1300,1309,0,110387,113999,-3612,0,0,,,
knobmirror,dsm3_1300,1309,1,110387,113999,-3612,0,0,,,
knobmirror,dsm9_1300,1300,0,115648,116989,-1341,0,0,,,
knobmirror,dsm9_1300,1300,1,115648,116989,-1341,0,0,,,
knobmirror,dsm9_1300,1301,0,120300,130302,-10002,0,0,,,
knobmirror,dsm9_1300,1301,1,120300,130302,-10002,0,0,,,
knobmirror,dsm9_1300,1302,0,82903,82330,573,0,0,,,
knobmirror,dsm9_1300,1302,1,82903,82330,573,0,0,,,
knobmirror,dsm9_1300,1303,0,101352,99823,1529,0,0,,,
knobmirror,dsm9_1300,1303,1,101705,100073,1632,0,0,,,
knobmirror,dsm9_1300,1304,0,90157,88679,1478,0,0,,,
knobmirror,dsm9_1300,1304,1,90157,88679,1478,0,0,,,
knobmirror,dsm9_1300,1305,0,103716,108152,-4436,0,0,,,
knobmirror,dsm9_1300,1305,1,104591,108310,-3719,0,0,,,
knobmirror,dsm9_1300,1306,0,94371,93885,486,0,0,,,
knobmirror,dsm9_1300,1306,1,92335,91039,1296,0,0,,,
knobmirror,dsm9_1300,1307,0,96035,97893,-1858,0,0,,,
knobmirror,dsm9_1300,1307,1,96359,98131,-1772,0,0,,,
knobmirror,dsm9_1300,1308,0,98878,99561,-683,0,0,,,
knobmirror,dsm9_1300,1308,1,98878,99561,-683,0,0,,,
knobmirror,dsm9_1300,1309,0,105712,102527,3185,0,0,,,
knobmirror,dsm9_1300,1309,1,105712,102527,3185,0,0,,,
knobmirror,dsmall_1300,1300,0,104389,107919,-3530,0,0,,,
knobmirror,dsmall_1300,1300,1,104389,107919,-3530,0,0,,,
knobmirror,dsmall_1300,1301,0,133901,139889,-5988,0,0,,,
knobmirror,dsmall_1300,1301,1,133901,139889,-5988,0,0,,,
knobmirror,dsmall_1300,1302,0,84912,85740,-828,0,0,,,
knobmirror,dsmall_1300,1302,1,84912,85740,-828,0,0,,,
knobmirror,dsmall_1300,1303,0,116537,115572,965,0,0,,,
knobmirror,dsmall_1300,1303,1,116553,115537,1016,0,0,,,
knobmirror,dsmall_1300,1304,0,90740,91732,-992,0,0,,,
knobmirror,dsmall_1300,1304,1,90740,91732,-992,0,0,,,
knobmirror,dsmall_1300,1305,0,91600,90004,1596,0,0,,,
knobmirror,dsmall_1300,1305,1,83221,84678,-1457,0,0,,,
knobmirror,dsmall_1300,1306,0,87590,86403,1187,0,0,,,
knobmirror,dsmall_1300,1306,1,100117,101053,-936,0,0,,,
knobmirror,dsmall_1300,1307,0,85305,86832,-1527,0,0,,,
knobmirror,dsmall_1300,1307,1,85305,86832,-1527,0,0,,,
knobmirror,dsmall_1300,1308,0,102039,102638,-599,0,0,,,
knobmirror,dsmall_1300,1308,1,102039,102638,-599,0,0,,,
knobmirror,dsmall_1300,1309,0,131093,131947,-854,0,0,,,
knobmirror,dsmall_1300,1309,1,131093,131947,-854,0,0,,,
knobmirror,op_decem6_1300,1300,0,120593,120565,28,0,0,,,
knobmirror,op_decem6_1300,1300,1,95222,93154,2068,0,0,,,
knobmirror,op_decem6_1300,1301,0,118227,119476,-1249,0,0,,,
knobmirror,op_decem6_1300,1301,1,118227,119476,-1249,0,0,,,
knobmirror,op_decem6_1300,1302,0,86059,86049,10,0,0,,,
knobmirror,op_decem6_1300,1302,1,86059,86049,10,0,0,,,
knobmirror,op_decem6_1300,1303,0,106027,103577,2450,0,0,,,
knobmirror,op_decem6_1300,1303,1,102285,92919,9366,0,0,,,
knobmirror,op_decem6_1300,1304,0,97423,97700,-277,0,0,,,
knobmirror,op_decem6_1300,1304,1,97423,97700,-277,0,0,,,
knobmirror,op_decem6_1300,1305,0,107236,108675,-1439,0,0,,,
knobmirror,op_decem6_1300,1305,1,107236,108675,-1439,0,0,,,
knobmirror,op_decem6_1300,1306,0,84567,86312,-1745,0,0,,,
knobmirror,op_decem6_1300,1306,1,78841,82043,-3202,0,0,,,
knobmirror,op_decem6_1300,1307,0,86953,87123,-170,0,0,,,
knobmirror,op_decem6_1300,1307,1,121159,114647,6512,0,0,,,
knobmirror,op_decem6_1300,1308,0,111165,114455,-3290,0,0,,,
knobmirror,op_decem6_1300,1308,1,111165,114455,-3290,0,0,,,
knobmirror,op_decem6_1300,1309,0,101745,100896,849,0,0,,,
knobmirror,op_decem6_1300,1309,1,101745,100896,849,0,0,,,
knobmirror,op_decem6_1300,1310,0,126867,129962,-3095,0,0,,,
knobmirror,op_decem6_1300,1310,1,126867,129962,-3095,0,0,,,
knobmirror,op_decem6_1300,1311,0,107071,106490,581,0,0,,,
knobmirror,op_decem6_1300,1311,1,107069,106491,578,0,0,,,
knobmirror,op_decem6_1300,1312,0,116878,117034,-156,0,0,,,
knobmirror,op_decem6_1300,1312,1,116878,117034,-156,0,0,,,
knobmirror,op_decem6_1300,1313,0,91586,90842,744,0,0,,,
knobmirror,op_decem6_1300,1313,1,92896,91282,1614,0,0,,,
knobmirror,op_decem6_1300,1314,0,86800,85358,1442,0,0,,,
knobmirror,op_decem6_1300,1314,1,91942,93435,-1493,0,0,,,
knobmirror,op_decem6_1300,1315,0,115347,112343,3004,0,0,,,
knobmirror,op_decem6_1300,1315,1,115347,112343,3004,0,0,,,
knobmirror,op_decem6_1300,1316,0,109278,109903,-625,0,0,,,
knobmirror,op_decem6_1300,1316,1,121046,130462,-9416,0,0,,,
knobmirror,op_decem6_1300,1317,0,115587,112793,2794,0,0,,,
knobmirror,op_decem6_1300,1317,1,115587,112793,2794,0,0,,,
knobmirror,op_decem6_1300,1318,0,115698,116716,-1018,0,0,,,
knobmirror,op_decem6_1300,1318,1,115698,116716,-1018,0,0,,,
knobmirror,op_decem6_1300,1319,0,79916,77456,2460,0,0,,,
knobmirror,op_decem6_1300,1319,1,79732,77827,1905,0,0,,,
knobmirror,op_dsm6_1300,1300,0,81504,81098,406,0,0,,,
knobmirror,op_dsm6_1300,1300,1,81504,81098,406,0,0,,,
knobmirror,op_dsm6_1300,1301,0,100751,102824,-2073,0,0,,,
knobmirror,op_dsm6_1300,1301,1,100751,102824,-2073,0,0,,,
knobmirror,op_dsm6_1300,1302,0,92871,93728,-857,0,0,,,
knobmirror,op_dsm6_1300,1302,1,92871,93728,-857,0,0,,,
knobmirror,op_dsm6_1300,1303,0,115891,111951,3940,0,0,,,
knobmirror,op_dsm6_1300,1303,1,117504,116875,629,0,0,,,
knobmirror,op_dsm6_1300,1304,0,99946,98031,1915,0,0,,,
knobmirror,op_dsm6_1300,1304,1,99946,98031,1915,0,0,,,
knobmirror,op_dsm6_1300,1305,0,132852,138720,-5868,0,0,,,
knobmirror,op_dsm6_1300,1305,1,134050,139161,-5111,0,0,,,
knobmirror,op_dsm6_1300,1306,0,88955,87810,1145,0,0,,,
knobmirror,op_dsm6_1300,1306,1,88955,87810,1145,0,0,,,
knobmirror,op_dsm6_1300,1307,0,108138,117121,-8983,0,0,,,
knobmirror,op_dsm6_1300,1307,1,93373,95905,-2532,0,0,,,
knobmirror,op_dsm6_1300,1308,0,126583,124690,1893,0,0,,,
knobmirror,op_dsm6_1300,1308,1,126583,124690,1893,0,0,,,
knobmirror,op_dsm6_1300,1309,0,88008,86025,1983,0,0,,,
knobmirror,op_dsm6_1300,1309,1,88008,86025,1983,0,0,,,
knobmirror,op_dsm6_1300,1310,0,144529,141256,3273,0,0,,,
knobmirror,op_dsm6_1300,1310,1,144854,140793,4061,0,0,,,
knobmirror,op_dsm6_1300,1311,0,89143,89871,-728,0,0,,,
knobmirror,op_dsm6_1300,1311,1,89139,90649,-1510,0,0,,,
knobmirror,op_dsm6_1300,1312,0,107291,109201,-1910,0,0,,,
knobmirror,op_dsm6_1300,1312,1,107291,109201,-1910,0,0,,,
knobmirror,op_dsm6_1300,1313,0,103036,106311,-3275,0,0,,,
knobmirror,op_dsm6_1300,1313,1,120842,128185,-7343,0,0,,,
knobmirror,op_dsm6_1300,1314,0,118584,111667,6917,0,0,,,
knobmirror,op_dsm6_1300,1314,1,116997,112590,4407,0,0,,,
knobmirror,op_dsm6_1300,1315,0,90622,88976,1646,0,0,,,
knobmirror,op_dsm6_1300,1315,1,90622,88976,1646,0,0,,,
knobmirror,op_dsm6_1300,1316,0,121358,124818,-3460,0,0,,,
knobmirror,op_dsm6_1300,1316,1,79779,77029,2750,0,0,,,
knobmirror,op_dsm6_1300,1317,0,134023,124775,9248,0,0,,,
knobmirror,op_dsm6_1300,1317,1,134023,124775,9248,0,0,,,
knobmirror,op_dsm6_1300,1318,0,119333,111719,7614,0,0,,,
knobmirror,op_dsm6_1300,1318,1,119333,111719,7614,0,0,,,
knobmirror,op_dsm6_1300,1319,0,98546,95239,3307,0,0,,,
knobmirror,op_dsm6_1300,1319,1,98546,95239,3307,0,0,,,
knobmirror,op_goose6_1300,1300,0,81316,79845,1471,0,0,,,
knobmirror,op_goose6_1300,1300,1,112126,109174,2952,0,0,,,
knobmirror,op_goose6_1300,1301,0,85995,85567,428,0,0,,,
knobmirror,op_goose6_1300,1301,1,85995,85567,428,0,0,,,
knobmirror,op_goose6_1300,1302,0,101433,102129,-696,0,0,,,
knobmirror,op_goose6_1300,1302,1,101433,102129,-696,0,0,,,
knobmirror,op_goose6_1300,1303,0,108637,111023,-2386,0,0,,,
knobmirror,op_goose6_1300,1303,1,109832,112270,-2438,0,0,,,
knobmirror,op_goose6_1300,1304,0,83388,86702,-3314,0,0,,,
knobmirror,op_goose6_1300,1304,1,83388,86702,-3314,0,0,,,
knobmirror,op_goose6_1300,1305,0,110148,109992,156,0,0,,,
knobmirror,op_goose6_1300,1305,1,110148,109992,156,0,0,,,
knobmirror,op_goose6_1300,1306,0,82588,83226,-638,0,0,,,
knobmirror,op_goose6_1300,1306,1,72248,74309,-2061,0,0,,,
knobmirror,op_goose6_1300,1307,0,93093,92283,810,0,0,,,
knobmirror,op_goose6_1300,1307,1,113752,108105,5647,0,0,,,
knobmirror,op_goose6_1300,1308,0,129237,129499,-262,0,0,,,
knobmirror,op_goose6_1300,1308,1,129237,129499,-262,0,0,,,
knobmirror,op_goose6_1300,1309,0,107921,104244,3677,0,0,,,
knobmirror,op_goose6_1300,1309,1,107921,104244,3677,0,0,,,
knobmirror,op_goose6_1300,1310,0,129404,129377,27,0,0,,,
knobmirror,op_goose6_1300,1310,1,123631,127540,-3909,0,0,,,
knobmirror,op_goose6_1300,1311,0,84652,85267,-615,0,0,,,
knobmirror,op_goose6_1300,1311,1,84652,85267,-615,0,0,,,
knobmirror,op_goose6_1300,1312,0,126138,123473,2665,0,0,,,
knobmirror,op_goose6_1300,1312,1,126138,123473,2665,0,0,,,
knobmirror,op_goose6_1300,1313,0,129441,122626,6815,0,0,,,
knobmirror,op_goose6_1300,1313,1,125197,124574,623,0,0,,,
knobmirror,op_goose6_1300,1314,0,121234,117737,3497,0,0,,,
knobmirror,op_goose6_1300,1314,1,103747,105630,-1883,0,0,,,
knobmirror,op_goose6_1300,1315,0,130295,127237,3058,0,0,,,
knobmirror,op_goose6_1300,1315,1,130295,127237,3058,0,0,,,
knobmirror,op_goose6_1300,1316,0,125816,134848,-9032,0,0,,,
knobmirror,op_goose6_1300,1316,1,104925,104342,583,0,0,,,
knobmirror,op_goose6_1300,1317,0,96031,100503,-4472,0,0,,,
knobmirror,op_goose6_1300,1317,1,113647,122135,-8488,0,0,,,
knobmirror,op_goose6_1300,1318,0,96544,91971,4573,0,0,,,
knobmirror,op_goose6_1300,1318,1,96544,91971,4573,0,0,,,
knobmirror,op_goose6_1300,1319,0,113691,111299,2392,0,0,,,
knobmirror,op_goose6_1300,1319,1,114020,111217,2803,0,0,,,
knobmirror,op_majkel6_1300,1300,0,91637,96234,-4597,0,0,,,
knobmirror,op_majkel6_1300,1300,1,85310,91099,-5789,0,0,,,
knobmirror,op_majkel6_1300,1301,0,122005,131235,-9230,0,0,,,
knobmirror,op_majkel6_1300,1301,1,122005,131235,-9230,0,0,,,
knobmirror,op_majkel6_1300,1302,0,77612,80431,-2819,0,0,,,
knobmirror,op_majkel6_1300,1302,1,77612,80431,-2819,0,0,,,
knobmirror,op_majkel6_1300,1303,0,124055,125745,-1690,0,0,,,
knobmirror,op_majkel6_1300,1303,1,124055,125745,-1690,0,0,,,
knobmirror,op_majkel6_1300,1304,0,82479,86106,-3627,0,0,,,
knobmirror,op_majkel6_1300,1304,1,82479,86106,-3627,0,0,,,
knobmirror,op_majkel6_1300,1305,0,102964,113556,-10592,0,0,,,
knobmirror,op_majkel6_1300,1305,1,107495,116149,-8654,0,0,,,
knobmirror,op_majkel6_1300,1306,0,81993,86575,-4582,0,0,,,
knobmirror,op_majkel6_1300,1306,1,82485,85113,-2628,0,0,,,
knobmirror,op_majkel6_1300,1307,0,83850,97331,-13481,0,0,,,
knobmirror,op_majkel6_1300,1307,1,68178,81424,-13246,0,0,,,
knobmirror,op_majkel6_1300,1308,0,108426,109016,-590,0,0,,,
knobmirror,op_majkel6_1300,1308,1,108426,109016,-590,0,0,,,
knobmirror,op_majkel6_1300,1309,0,109860,116559,-6699,0,0,,,
knobmirror,op_majkel6_1300,1309,1,109860,116559,-6699,0,0,,,
knobmirror,op_majkel6_1300,1310,0,110556,113062,-2506,0,0,,,
knobmirror,op_majkel6_1300,1310,1,116768,123768,-7000,0,0,,,
knobmirror,op_majkel6_1300,1311,0,111261,111303,-42,0,0,,,
knobmirror,op_majkel6_1300,1311,1,111261,111303,-42,0,0,,,
knobmirror,op_majkel6_1300,1312,0,125740,130377,-4637,0,0,,,
knobmirror,op_majkel6_1300,1312,1,125740,130377,-4637,0,0,,,
knobmirror,op_majkel6_1300,1313,0,124779,128219,-3440,0,0,,,
knobmirror,op_majkel6_1300,1313,1,93011,98155,-5144,0,0,,,
knobmirror,op_majkel6_1300,1314,0,98526,107781,-9255,0,0,,,
knobmirror,op_majkel6_1300,1314,1,96458,105973,-9515,0,0,,,
knobmirror,op_majkel6_1300,1315,0,85084,88381,-3297,0,0,,,
knobmirror,op_majkel6_1300,1315,1,85084,88381,-3297,0,0,,,
knobmirror,op_majkel6_1300,1316,0,113941,119073,-5132,0,0,,,
knobmirror,op_majkel6_1300,1316,1,95426,97251,-1825,0,0,,,
knobmirror,op_majkel6_1300,1317,0,108977,110412,-1435,0,0,,,
knobmirror,op_majkel6_1300,1317,1,108977,110412,-1435,0,0,,,
knobmirror,op_majkel6_1300,1318,0,94195,95224,-1029,0,0,,,
knobmirror,op_majkel6_1300,1318,1,94195,95224,-1029,0,0,,,
knobmirror,op_majkel6_1300,1319,0,77092,84741,-7649,0,0,,,
knobmirror,op_majkel6_1300,1319,1,77031,84799,-7768,0,0,,,
knobmirror,op_none_1300,1300,0,86089,86030,59,0,0,,,
knobmirror,op_none_1300,1300,1,103708,104098,-390,0,0,,,
knobmirror,op_none_1300,1301,0,112138,117519,-5381,0,0,,,
knobmirror,op_none_1300,1301,1,112138,117519,-5381,0,0,,,
knobmirror,op_none_1300,1302,0,82336,85104,-2768,0,0,,,
knobmirror,op_none_1300,1302,1,82336,85104,-2768,0,0,,,
knobmirror,op_none_1300,1303,0,126419,132764,-6345,0,0,,,
knobmirror,op_none_1300,1303,1,115331,120198,-4867,0,0,,,
knobmirror,op_none_1300,1304,0,115525,116422,-897,0,0,,,
knobmirror,op_none_1300,1304,1,115525,116422,-897,0,0,,,
knobmirror,op_none_1300,1305,0,113813,113036,777,0,0,,,
knobmirror,op_none_1300,1305,1,113813,113036,777,0,0,,,
knobmirror,op_none_1300,1306,0,79568,80717,-1149,0,0,,,
knobmirror,op_none_1300,1306,1,80459,80809,-350,0,0,,,
knobmirror,op_none_1300,1307,0,116083,124188,-8105,0,0,,,
knobmirror,op_none_1300,1307,1,101960,92648,9312,0,0,,,
knobmirror,op_none_1300,1308,0,135010,135751,-741,0,0,,,
knobmirror,op_none_1300,1308,1,135010,135751,-741,0,0,,,
knobmirror,op_none_1300,1309,0,95314,99289,-3975,0,0,,,
knobmirror,op_none_1300,1309,1,95314,99289,-3975,0,0,,,
knobmirror,op_none_1300,1310,0,115685,116766,-1081,0,0,,,
knobmirror,op_none_1300,1310,1,123529,124383,-854,0,0,,,
knobmirror,op_none_1300,1311,0,95833,97058,-1225,0,0,,,
knobmirror,op_none_1300,1311,1,95454,97729,-2275,0,0,,,
knobmirror,op_none_1300,1312,0,135826,137982,-2156,0,0,,,
knobmirror,op_none_1300,1312,1,135826,137982,-2156,0,0,,,
knobmirror,op_none_1300,1313,0,105174,104850,324,0,0,,,
knobmirror,op_none_1300,1313,1,97206,99752,-2546,0,0,,,
knobmirror,op_none_1300,1314,0,90623,88667,1956,0,0,,,
knobmirror,op_none_1300,1314,1,76732,77219,-487,0,0,,,
knobmirror,op_none_1300,1315,0,82586,84142,-1556,0,0,,,
knobmirror,op_none_1300,1315,1,82586,84142,-1556,0,0,,,
knobmirror,op_none_1300,1316,0,99645,104910,-5265,0,0,,,
knobmirror,op_none_1300,1316,1,99641,104913,-5272,0,0,,,
knobmirror,op_none_1300,1317,0,134780,131391,3389,0,0,,,
knobmirror,op_none_1300,1317,1,135169,130399,4770,0,0,,,
knobmirror,op_none_1300,1318,0,108580,112761,-4181,0,0,,,
knobmirror,op_none_1300,1318,1,108463,112513,-4050,0,0,,,
knobmirror,op_none_1300,1319,0,108241,107476,765,0,0,,,
knobmirror,op_none_1300,1319,1,108241,107476,765,0,0,,,
knobmirror,op_vadim3_1300,1300,0,91896,89532,2364,0,0,,,
knobmirror,op_vadim3_1300,1300,1,92378,91877,501,0,0,,,
knobmirror,op_vadim3_1300,1301,0,104492,103656,836,0,0,,,
knobmirror,op_vadim3_1300,1301,1,104492,103656,836,0,0,,,
knobmirror,op_vadim3_1300,1302,0,73676,73984,-308,0,0,,,
knobmirror,op_vadim3_1300,1302,1,73676,73984,-308,0,0,,,
knobmirror,op_vadim3_1300,1303,0,94712,94638,74,0,0,,,
knobmirror,op_vadim3_1300,1303,1,94638,94712,-74,0,0,,,
knobmirror,op_vadim3_1300,1304,0,93883,95729,-1846,0,0,,,
knobmirror,op_vadim3_1300,1304,1,93883,95729,-1846,0,0,,,
knobmirror,op_vadim3_1300,1305,0,115309,115884,-575,0,0,,,
knobmirror,op_vadim3_1300,1305,1,115309,115884,-575,0,0,,,
knobmirror,op_vadim3_1300,1306,0,86017,86611,-594,0,0,,,
knobmirror,op_vadim3_1300,1306,1,86611,86017,594,0,0,,,
knobmirror,op_vadim3_1300,1307,0,105594,105483,111,0,0,,,
knobmirror,op_vadim3_1300,1307,1,105483,105594,-111,0,0,,,
knobmirror,op_vadim3_1300,1308,0,114043,121783,-7740,0,0,,,
knobmirror,op_vadim3_1300,1308,1,114043,121783,-7740,0,0,,,
knobmirror,op_vadim3_1300,1309,0,98574,96077,2497,0,0,,,
knobmirror,op_vadim3_1300,1309,1,98574,96077,2497,0,0,,,
knobmirror,op_vadim3_1300,1310,0,119523,123991,-4468,0,0,,,
knobmirror,op_vadim3_1300,1310,1,119973,121444,-1471,0,0,,,
knobmirror,op_vadim3_1300,1311,0,104952,107855,-2903,0,0,,,
knobmirror,op_vadim3_1300,1311,1,104952,107855,-2903,0,0,,,
knobmirror,op_vadim3_1300,1312,0,115408,114555,853,0,0,,,
knobmirror,op_vadim3_1300,1312,1,115457,114484,973,0,0,,,
knobmirror,op_vadim3_1300,1313,0,89606,90268,-662,0,0,,,
knobmirror,op_vadim3_1300,1313,1,116691,114098,2593,0,0,,,
knobmirror,op_vadim3_1300,1314,0,109233,106495,2738,0,0,,,
knobmirror,op_vadim3_1300,1314,1,88182,93304,-5122,0,0,,,
knobmirror,op_vadim3_1300,1315,0,119938,120662,-724,0,0,,,
knobmirror,op_vadim3_1300,1315,1,119938,120662,-724,0,0,,,
knobmirror,op_vadim3_1300,1316,0,103260,105236,-1976,0,0,,,
knobmirror,op_vadim3_1300,1316,1,109348,109032,316,0,0,,,
knobmirror,op_vadim3_1300,1317,0,109986,114897,-4911,0,0,,,
knobmirror,op_vadim3_1300,1317,1,117998,118667,-669,0,0,,,
knobmirror,op_vadim3_1300,1318,0,117188,116279,909,0,0,,,
knobmirror,op_vadim3_1300,1318,1,117188,116279,909,0,0,,,
knobmirror,op_vadim3_1300,1319,0,118471,118065,406,0,0,,,
knobmirror,op_vadim3_1300,1319,1,118065,118471,-406,0,0,,,
knobmirror,op_vadim9_1300,1300,0,84893,87344,-2451,0,0,,,
knobmirror,op_vadim9_1300,1300,1,117798,113685,4113,0,0,,,
knobmirror,op_vadim9_1300,1301,0,90368,88949,1419,0,0,,,
knobmirror,op_vadim9_1300,1301,1,90368,88949,1419,0,0,,,
knobmirror,op_vadim9_1300,1302,0,85625,84892,733,0,0,,,
knobmirror,op_vadim9_1300,1302,1,85625,84892,733,0,0,,,
knobmirror,op_vadim9_1300,1303,0,91095,93165,-2070,0,0,,,
knobmirror,op_vadim9_1300,1303,1,91095,93165,-2070,0,0,,,
knobmirror,op_vadim9_1300,1304,0,87383,83901,3482,0,0,,,
knobmirror,op_vadim9_1300,1304,1,87383,83901,3482,0,0,,,
knobmirror,op_vadim9_1300,1305,0,105078,106931,-1853,0,0,,,
knobmirror,op_vadim9_1300,1305,1,104932,107702,-2770,0,0,,,
knobmirror,op_vadim9_1300,1306,0,79223,77684,1539,0,0,,,
knobmirror,op_vadim9_1300,1306,1,85205,85434,-229,0,0,,,
knobmirror,op_vadim9_1300,1307,0,73842,74661,-819,0,0,,,
knobmirror,op_vadim9_1300,1307,1,101785,109511,-7726,0,0,,,
knobmirror,op_vadim9_1300,1308,0,119213,119321,-108,0,0,,,
knobmirror,op_vadim9_1300,1308,1,119213,119321,-108,0,0,,,
knobmirror,op_vadim9_1300,1309,0,91217,93871,-2654,0,0,,,
knobmirror,op_vadim9_1300,1309,1,91217,93871,-2654,0,0,,,
knobmirror,op_vadim9_1300,1310,0,123482,128832,-5350,0,0,,,
knobmirror,op_vadim9_1300,1310,1,123480,128834,-5354,0,0,,,
knobmirror,op_vadim9_1300,1311,0,154689,153848,841,0,0,,,
knobmirror,op_vadim9_1300,1311,1,155301,153931,1370,0,0,,,
knobmirror,op_vadim9_1300,1312,0,124993,121797,3196,0,0,,,
knobmirror,op_vadim9_1300,1312,1,124993,121797,3196,0,0,,,
knobmirror,op_vadim9_1300,1313,0,114408,116026,-1618,0,0,,,
knobmirror,op_vadim9_1300,1313,1,109824,106985,2839,0,0,,,
knobmirror,op_vadim9_1300,1314,0,87061,86657,404,0,0,,,
knobmirror,op_vadim9_1300,1314,1,81288,79397,1891,0,0,,,
knobmirror,op_vadim9_1300,1315,0,114505,110128,4377,0,0,,,
knobmirror,op_vadim9_1300,1315,1,114505,110128,4377,0,0,,,
knobmirror,op_vadim9_1300,1316,0,96544,95983,561,0,0,,,
knobmirror,op_vadim9_1300,1316,1,119949,124580,-4631,0,0,,,
knobmirror,op_vadim9_1300,1317,0,123167,120730,2437,0,0,,,
knobmirror,op_vadim9_1300,1317,1,110164,109754,410,0,0,,,
knobmirror,op_vadim9_1300,1318,0,146022,151481,-5459,0,0,,,
knobmirror,op_vadim9_1300,1318,1,146022,151481,-5459,0,0,,,
knobmirror,op_vadim9_1300,1319,0,93219,99711,-6492,0,0,,,
knobmirror,op_vadim9_1300,1319,1,93219,99711,-6492,0,0,,,
knobmirror,st10_1300,1300,0,93783,100305,-6522,0,0,,,
knobmirror,st10_1300,1300,1,130535,131123,-588,0,0,,,
knobmirror,st10_1300,1301,0,132062,144308,-12246,0,0,,,
knobmirror,st10_1300,1301,1,132119,144322,-12203,0,0,,,
knobmirror,st10_1300,1302,0,91813,96285,-4472,0,0,,,
knobmirror,st10_1300,1302,1,91813,96285,-4472,0,0,,,
knobmirror,st10_1300,1303,0,84347,89596,-5249,0,0,,,
knobmirror,st10_1300,1303,1,82977,89601,-6624,0,0,,,
knobmirror,st10_1300,1304,0,123822,128354,-4532,0,0,,,
knobmirror,st10_1300,1304,1,123822,128354,-4532,0,0,,,
knobmirror,st10_1300,1305,0,101122,109689,-8567,0,0,,,
knobmirror,st10_1300,1305,1,101122,109689,-8567,0,0,,,
knobmirror,st10_1300,1306,0,83811,83552,259,0,0,,,
knobmirror,st10_1300,1306,1,80908,85511,-4603,0,0,,,
knobmirror,st10_1300,1307,0,116876,121223,-4347,0,0,,,
knobmirror,st10_1300,1307,1,116848,121170,-4322,0,0,,,
knobmirror,st10_1300,1308,0,121215,121263,-48,0,0,,,
knobmirror,st10_1300,1308,1,121215,121263,-48,0,0,,,
knobmirror,st10_1300,1309,0,104012,106578,-2566,0,0,,,
knobmirror,st10_1300,1309,1,104012,106578,-2566,0,0,,,
knobmirror,st11_1300,1300,0,80303,81419,-1116,0,0,,,
knobmirror,st11_1300,1300,1,80303,81419,-1116,0,0,,,
knobmirror,st11_1300,1301,0,118722,124510,-5788,0,0,,,
knobmirror,st11_1300,1301,1,118722,124510,-5788,0,0,,,
knobmirror,st11_1300,1302,0,93839,93416,423,0,0,,,
knobmirror,st11_1300,1302,1,93839,93416,423,0,0,,,
knobmirror,st11_1300,1303,0,118048,124542,-6494,0,0,,,
knobmirror,st11_1300,1303,1,132850,133898,-1048,0,0,,,
knobmirror,st11_1300,1304,0,92685,93716,-1031,0,0,,,
knobmirror,st11_1300,1304,1,92685,93716,-1031,0,0,,,
knobmirror,st11_1300,1305,0,114541,113478,1063,0,0,,,
knobmirror,st11_1300,1305,1,114733,112254,2479,0,0,,,
knobmirror,st11_1300,1306,0,121563,123662,-2099,0,0,,,
knobmirror,st11_1300,1306,1,121177,123559,-2382,0,0,,,
knobmirror,st11_1300,1307,0,112030,112201,-171,0,0,,,
knobmirror,st11_1300,1307,1,112062,112252,-190,0,0,,,
knobmirror,st11_1300,1308,0,122440,124219,-1779,0,0,,,
knobmirror,st11_1300,1308,1,122440,124219,-1779,0,0,,,
knobmirror,st11_1300,1309,0,91065,95299,-4234,0,0,,,
knobmirror,st11_1300,1309,1,91065,95299,-4234,0,0,,,
knobmirror,st12_1300,1300,0,77751,90175,-12424,0,0,,,
knobmirror,st12_1300,1300,1,77751,90175,-12424,0,0,,,
knobmirror,st12_1300,1301,0,75225,77325,-2100,0,0,,,
knobmirror,st12_1300,1301,1,75225,77325,-2100,0,0,,,
knobmirror,st12_1300,1302,0,90518,99724,-9206,0,0,,,
knobmirror,st12_1300,1302,1,90518,99724,-9206,0,0,,,
knobmirror,st12_1300,1303,0,120010,128222,-8212,0,0,,,
knobmirror,st12_1300,1303,1,108801,119281,-10480,0,0,,,
knobmirror,st12_1300,1304,0,69676,85846,-16170,0,0,,,
knobmirror,st12_1300,1304,1,69676,85846,-16170,0,0,,,
knobmirror,st12_1300,1305,0,112632,121057,-8425,0,0,,,
knobmirror,st12_1300,1305,1,106194,116595,-10401,0,0,,,
knobmirror,st12_1300,1306,0,95130,105471,-10341,0,0,,,
knobmirror,st12_1300,1306,1,95130,105471,-10341,0,0,,,
knobmirror,st12_1300,1307,0,116293,129527,-13234,0,0,,,
knobmirror,st12_1300,1307,1,116293,129527,-13234,0,0,,,
knobmirror,st12_1300,1308,0,94999,104684,-9685,0,0,,,
knobmirror,st12_1300,1308,1,94999,104684,-9685,0,0,,,
knobmirror,st12_1300,1309,0,89197,99720,-10523,0,0,,,
knobmirror,st12_1300,1309,1,89197,99720,-10523,0,0,,,
knobmirror,st13_1300,1300,0,101990,99924,2066,0,0,,,
knobmirror,st13_1300,1300,1,101990,99924,2066,0,0,,,
knobmirror,st13_1300,1301,0,144237,152842,-8605,0,0,,,
knobmirror,st13_1300,1301,1,144237,152842,-8605,0,0,,,
knobmirror,st13_1300,1302,0,85450,86552,-1102,0,0,,,
knobmirror,st13_1300,1302,1,85450,86552,-1102,0,0,,,
knobmirror,st13_1300,1303,0,129975,135047,-5072,0,0,,,
knobmirror,st13_1300,1303,1,136103,138683,-2580,0,0,,,
knobmirror,st13_1300,1304,0,92564,93598,-1034,0,0,,,
knobmirror,st13_1300,1304,1,92564,93598,-1034,0,0,,,
knobmirror,st13_1300,1305,0,91785,89496,2289,0,0,,,
knobmirror,st13_1300,1305,1,92360,89847,2513,0,0,,,
knobmirror,st13_1300,1306,0,136908,138229,-1321,0,0,,,
knobmirror,st13_1300,1306,1,139281,136492,2789,0,0,,,
knobmirror,st13_1300,1307,0,114531,114660,-129,0,0,,,
knobmirror,st13_1300,1307,1,114722,114659,63,0,0,,,
knobmirror,st13_1300,1308,0,107087,109015,-1928,0,0,,,
knobmirror,st13_1300,1308,1,107087,109015,-1928,0,0,,,
knobmirror,st13_1300,1309,0,90322,90406,-84,0,0,,,
knobmirror,st13_1300,1309,1,90322,90406,-84,0,0,,,
knobmirror,st14_1300,1300,0,77231,82327,-5096,0,0,,,
knobmirror,st14_1300,1300,1,77231,82327,-5096,0,0,,,
knobmirror,st14_1300,1301,0,145193,141051,4142,0,0,,,
knobmirror,st14_1300,1301,1,145193,141051,4142,0,0,,,
knobmirror,st14_1300,1302,0,107698,111001,-3303,0,0,,,
knobmirror,st14_1300,1302,1,107698,111001,-3303,0,0,,,
knobmirror,st14_1300,1303,0,150975,156685,-5710,0,0,,,
knobmirror,st14_1300,1303,1,150975,156685,-5710,0,0,,,
knobmirror,st14_1300,1304,0,107120,113834,-6714,0,0,,,
knobmirror,st14_1300,1304,1,107120,113834,-6714,0,0,,,
knobmirror,st14_1300,1305,0,104533,109686,-5153,0,0,,,
knobmirror,st14_1300,1305,1,104533,109686,-5153,0,0,,,
knobmirror,st14_1300,1306,0,85694,90739,-5045,0,0,,,
knobmirror,st14_1300,1306,1,86354,92029,-5675,0,0,,,
knobmirror,st14_1300,1307,0,111903,110577,1326,0,0,,,
knobmirror,st14_1300,1307,1,96841,102643,-5802,0,0,,,
knobmirror,st14_1300,1308,0,122595,132462,-9867,0,0,,,
knobmirror,st14_1300,1308,1,122595,132462,-9867,0,0,,,
knobmirror,st14_1300,1309,0,83123,88302,-5179,0,0,,,
knobmirror,st14_1300,1309,1,83123,88302,-5179,0,0,,,
knobmirror,st15_1300,1300,0,90673,99486,-8813,0,0,,,
knobmirror,st15_1300,1300,1,90673,99486,-8813,0,0,,,
knobmirror,st15_1300,1301,0,111626,115130,-3504,0,0,,,
knobmirror,st15_1300,1301,1,111632,115147,-3515,0,0,,,
knobmirror,st15_1300,1302,0,82668,89232,-6564,0,0,,,
knobmirror,st15_1300,1302,1,82668,89232,-6564,0,0,,,
knobmirror,st15_1300,1303,0,94842,101328,-6486,0,0,,,
knobmirror,st15_1300,1303,1,94842,101328,-6486,0,0,,,
knobmirror,st15_1300,1304,0,98632,106493,-7861,0,0,,,
knobmirror,st15_1300,1304,1,98632,106493,-7861,0,0,,,
knobmirror,st15_1300,1305,0,131197,141940,-10743,0,0,,,
knobmirror,st15_1300,1305,1,133723,143266,-9543,0,0,,,
knobmirror,st15_1300,1306,0,122464,124471,-2007,0,0,,,
knobmirror,st15_1300,1306,1,112226,115141,-2915,0,0,,,
knobmirror,st15_1300,1307,0,114185,100849,13336,0,0,,,
knobmirror,st15_1300,1307,1,114191,100796,13395,0,0,,,
knobmirror,st15_1300,1308,0,116779,123462,-6683,0,0,,,
knobmirror,st15_1300,1308,1,116779,123462,-6683,0,0,,,
knobmirror,st15_1300,1309,0,100566,113032,-12466,0,0,,,
knobmirror,st15_1300,1309,1,100566,113032,-12466,0,0,,,
knobmirror,st16_1300,1300,0,97554,95578,1976,0,0,,,
knobmirror,st16_1300,1300,1,97554,95578,1976,0,0,,,
knobmirror,st16_1300,1301,0,122008,121711,297,0,0,,,
knobmirror,st16_1300,1301,1,122008,121711,297,0,0,,,
knobmirror,st16_1300,1302,0,78524,79904,-1380,0,0,,,
knobmirror,st16_1300,1302,1,78524,79904,-1380,0,0,,,
knobmirror,st16_1300,1303,0,120139,124096,-3957,0,0,,,
knobmirror,st16_1300,1303,1,164400,164404,-4,0,0,,,
knobmirror,st16_1300,1304,0,84986,87138,-2152,0,0,,,
knobmirror,st16_1300,1304,1,84986,87138,-2152,0,0,,,
knobmirror,st16_1300,1305,0,133984,129538,4446,0,0,,,
knobmirror,st16_1300,1305,1,136471,133912,2559,0,0,,,
knobmirror,st16_1300,1306,0,100454,100594,-140,0,0,,,
knobmirror,st16_1300,1306,1,93602,92915,687,0,0,,,
knobmirror,st16_1300,1307,0,89218,88904,314,0,0,,,
knobmirror,st16_1300,1307,1,94765,94157,608,0,0,,,
knobmirror,st16_1300,1308,0,125345,124320,1025,0,0,,,
knobmirror,st16_1300,1308,1,125345,124320,1025,0,0,,,
knobmirror,st16_1300,1309,0,85111,88239,-3128,0,0,,,
knobmirror,st16_1300,1309,1,85111,88239,-3128,0,0,,,
knobmirror,st17_1300,1300,0,80751,82803,-2052,0,0,,,
knobmirror,st17_1300,1300,1,80751,82803,-2052,0,0,,,
knobmirror,st17_1300,1301,0,124458,121028,3430,0,0,,,
knobmirror,st17_1300,1301,1,124458,121028,3430,0,0,,,
knobmirror,st17_1300,1302,0,93284,97311,-4027,0,0,,,
knobmirror,st17_1300,1302,1,93284,97311,-4027,0,0,,,
knobmirror,st17_1300,1303,0,125076,126009,-933,0,0,,,
knobmirror,st17_1300,1303,1,122628,128235,-5607,0,0,,,
knobmirror,st17_1300,1304,0,89643,95887,-6244,0,0,,,
knobmirror,st17_1300,1304,1,89643,95887,-6244,0,0,,,
knobmirror,st17_1300,1305,0,114158,113700,458,0,0,,,
knobmirror,st17_1300,1305,1,114158,113700,458,0,0,,,
knobmirror,st17_1300,1306,0,105802,107151,-1349,0,0,,,
knobmirror,st17_1300,1306,1,104615,106157,-1542,0,0,,,
knobmirror,st17_1300,1307,0,111362,110286,1076,0,0,,,
knobmirror,st17_1300,1307,1,103076,95462,7614,0,0,,,
knobmirror,st17_1300,1308,0,106282,107897,-1615,0,0,,,
knobmirror,st17_1300,1308,1,106282,107897,-1615,0,0,,,
knobmirror,st17_1300,1309,0,92560,93187,-627,0,0,,,
knobmirror,st17_1300,1309,1,92560,93187,-627,0,0,,,
knobmirror,st18_1300,1300,0,79896,85652,-5756,0,0,,,
knobmirror,st18_1300,1300,1,79896,85652,-5756,0,0,,,
knobmirror,st18_1300,1301,0,89624,86930,2694,0,0,,,
knobmirror,st18_1300,1301,1,89624,86930,2694,0,0,,,
knobmirror,st18_1300,1302,0,81397,83486,-2089,0,0,,,
knobmirror,st18_1300,1302,1,81397,83486,-2089,0,0,,,
knobmirror,st18_1300,1303,0,90689,97248,-6559,0,0,,,
knobmirror,st18_1300,1303,1,90358,97879,-7521,0,0,,,
knobmirror,st18_1300,1304,0,74471,80696,-6225,0,0,,,
knobmirror,st18_1300,1304,1,74471,80696,-6225,0,0,,,
knobmirror,st18_1300,1305,0,107165,110201,-3036,0,0,,,
knobmirror,st18_1300,1305,1,105500,109427,-3927,0,0,,,
knobmirror,st18_1300,1306,0,85302,88352,-3050,0,0,,,
knobmirror,st18_1300,1306,1,93448,95908,-2460,0,0,,,
knobmirror,st18_1300,1307,0,96299,96677,-378,0,0,,,
knobmirror,st18_1300,1307,1,96003,96272,-269,0,0,,,
knobmirror,st18_1300,1308,0,100220,99303,917,0,0,,,
knobmirror,st18_1300,1308,1,100220,99303,917,0,0,,,
knobmirror,st18_1300,1309,0,106830,107889,-1059,0,0,,,
knobmirror,st18_1300,1309,1,106830,107889,-1059,0,0,,,
knobmirror,st19_1300,1300,0,82074,84577,-2503,0,0,,,
knobmirror,st19_1300,1300,1,82074,84577,-2503,0,0,,,
knobmirror,st19_1300,1301,0,108510,108354,156,0,0,,,
knobmirror,st19_1300,1301,1,108510,108354,156,0,0,,,
knobmirror,st19_1300,1302,0,78875,82144,-3269,0,0,,,
knobmirror,st19_1300,1302,1,78875,82144,-3269,0,0,,,
knobmirror,st19_1300,1303,0,129718,128197,1521,0,0,,,
knobmirror,st19_1300,1303,1,129755,130862,-1107,0,0,,,
knobmirror,st19_1300,1304,0,100809,98968,1841,0,0,,,
knobmirror,st19_1300,1304,1,100809,98968,1841,0,0,,,
knobmirror,st19_1300,1305,0,138139,133204,4935,0,0,,,
knobmirror,st19_1300,1305,1,135440,129146,6294,0,0,,,
knobmirror,st19_1300,1306,0,101475,98153,3322,0,0,,,
knobmirror,st19_1300,1306,1,88698,93212,-4514,0,0,,,
knobmirror,st19_1300,1307,0,78111,82617,-4506,0,0,,,
knobmirror,st19_1300,1307,1,78138,82594,-4456,0,0,,,
knobmirror,st19_1300,1308,0,122365,123535,-1170,0,0,,,
knobmirror,st19_1300,1308,1,122365,123535,-1170,0,0,,,
knobmirror,st19_1300,1309,0,93336,92847,489,0,0,,,
knobmirror,st19_1300,1309,1,93336,92847,489,0,0,,,
knobmirror,st1_1300,1300,0,89636,87308,2328,0,0,,,
knobmirror,st1_1300,1300,1,89636,87308,2328,0,0,,,
knobmirror,st1_1300,1301,0,140597,127271,13326,0,0,,,
knobmirror,st1_1300,1301,1,144365,129898,14467,0,0,,,
knobmirror,st1_1300,1302,0,85781,91053,-5272,0,0,,,
knobmirror,st1_1300,1302,1,85781,91053,-5272,0,0,,,
knobmirror,st1_1300,1303,0,117130,117700,-570,0,0,,,
knobmirror,st1_1300,1303,1,112695,121366,-8671,0,0,,,
knobmirror,st1_1300,1304,0,142949,136964,5985,0,0,,,
knobmirror,st1_1300,1304,1,143932,139369,4563,0,0,,,
knobmirror,st1_1300,1305,0,126732,127927,-1195,0,0,,,
knobmirror,st1_1300,1305,1,128880,129386,-506,0,0,,,
knobmirror,st1_1300,1306,0,105599,107170,-1571,0,0,,,
knobmirror,st1_1300,1306,1,115327,118244,-2917,0,0,,,
knobmirror,st1_1300,1307,0,110903,111114,-211,0,0,,,
knobmirror,st1_1300,1307,1,110903,111114,-211,0,0,,,
knobmirror,st1_1300,1308,0,103293,102370,923,0,0,,,
knobmirror,st1_1300,1308,1,103293,102370,923,0,0,,,
knobmirror,st1_1300,1309,0,95722,101787,-6065,0,0,,,
knobmirror,st1_1300,1309,1,95722,101787,-6065,0,0,,,
knobmirror,st20_1300,1300,0,79400,83720,-4320,0,0,,,
knobmirror,st20_1300,1300,1,79400,83720,-4320,0,0,,,
knobmirror,st20_1300,1301,0,131305,128345,2960,0,0,,,
knobmirror,st20_1300,1301,1,131305,128345,2960,0,0,,,
knobmirror,st20_1300,1302,0,77728,85992,-8264,0,0,,,
knobmirror,st20_1300,1302,1,77728,85992,-8264,0,0,,,
knobmirror,st20_1300,1303,0,111065,97324,13741,0,0,,,
knobmirror,st20_1300,1303,1,111040,97267,13773,0,0,,,
knobmirror,st20_1300,1304,0,94593,100204,-5611,0,0,,,
knobmirror,st20_1300,1304,1,94593,100204,-5611,0,0,,,
knobmirror,st20_1300,1305,0,127989,133038,-5049,0,0,,,
knobmirror,st20_1300,1305,1,129243,134211,-4968,0,0,,,
knobmirror,st20_1300,1306,0,127392,135434,-8042,0,0,,,
knobmirror,st20_1300,1306,1,146648,150175,-3527,0,0,,,
knobmirror,st20_1300,1307,0,118445,129835,-11390,0,0,,,
knobmirror,st20_1300,1307,1,118317,129806,-11489,0,0,,,
knobmirror,st20_1300,1308,0,114611,136673,-22062,0,0,,,
knobmirror,st20_1300,1308,1,114611,136673,-22062,0,0,,,
knobmirror,st20_1300,1309,0,106808,109343,-2535,0,0,,,
knobmirror,st20_1300,1309,1,106808,109343,-2535,0,0,,,
knobmirror,st21_1300,1300,0,83120,84073,-953,0,0,,,
knobmirror,st21_1300,1300,1,83120,84073,-953,0,0,,,
knobmirror,st21_1300,1301,0,104752,107079,-2327,0,0,,,
knobmirror,st21_1300,1301,1,104752,107079,-2327,0,0,,,
knobmirror,st21_1300,1302,0,92847,91660,1187,0,0,,,
knobmirror,st21_1300,1302,1,92847,91660,1187,0,0,,,
knobmirror,st21_1300,1303,0,111685,108983,2702,0,0,,,
knobmirror,st21_1300,1303,1,111685,108983,2702,0,0,,,
knobmirror,st21_1300,1304,0,103199,105661,-2462,0,0,,,
knobmirror,st21_1300,1304,1,103199,105661,-2462,0,0,,,
knobmirror,st21_1300,1305,0,111543,119505,-7962,0,0,,,
knobmirror,st21_1300,1305,1,111543,119505,-7962,0,0,,,
knobmirror,st21_1300,1306,0,84386,87320,-2934,0,0,,,
knobmirror,st21_1300,1306,1,92765,92997,-232,0,0,,,
knobmirror,st21_1300,1307,0,121929,123392,-1463,0,0,,,
knobmirror,st21_1300,1307,1,126783,128220,-1437,0,0,,,
knobmirror,st21_1300,1308,0,133916,140078,-6162,0,0,,,
knobmirror,st21_1300,1308,1,133916,140078,-6162,0,0,,,
knobmirror,st21_1300,1309,0,67665,71165,-3500,0,0,,,
knobmirror,st21_1300,1309,1,67665,71165,-3500,0,0,,,
knobmirror,st22_1300,1300,0,84650,90595,-5945,0,0,,,
knobmirror,st22_1300,1300,1,87869,84588,3281,0,0,,,
knobmirror,st22_1300,1301,0,118569,118982,-413,0,0,,,
knobmirror,st22_1300,1301,1,118569,118982,-413,0,0,,,
knobmirror,st22_1300,1302,0,82650,78860,3790,0,0,,,
knobmirror,st22_1300,1302,1,82650,78860,3790,0,0,,,
knobmirror,st22_1300,1303,0,90272,87678,2594,0,0,,,
knobmirror,st22_1300,1303,1,90272,87678,2594,0,0,,,
knobmirror,st22_1300,1304,0,108571,108950,-379,0,0,,,
knobmirror,st22_1300,1304,1,108571,108950,-379,0,0,,,
knobmirror,st22_1300,1305,0,134608,127402,7206,0,0,,,
knobmirror,st22_1300,1305,1,122779,118229,4550,0,0,,,
knobmirror,st22_1300,1306,0,133884,134901,-1017,0,0,,,
knobmirror,st22_1300,1306,1,130781,132312,-1531,0,0,,,
knobmirror,st22_1300,1307,0,112962,111558,1404,0,0,,,
knobmirror,st22_1300,1307,1,74540,76694,-2154,0,0,,,
knobmirror,st22_1300,1308,0,129042,130384,-1342,0,0,,,
knobmirror,st22_1300,1308,1,129042,130384,-1342,0,0,,,
knobmirror,st22_1300,1309,0,97833,95122,2711,0,0,,,
knobmirror,st22_1300,1309,1,97833,95122,2711,0,0,,,
knobmirror,st23_1300,1300,0,106115,105687,428,0,0,,,
knobmirror,st23_1300,1300,1,106115,105687,428,0,0,,,
knobmirror,st23_1300,1301,0,129508,135506,-5998,0,0,,,
knobmirror,st23_1300,1301,1,129572,135718,-6146,0,0,,,
knobmirror,st23_1300,1302,0,85669,87467,-1798,0,0,,,
knobmirror,st23_1300,1302,1,85669,87467,-1798,0,0,,,
knobmirror,st23_1300,1303,0,106819,116006,-9187,0,0,,,
knobmirror,st23_1300,1303,1,115138,119094,-3956,0,0,,,
knobmirror,st23_1300,1304,0,103372,107169,-3797,0,0,,,
knobmirror,st23_1300,1304,1,103372,107169,-3797,0,0,,,
knobmirror,st23_1300,1305,0,104302,107350,-3048,0,0,,,
knobmirror,st23_1300,1305,1,104302,107350,-3048,0,0,,,
knobmirror,st23_1300,1306,0,77637,80869,-3232,0,0,,,
knobmirror,st23_1300,1306,1,81617,83506,-1889,0,0,,,
knobmirror,st23_1300,1307,0,103054,111697,-8643,0,0,,,
knobmirror,st23_1300,1307,1,120842,129154,-8312,0,0,,,
knobmirror,st23_1300,1308,0,133266,139443,-6177,0,0,,,
knobmirror,st23_1300,1308,1,133266,139443,-6177,0,0,,,
knobmirror,st23_1300,1309,0,75803,78266,-2463,0,0,,,
knobmirror,st23_1300,1309,1,75803,78266,-2463,0,0,,,
knobmirror,st24_1300,1300,0,98244,119499,-21255,0,0,,,
knobmirror,st24_1300,1300,1,98244,119499,-21255,0,0,,,
knobmirror,st24_1300,1301,0,97365,121614,-24249,0,0,,,
knobmirror,st24_1300,1301,1,94671,117710,-23039,0,0,,,
knobmirror,st24_1300,1302,0,88633,113338,-24705,0,0,,,
knobmirror,st24_1300,1302,1,88633,113338,-24705,0,0,,,
knobmirror,st24_1300,1303,0,113387,133524,-20137,0,0,,,
knobmirror,st24_1300,1303,1,73835,97616,-23781,0,0,,,
knobmirror,st24_1300,1304,0,72826,94282,-21456,0,0,,,
knobmirror,st24_1300,1304,1,72826,94282,-21456,0,0,,,
knobmirror,st24_1300,1305,0,99963,132193,-32230,0,0,,,
knobmirror,st24_1300,1305,1,90904,109283,-18379,0,0,,,
knobmirror,st24_1300,1306,0,93459,105675,-12216,0,0,,,
knobmirror,st24_1300,1306,1,95001,122950,-27949,0,0,,,
knobmirror,st24_1300,1307,0,95865,117437,-21572,0,0,,,
knobmirror,st24_1300,1307,1,85090,113389,-28299,0,0,,,
knobmirror,st24_1300,1308,0,99040,120985,-21945,0,0,,,
knobmirror,st24_1300,1308,1,99040,120985,-21945,0,0,,,
knobmirror,st24_1300,1309,0,111597,142088,-30491,0,0,,,
knobmirror,st24_1300,1309,1,99681,121973,-22292,0,0,,,
knobmirror,st25_1300,1300,0,84848,90528,-5680,0,0,,,
knobmirror,st25_1300,1300,1,101631,105168,-3537,0,0,,,
knobmirror,st25_1300,1301,0,119304,123563,-4259,0,0,,,
knobmirror,st25_1300,1301,1,119304,123563,-4259,0,0,,,
knobmirror,st25_1300,1302,0,91838,99059,-7221,0,0,,,
knobmirror,st25_1300,1302,1,91838,99059,-7221,0,0,,,
knobmirror,st25_1300,1303,0,138327,137899,428,0,0,,,
knobmirror,st25_1300,1303,1,138001,134937,3064,0,0,,,
knobmirror,st25_1300,1304,0,87820,94585,-6765,0,0,,,
knobmirror,st25_1300,1304,1,87820,94585,-6765,0,0,,,
knobmirror,st25_1300,1305,0,99672,107718,-8046,0,0,,,
knobmirror,st25_1300,1305,1,99672,107718,-8046,0,0,,,
knobmirror,st25_1300,1306,0,84571,89487,-4916,0,0,,,
knobmirror,st25_1300,1306,1,84571,89487,-4916,0,0,,,
knobmirror,st25_1300,1307,0,101642,113474,-11832,0,0,,,
knobmirror,st25_1300,1307,1,101493,113451,-11958,0,0,,,
knobmirror,st25_1300,1308,0,124556,130708,-6152,0,0,,,
knobmirror,st25_1300,1308,1,124556,130708,-6152,0,0,,,
knobmirror,st25_1300,1309,0,89056,93501,-4445,0,0,,,
knobmirror,st25_1300,1309,1,89056,93501,-4445,0,0,,,
knobmirror,st26_1300,1300,0,94181,99745,-5564,0,0,,,
knobmirror,st26_1300,1300,1,88572,88047,525,0,0,,,
knobmirror,st26_1300,1301,0,108783,112791,-4008,0,0,,,
knobmirror,st26_1300,1301,1,108783,112791,-4008,0,0,,,
knobmirror,st26_1300,1302,0,75500,81131,-5631,0,0,,,
knobmirror,st26_1300,1302,1,75500,81131,-5631,0,0,,,
knobmirror,st26_1300,1303,0,123051,121075,1976,0,0,,,
knobmirror,st26_1300,1303,1,123985,119884,4101,0,0,,,
knobmirror,st26_1300,1304,0,105495,106734,-1239,0,0,,,
knobmirror,st26_1300,1304,1,105495,106734,-1239,0,0,,,
knobmirror,st26_1300,1305,0,112192,114992,-2800,0,0,,,
knobmirror,st26_1300,1305,1,112192,114992,-2800,0,0,,,
knobmirror,st26_1300,1306,0,115031,113442,1589,0,0,,,
knobmirror,st26_1300,1306,1,124670,123055,1615,0,0,,,
knobmirror,st26_1300,1307,0,85461,89424,-3963,0,0,,,
knobmirror,st26_1300,1307,1,83358,93467,-10109,0,0,,,
knobmirror,st26_1300,1308,0,133681,137669,-3988,0,0,,,
knobmirror,st26_1300,1308,1,133681,137669,-3988,0,0,,,
knobmirror,st26_1300,1309,0,97345,100737,-3392,0,0,,,
knobmirror,st26_1300,1309,1,97345,100737,-3392,0,0,,,
knobmirror,st27_1300,1300,0,87080,97009,-9929,0,0,,,
knobmirror,st27_1300,1300,1,87080,97009,-9929,0,0,,,
knobmirror,st27_1300,1301,0,99251,101605,-2354,0,0,,,
knobmirror,st27_1300,1301,1,99250,101590,-2340,0,0,,,
knobmirror,st27_1300,1302,0,67428,80598,-13170,0,0,,,
knobmirror,st27_1300,1302,1,67428,80598,-13170,0,0,,,
knobmirror,st27_1300,1303,0,96067,101135,-5068,0,0,,,
knobmirror,st27_1300,1303,1,96507,102228,-5721,0,0,,,
knobmirror,st27_1300,1304,0,97304,108079,-10775,0,0,,,
knobmirror,st27_1300,1304,1,97304,108079,-10775,0,0,,,
knobmirror,st27_1300,1305,0,90474,99381,-8907,0,0,,,
knobmirror,st27_1300,1305,1,90474,99381,-8907,0,0,,,
knobmirror,st27_1300,1306,0,108790,110326,-1536,0,0,,,
knobmirror,st27_1300,1306,1,105370,110934,-5564,0,0,,,
knobmirror,st27_1300,1307,0,95204,103492,-8288,0,0,,,
knobmirror,st27_1300,1307,1,77329,78658,-1329,0,0,,,
knobmirror,st27_1300,1308,0,121689,124519,-2830,0,0,,,
knobmirror,st27_1300,1308,1,121689,124519,-2830,0,0,,,
knobmirror,st27_1300,1309,0,104942,114738,-9796,0,0,,,
knobmirror,st27_1300,1309,1,104942,114738,-9796,0,0,,,
knobmirror,st28_1300,1300,0,119555,113224,6331,0,0,,,
knobmirror,st28_1300,1300,1,119555,113224,6331,0,0,,,
knobmirror,st28_1300,1301,0,103386,105244,-1858,0,0,,,
knobmirror,st28_1300,1301,1,103386,105244,-1858,0,0,,,
knobmirror,st28_1300,1302,0,97494,98115,-621,0,0,,,
knobmirror,st28_1300,1302,1,97494,98115,-621,0,0,,,
knobmirror,st28_1300,1303,0,127952,129990,-2038,0,0,,,
knobmirror,st28_1300,1303,1,124897,126826,-1929,0,0,,,
knobmirror,st28_1300,1304,0,106818,105402,1416,0,0,,,
knobmirror,st28_1300,1304,1,106818,105402,1416,0,0,,,
knobmirror,st28_1300,1305,0,110555,110769,-214,0,0,,,
knobmirror,st28_1300,1305,1,110555,110769,-214,0,0,,,
knobmirror,st28_1300,1306,0,119080,127674,-8594,0,0,,,
knobmirror,st28_1300,1306,1,136328,140624,-4296,0,0,,,
knobmirror,st28_1300,1307,0,95956,90399,5557,0,0,,,
knobmirror,st28_1300,1307,1,90914,88934,1980,0,0,,,
knobmirror,st28_1300,1308,0,109318,110800,-1482,0,0,,,
knobmirror,st28_1300,1308,1,109318,110800,-1482,0,0,,,
knobmirror,st28_1300,1309,0,83871,85961,-2090,0,0,,,
knobmirror,st28_1300,1309,1,83871,85961,-2090,0,0,,,
knobmirror,st29_1300,1300,0,96108,99730,-3622,0,0,,,
knobmirror,st29_1300,1300,1,105904,113960,-8056,0,0,,,
knobmirror,st29_1300,1301,0,104035,109948,-5913,0,0,,,
knobmirror,st29_1300,1301,1,104142,110086,-5944,0,0,,,
knobmirror,st29_1300,1302,0,79595,81988,-2393,0,0,,,
knobmirror,st29_1300,1302,1,79595,81988,-2393,0,0,,,
knobmirror,st29_1300,1303,0,121967,130877,-8910,0,0,,,
knobmirror,st29_1300,1303,1,117966,124835,-6869,0,0,,,
knobmirror,st29_1300,1304,0,117416,130224,-12808,0,0,,,
knobmirror,st29_1300,1304,1,117416,130224,-12808,0,0,,,
knobmirror,st29_1300,1305,0,107289,130385,-23096,0,0,,,
knobmirror,st29_1300,1305,1,106191,129571,-23380,0,0,,,
knobmirror,st29_1300,1306,0,105677,110662,-4985,0,0,,,
knobmirror,st29_1300,1306,1,105677,110662,-4985,0,0,,,
knobmirror,st29_1300,1307,0,104969,110672,-5703,0,0,,,
knobmirror,st29_1300,1307,1,114738,123975,-9237,0,0,,,
knobmirror,st29_1300,1308,0,109528,118039,-8511,0,0,,,
knobmirror,st29_1300,1308,1,109528,118039,-8511,0,0,,,
knobmirror,st29_1300,1309,0,85079,86006,-927,0,0,,,
knobmirror,st29_1300,1309,1,85079,86006,-927,0,0,,,
knobmirror,st4_1300,1300,0,105704,108203,-2499,0,0,,,
knobmirror,st4_1300,1300,1,105704,108203,-2499,0,0,,,
knobmirror,st4_1300,1301,0,104207,101728,2479,0,0,,,
knobmirror,st4_1300,1301,1,104207,101728,2479,0,0,,,
knobmirror,st4_1300,1302,0,87184,85707,1477,0,0,,,
knobmirror,st4_1300,1302,1,87184,85707,1477,0,0,,,
knobmirror,st4_1300,1303,0,90692,91200,-508,0,0,,,
knobmirror,st4_1300,1303,1,92152,90898,1254,0,0,,,
knobmirror,st4_1300,1304,0,97782,98220,-438,0,0,,,
knobmirror,st4_1300,1304,1,97782,98220,-438,0,0,,,
knobmirror,st4_1300,1305,0,87309,88134,-825,0,0,,,
knobmirror,st4_1300,1305,1,87309,88134,-825,0,0,,,
knobmirror,st4_1300,1306,0,76409,79549,-3140,0,0,,,
knobmirror,st4_1300,1306,1,79811,82412,-2601,0,0,,,
knobmirror,st4_1300,1307,0,88569,87957,612,0,0,,,
knobmirror,st4_1300,1307,1,88569,87957,612,0,0,,,
knobmirror,st4_1300,1308,0,116611,116375,236,0,0,,,
knobmirror,st4_1300,1308,1,116611,116375,236,0,0,,,
knobmirror,st4_1300,1309,0,84510,88659,-4149,0,0,,,
knobmirror,st4_1300,1309,1,84510,88659,-4149,0,0,,,
knobmirror,st5_1300,1300,0,79306,85429,-6123,0,0,,,
knobmirror,st5_1300,1300,1,99775,95972,3803,0,0,,,
knobmirror,st5_1300,1301,0,98833,96497,2336,0,0,,,
knobmirror,st5_1300,1301,1,98833,96497,2336,0,0,,,
knobmirror,st5_1300,1302,0,102087,105369,-3282,0,0,,,
knobmirror,st5_1300,1302,1,102087,105369,-3282,0,0,,,
knobmirror,st5_1300,1303,0,93409,94179,-770,0,0,,,
knobmirror,st5_1300,1303,1,93393,94242,-849,0,0,,,
knobmirror,st5_1300,1304,0,90902,96550,-5648,0,0,,,
knobmirror,st5_1300,1304,1,90902,96550,-5648,0,0,,,
knobmirror,st5_1300,1305,0,112382,107240,5142,0,0,,,
knobmirror,st5_1300,1305,1,112382,107240,5142,0,0,,,
knobmirror,st5_1300,1306,0,97899,98162,-263,0,0,,,
knobmirror,st5_1300,1306,1,85344,88698,-3354,0,0,,,
knobmirror,st5_1300,1307,0,104405,108003,-3598,0,0,,,
knobmirror,st5_1300,1307,1,91376,99560,-8184,0,0,,,
knobmirror,st5_1300,1308,0,121460,122532,-1072,0,0,,,
knobmirror,st5_1300,1308,1,121460,122532,-1072,0,0,,,
knobmirror,st5_1300,1309,0,100040,105049,-5009,0,0,,,
knobmirror,st5_1300,1309,1,100040,105049,-5009,0,0,,,
knobmirror,st6_1300,1300,0,98629,98992,-363,0,0,,,
knobmirror,st6_1300,1300,1,98629,98992,-363,0,0,,,
knobmirror,st6_1300,1301,0,118441,125869,-7428,0,0,,,
knobmirror,st6_1300,1301,1,118458,125850,-7392,0,0,,,
knobmirror,st6_1300,1302,0,84877,86903,-2026,0,0,,,
knobmirror,st6_1300,1302,1,84877,86903,-2026,0,0,,,
knobmirror,st6_1300,1303,0,81603,84851,-3248,0,0,,,
knobmirror,st6_1300,1303,1,88325,89655,-1330,0,0,,,
knobmirror,st6_1300,1304,0,99517,98623,894,0,0,,,
knobmirror,st6_1300,1304,1,99517,98623,894,0,0,,,
knobmirror,st6_1300,1305,0,101039,102921,-1882,0,0,,,
knobmirror,st6_1300,1305,1,101445,104004,-2559,0,0,,,
knobmirror,st6_1300,1306,0,84644,89085,-4441,0,0,,,
knobmirror,st6_1300,1306,1,84923,89344,-4421,0,0,,,
knobmirror,st6_1300,1307,0,112111,114741,-2630,0,0,,,
knobmirror,st6_1300,1307,1,116190,121830,-5640,0,0,,,
knobmirror,st6_1300,1308,0,107405,111796,-4391,0,0,,,
knobmirror,st6_1300,1308,1,107405,111796,-4391,0,0,,,
knobmirror,st6_1300,1309,0,111404,112520,-1116,0,0,,,
knobmirror,st6_1300,1309,1,111404,112520,-1116,0,0,,,
knobmirror,str100_1300,1300,0,92954,91561,1393,0,0,,,
knobmirror,str100_1300,1300,1,74006,76961,-2955,0,0,,,
knobmirror,str100_1300,1301,0,91939,95120,-3181,0,0,,,
knobmirror,str100_1300,1301,1,92006,95313,-3307,0,0,,,
knobmirror,str100_1300,1302,0,93140,92542,598,0,0,,,
knobmirror,str100_1300,1302,1,93140,92542,598,0,0,,,
knobmirror,str100_1300,1303,0,105618,103949,1669,0,0,,,
knobmirror,str100_1300,1303,1,105688,103904,1784,0,0,,,
knobmirror,str100_1300,1304,0,77923,74905,3018,0,0,,,
knobmirror,str100_1300,1304,1,77923,74905,3018,0,0,,,
knobmirror,str100_1300,1305,0,90357,92323,-1966,0,0,,,
knobmirror,str100_1300,1305,1,90357,92323,-1966,0,0,,,
knobmirror,str100_1300,1306,0,97984,96823,1161,0,0,,,
knobmirror,str100_1300,1306,1,97025,96378,647,0,0,,,
knobmirror,str100_1300,1307,0,92018,85468,6550,0,0,,,
knobmirror,str100_1300,1307,1,92020,85478,6542,0,0,,,
knobmirror,str100_1300,1308,0,116379,116362,17,0,0,,,
knobmirror,str100_1300,1308,1,116379,116362,17,0,0,,,
knobmirror,str100_1300,1309,0,139618,130800,8818,0,0,,,
knobmirror,str100_1300,1309,1,139618,130800,8818,0,0,,,
knobmirror,str100_1300,1310,0,117320,116552,768,0,0,,,
knobmirror,str100_1300,1310,1,117320,116552,768,0,0,,,
knobmirror,str100_1300,1311,0,120145,125284,-5139,0,0,,,
knobmirror,str100_1300,1311,1,120145,125284,-5139,0,0,,,
knobmirror,str100_1300,1312,0,115438,116476,-1038,0,0,,,
knobmirror,str100_1300,1312,1,115438,116476,-1038,0,0,,,
knobmirror,str100_1300,1313,0,91049,93100,-2051,0,0,,,
knobmirror,str100_1300,1313,1,91052,93085,-2033,0,0,,,
knobmirror,str100_1300,1314,0,112446,113390,-944,0,0,,,
knobmirror,str100_1300,1314,1,97738,94494,3244,0,0,,,
knobmirror,str100_1300,1315,0,91908,90951,957,0,0,,,
knobmirror,str100_1300,1315,1,91908,90951,957,0,0,,,
knobmirror,str100_1300,1316,0,110956,115354,-4398,0,0,,,
knobmirror,str100_1300,1316,1,110074,109621,453,0,0,,,
knobmirror,str100_1300,1317,0,129947,128006,1941,0,0,,,
knobmirror,str100_1300,1317,1,129940,128058,1882,0,0,,,
knobmirror,str100_1300,1318,0,109897,101769,8128,0,0,,,
knobmirror,str100_1300,1318,1,109897,101769,8128,0,0,,,
knobmirror,str100_1300,1319,0,97267,100622,-3355,0,0,,,
knobmirror,str100_1300,1319,1,97267,100622,-3355,0,0,,,
knobmirror,str200_1300,1300,0,101073,101564,-491,0,0,,,
knobmirror,str200_1300,1300,1,100920,99137,1783,0,0,,,
knobmirror,str200_1300,1301,0,106306,107821,-1515,0,0,,,
knobmirror,str200_1300,1301,1,106306,107821,-1515,0,0,,,
knobmirror,str200_1300,1302,0,93944,91845,2099,0,0,,,
knobmirror,str200_1300,1302,1,93944,91845,2099,0,0,,,
knobmirror,str200_1300,1303,0,87384,86371,1013,0,0,,,
knobmirror,str200_1300,1303,1,87384,86371,1013,0,0,,,
knobmirror,str200_1300,1304,0,76442,81401,-4959,0,0,,,
knobmirror,str200_1300,1304,1,76442,81401,-4959,0,0,,,
knobmirror,str200_1300,1305,0,111220,111437,-217,0,0,,,
knobmirror,str200_1300,1305,1,111220,111437,-217,0,0,,,
knobmirror,str200_1300,1306,0,72488,73123,-635,0,0,,,
knobmirror,str200_1300,1306,1,72345,73835,-1490,0,0,,,
knobmirror,str200_1300,1307,0,107972,109667,-1695,0,0,,,
knobmirror,str200_1300,1307,1,94568,92580,1988,0,0,,,
knobmirror,str200_1300,1308,0,116060,114408,1652,0,0,,,
knobmirror,str200_1300,1308,1,116060,114408,1652,0,0,,,
knobmirror,str200_1300,1309,0,80441,75908,4533,0,0,,,
knobmirror,str200_1300,1309,1,80441,75908,4533,0,0,,,
knobmirror,str200_1300,1310,0,128125,129378,-1253,0,0,,,
knobmirror,str200_1300,1310,1,121493,122128,-635,0,0,,,
knobmirror,str200_1300,1311,0,141731,143288,-1557,0,0,,,
knobmirror,str200_1300,1311,1,140414,141622,-1208,0,0,,,
knobmirror,str200_1300,1312,0,113002,111254,1748,0,0,,,
knobmirror,str200_1300,1312,1,113002,111254,1748,0,0,,,
knobmirror,str200_1300,1313,0,126724,122103,4621,0,0,,,
knobmirror,str200_1300,1313,1,114674,112760,1914,0,0,,,
knobmirror,str200_1300,1314,0,87157,87479,-322,0,0,,,
knobmirror,str200_1300,1314,1,81050,81272,-222,0,0,,,
knobmirror,str200_1300,1315,0,115583,110268,5315,0,0,,,
knobmirror,str200_1300,1315,1,115583,110268,5315,0,0,,,
knobmirror,str200_1300,1316,0,90144,90713,-569,0,0,,,
knobmirror,str200_1300,1316,1,116512,115211,1301,0,0,,,
knobmirror,str200_1300,1317,0,122621,118867,3754,0,0,,,
knobmirror,str200_1300,1317,1,108894,106767,2127,0,0,,,
knobmirror,str200_1300,1318,0,102210,103762,-1552,0,0,,,
knobmirror,str200_1300,1318,1,102210,103762,-1552,0,0,,,
knobmirror,str200_1300,1319,0,110703,116399,-5696,0,0,,,
knobmirror,str200_1300,1319,1,110703,116399,-5696,0,0,,,
knobmirror,str250_1300,1300,0,95251,96977,-1726,0,0,,,
knobmirror,str250_1300,1300,1,86310,83071,3239,0,0,,,
knobmirror,str250_1300,1301,0,106883,106270,613,0,0,,,
knobmirror,str250_1300,1301,1,106883,106270,613,0,0,,,
knobmirror,str250_1300,1302,0,110189,112816,-2627,0,0,,,
knobmirror,str250_1300,1302,1,110189,112816,-2627,0,0,,,
knobmirror,str250_1300,1303,0,82460,80933,1527,0,0,,,
knobmirror,str250_1300,1303,1,82472,80961,1511,0,0,,,
knobmirror,str250_1300,1304,0,98928,101669,-2741,0,0,,,
knobmirror,str250_1300,1304,1,98928,101669,-2741,0,0,,,
knobmirror,str250_1300,1305,0,108866,109585,-719,0,0,,,
knobmirror,str250_1300,1305,1,108866,109585,-719,0,0,,,
knobmirror,str250_1300,1306,0,77843,77920,-77,0,0,,,
knobmirror,str250_1300,1306,1,87129,86255,874,0,0,,,
knobmirror,str250_1300,1307,0,106074,110193,-4119,0,0,,,
knobmirror,str250_1300,1307,1,96522,97583,-1061,0,0,,,
knobmirror,str250_1300,1308,0,107989,106366,1623,0,0,,,
knobmirror,str250_1300,1308,1,107989,106366,1623,0,0,,,
knobmirror,str250_1300,1309,0,89521,91549,-2028,0,0,,,
knobmirror,str250_1300,1309,1,89521,91549,-2028,0,0,,,
knobmirror,str250_1300,1310,0,122426,123146,-720,0,0,,,
knobmirror,str250_1300,1310,1,122416,123156,-740,0,0,,,
knobmirror,str250_1300,1311,0,144449,133431,11018,0,0,,,
knobmirror,str250_1300,1311,1,144072,133301,10771,0,0,,,
knobmirror,str250_1300,1312,0,113734,111972,1762,0,0,,,
knobmirror,str250_1300,1312,1,113734,111972,1762,0,0,,,
knobmirror,str250_1300,1313,0,117569,115760,1809,0,0,,,
knobmirror,str250_1300,1313,1,128604,123224,5380,0,0,,,
knobmirror,str250_1300,1314,0,106616,108522,-1906,0,0,,,
knobmirror,str250_1300,1314,1,110156,111235,-1079,0,0,,,
knobmirror,str250_1300,1315,0,106274,101737,4537,0,0,,,
knobmirror,str250_1300,1315,1,106274,101737,4537,0,0,,,
knobmirror,str250_1300,1316,0,105928,105906,22,0,0,,,
knobmirror,str250_1300,1316,1,129273,129634,-361,0,0,,,
knobmirror,str250_1300,1317,0,122600,119251,3349,0,0,,,
knobmirror,str250_1300,1317,1,109980,110488,-508,0,0,,,
knobmirror,str250_1300,1318,0,118475,119036,-561,0,0,,,
knobmirror,str250_1300,1318,1,118475,119036,-561,0,0,,,
knobmirror,str250_1300,1319,0,94705,97505,-2800,0,0,,,
knobmirror,str250_1300,1319,1,93966,98700,-4734,0,0,,,
netmirror,cand_v16_vadim6,1300,0,99954,106543,-6589,0,0,,,
netmirror,cand_v16_vadim6,1300,1,98675,100908,-2233,0,0,,,
netmirror,cand_v16_vadim6,1301,0,90670,96886,-6216,0,0,,,
netmirror,cand_v16_vadim6,1301,1,90660,96887,-6227,0,0,,,
netmirror,cand_v16_vadim6,1302,0,79360,82664,-3304,0,0,,,
netmirror,cand_v16_vadim6,1302,1,79360,82664,-3304,0,0,,,
netmirror,cand_v16_vadim6,1303,0,109398,102573,6825,0,0,,,
netmirror,cand_v16_vadim6,1303,1,109398,102573,6825,0,0,,,
netmirror,cand_v16_vadim6,1304,0,99071,107631,-8560,0,0,,,
netmirror,cand_v16_vadim6,1304,1,99071,107631,-8560,0,0,,,
netmirror,cand_v16_vadim6,1305,0,95952,99157,-3205,0,0,,,
netmirror,cand_v16_vadim6,1305,1,96261,102145,-5884,0,0,,,
netmirror,cand_v16_vadim6,1306,0,90082,99139,-9057,0,0,,,
netmirror,cand_v16_vadim6,1306,1,90082,99139,-9057,0,0,,,
netmirror,cand_v16_vadim6,1307,0,75771,78303,-2532,0,0,,,
netmirror,cand_v16_vadim6,1307,1,75816,78275,-2459,0,0,,,
netmirror,cand_v16_vadim6,1308,0,108661,108325,336,0,0,,,
netmirror,cand_v16_vadim6,1308,1,108661,108325,336,0,0,,,
netmirror,cand_v16_vadim6,1309,0,121339,131911,-10572,0,0,,,
netmirror,cand_v16_vadim6,1309,1,121339,131911,-10572,0,0,,,
netmirror,cand_v16_vadim6,1310,0,125657,127329,-1672,0,0,,,
netmirror,cand_v16_vadim6,1310,1,115856,114188,1668,0,0,,,
netmirror,cand_v16_vadim6,1311,0,115406,116230,-824,0,0,,,
netmirror,cand_v16_vadim6,1311,1,114827,116304,-1477,0,0,,,
netmirror,cand_v16_vadim6,1312,0,126541,132049,-5508,0,0,,,
netmirror,cand_v16_vadim6,1312,1,125288,131907,-6619,0,0,,,
netmirror,cand_v16_vadim6,1313,0,85677,88478,-2801,0,0,,,
netmirror,cand_v16_vadim6,1313,1,109693,119557,-9864,0,0,,,
netmirror,cand_v16_vadim6,1314,0,94287,102651,-8364,0,0,,,
netmirror,cand_v16_vadim6,1314,1,94287,102651,-8364,0,0,,,
netmirror,cand_v16_vadim6,1315,0,103976,101233,2743,0,0,,,
netmirror,cand_v16_vadim6,1315,1,103976,101233,2743,0,0,,,
netmirror,cand_v16_vadim6,1316,0,93655,97717,-4062,0,0,,,
netmirror,cand_v16_vadim6,1316,1,84848,86741,-1893,0,0,,,
netmirror,cand_v16_vadim6,1317,0,89003,95751,-6748,0,0,,,
netmirror,cand_v16_vadim6,1317,1,120344,127437,-7093,0,0,,,
netmirror,cand_v16_vadim6,1318,0,85817,95198,-9381,0,0,,,
netmirror,cand_v16_vadim6,1318,1,85817,95198,-9381,0,0,,,
netmirror,cand_v16_vadim6,1319,0,87573,89772,-2199,0,0,,,
netmirror,cand_v16_vadim6,1319,1,87573,89772,-2199,0,0,,,
netmirror,cand_v18_vadim6,1300,0,108827,111064,-2237,0,0,,,
netmirror,cand_v18_vadim6,1300,1,92953,98298,-5345,0,0,,,
netmirror,cand_v18_vadim6,1301,0,132473,134996,-2523,0,0,,,
netmirror,cand_v18_vadim6,1301,1,132473,134996,-2523,0,0,,,
netmirror,cand_v18_vadim6,1302,0,88673,96944,-8271,0,0,,,
netmirror,cand_v18_vadim6,1302,1,88673,96944,-8271,0,0,,,
netmirror,cand_v18_vadim6,1303,0,115076,115365,-289,0,0,,,
netmirror,cand_v18_vadim6,1303,1,144766,140841,3925,0,0,,,
netmirror,cand_v18_vadim6,1304,0,103598,109965,-6367,0,0,,,
netmirror,cand_v18_vadim6,1304,1,103598,109965,-6367,0,0,,,
netmirror,cand_v18_vadim6,1305,0,112268,115097,-2829,0,0,,,
netmirror,cand_v18_vadim6,1305,1,112268,115097,-2829,0,0,,,
netmirror,cand_v18_vadim6,1306,0,87898,95433,-7535,0,0,,,
netmirror,cand_v18_vadim6,1306,1,77193,81729,-4536,0,0,,,
netmirror,cand_v18_vadim6,1307,0,79479,80972,-1493,0,0,,,
netmirror,cand_v18_vadim6,1307,1,97276,95386,1890,0,0,,,
netmirror,cand_v18_vadim6,1308,0,110933,120739,-9806,0,0,,,
netmirror,cand_v18_vadim6,1308,1,110933,120739,-9806,0,0,,,
netmirror,cand_v18_vadim6,1309,0,82090,86656,-4566,0,0,,,
netmirror,cand_v18_vadim6,1309,1,82090,86656,-4566,0,0,,,
netmirror,cand_v18_vadim6,1310,0,110445,120321,-9876,0,0,,,
netmirror,cand_v18_vadim6,1310,1,124320,126789,-2469,0,0,,,
netmirror,cand_v18_vadim6,1311,0,107833,114582,-6749,0,0,,,
netmirror,cand_v18_vadim6,1311,1,107889,114387,-6498,0,0,,,
netmirror,cand_v18_vadim6,1312,0,139249,144975,-5726,0,0,,,
netmirror,cand_v18_vadim6,1312,1,128657,135446,-6789,0,0,,,
netmirror,cand_v18_vadim6,1313,0,126869,130486,-3617,0,0,,,
netmirror,cand_v18_vadim6,1313,1,97216,104974,-7758,0,0,,,
netmirror,cand_v18_vadim6,1314,0,112626,113373,-747,0,0,,,
netmirror,cand_v18_vadim6,1314,1,93756,99714,-5958,0,0,,,
netmirror,cand_v18_vadim6,1315,0,90118,93567,-3449,0,0,,,
netmirror,cand_v18_vadim6,1315,1,90118,93567,-3449,0,0,,,
netmirror,cand_v18_vadim6,1316,0,68499,74246,-5747,0,0,,,
netmirror,cand_v18_vadim6,1316,1,78871,81956,-3085,0,0,,,
netmirror,cand_v18_vadim6,1317,0,121755,124943,-3188,0,0,,,
netmirror,cand_v18_vadim6,1317,1,103080,108903,-5823,0,0,,,
netmirror,cand_v18_vadim6,1318,0,73694,81941,-8247,0,0,,,
netmirror,cand_v18_vadim6,1318,1,73694,81941,-8247,0,0,,,
netmirror,cand_v18_vadim6,1319,0,144237,131540,12697,0,0,,,
netmirror,cand_v18_vadim6,1319,1,144177,131650,12527,0,0,,,
netmirror,v12_aug,1300,0,108309,107115,1194,0,0,,,
netmirror,v12_aug,1300,1,91639,89923,1716,0,0,,,
netmirror,v12_aug,1301,0,106953,104959,1994,0,0,,,
netmirror,v12_aug,1301,1,106953,104959,1994,0,0,,,
netmirror,v12_aug,1302,0,114481,118012,-3531,0,0,,,
netmirror,v12_aug,1302,1,114481,118012,-3531,0,0,,,
netmirror,v12_aug,1303,0,129870,125664,4206,0,0,,,
netmirror,v12_aug,1303,1,135636,133597,2039,0,0,,,
netmirror,v12_aug,1304,0,105743,106351,-608,0,0,,,
netmirror,v12_aug,1304,1,105743,106351,-608,0,0,,,
netmirror,v12_aug,1305,0,122074,127959,-5885,0,0,,,
netmirror,v12_aug,1305,1,122074,127959,-5885,0,0,,,
netmirror,v12_aug,1306,0,90229,95001,-4772,0,0,,,
netmirror,v12_aug,1306,1,97508,102272,-4764,0,0,,,
netmirror,v12_aug,1307,0,96315,104845,-8530,0,0,,,
netmirror,v12_aug,1307,1,107288,113481,-6193,0,0,,,
netmirror,v12_aug,1308,0,109317,109489,-172,0,0,,,
netmirror,v12_aug,1308,1,109317,109489,-172,0,0,,,
netmirror,v12_aug,1309,0,102276,99428,2848,0,0,,,
netmirror,v12_aug,1309,1,102276,99428,2848,0,0,,,
netmirror,v12_aug,1310,0,120369,119085,1284,0,0,,,
netmirror,v12_aug,1310,1,120387,119115,1272,0,0,,,
netmirror,v12_aug,1311,0,86271,88062,-1791,0,0,,,
netmirror,v12_aug,1311,1,86527,88463,-1936,0,0,,,
netmirror,v12_aug,1312,0,136757,141558,-4801,0,0,,,
netmirror,v12_aug,1312,1,136757,141558,-4801,0,0,,,
netmirror,v12_aug,1313,0,106777,110584,-3807,0,0,,,
netmirror,v12_aug,1313,1,104736,105936,-1200,0,0,,,
netmirror,v12_aug,1314,0,82446,78143,4303,0,0,,,
netmirror,v12_aug,1314,1,83316,82292,1024,0,0,,,
netmirror,v12_aug,1315,0,85939,85230,709,0,0,,,
netmirror,v12_aug,1315,1,85939,85230,709,0,0,,,
netmirror,v12_aug,1316,0,85827,84927,900,0,0,,,
netmirror,v12_aug,1316,1,109642,108598,1044,0,0,,,
netmirror,v12_aug,1317,0,104202,106908,-2706,0,0,,,
netmirror,v12_aug,1317,1,104202,106908,-2706,0,0,,,
netmirror,v12_aug,1318,0,103318,96818,6500,0,0,,,
netmirror,v12_aug,1318,1,103318,96818,6500,0,0,,,
netmirror,v12_aug,1319,0,89133,94674,-5541,0,0,,,
netmirror,v12_aug,1319,1,89133,94674,-5541,0,0,,,
netmirror,v12_s2,1300,0,90025,93165,-3140,0,0,,,
netmirror,v12_s2,1300,1,90006,93184,-3178,0,0,,,
netmirror,v12_s2,1301,0,118598,116850,1748,0,0,,,
netmirror,v12_s2,1301,1,118598,116850,1748,0,0,,,
netmirror,v12_s2,1302,0,98991,101983,-2992,0,0,,,
netmirror,v12_s2,1302,1,98991,101983,-2992,0,0,,,
netmirror,v12_s2,1303,0,95828,95098,730,0,0,,,
netmirror,v12_s2,1303,1,95828,95098,730,0,0,,,
netmirror,v12_s2,1304,0,75831,74424,1407,0,0,,,
netmirror,v12_s2,1304,1,75831,74424,1407,0,0,,,
netmirror,v12_s2,1305,0,80697,79201,1496,0,0,,,
netmirror,v12_s2,1305,1,80697,79201,1496,0,0,,,
netmirror,v12_s2,1306,0,82772,86288,-3516,0,0,,,
netmirror,v12_s2,1306,1,82772,86288,-3516,0,0,,,
netmirror,v12_s2,1307,0,108901,119656,-10755,0,0,,,
netmirror,v12_s2,1307,1,90640,96291,-5651,0,0,,,
netmirror,v12_s2,1308,0,111256,109142,2114,0,0,,,
netmirror,v12_s2,1308,1,111256,109142,2114,0,0,,,
netmirror,v12_s2,1309,0,109939,106568,3371,0,0,,,
netmirror,v12_s2,1309,1,109939,106568,3371,0,0,,,
netmirror,v12_s2,1310,0,122805,130529,-7724,0,0,,,
netmirror,v12_s2,1310,1,87413,98293,-10880,0,0,,,
netmirror,v12_s2,1311,0,112042,117171,-5129,0,0,,,
netmirror,v12_s2,1311,1,114752,115228,-476,0,0,,,
netmirror,v12_s2,1312,0,99766,96222,3544,0,0,,,
netmirror,v12_s2,1312,1,98509,97675,834,0,0,,,
netmirror,v12_s2,1313,0,99058,104773,-5715,0,0,,,
netmirror,v12_s2,1313,1,104826,101301,3525,0,0,,,
netmirror,v12_s2,1314,0,97118,100235,-3117,0,0,,,
netmirror,v12_s2,1314,1,130302,135055,-4753,0,0,,,
netmirror,v12_s2,1315,0,106073,104321,1752,0,0,,,
netmirror,v12_s2,1315,1,106073,104321,1752,0,0,,,
netmirror,v12_s2,1316,0,110669,113123,-2454,0,0,,,
netmirror,v12_s2,1316,1,97020,99768,-2748,0,0,,,
netmirror,v12_s2,1317,0,150446,164186,-13740,0,0,,,
netmirror,v12_s2,1317,1,145834,147700,-1866,0,0,,,
netmirror,v12_s2,1318,0,109647,110045,-398,0,0,,,
netmirror,v12_s2,1318,1,107963,110643,-2680,0,0,,,
netmirror,v12_s2,1319,0,83880,81890,1990,0,0,,,
netmirror,v12_s2,1319,1,83880,81890,1990,0,0,,,
netmirror,v12_s3,1300,0,111231,113064,-1833,0,0,,,
netmirror,v12_s3,1300,1,115519,120388,-4869,0,0,,,
netmirror,v12_s3,1301,0,112443,115301,-2858,0,0,,,
netmirror,v12_s3,1301,1,112443,115301,-2858,0,0,,,
netmirror,v12_s3,1302,0,89746,95544,-5798,0,0,,,
netmirror,v12_s3,1302,1,89746,95544,-5798,0,0,,,
netmirror,v12_s3,1303,0,120102,120126,-24,0,0,,,
netmirror,v12_s3,1303,1,120102,120126,-24,0,0,,,
netmirror,v12_s3,1304,0,96917,102637,-5720,0,0,,,
netmirror,v12_s3,1304,1,96917,102637,-5720,0,0,,,
netmirror,v12_s3,1305,0,131353,136907,-5554,0,0,,,
netmirror,v12_s3,1305,1,120044,126256,-6212,0,0,,,
netmirror,v12_s3,1306,0,125621,122798,2823,0,0,,,
netmirror,v12_s3,1306,1,122944,125227,-2283,0,0,,,
netmirror,v12_s3,1307,0,107167,116307,-9140,0,0,,,
netmirror,v12_s3,1307,1,112289,115617,-3328,0,0,,,
netmirror,v12_s3,1308,0,108564,106064,2500,0,0,,,
netmirror,v12_s3,1308,1,108564,106064,2500,0,0,,,
netmirror,v12_s3,1309,0,92484,94124,-1640,0,0,,,
netmirror,v12_s3,1309,1,92484,94124,-1640,0,0,,,
netmirror,v12_s3,1310,0,130790,137362,-6572,0,0,,,
netmirror,v12_s3,1310,1,114102,110935,3167,0,0,,,
netmirror,v12_s3,1311,0,148708,153097,-4389,0,0,,,
netmirror,v12_s3,1311,1,148501,153174,-4673,0,0,,,
netmirror,v12_s3,1312,0,138867,140363,-1496,0,0,,,
netmirror,v12_s3,1312,1,114678,119753,-5075,0,0,,,
netmirror,v12_s3,1313,0,117379,126070,-8691,0,0,,,
netmirror,v12_s3,1313,1,122057,133179,-11122,0,0,,,
netmirror,v12_s3,1314,0,90007,93120,-3113,0,0,,,
netmirror,v12_s3,1314,1,88766,92945,-4179,0,0,,,
netmirror,v12_s3,1315,0,80552,82969,-2417,0,0,,,
netmirror,v12_s3,1315,1,80552,82969,-2417,0,0,,,
netmirror,v12_s3,1316,0,100031,100169,-138,0,0,,,
netmirror,v12_s3,1316,1,109070,112599,-3529,0,0,,,
netmirror,v12_s3,1317,0,125418,125520,-102,0,0,,,
netmirror,v12_s3,1317,1,107787,114922,-7135,0,0,,,
netmirror,v12_s3,1318,0,100222,98624,1598,0,0,,,
netmirror,v12_s3,1318,1,76166,78229,-2063,0,0,,,
netmirror,v12_s3,1319,0,103877,106420,-2543,0,0,,,
netmirror,v12_s3,1319,1,103877,106420,-2543,0,0,,,
netmirror,v12_s4,1300,0,81533,80140,1393,0,0,,,
netmirror,v12_s4,1300,1,89467,91607,-2140,0,0,,,
netmirror,v12_s4,1301,0,104578,98391,6187,0,0,,,
netmirror,v12_s4,1301,1,104578,98391,6187,0,0,,,
netmirror,v12_s4,1302,0,89235,90748,-1513,0,0,,,
netmirror,v12_s4,1302,1,89235,90748,-1513,0,0,,,
netmirror,v12_s4,1303,0,126275,132115,-5840,0,0,,,
netmirror,v12_s4,1303,1,121941,127713,-5772,0,0,,,
netmirror,v12_s4,1304,0,106425,102827,3598,0,0,,,
netmirror,v12_s4,1304,1,106425,102827,3598,0,0,,,
netmirror,v12_s4,1305,0,112668,116019,-3351,0,0,,,
netmirror,v12_s4,1305,1,114608,117939,-3331,0,0,,,
netmirror,v12_s4,1306,0,83930,84282,-352,0,0,,,
netmirror,v12_s4,1306,1,83930,84282,-352,0,0,,,
netmirror,v12_s4,1307,0,108988,111989,-3001,0,0,,,
netmirror,v12_s4,1307,1,110812,107995,2817,0,0,,,
netmirror,v12_s4,1308,0,114428,113026,1402,0,0,,,
netmirror,v12_s4,1308,1,114428,113026,1402,0,0,,,
netmirror,v12_s4,1309,0,108224,107928,296,0,0,,,
netmirror,v12_s4,1309,1,108224,107928,296,0,0,,,
netmirror,v12_s4,1310,0,141568,139315,2253,0,0,,,
netmirror,v12_s4,1310,1,141536,139417,2119,0,0,,,
netmirror,v12_s4,1311,0,98603,101434,-2831,0,0,,,
netmirror,v12_s4,1311,1,98603,101434,-2831,0,0,,,
netmirror,v12_s4,1312,0,131626,129252,2374,0,0,,,
netmirror,v12_s4,1312,1,131873,128942,2931,0,0,,,
netmirror,v12_s4,1313,0,114449,126341,-11892,0,0,,,
netmirror,v12_s4,1313,1,113525,115045,-1520,0,0,,,
netmirror,v12_s4,1314,0,89542,89821,-279,0,0,,,
netmirror,v12_s4,1314,1,99086,96499,2587,0,0,,,
netmirror,v12_s4,1315,0,93934,95241,-1307,0,0,,,
netmirror,v12_s4,1315,1,93934,95241,-1307,0,0,,,
netmirror,v12_s4,1316,0,71215,72550,-1335,0,0,,,
netmirror,v12_s4,1316,1,74439,72399,2040,0,0,,,
netmirror,v12_s4,1317,0,125176,127449,-2273,0,0,,,
netmirror,v12_s4,1317,1,120818,125229,-4411,0,0,,,
netmirror,v12_s4,1318,0,92748,89133,3615,0,0,,,
netmirror,v12_s4,1318,1,92748,89133,3615,0,0,,,
netmirror,v12_s4,1319,0,127048,119462,7586,0,0,,,
netmirror,v12_s4,1319,1,126851,119223,7628,0,0,,,
netmirror,v13_w384b,1300,0,88533,92627,-4094,0,0,,,
netmirror,v13_w384b,1300,1,88533,92627,-4094,0,0,,,
netmirror,v13_w384b,1301,0,110608,106498,4110,0,0,,,
netmirror,v13_w384b,1301,1,110608,106498,4110,0,0,,,
netmirror,v13_w384b,1302,0,96005,91619,4386,0,0,,,
netmirror,v13_w384b,1302,1,96005,91619,4386,0,0,,,
netmirror,v13_w384b,1303,0,99594,98017,1577,0,0,,,
netmirror,v13_w384b,1303,1,99393,98252,1141,0,0,,,
netmirror,v13_w384b,1304,0,91977,99078,-7101,0,0,,,
netmirror,v13_w384b,1304,1,91977,99078,-7101,0,0,,,
netmirror,v13_w384b,1305,0,99650,103997,-4347,0,0,,,
netmirror,v13_w384b,1305,1,99650,103997,-4347,0,0,,,
netmirror,v13_w384b,1306,0,93740,102059,-8319,0,0,,,
netmirror,v13_w384b,1306,1,93740,102059,-8319,0,0,,,
netmirror,v13_w384b,1307,0,85890,90845,-4955,0,0,,,
netmirror,v13_w384b,1307,1,90167,95491,-5324,0,0,,,
netmirror,v13_w384b,1308,0,92121,93849,-1728,0,0,,,
netmirror,v13_w384b,1308,1,92121,93849,-1728,0,0,,,
netmirror,v13_w384b,1309,0,110408,114964,-4556,0,0,,,
netmirror,v13_w384b,1309,1,110408,114964,-4556,0,0,,,
netmirror,v13_w384b,1310,0,97948,96747,1201,0,0,,,
netmirror,v13_w384b,1310,1,116443,116496,-53,0,0,,,
netmirror,v13_w384b,1311,0,86262,88741,-2479,0,0,,,
netmirror,v13_w384b,1311,1,86193,88924,-2731,0,0,,,
netmirror,v13_w384b,1312,0,122511,118516,3995,0,0,,,
netmirror,v13_w384b,1312,1,122512,118436,4076,0,0,,,
netmirror,v13_w384b,1313,0,80468,82652,-2184,0,0,,,
netmirror,v13_w384b,1313,1,80468,82652,-2184,0,0,,,
netmirror,v13_w384b,1314,0,104797,99066,5731,0,0,,,
netmirror,v13_w384b,1314,1,102631,100406,2225,0,0,,,
netmirror,v13_w384b,1315,0,95119,100681,-5562,0,0,,,
netmirror,v13_w384b,1315,1,95119,100681,-5562,0,0,,,
netmirror,v13_w384b,1316,0,110106,108561,1545,0,0,,,
netmirror,v13_w384b,1316,1,96833,100138,-3305,0,0,,,
netmirror,v13_w384b,1317,0,101449,108660,-7211,0,0,,,
netmirror,v13_w384b,1317,1,120702,126932,-6230,0,0,,,
netmirror,v13_w384b,1318,0,83409,83647,-238,0,0,,,
netmirror,v13_w384b,1318,1,83409,83647,-238,0,0,,,
netmirror,v13_w384b,1319,0,83501,82336,1165,0,0,,,
netmirror,v13_w384b,1319,1,83501,82336,1165,0,0,,,
netmirror,v14_all,1300,0,98459,100599,-2140,0,0,,,
netmirror,v14_all,1300,1,98459,100599,-2140,0,0,,,
netmirror,v14_all,1301,0,88132,95166,-7034,0,0,,,
netmirror,v14_all,1301,1,88132,95166,-7034,0,0,,,
netmirror,v14_all,1302,0,79627,86253,-6626,0,0,,,
netmirror,v14_all,1302,1,79627,86253,-6626,0,0,,,
netmirror,v14_all,1303,0,107350,110270,-2920,0,0,,,
netmirror,v14_all,1303,1,125116,119334,5782,0,0,,,
netmirror,v14_all,1304,0,136753,129700,7053,0,0,,,
netmirror,v14_all,1304,1,136753,129700,7053,0,0,,,
netmirror,v14_all,1305,0,90553,98893,-8340,0,0,,,
netmirror,v14_all,1305,1,90553,98893,-8340,0,0,,,
netmirror,v14_all,1306,0,87633,92768,-5135,0,0,,,
netmirror,v14_all,1306,1,103631,100645,2986,0,0,,,
netmirror,v14_all,1307,0,109861,115693,-5832,0,0,,,
netmirror,v14_all,1307,1,83236,79580,3656,0,0,,,
netmirror,v14_all,1308,0,88240,86947,1293,0,0,,,
netmirror,v14_all,1308,1,88240,86947,1293,0,0,,,
netmirror,v14_all,1309,0,118513,123877,-5364,0,0,,,
netmirror,v14_all,1309,1,118513,123877,-5364,0,0,,,
netmirror,v14_all,1310,0,111911,110931,980,0,0,,,
netmirror,v14_all,1310,1,104691,108329,-3638,0,0,,,
netmirror,v14_all,1311,0,144817,138852,5965,0,0,,,
netmirror,v14_all,1311,1,144868,139034,5834,0,0,,,
netmirror,v14_all,1312,0,127620,128793,-1173,0,0,,,
netmirror,v14_all,1312,1,127620,128793,-1173,0,0,,,
netmirror,v14_all,1313,0,86928,93534,-6606,0,0,,,
netmirror,v14_all,1313,1,85755,91767,-6012,0,0,,,
netmirror,v14_all,1314,0,125293,119398,5895,0,0,,,
netmirror,v14_all,1314,1,95909,93089,2820,0,0,,,
netmirror,v14_all,1315,0,86314,84452,1862,0,0,,,
netmirror,v14_all,1315,1,86314,84452,1862,0,0,,,
netmirror,v14_all,1316,0,95299,97342,-2043,0,0,,,
netmirror,v14_all,1316,1,111892,111476,416,0,0,,,
netmirror,v14_all,1317,0,107102,110986,-3884,0,0,,,
netmirror,v14_all,1317,1,122435,138254,-15819,0,0,,,
netmirror,v14_all,1318,0,122971,124013,-1042,0,0,,,
netmirror,v14_all,1318,1,122971,124013,-1042,0,0,,,
netmirror,v14_all,1319,0,93152,98175,-5023,0,0,,,
netmirror,v14_all,1319,1,92847,97999,-5152,0,0,,,
sellorder,s1so2_vs_so2,1300,0,90234,92418,-2184,0,0,,,
sellorder,s1so2_vs_so2,1300,1,90234,92418,-2184,0,0,,,
sellorder,s1so2_vs_so2,1301,0,92735,89282,3453,0,0,,,
sellorder,s1so2_vs_so2,1301,1,92735,89282,3453,0,0,,,
sellorder,s1so2_vs_so2,1302,0,81690,84436,-2746,0,0,,,
sellorder,s1so2_vs_so2,1302,1,81690,84436,-2746,0,0,,,
sellorder,s1so2_vs_so2,1303,0,94495,102272,-7777,0,0,,,
sellorder,s1so2_vs_so2,1303,1,94495,102272,-7777,0,0,,,
sellorder,s1so2_vs_so2,1304,0,102339,102880,-541,0,0,,,
sellorder,s1so2_vs_so2,1304,1,102339,102880,-541,0,0,,,
sellorder,s1so2_vs_so2,1305,0,107899,114496,-6597,0,0,,,
sellorder,s1so2_vs_so2,1305,1,107899,114496,-6597,0,0,,,
sellorder,s1so2_vs_so2,1306,0,106309,115019,-8710,0,0,,,
sellorder,s1so2_vs_so2,1306,1,109608,116277,-6669,0,0,,,
sellorder,s1so2_vs_so2,1307,0,109756,108404,1352,0,0,,,
sellorder,s1so2_vs_so2,1307,1,94770,106842,-12072,0,0,,,
sellorder,s1so2_vs_so2,1308,0,102767,103554,-787,0,0,,,
sellorder,s1so2_vs_so2,1308,1,102767,103554,-787,0,0,,,
sellorder,s1so2_vs_so2,1309,0,109396,109134,262,0,0,,,
sellorder,s1so2_vs_so2,1309,1,109396,109134,262,0,0,,,
sellorder,s1so2_vs_so2,1310,0,128506,131889,-3383,0,0,,,
sellorder,s1so2_vs_so2,1310,1,128514,131878,-3364,0,0,,,
sellorder,s1so2_vs_so2,1311,0,89563,83686,5877,0,0,,,
sellorder,s1so2_vs_so2,1311,1,89553,83706,5847,0,0,,,
sellorder,s1so2_vs_so2,1312,0,102968,102992,-24,0,0,,,
sellorder,s1so2_vs_so2,1312,1,112726,117306,-4580,0,0,,,
sellorder,s1so2_vs_so2,1313,0,94334,97512,-3178,0,0,,,
sellorder,s1so2_vs_so2,1313,1,90328,94870,-4542,0,0,,,
sellorder,s1so2_vs_so2,1314,0,90663,95292,-4629,0,0,,,
sellorder,s1so2_vs_so2,1314,1,92401,92347,54,0,0,,,
sellorder,s1so2_vs_so2,1315,0,99133,103380,-4247,0,0,,,
sellorder,s1so2_vs_so2,1315,1,99133,103380,-4247,0,0,,,
sellorder,s1so2_vs_so2,1316,0,94109,100658,-6549,0,0,,,
sellorder,s1so2_vs_so2,1316,1,83431,86830,-3399,0,0,,,
sellorder,s1so2_vs_so2,1317,0,123628,127787,-4159,0,0,,,
sellorder,s1so2_vs_so2,1317,1,123628,127787,-4159,0,0,,,
sellorder,s1so2_vs_so2,1318,0,119126,124208,-5082,0,0,,,
sellorder,s1so2_vs_so2,1318,1,119126,124208,-5082,0,0,,,
sellorder,s1so2_vs_so2,1319,0,89899,91582,-1683,0,0,,,
sellorder,s1so2_vs_so2,1319,1,89899,91582,-1683,0,0,,,
sellorder,so1_vs_c2a,1300,0,96520,97079,-559,0,0,,,
sellorder,so1_vs_c2a,1300,1,92412,84870,7542,0,0,,,
sellorder,so1_vs_c2a,1301,0,135902,116141,19761,0,0,,,
sellorder,so1_vs_c2a,1301,1,135864,116141,19723,0,0,,,
sellorder,so1_vs_c2a,1302,0,81720,77283,4437,0,0,,,
sellorder,so1_vs_c2a,1302,1,81720,77283,4437,0,0,,,
sellorder,so1_vs_c2a,1303,0,87899,83136,4763,0,0,,,
sellorder,so1_vs_c2a,1303,1,89433,84723,4710,0,0,,,
sellorder,so1_vs_c2a,1304,0,77919,79316,-1397,0,0,,,
sellorder,so1_vs_c2a,1304,1,77919,79316,-1397,0,0,,,
sellorder,so1_vs_c2a,1305,0,113994,105345,8649,0,0,,,
sellorder,so1_vs_c2a,1305,1,113994,105345,8649,0,0,,,
sellorder,so1_vs_c2a,1306,0,93174,79916,13258,0,0,,,
sellorder,so1_vs_c2a,1306,1,93016,80586,12430,0,0,,,
sellorder,so1_vs_c2a,1307,0,93084,90114,2970,0,0,,,
sellorder,so1_vs_c2a,1307,1,112590,99387,13203,0,0,,,
sellorder,so1_vs_c2a,1308,0,119165,106578,12587,0,0,,,
sellorder,so1_vs_c2a,1308,1,119165,106578,12587,0,0,,,
sellorder,so1_vs_c2a,1309,0,109372,99169,10203,0,0,,,
sellorder,so1_vs_c2a,1309,1,109372,99169,10203,0,0,,,
sellorder,so1_vs_c2a,1310,0,122404,113284,9120,0,0,,,
sellorder,so1_vs_c2a,1310,1,122331,113297,9034,0,0,,,
sellorder,so1_vs_c2a,1311,0,143056,130621,12435,0,0,,,
sellorder,so1_vs_c2a,1311,1,143268,130760,12508,0,0,,,
sellorder,so1_vs_c2a,1312,0,114330,97238,17092,0,0,,,
sellorder,so1_vs_c2a,1312,1,114330,97238,17092,0,0,,,
sellorder,so1_vs_c2a,1313,0,113215,103952,9263,0,0,,,
sellorder,so1_vs_c2a,1313,1,114756,110356,4400,0,0,,,
sellorder,so1_vs_c2a,1314,0,108116,100125,7991,0,0,,,
sellorder,so1_vs_c2a,1314,1,87583,87689,-106,0,0,,,
sellorder,so1_vs_c2a,1315,0,108140,93299,14841,0,0,,,
sellorder,so1_vs_c2a,1315,1,108140,93299,14841,0,0,,,
sellorder,so1_vs_c2a,1316,0,119248,112804,6444,0,0,,,
sellorder,so1_vs_c2a,1316,1,120352,114686,5666,0,0,,,
sellorder,so1_vs_c2a,1317,0,120328,106303,14025,0,0,,,
sellorder,so1_vs_c2a,1317,1,95197,84110,11087,0,0,,,
sellorder,so1_vs_c2a,1318,0,109805,96290,13515,0,0,,,
sellorder,so1_vs_c2a,1318,1,109805,96290,13515,0,0,,,
sellorder,so1_vs_c2a,1319,0,117033,112121,4912,0,0,,,
sellorder,so1_vs_c2a,1319,1,117033,112121,4912,0,0,,,
sellorder,so2_vs_c2a,1300,0,96863,96745,118,0,0,,,
sellorder,so2_vs_c2a,1300,1,92850,84395,8455,0,0,,,
sellorder,so2_vs_c2a,1301,0,135872,116123,19749,0,0,,,
sellorder,so2_vs_c2a,1301,1,135872,116123,19749,0,0,,,
sellorder,so2_vs_c2a,1302,0,82653,76351,6302,0,0,,,
sellorder,so2_vs_c2a,1302,1,82653,76351,6302,0,0,,,
sellorder,so2_vs_c2a,1303,0,86876,83514,3362,0,0,,,
sellorder,so2_vs_c2a,1303,1,87523,83510,4013,0,0,,,
sellorder,so2_vs_c2a,1304,0,80275,73780,6495,0,0,,,
sellorder,so2_vs_c2a,1304,1,80275,73780,6495,0,0,,,
sellorder,so2_vs_c2a,1305,0,115716,103709,12007,0,0,,,
sellorder,so2_vs_c2a,1305,1,115716,103709,12007,0,0,,,
sellorder,so2_vs_c2a,1306,0,93002,80229,12773,0,0,,,
sellorder,so2_vs_c2a,1306,1,92811,80743,12068,0,0,,,
sellorder,so2_vs_c2a,1307,0,94785,89548,5237,0,0,,,
sellorder,so2_vs_c2a,1307,1,113607,98245,15362,0,0,,,
sellorder,so2_vs_c2a,1308,0,121576,103049,18527,0,0,,,
sellorder,so2_vs_c2a,1308,1,121576,103049,18527,0,0,,,
sellorder,so2_vs_c2a,1309,0,112628,89535,23093,0,0,,,
sellorder,so2_vs_c2a,1309,1,112628,89535,23093,0,0,,,
sellorder,so2_vs_c2a,1310,0,121533,114204,7329,0,0,,,
sellorder,so2_vs_c2a,1310,1,121470,114198,7272,0,0,,,
sellorder,so2_vs_c2a,1311,0,139147,127900,11247,0,0,,,
sellorder,so2_vs_c2a,1311,1,139794,127107,12687,0,0,,,
sellorder,so2_vs_c2a,1312,0,114372,97130,17242,0,0,,,
sellorder,so2_vs_c2a,1312,1,114372,97130,17242,0,0,,,
sellorder,so2_vs_c2a,1313,0,113617,103531,10086,0,0,,,
sellorder,so2_vs_c2a,1313,1,116241,111262,4979,0,0,,,
sellorder,so2_vs_c2a,1314,0,109523,95933,13590,0,0,,,
sellorder,so2_vs_c2a,1314,1,87483,87819,-336,0,0,,,
sellorder,so2_vs_c2a,1315,0,102493,87385,15108,0,0,,,
sellorder,so2_vs_c2a,1315,1,102493,87385,15108,0,0,,,
sellorder,so2_vs_c2a,1316,0,119536,112624,6912,0,0,,,
sellorder,so2_vs_c2a,1316,1,120487,114625,5862,0,0,,,
sellorder,so2_vs_c2a,1317,0,112038,95123,16915,0,0,,,
sellorder,so2_vs_c2a,1317,1,95935,83391,12544,0,0,,,
sellorder,so2_vs_c2a,1318,0,107570,94042,13528,0,0,,,
sellorder,so2_vs_c2a,1318,1,107570,94042,13528,0,0,,,
sellorder,so2_vs_c2a,1319,0,121323,106773,14550,0,0,,,
sellorder,so2_vs_c2a,1319,1,121467,106710,14757,0,0,,,
sellorder,so2_vs_so1,1300,0,97251,97313,-62,0,0,,,
sellorder,so2_vs_so1,1300,1,90288,86789,3499,0,0,,,
sellorder,so2_vs_so1,1301,0,130442,120589,9853,0,0,,,
sellorder,so2_vs_so1,1301,1,130442,120589,9853,0,0,,,
sellorder,so2_vs_so1,1302,0,80908,76641,4267,0,0,,,
sellorder,so2_vs_so1,1302,1,80908,76641,4267,0,0,,,
sellorder,so2_vs_so1,1303,0,84595,83892,703,0,0,,,
sellorder,so2_vs_so1,1303,1,85202,85277,-75,0,0,,,
sellorder,so2_vs_so1,1304,0,80418,74681,5737,0,0,,,
sellorder,so2_vs_so1,1304,1,80418,74681,5737,0,0,,,
sellorder,so2_vs_so1,1305,0,106958,102740,4218,0,0,,,
sellorder,so2_vs_so1,1305,1,106958,102740,4218,0,0,,,
sellorder,so2_vs_so1,1306,0,81154,79714,1440,0,0,,,
sellorder,so2_vs_so1,1306,1,81154,79714,1440,0,0,,,
sellorder,so2_vs_so1,1307,0,90603,93464,-2861,0,0,,,
sellorder,so2_vs_so1,1307,1,109407,103621,5786,0,0,,,
sellorder,so2_vs_so1,1308,0,113778,109967,3811,0,0,,,
sellorder,so2_vs_so1,1308,1,113778,109967,3811,0,0,,,
sellorder,so2_vs_so1,1309,0,100109,96664,3445,0,0,,,
sellorder,so2_vs_so1,1309,1,100109,96664,3445,0,0,,,
sellorder,so2_vs_so1,1310,0,119760,116485,3275,0,0,,,
sellorder,so2_vs_so1,1310,1,119758,116487,3271,0,0,,,
sellorder,so2_vs_so1,1311,0,135694,132348,3346,0,0,,,
sellorder,so2_vs_so1,1311,1,135648,132348,3300,0,0,,,
sellorder,so2_vs_so1,1312,0,109135,108718,417,0,0,,,
sellorder,so2_vs_so1,1312,1,109135,108718,417,0,0,,,
sellorder,so2_vs_so1,1313,0,115123,108973,6150,0,0,,,
sellorder,so2_vs_so1,1313,1,116290,110666,5624,0,0,,,
sellorder,so2_vs_so1,1314,0,107454,101392,6062,0,0,,,
sellorder,so2_vs_so1,1314,1,88905,87722,1183,0,0,,,
sellorder,so2_vs_so1,1315,0,94974,93613,1361,0,0,,,
sellorder,so2_vs_so1,1315,1,94974,93613,1361,0,0,,,
sellorder,so2_vs_so1,1316,0,118715,118135,580,0,0,,,
sellorder,so2_vs_so1,1316,1,119607,117082,2525,0,0,,,
sellorder,so2_vs_so1,1317,0,96419,92196,4223,0,0,,,
sellorder,so2_vs_so1,1317,1,94856,95011,-155,0,0,,,
sellorder,so2_vs_so1,1318,0,104729,102215,2514,0,0,,,
sellorder,so2_vs_so1,1318,1,104729,102215,2514,0,0,,,
sellorder,so2_vs_so1,1319,0,116927,113678,3249,0,0,,,
sellorder,so2_vs_so1,1319,1,116980,114172,2808,0,0,,,
sellorder,so2fv_vs_so2,1300,0,87611,89024,-1413,0,0,,,
sellorder,so2fv_vs_so2,1300,1,89588,87403,2185,0,0,,,
sellorder,so2fv_vs_so2,1301,0,124547,124547,0,0,0,,,
sellorder,so2fv_vs_so2,1301,1,124547,124547,0,0,0,,,
sellorder,so2fv_vs_so2,1302,0,79511,78937,574,0,0,,,
sellorder,so2fv_vs_so2,1302,1,79511,78937,574,0,0,,,
sellorder,so2fv_vs_so2,1303,0,84719,86390,-1671,0,0,,,
sellorder,so2fv_vs_so2,1303,1,86182,85088,1094,0,0,,,
sellorder,so2fv_vs_so2,1304,0,78517,78517,0,0,0,,,
sellorder,so2fv_vs_so2,1304,1,78517,78517,0,0,0,,,
sellorder,so2fv_vs_so2,1305,0,110042,110534,-492,0,0,,,
sellorder,so2fv_vs_so2,1305,1,110042,110534,-492,0,0,,,
sellorder,so2fv_vs_so2,1306,0,77084,76819,265,0,0,,,
sellorder,so2fv_vs_so2,1306,1,77084,76819,265,0,0,,,
sellorder,so2fv_vs_so2,1307,0,88911,94853,-5942,0,0,,,
sellorder,so2fv_vs_so2,1307,1,92764,90115,2649,0,0,,,
sellorder,so2fv_vs_so2,1308,0,113054,112739,315,0,0,,,
sellorder,so2fv_vs_so2,1308,1,113054,112739,315,0,0,,,
sellorder,so2fv_vs_so2,1309,0,97770,99661,-1891,0,0,,,
sellorder,so2fv_vs_so2,1309,1,97770,99661,-1891,0,0,,,
sellorder,so2fv_vs_so2,1310,0,118709,118707,2,0,0,,,
sellorder,so2fv_vs_so2,1310,1,118707,118709,-2,0,0,,,
sellorder,so2fv_vs_so2,1311,0,134416,134101,315,0,0,,,
sellorder,so2fv_vs_so2,1311,1,134503,134056,447,0,0,,,
sellorder,so2fv_vs_so2,1312,0,123897,123296,601,0,0,,,
sellorder,so2fv_vs_so2,1312,1,123897,123296,601,0,0,,,
sellorder,so2fv_vs_so2,1313,0,114389,110623,3766,0,0,,,
sellorder,so2fv_vs_so2,1313,1,110623,114389,-3766,0,0,,,
sellorder,so2fv_vs_so2,1314,0,102651,105997,-3346,0,0,,,
sellorder,so2fv_vs_so2,1314,1,105709,103056,2653,0,0,,,
sellorder,so2fv_vs_so2,1315,0,91426,91926,-500,0,0,,,
sellorder,so2fv_vs_so2,1315,1,91926,91426,500,0,0,,,
sellorder,so2fv_vs_so2,1316,0,119451,119077,374,0,0,,,
sellorder,so2fv_vs_so2,1316,1,118601,119371,-770,0,0,,,
sellorder,so2fv_vs_so2,1317,0,121424,115756,5668,0,0,,,
sellorder,so2fv_vs_so2,1317,1,116441,120756,-4315,0,0,,,
sellorder,so2fv_vs_so2,1318,0,102774,102020,754,0,0,,,
sellorder,so2fv_vs_so2,1318,1,102774,102020,754,0,0,,,
sellorder,so2fv_vs_so2,1319,0,109176,109176,0,0,0,,,
sellorder,so2fv_vs_so2,1319,1,109176,109176,0,0,0,,,
sellorder,so2race_vs_so2,1300,0,108652,105704,2948,0,0,,,
sellorder,so2race_vs_so2,1300,1,89262,90401,-1139,0,0,,,
sellorder,so2race_vs_so2,1301,0,110866,123887,-13021,0,0,,,
sellorder,so2race_vs_so2,1301,1,112051,122460,-10409,0,0,,,
sellorder,so2race_vs_so2,1302,0,85468,81427,4041,0,0,,,
sellorder,so2race_vs_so2,1302,1,85468,81427,4041,0,0,,,
sellorder,so2race_vs_so2,1303,0,100744,103581,-2837,0,0,,,
sellorder,so2race_vs_so2,1303,1,100091,100372,-281,0,0,,,
sellorder,so2race_vs_so2,1304,0,81855,83864,-2009,0,0,,,
sellorder,so2race_vs_so2,1304,1,81855,83864,-2009,0,0,,,
sellorder,so2race_vs_so2,1305,0,105671,104119,1552,0,0,,,
sellorder,so2race_vs_so2,1305,1,105671,104119,1552,0,0,,,
sellorder,so2race_vs_so2,1306,0,75922,75559,363,0,0,,,
sellorder,so2race_vs_so2,1306,1,95693,96073,-380,0,0,,,
sellorder,so2race_vs_so2,1307,0,79725,77400,2325,0,0,,,
sellorder,so2race_vs_so2,1307,1,76806,77101,-295,0,0,,,
sellorder,so2race_vs_so2,1308,0,114648,120832,-6184,0,0,,,
sellorder,so2race_vs_so2,1308,1,114648,120832,-6184,0,0,,,
sellorder,so2race_vs_so2,1309,0,92913,98671,-5758,0,0,,,
sellorder,so2race_vs_so2,1309,1,92913,98671,-5758,0,0,,,
sellorder,so2race_vs_so2,1310,0,139079,132541,6538,0,0,,,
sellorder,so2race_vs_so2,1310,1,139126,132532,6594,0,0,,,
sellorder,so2race_vs_so2,1311,0,173118,168606,4512,0,0,,,
sellorder,so2race_vs_so2,1311,1,175240,171560,3680,0,0,,,
sellorder,so2race_vs_so2,1312,0,142433,136292,6141,0,0,,,
sellorder,so2race_vs_so2,1312,1,142433,136292,6141,0,0,,,
sellorder,so2race_vs_so2,1313,0,104095,106783,-2688,0,0,,,
sellorder,so2race_vs_so2,1313,1,104519,108648,-4129,0,0,,,
sellorder,so2race_vs_so2,1314,0,109086,98838,10248,0,0,,,
sellorder,so2race_vs_so2,1314,1,100033,80727,19306,0,0,,,
sellorder,so2race_vs_so2,1315,0,99634,99261,373,0,0,,,
sellorder,so2race_vs_so2,1315,1,99559,99879,-320,0,0,,,
sellorder,so2race_vs_so2,1316,0,104869,106495,-1626,0,0,,,
sellorder,so2race_vs_so2,1316,1,109460,101098,8362,0,0,,,
sellorder,so2race_vs_so2,1317,0,114244,113704,540,0,0,,,
sellorder,so2race_vs_so2,1317,1,119491,124634,-5143,0,0,,,
sellorder,so2race_vs_so2,1318,0,90447,86513,3934,0,0,,,
sellorder,so2race_vs_so2,1318,1,90447,86513,3934,0,0,,,
sellorder,so2race_vs_so2,1319,0,97086,99942,-2856,0,0,,,
sellorder,so2race_vs_so2,1319,1,97086,99942,-2856,0,0,,,
sellorder,so2rw_vs_so2,1300,0,88209,88618,-409,0,0,,,
sellorder,so2rw_vs_so2,1300,1,93472,90457,3015,0,0,,,
sellorder,so2rw_vs_so2,1301,0,126099,121659,4440,0,0,,,
sellorder,so2rw_vs_so2,1301,1,126099,121659,4440,0,0,,,
sellorder,so2rw_vs_so2,1302,0,79013,79013,0,0,0,,,
sellorder,so2rw_vs_so2,1302,1,79013,79013,0,0,0,,,
sellorder,so2rw_vs_so2,1303,0,101593,99850,1743,0,0,,,
sellorder,so2rw_vs_so2,1303,1,101593,99850,1743,0,0,,,
sellorder,so2rw_vs_so2,1304,0,79695,83646,-3951,0,0,,,
sellorder,so2rw_vs_so2,1304,1,79695,83646,-3951,0,0,,,
sellorder,so2rw_vs_so2,1305,0,106574,106163,411,0,0,,,
sellorder,so2rw_vs_so2,1305,1,106574,106163,411,0,0,,,
sellorder,so2rw_vs_so2,1306,0,84807,84639,168,0,0,,,
sellorder,so2rw_vs_so2,1306,1,84807,84639,168,0,0,,,
sellorder,so2rw_vs_so2,1307,0,104002,107248,-3246,0,0,,,
sellorder,so2rw_vs_so2,1307,1,96927,96837,90,0,0,,,
sellorder,so2rw_vs_so2,1308,0,115277,112353,2924,0,0,,,
sellorder,so2rw_vs_so2,1308,1,115277,112353,2924,0,0,,,
sellorder,so2rw_vs_so2,1309,0,103737,99302,4435,0,0,,,
sellorder,so2rw_vs_so2,1309,1,103737,99302,4435,0,0,,,
sellorder,so2rw_vs_so2,1310,0,119254,117533,1721,0,0,,,
sellorder,so2rw_vs_so2,1310,1,119252,117535,1717,0,0,,,
sellorder,so2rw_vs_so2,1311,0,133907,134622,-715,0,0,,,
sellorder,so2rw_vs_so2,1311,1,133815,134363,-548,0,0,,,
sellorder,so2rw_vs_so2,1312,0,123433,123366,67,0,0,,,
sellorder,so2rw_vs_so2,1312,1,123433,123366,67,0,0,,,
sellorder,so2rw_vs_so2,1313,0,109282,118337,-9055,0,0,,,
sellorder,so2rw_vs_so2,1313,1,116475,118823,-2348,0,0,,,
sellorder,so2rw_vs_so2,1314,0,110894,110198,696,0,0,,,
sellorder,so2rw_vs_so2,1314,1,109989,106735,3254,0,0,,,
sellorder,so2rw_vs_so2,1315,0,98263,96824,1439,0,0,,,
sellorder,so2rw_vs_so2,1315,1,98275,96626,1649,0,0,,,
sellorder,so2rw_vs_so2,1316,0,111644,110934,710,0,0,,,
sellorder,so2rw_vs_so2,1316,1,118137,118889,-752,0,0,,,
sellorder,so2rw_vs_so2,1317,0,122074,115708,6366,0,0,,,
sellorder,so2rw_vs_so2,1317,1,116913,120816,-3903,0,0,,,
sellorder,so2rw_vs_so2,1318,0,101522,101166,356,0,0,,,
sellorder,so2rw_vs_so2,1318,1,101522,101166,356,0,0,,,
sellorder,so2rw_vs_so2,1319,0,113862,111378,2484,0,0,,,
sellorder,so2rw_vs_so2,1319,1,113862,111378,2484,0,0,,,
sellorder,so2rwfc_vs_so2rw,1300,0,90107,91052,-945,0,0,,,
sellorder,so2rwfc_vs_so2rw,1300,1,105714,108891,-3177,0,0,,,
sellorder,so2rwfc_vs_so2rw,1301,0,133777,125654,8123,0,0,,,
sellorder,so2rwfc_vs_so2rw,1301,1,133753,125454,8299,0,0,,,
sellorder,so2rwfc_vs_so2rw,1302,0,100072,103132,-3060,0,0,,,
sellorder,so2rwfc_vs_so2rw,1302,1,100072,103132,-3060,0,0,,,
sellorder,so2rwfc_vs_so2rw,1303,0,129720,125408,4312,0,0,,,
sellorder,so2rwfc_vs_so2rw,1303,1,138030,140426,-2396,0,0,,,
sellorder,so2rwfc_vs_so2rw,1304,0,110149,113919,-3770,0,0,,,
sellorder,so2rwfc_vs_so2rw,1304,1,110149,113919,-3770,0,0,,,
sellorder,so2rwfc_vs_so2rw,1305,0,122587,125876,-3289,0,0,,,
sellorder,so2rwfc_vs_so2rw,1305,1,123108,126074,-2966,0,0,,,
sellorder,so2rwfc_vs_so2rw,1306,0,69137,71685,-2548,0,0,,,
sellorder,so2rwfc_vs_so2rw,1306,1,69395,71303,-1908,0,0,,,
sellorder,so2rwfc_vs_so2rw,1307,0,94413,91890,2523,0,0,,,
sellorder,so2rwfc_vs_so2rw,1307,1,110369,106855,3514,0,0,,,
sellorder,so2rwfc_vs_so2rw,1308,0,93654,102252,-8598,0,0,,,
sellorder,so2rwfc_vs_so2rw,1308,1,93654,102252,-8598,0,0,,,
sellorder,so2rwfc_vs_so2rw,1309,0,81088,86088,-5000,0,0,,,
sellorder,so2rwfc_vs_so2rw,1309,1,81088,86088,-5000,0,0,,,
sellorder,so2rwfc_vs_so2rw,1310,0,142266,140237,2029,0,0,,,
sellorder,so2rwfc_vs_so2rw,1310,1,142258,140247,2011,0,0,,,
sellorder,so2rwfc_vs_so2rw,1311,0,97940,102614,-4674,0,0,,,
sellorder,so2rwfc_vs_so2rw,1311,1,97892,102302,-4410,0,0,,,
sellorder,so2rwfc_vs_so2rw,1312,0,129865,130522,-657,0,0,,,
sellorder,so2rwfc_vs_so2rw,1312,1,129865,130522,-657,0,0,,,
sellorder,so2rwfc_vs_so2rw,1313,0,112304,107296,5008,0,0,,,
sellorder,so2rwfc_vs_so2rw,1313,1,134828,135742,-914,0,0,,,
sellorder,so2rwfc_vs_so2rw,1314,0,84219,88216,-3997,0,0,,,
sellorder,so2rwfc_vs_so2rw,1314,1,74141,73731,410,0,0,,,
sellorder,so2rwfc_vs_so2rw,1315,0,85460,85557,-97,0,0,,,
sellorder,so2rwfc_vs_so2rw,1315,1,85460,85557,-97,0,0,,,
sellorder,so2rwfc_vs_so2rw,1316,0,85665,86913,-1248,0,0,,,
sellorder,so2rwfc_vs_so2rw,1316,1,84317,83895,422,0,0,,,
sellorder,so2rwfc_vs_so2rw,1317,0,121917,125875,-3958,0,0,,,
sellorder,so2rwfc_vs_so2rw,1317,1,105641,110546,-4905,0,0,,,
sellorder,so2rwfc_vs_so2rw,1318,0,78248,78903,-655,0,0,,,
sellorder,so2rwfc_vs_so2rw,1318,1,78248,78903,-655,0,0,,,
sellorder,so2rwfc_vs_so2rw,1319,0,121118,122488,-1370,0,0,,,
sellorder,so2rwfc_vs_so2rw,1319,1,120419,122777,-2358,0,0,,,
sellorder,so2tm_vs_so2,1300,0,101748,103464,-1716,0,0,,,
sellorder,so2tm_vs_so2,1300,1,89335,87130,2205,0,0,,,
sellorder,so2tm_vs_so2,1301,0,105400,104335,1065,0,0,,,
sellorder,so2tm_vs_so2,1301,1,105458,104322,1136,0,0,,,
sellorder,so2tm_vs_so2,1302,0,79013,79013,0,0,0,,,
sellorder,so2tm_vs_so2,1302,1,79013,79013,0,0,0,,,
sellorder,so2tm_vs_so2,1303,0,84890,84978,-88,0,0,,,
sellorder,so2tm_vs_so2,1303,1,84890,84978,-88,0,0,,,
sellorder,so2tm_vs_so2,1304,0,78517,78517,0,0,0,,,
sellorder,so2tm_vs_so2,1304,1,78517,78517,0,0,0,,,
sellorder,so2tm_vs_so2,1305,0,115130,119544,-4414,0,0,,,
sellorder,so2tm_vs_so2,1305,1,115130,119544,-4414,0,0,,,
sellorder,so2tm_vs_so2,1306,0,80445,80445,0,0,0,,,
sellorder,so2tm_vs_so2,1306,1,80445,80445,0,0,0,,,
sellorder,so2tm_vs_so2,1307,0,78070,83920,-5850,0,0,,,
sellorder,so2tm_vs_so2,1307,1,94896,93269,1627,0,0,,,
sellorder,so2tm_vs_so2,1308,0,113702,113494,208,0,0,,,
sellorder,so2tm_vs_so2,1308,1,113702,113494,208,0,0,,,
sellorder,so2tm_vs_so2,1309,0,98531,98531,0,0,0,,,
sellorder,so2tm_vs_so2,1309,1,98531,98531,0,0,0,,,
sellorder,so2tm_vs_so2,1310,0,118709,118707,2,0,0,,,
sellorder,so2tm_vs_so2,1310,1,118707,118709,-2,0,0,,,
sellorder,so2tm_vs_so2,1311,0,157464,157515,-51,0,0,,,
sellorder,so2tm_vs_so2,1311,1,153228,154512,-1284,0,0,,,
sellorder,so2tm_vs_so2,1312,0,113580,112371,1209,0,0,,,
sellorder,so2tm_vs_so2,1312,1,113581,112316,1265,0,0,,,
sellorder,so2tm_vs_so2,1313,0,121317,122778,-1461,0,0,,,
sellorder,so2tm_vs_so2,1313,1,124656,125911,-1255,0,0,,,
sellorder,so2tm_vs_so2,1314,0,103030,105809,-2779,0,0,,,
sellorder,so2tm_vs_so2,1314,1,105809,103030,2779,0,0,,,
sellorder,so2tm_vs_so2,1315,0,115904,109955,5949,0,0,,,
sellorder,so2tm_vs_so2,1315,1,115904,109955,5949,0,0,,,
sellorder,so2tm_vs_so2,1316,0,119141,117989,1152,0,0,,,
sellorder,so2tm_vs_so2,1316,1,117989,119141,-1152,0,0,,,
sellorder,so2tm_vs_so2,1317,0,120870,115882,4988,0,0,,,
sellorder,so2tm_vs_so2,1317,1,115882,120870,-4988,0,0,,,
sellorder,so2tm_vs_so2,1318,0,100906,100906,0,0,0,,,
sellorder,so2tm_vs_so2,1318,1,100906,100906,0,0,0,,,
sellorder,so2tm_vs_so2,1319,0,92098,86679,5419,0,0,,,
sellorder,so2tm_vs_so2,1319,1,91685,86552,5133,0,0,,,
abl_Y,Yrs_1404,1404,0,116702,115753,949,0,0,,,
abl_Y,Yrs_1409,1409,0,107831,106496,1335,0,0,,,
abl_Y,Yrs_1417,1417,0,111992,112472,-480,0,0,,,
abl_Y,forecast_prior_1404,1404,0,104425,102057,2368,0,0,,,
abl_Y,forecast_prior_1404,1404,1,103675,102535,1140,0,0,,,
abl_Y,forecast_prior_1409,1409,0,109253,106218,3035,0,0,,,
abl_Y,forecast_prior_1409,1409,1,109253,106218,3035,0,0,,,
abl_Y,forecast_prior_1417,1417,0,106668,103340,3328,0,0,,,
abl_Y,forecast_prior_1417,1417,1,106668,103340,3328,0,0,,,
abl_Y,melon_tie_now_1404,1404,0,94393,121055,-26662,0,0,,,
abl_Y,melon_tie_now_1404,1404,1,94393,121055,-26662,0,0,,,
abl_Y,melon_tie_now_1409,1409,0,105860,117077,-11217,0,0,,,
abl_Y,melon_tie_now_1409,1409,1,105860,117077,-11217,0,0,,,
abl_Y,melon_tie_now_1417,1417,0,70406,96215,-25809,0,0,,,
abl_Y,melon_tie_now_1417,1417,1,70406,96215,-25809,0,0,,,
abl_Y,race_early_1404,1404,0,89744,118353,-28609,0,0,,,
abl_Y,race_early_1404,1404,1,89744,118353,-28609,0,0,,,
abl_Y,race_early_1409,1409,0,109208,119268,-10060,0,0,,,
abl_Y,race_early_1409,1409,1,109208,119268,-10060,0,0,,,
abl_Y,race_early_1417,1417,0,70231,94542,-24311,0,0,,,
abl_Y,race_early_1417,1417,1,70231,94542,-24311,0,0,,,
abl_Y,race_steps_1404,1404,0,89764,118352,-28588,0,0,,,
abl_Y,race_steps_1404,1404,1,89764,118352,-28588,0,0,,,
abl_Y,race_steps_1409,1409,0,105938,117107,-11169,0,0,,,
abl_Y,race_steps_1409,1409,1,105938,117107,-11169,0,0,,,
abl_Y,race_steps_1417,1417,0,70830,94420,-23590,0,0,,,
abl_Y,race_steps_1417,1417,1,70830,94420,-23590,0,0,,,
mirror1,fin_I_rs_1300,1300,0,99755,99755,0,0,0,,,
mirror1,fin_I_rs_1300,1301,0,136822,136822,0,0,0,,,
mirror1,fin_I_rs_1300,1302,0,84618,85766,-1148,0,0,,,
mirror1,fin_I_rs_1300,1303,0,89067,89496,-429,0,0,,,
mirror1,fin_I_rs_1300,1304,0,93375,93375,0,0,0,,,
mirror1,fin_I_rs_1300,1305,0,87118,87297,-179,0,0,,,
mirror1,fin_I_rs_1300,1306,0,87479,86424,1055,0,0,,,
mirror1,fin_I_rs_1300,1307,0,90728,90728,0,0,0,,,
mirror1,fin_I_rs_1300,1308,0,112545,112545,0,0,0,,,
mirror1,fin_I_rs_1300,1309,0,96792,96792,0,0,0,,,
mirror1,fin_I_rs_1300,1310,0,126058,126058,0,0,0,,,
mirror1,fin_I_rs_1300,1311,0,103704,101446,2258,0,0,,,
mirror1,fin_I_rs_1300,1312,0,130468,129899,569,0,0,,,
mirror1,fin_I_rs_1300,1313,0,104333,102900,1433,0,0,,,
mirror1,fin_I_rs_1300,1314,0,101739,103380,-1641,0,0,,,
mirror1,fin_I_rs_1300,1315,0,86028,84883,1145,0,0,,,
mirror1,fin_I_rs_1300,1316,0,162767,161435,1332,0,0,,,
mirror1,fin_I_rs_1300,1317,0,102659,102659,0,0,0,,,
mirror1,fin_I_rs_1300,1318,0,137051,137051,0,0,0,,,
mirror1,fin_I_rs_1300,1319,0,79904,81358,-1454,0,0,,,
mirror1,fin_I_rs_1400,1400,0,105071,105071,0,0,0,,,
mirror1,fin_I_rs_1400,1401,0,98279,98289,-10,0,0,,,
mirror1,fin_I_rs_1400,1402,0,103976,103976,0,0,0,,,
mirror1,fin_I_rs_1400,1403,0,100677,100677,0,0,0,,,
mirror1,fin_I_rs_1400,1404,0,115176,117973,-2797,0,0,,,
mirror1,fin_I_rs_1400,1405,0,99452,98884,568,0,0,,,
mirror1,fin_I_rs_1400,1406,0,92920,92920,0,0,0,,,
mirror1,fin_I_rs_1400,1407,0,133574,131523,2051,0,0,,,
mirror1,fin_I_rs_1400,1408,0,126767,126767,0,0,0,,,
mirror1,fin_I_rs_1400,1409,0,109848,109268,580,0,0,,,
mirror1,fin_I_rs_1400,1410,0,134724,129567,5157,0,0,,,
mirror1,fin_I_rs_1400,1411,0,110559,109672,887,0,0,,,
mirror1,fin_I_rs_1400,1412,0,109333,111418,-2085,0,0,,,
mirror1,fin_I_rs_1400,1413,0,117202,120263,-3061,0,0,,,
mirror1,fin_I_rs_1400,1414,0,127367,127265,102,0,0,,,
mirror1,fin_I_rs_1400,1415,0,96775,96775,0,0,0,,,
mirror1,fin_I_rs_1400,1416,0,94867,94881,-14,0,0,,,
mirror1,fin_I_rs_1400,1417,0,109544,113800,-4256,0,0,,,
mirror1,fin_I_rs_1400,1418,0,96295,96295,0,0,0,,,
mirror1,fin_I_rs_1400,1419,0,102608,100965,1643,0,0,,,
mirror1,fin_Y_rs_1300,1300,0,87008,82757,4251,0,0,,,
mirror1,fin_Y_rs_1300,1301,0,120909,114309,6600,0,0,,,
mirror1,fin_Y_rs_1300,1302,0,82821,81997,824,0,0,,,
mirror1,fin_Y_rs_1300,1303,0,129793,126296,3497,0,0,,,
mirror1,fin_Y_rs_1300,1304,0,91725,85662,6063,0,0,,,
mirror1,fin_Y_rs_1300,1305,0,97685,96701,984,0,0,,,
mirror1,fin_Y_rs_1300,1306,0,120139,115568,4571,0,0,,,
mirror1,fin_Y_rs_1300,1307,0,105201,102257,2944,0,0,,,
mirror1,fin_Y_rs_1300,1308,0,101078,93618,7460,0,0,,,
mirror1,fin_Y_rs_1300,1309,0,89964,86500,3464,0,0,,,
mirror1,fin_Y_rs_1300,1310,0,123144,122279,865,0,0,,,
mirror1,fin_Y_rs_1300,1311,0,82376,79414,2962,0,0,,,
mirror1,fin_Y_rs_1300,1312,0,135079,138782,-3703,0,0,,,
mirror1,fin_Y_rs_1300,1313,0,105083,102002,3081,0,0,,,
mirror1,fin_Y_rs_1300,1314,0,93616,91981,1635,0,0,,,
mirror1,fin_Y_rs_1300,1315,0,95445,94963,482,0,0,,,
mirror1,fin_Y_rs_1300,1316,0,150051,148588,1463,0,0,,,
mirror1,fin_Y_rs_1300,1317,0,126548,122020,4528,0,0,,,
mirror1,fin_Y_rs_1300,1318,0,159035,155022,4013,0,0,,,
mirror1,fin_Y_rs_1300,1319,0,99218,98688,530,0,0,,,
mirror1,fin_Y_rs_1400,1400,0,92044,87480,4564,0,0,,0,5
mirror1,fin_Y_rs_1400,1401,0,82875,78874,4001,0,0,,3,3
mirror1,fin_Y_rs_1400,1402,0,106103,104778,1325,0,0,,3,3
mirror1,fin_Y_rs_1400,1403,0,105704,104384,1320,0,0,,3,3
mirror1,fin_Y_rs_1400,1404,0,116702,115753,949,0,0,,9,8
mirror1,fin_Y_rs_1400,1405,0,120491,117694,2797,0,0,,8,8
mirror1,fin_Y_rs_1400,1406,0,119842,125049,-5207,0,0,,18,14
mirror1,fin_Y_rs_1400,1407,0,134679,131214,3465,0,0,,4,5
mirror1,fin_Y_rs_1400,1408,0,132914,120625,12289,0,0,,3,3
mirror1,fin_Y_rs_1400,1409,0,107831,106496,1335,0,0,,3,3
mirror1,fin_Y_rs_1400,1410,0,123838,118475,5363,0,0,,11,14
mirror1,fin_Y_rs_1400,1411,0,95628,91500,4128,0,0,,3,3
mirror1,fin_Y_rs_1400,1412,0,128058,124067,3991,0,0,,3,3
mirror1,fin_Y_rs_1400,1413,0,113564,111843,1721,0,0,,3,3
mirror1,fin_Y_rs_1400,1414,0,120698,119956,742,0,0,,8,9
mirror1,fin_Y_rs_1400,1415,0,93757,92819,938,0,0,,3,3
mirror1,fin_Y_rs_1400,1416,0,97177,93341,3836,0,0,,3,3
mirror1,fin_Y_rs_1400,1417,0,111992,112472,-480,0,0,,3,3
mirror1,fin_Y_rs_1400,1418,0,89474,86790,2684,0,0,,4,3
mirror1,fin_Y_rs_1400,1419,0,117658,116305,1353,0,0,,7,7
mirror1,fin_Z_1300,1300,0,100915,91674,9241,0,0,,6,3
mirror1,fin_Z_1300,1301,0,118307,115824,2483,0,0,,11,10
mirror1,fin_Z_1300,1302,0,81762,79885,1877,0,0,,3,3
mirror1,fin_Z_1300,1303,0,107223,105386,1837,0,0,,3,3
mirror1,fin_Z_1300,1304,0,100656,92827,7829,0,0,,10,5
mirror1,fin_Z_1300,1305,0,90617,86153,4464,0,0,,6,4
mirror1,fin_Z_1300,1306,0,102944,97863,5081,0,0,,3,3
mirror1,fin_Z_1300,1307,0,86786,85064,1722,0,0,,3,3
mirror1,fin_Z_1300,1308,0,98398,95890,2508,0,0,,7,8
mirror1,fin_Z_1300,1309,0,106996,105102,1894,0,0,,7,7
mirror1,fin_Z_1300,1310,0,109215,105164,4051,0,0,,4,3
mirror1,fin_Z_1300,1311,0,92157,91261,896,0,0,,6,5
mirror1,fin_Z_1300,1312,0,129130,129559,-429,0,0,,3,3
mirror1,fin_Z_1300,1313,0,93968,88284,5684,0,0,,7,5
mirror1,fin_Z_1300,1314,0,101488,99262,2226,0,0,,3,3
mirror1,fin_Z_1300,1315,0,103935,97010,6925,0,0,,3,3
mirror1,fin_Z_1300,1316,0,142270,135847,6423,0,0,,3,3
mirror1,fin_Z_1300,1317,0,121626,118144,3482,0,0,,6,3
mirror1,fin_Z_1300,1318,0,132591,128324,4267,0,0,,3,3
mirror1,fin_Z_1300,1319,0,74327,70453,3874,0,0,,8,3
mirror1,fin_Z_1400,1400,0,84085,82680,1405,0,0,,3,3
mirror1,fin_Z_1400,1401,0,77192,74723,2469,0,0,,6,10
mirror1,fin_Z_1400,1402,0,110813,106747,4066,0,0,,5,5
mirror1,fin_Z_1400,1403,0,116121,114038,2083,0,0,,3,3
mirror1,fin_Z_1400,1404,0,104425,102057,2368,0,0,,6,6
mirror1,fin_Z_1400,1405,0,121142,119188,1954,0,0,,8,8
mirror1,fin_Z_1400,1406,0,105169,103292,1877,0,0,,9,9
mirror1,fin_Z_1400,1407,0,143952,142330,1622,0,0,,5,5
mirror1,fin_Z_1400,1408,0,119138,115300,3838,0,0,,3,0
mirror1,fin_Z_1400,1409,0,109253,106218,3035,0,0,,3,3
mirror1,fin_Z_1400,1410,0,123530,122182,1348,0,0,,14,13
mirror1,fin_Z_1400,1411,0,93418,92392,1026,0,0,,0,3
mirror1,fin_Z_1400,1412,0,123101,119794,3307,0,0,,3,3
mirror1,fin_Z_1400,1413,0,98642,96923,1719,0,0,,3,3
mirror1,fin_Z_1400,1414,0,119048,122861,-3813,0,0,,9,9
mirror1,fin_Z_1400,1415,0,92234,90745,1489,0,0,,3,3
mirror1,fin_Z_1400,1416,0,93942,92916,1026,0,0,,3,3
mirror1,fin_Z_1400,1417,0,106668,103340,3328,0,0,,3,3
mirror1,fin_Z_1400,1418,0,102967,100926,2041,0,0,,3,3
mirror1,fin_Z_1400,1419,0,110150,106057,4093,0,0,,6,7
mirror1,fin_Z_rs_1300,1300,0,100915,91674,9241,0,0,,,
mirror1,fin_Z_rs_1300,1301,0,118307,115824,2483,0,0,,,
mirror1,fin_Z_rs_1300,1302,0,98925,70106,28819,0,0,,,
mirror1,fin_Z_rs_1300,1303,0,107223,105386,1837,0,0,,,
mirror1,fin_Z_rs_1300,1304,0,100656,92827,7829,0,0,,,
mirror1,fin_Z_rs_1300,1305,0,90617,86153,4464,0,0,,,
mirror1,fin_Z_rs_1300,1306,0,102944,97863,5081,0,0,,,
mirror1,fin_Z_rs_1300,1307,0,86786,85064,1722,0,0,,,
mirror1,fin_Z_rs_1300,1308,0,98398,95890,2508,0,0,,,
mirror1,fin_Z_rs_1300,1309,0,106996,105102,1894,0,0,,,
mirror1,fin_Z_rs_1300,1310,0,109215,105164,4051,0,0,,,
mirror1,fin_Z_rs_1300,1311,0,92157,91261,896,0,0,,,
mirror1,fin_Z_rs_1300,1312,0,123079,123575,-496,0,0,,,
mirror1,fin_Z_rs_1300,1313,0,96484,91144,5340,0,0,,,
mirror1,fin_Z_rs_1300,1314,0,101488,99262,2226,0,0,,,
mirror1,fin_Z_rs_1300,1315,0,90687,89088,1599,0,0,,,
mirror1,fin_Z_rs_1300,1316,0,181819,146393,35426,0,0,,,
mirror1,fin_Z_rs_1300,1317,0,121626,118144,3482,0,0,,,
mirror1,fin_Z_rs_1300,1318,0,132591,128324,4267,0,0,,,
mirror1,fin_Z_rs_1300,1319,0,98697,88603,10094,0,0,,,
mirror1,fin_Z_rs_1400,1400,0,84085,82680,1405,0,0,,,
mirror1,fin_Z_rs_1400,1401,0,77192,74723,2469,0,0,,,
mirror1,fin_Z_rs_1400,1402,0,110813,106747,4066,0,0,,,
mirror1,fin_Z_rs_1400,1403,0,116121,114038,2083,0,0,,,
mirror1,fin_Z_rs_1400,1404,0,118784,97103,21681,0,0,,,
mirror1,fin_Z_rs_1400,1405,0,121142,119188,1954,0,0,,,
mirror1,fin_Z_rs_1400,1406,0,105169,103292,1877,0,0,,,
mirror1,fin_Z_rs_1400,1407,0,151740,153331,-1591,0,0,,,
mirror1,fin_Z_rs_1400,1408,0,119138,115300,3838,0,0,,,
mirror1,fin_Z_rs_1400,1409,0,122968,110828,12140,0,0,,,
mirror1,fin_Z_rs_1400,1410,0,123530,122182,1348,0,0,,,
mirror1,fin_Z_rs_1400,1411,0,93418,92392,1026,0,0,,,
mirror1,fin_Z_rs_1400,1412,0,123101,119794,3307,0,0,,,
mirror1,fin_Z_rs_1400,1413,0,115515,111337,4178,0,0,,,
mirror1,fin_Z_rs_1400,1414,0,110655,130457,-19802,0,0,,,
mirror1,fin_Z_rs_1400,1415,0,92234,90745,1489,0,0,,,
mirror1,fin_Z_rs_1400,1416,0,93942,92916,1026,0,0,,,
mirror1,fin_Z_rs_1400,1417,0,112355,81569,30786,0,0,,,
mirror1,fin_Z_rs_1400,1418,0,102967,100926,2041,0,0,,,
mirror1,fin_Z_rs_1400,1419,0,110150,106057,4093,0,0,,,
mirror1,fin_Z_sd_1300,1300,0,100915,91674,9241,0,0,,6,3
mirror1,fin_Z_sd_1300,1301,0,89791,93431,-3640,0,0,,8,9
mirror1,fin_Z_sd_1300,1302,0,105058,75199,29859,0,0,,3,10
mirror1,fin_Z_sd_1300,1303,0,100309,97414,2895,0,0,,4,5
mirror1,fin_Z_sd_1300,1304,0,99398,94556,4842,0,0,,3,3
mirror1,fin_Z_sd_1300,1305,0,90617,86153,4464,0,0,,6,4
mirror1,fin_Z_sd_1300,1306,0,92597,86953,5644,0,0,,3,3
mirror1,fin_Z_sd_1300,1307,0,99669,93252,6417,0,0,,3,3
mirror1,fin_Z_sd_1300,1308,0,98398,95890,2508,0,0,,7,8
mirror1,fin_Z_sd_1300,1309,0,106996,105102,1894,0,0,,7,7
mirror1,fin_Z_sd_1300,1310,0,109215,105164,4051,0,0,,4,3
mirror1,fin_Z_sd_1300,1311,0,97296,94381,2915,0,0,,4,3
mirror1,fin_Z_sd_1300,1312,0,123079,123575,-496,0,0,,3,3
mirror1,fin_Z_sd_1300,1313,0,95560,89764,5796,0,0,,5,5
mirror1,fin_Z_sd_1300,1314,0,104966,102243,2723,0,0,,6,4
mirror1,fin_Z_sd_1300,1315,0,90687,89088,1599,0,0,,6,8
mirror1,fin_Z_sd_1300,1316,0,173264,140217,33047,0,0,,3,10
mirror1,fin_Z_sd_1300,1317,0,138897,139009,-112,0,0,,3,3
mirror1,fin_Z_sd_1300,1318,0,132591,128324,4267,0,0,,3,3
mirror1,fin_Z_sd_1300,1319,0,98697,88603,10094,0,0,,8,9
mirror1,fin_Z_sd_1400,1400,0,90054,83762,6292,0,0,,5,3
mirror1,fin_Z_sd_1400,1401,0,95767,93332,2435,0,0,,5,7
mirror1,fin_Z_sd_1400,1402,0,92197,93445,-1248,0,0,,3,3
mirror1,fin_Z_sd_1400,1403,0,94432,87765,6667,0,0,,3,3
mirror1,fin_Z_sd_1400,1404,0,105374,93266,12108,0,0,,7,15
mirror1,fin_Z_sd_1400,1405,0,120660,120458,202,0,0,,12,8
mirror1,fin_Z_sd_1400,1406,0,105169,103292,1877,0,0,,9,9
mirror1,fin_Z_sd_1400,1407,0,151740,153331,-1591,0,0,,5,5
mirror1,fin_Z_sd_1400,1408,0,125817,129098,-3281,0,0,,3,0
mirror1,fin_Z_sd_1400,1409,0,105107,82095,23012,0,0,,6,13
mirror1,fin_Z_sd_1400,1410,0,123530,122182,1348,0,0,,14,13
mirror1,fin_Z_sd_1400,1411,0,100622,74675,25947,0,0,,3,10
mirror1,fin_Z_sd_1400,1412,0,121640,116584,5056,0,0,,3,3
mirror1,fin_Z_sd_1400,1413,0,110839,109478,1361,0,0,,3,3
mirror1,fin_Z_sd_1400,1414,0,110655,130457,-19802,0,0,,10,12
mirror1,fin_Z_sd_1400,1415,0,92234,90745,1489,0,0,,3,3
mirror1,fin_Z_sd_1400,1416,0,96814,72952,23862,0,0,,5,10
mirror1,fin_Z_sd_1400,1417,0,114716,81144,33572,0,0,,5,12
mirror1,fin_Z_sd_1400,1418,0,99233,99023,210,0,0,,3,3
mirror1,fin_Z_sd_1400,1419,0,101050,101708,-658,0,0,,7,7
h2h1,Yrs_vs_Zrs_1300,1300,0,95228,96632,-1404,0,0,,5,5
h2h1,Yrs_vs_Zrs_1300,1301,0,116220,118754,-2534,0,0,,11,11
h2h1,Yrs_vs_Zrs_1300,1302,0,83777,84914,-1137,0,0,,3,3
h2h1,Yrs_vs_Zrs_1300,1303,0,94541,93923,618,0,0,,3,3
h2h1,Yrs_vs_Zrs_1300,1304,0,98921,92153,6768,0,0,,5,11
h2h1,Yrs_vs_Zrs_1300,1305,0,86685,89919,-3234,0,0,,8,6
h2h1,Yrs_vs_Zrs_1300,1306,0,101171,101237,-66,0,0,,3,3
h2h1,Yrs_vs_Zrs_1300,1307,0,98581,96898,1683,0,0,,4,3
h2h1,Yrs_vs_Zrs_1300,1308,0,118831,116161,2670,0,0,,5,7
h2h1,Yrs_vs_Zrs_1300,1309,0,105124,106694,-1570,0,0,,7,7
h2h1,Yrs_vs_Zrs_1300,1310,0,120668,121100,-432,0,0,,3,3
h2h1,Yrs_vs_Zrs_1300,1311,0,87651,84285,3366,0,0,,3,3
h2h1,Yrs_vs_Zrs_1300,1312,0,129388,136854,-7466,0,0,,3,3
h2h1,Yrs_vs_Zrs_1300,1313,0,102396,102429,-33,0,0,,6,6
h2h1,Yrs_vs_Zrs_1300,1314,0,89309,87425,1884,0,0,,4,3
h2h1,Yrs_vs_Zrs_1300,1315,0,95707,99709,-4002,0,0,,7,5
h2h1,Yrs_vs_Zrs_1300,1316,0,129555,130517,-962,0,0,,3,3
h2h1,Yrs_vs_Zrs_1300,1317,0,105198,108647,-3449,0,0,,3,3
h2h1,Yrs_vs_Zrs_1300,1318,0,159110,155116,3994,0,0,,3,3
h2h1,Yrs_vs_Zrs_1300,1319,0,71874,71758,116,0,0,,3,3
h2h1,Yrs_vs_Zrs_1400,1400,0,92333,86095,6238,0,0,,3,3
h2h1,Yrs_vs_Zrs_1400,1401,0,80188,82225,-2037,0,0,,3,0
h2h1,Yrs_vs_Zrs_1400,1402,0,106806,107211,-405,0,0,,4,3
h2h1,Yrs_vs_Zrs_1400,1403,0,106567,106723,-156,0,0,,3,3
h2h1,Yrs_vs_Zrs_1400,1404,0,109112,108380,732,0,0,,11,13
h2h1,Yrs_vs_Zrs_1400,1405,0,122661,120404,2257,0,0,,8,8
h2h1,Yrs_vs_Zrs_1400,1406,0,125945,131978,-6033,0,0,,15,14
h2h1,Yrs_vs_Zrs_1400,1407,0,136143,138025,-1882,0,0,,3,3
h2h1,Yrs_vs_Zrs_1400,1408,0,118229,125279,-7050,0,0,,3,3
h2h1,Yrs_vs_Zrs_1400,1409,0,119592,120545,-953,0,0,,3,3
h2h1,Yrs_vs_Zrs_1400,1410,0,111629,127756,-16127,0,0,,8,12
h2h1,Yrs_vs_Zrs_1400,1411,0,93727,93952,-225,0,0,,3,4
h2h1,Yrs_vs_Zrs_1400,1412,0,114804,122554,-7750,0,0,,10,4
h2h1,Yrs_vs_Zrs_1400,1413,0,129113,136628,-7515,0,0,,3,3
h2h1,Yrs_vs_Zrs_1400,1414,0,127157,119736,7421,0,0,,7,8
h2h1,Yrs_vs_Zrs_1400,1415,0,88236,86017,2219,0,0,,3,3
h2h1,Yrs_vs_Zrs_1400,1416,0,95283,97073,-1790,0,0,,3,3
h2h1,Yrs_vs_Zrs_1400,1417,0,96065,95674,391,0,0,,3,3
h2h1,Yrs_vs_Zrs_1400,1418,0,86239,87695,-1456,0,0,,4,4
h2h1,Yrs_vs_Zrs_1400,1419,0,104345,107723,-3378,0,0,,7,6
h2h1,Yrs_vs_Zrs_1500,1500,0,94301,93717,584,0,0,,0,0
h2h1,Yrs_vs_Zrs_1500,1501,0,103003,108870,-5867,0,0,,0,0
h2h1,Yrs_vs_Zrs_1500,1502,0,123697,121297,2400,0,0,,0,0
h2h1,Yrs_vs_Zrs_1500,1503,0,105326,105351,-25,0,0,,0,0
h2h1,Yrs_vs_Zrs_1500,1504,0,104217,105518,-1301,0,0,,1,4
h2h1,Yrs_vs_Zrs_1500,1505,0,84841,85246,-405,0,0,,0,0
h2h1,Yrs_vs_Zrs_1500,1506,0,124588,122939,1649,0,0,,0,0
h2h1,Yrs_vs_Zrs_1500,1507,0,111109,113123,-2014,0,0,,0,0
h2h1,Yrs_vs_Zrs_1500,1508,0,109983,107471,2512,0,0,,0,0
h2h1,Yrs_vs_Zrs_1500,1509,0,80442,83206,-2764,0,0,,0,0
h2h1,Yrs_vs_Zrs_1500,1510,0,133123,138338,-5215,0,0,,0,0
h2h1,Yrs_vs_Zrs_1500,1511,0,90388,91032,-644,0,0,,0,0
h2h1,Yrs_vs_Zrs_1500,1512,0,125290,127532,-2242,0,0,,0,0
h2h1,Yrs_vs_Zrs_1500,1513,0,100702,100718,-16,0,0,,0,0
h2h1,Yrs_vs_Zrs_1500,1514,0,116875,114198,2677,0,0,,0,0
h2h1,Yrs_vs_Zrs_1500,1515,0,95389,93354,2035,0,0,,0,0
h2h1,Yrs_vs_Zrs_1500,1516,0,118694,117657,1037,0,0,,0,0
h2h1,Yrs_vs_Zrs_1500,1517,0,79253,78772,481,0,0,,0,0
h2h1,Yrs_vs_Zrs_1500,1518,0,121321,120823,498,0,0,,0,0
h2h1,Yrs_vs_Zrs_1500,1519,0,102103,106794,-4691,0,0,,0,0
q4probe,fin_Q4a,1300,0,100986,100368,618,0,0,,0,0
q4probe,fin_Q4a,1301,0,98000,110529,-12529,0,0,,0,0
q4probe,fin_Q4a,1302,0,81965,80803,1162,0,0,,0,0
q4probe,fin_Q4a,1303,0,137592,157067,-19475,0,0,,0,0
q4probe,fin_Q4a,1304,0,115112,111344,3768,0,0,,0,0
q4probe,fin_Q4a,1305,0,105385,103670,1715,0,0,,0,0
q4probe,fin_Q4a,1306,0,145686,145724,-38,0,0,,0,0
q4probe,fin_Q4a,1307,0,120408,120627,-219,0,0,,0,0
q4probe,fin_Q4a,1308,0,120894,118565,2329,0,0,,0,0
q4probe,fin_Q4a,1309,0,88260,89032,-772,0,0,,0,0
q4probe,fin_Q4a,1310,0,105099,104972,127,0,0,,0,0
q4probe,fin_Q4a,1311,0,124017,121061,2956,0,0,,0,0
q4probe,fin_Q4a,1312,0,123132,150533,-27401,0,0,,0,0
q4probe,fin_Q4a,1313,0,116012,117000,-988,0,0,,0,0
q4probe,fin_Q4a,1314,0,101795,104480,-2685,0,0,,0,0
q4probe,fin_Q4a,1315,0,81500,79931,1569,0,0,,0,1
q4probe,fin_Q4a,1316,0,98182,93823,4359,0,0,,1,0
q4probe,fin_Q4a,1317,0,120906,117419,3487,0,0,,0,0
q4probe,fin_Q4a,1318,0,121808,118802,3006,0,0,,0,0
q4probe,fin_Q4a,1319,0,78590,79531,-941,0,0,,0,0
q4probe,fin_Q4b,1300,0,100484,98180,2304,0,0,,0,0
q4probe,fin_Q4b,1301,0,101381,115209,-13828,0,0,,0,0
q4probe,fin_Q4b,1302,0,125808,116943,8865,0,0,,0,0
q4probe,fin_Q4b,1303,0,99860,126491,-26631,0,0,,0,2
q4probe,fin_Q4b,1304,0,108347,107838,509,0,0,,0,0
q4probe,fin_Q4b,1305,0,112630,117803,-5173,0,0,,0,0
q4probe,fin_Q4b,1306,0,94745,105387,-10642,0,0,,0,0
q4probe,fin_Q4b,1307,0,116370,113757,2613,0,0,,0,0
q4probe,fin_Q4b,1308,0,114083,112458,1625,0,0,,0,0
q4probe,fin_Q4b,1309,0,87378,88328,-950,0,0,,0,0
q4probe,fin_Q4b,1310,0,111927,110132,1795,0,0,,0,0
q4probe,fin_Q4b,1311,0,97389,94969,2420,0,0,,0,0
q4probe,fin_Q4b,1312,0,128405,131065,-2660,0,0,,0,0
q4probe,fin_Q4b,1313,0,133263,130814,2449,0,0,,0,0
q4probe,fin_Q4b,1314,0,149399,142061,7338,0,0,,0,0
q4probe,fin_Q4b,1315,0,107555,88409,19146,0,0,,1,0
q4probe,fin_Q4b,1316,0,123581,133167,-9586,0,0,,0,0
q4probe,fin_Q4b,1317,0,113337,102266,11071,0,0,,0,0
q4probe,fin_Q4b,1318,0,108951,107758,1193,0,0,,0,0
q4probe,fin_Q4b,1319,0,80345,95079,-14734,0,0,,1,1
q4probe,fin_Q4c,1300,0,99867,96939,2928,0,0,,0,0
q4probe,fin_Q4c,1301,0,124929,119513,5416,0,0,,0,0
q4probe,fin_Q4c,1302,0,90055,88876,1179,0,0,,0,0
q4probe,fin_Q4c,1303,0,103226,120632,-17406,0,0,,0,0
q4probe,fin_Q4c,1304,0,108799,109993,-1194,0,0,,0,0
q4probe,fin_Q4c,1305,0,122712,115865,6847,0,0,,0,0
q4probe,fin_Q4c,1306,0,121645,130265,-8620,0,0,,0,0
q4probe,fin_Q4c,1307,0,106327,104577,1750,0,0,,0,0
q4probe,fin_Q4c,1308,0,114288,114097,191,0,0,,0,0
q4probe,fin_Q4c,1309,0,81067,79915,1152,0,0,,0,0
q4probe,fin_Q4c,1310,0,113526,115766,-2240,0,0,,0,0
q4probe,fin_Q4c,1311,0,89208,88547,661,0,0,,0,0
q4probe,fin_Q4c,1312,0,104311,123080,-18769,0,0,,0,1
q4probe,fin_Q4c,1313,0,121978,120641,1337,0,0,,0,0
q4probe,fin_Q4c,1314,0,107815,107879,-64,0,0,,0,0
q4probe,fin_Q4c,1315,0,99951,100247,-296,0,0,,1,0
q4probe,fin_Q4c,1316,0,109247,119593,-10346,0,0,,0,1
q4probe,fin_Q4c,1317,0,125857,121966,3891,0,0,,0,0
q4probe,fin_Q4c,1318,0,134797,130960,3837,0,0,,0,0
q4probe,fin_Q4c,1319,0,108238,90468,17770,0,0,,1,1
q4probe,fin_Q4n,1300,0,96760,92895,3865,0,0,,0,0
q4probe,fin_Q4n,1301,0,134192,130190,4002,0,0,,0,0
q4probe,fin_Q4n,1302,0,97365,71216,26149,0,0,,0,10
q4probe,fin_Q4n,1303,0,116059,114524,1535,0,0,,0,0
q4probe,fin_Q4n,1304,0,132288,130933,1355,0,0,,0,0
q4probe,fin_Q4n,1305,0,97795,89086,8709,0,0,,0,0
q4probe,fin_Q4n,1306,0,127559,122946,4613,0,0,,0,0
q4probe,fin_Q4n,1307,0,87112,85640,1472,0,0,,0,0
q4probe,fin_Q4n,1308,0,106046,103701,2345,0,0,,0,0
q4probe,fin_Q4n,1309,0,97730,96163,1567,0,0,,0,0
q4probe,fin_Q4n,1310,0,122851,123894,-1043,0,0,,0,0
q4probe,fin_Q4n,1311,0,83622,83570,52,0,0,,0,0
q4probe,fin_Q4n,1312,0,125147,122861,2286,0,0,,0,0
q4probe,fin_Q4n,1313,0,96484,91144,5340,0,0,,3,0
q4probe,fin_Q4n,1314,0,138221,131342,6879,0,0,,0,0
q4probe,fin_Q4n,1315,0,91856,90213,1643,0,0,,0,0
q4probe,fin_Q4n,1316,0,157472,128079,29393,0,0,,0,7
q4probe,fin_Q4n,1317,0,126136,132671,-6535,0,0,,0,0
q4probe,fin_Q4n,1318,0,135796,129931,5865,0,0,,0,0
q4probe,fin_Q4n,1319,0,77847,74833,3014,0,0,,0,0
q4probe,fin_Q4s,1300,0,104661,103160,1501,0,0,,3,0
q4probe,fin_Q4s,1301,0,119940,124739,-4799,0,0,,0,0
q4probe,fin_Q4s,1302,0,122486,109990,12496,0,0,,0,7
q4probe,fin_Q4s,1303,0,116059,114524,1535,0,0,,0,0
q4probe,fin_Q4s,1304,0,132288,130933,1355,0,0,,0,0
q4probe,fin_Q4s,1305,0,107484,109680,-2196,0,0,,0,0
q4probe,fin_Q4s,1306,0,94704,96931,-2227,0,0,,0,0
q4probe,fin_Q4s,1307,0,125419,123373,2046,0,0,,0,0
q4probe,fin_Q4s,1308,0,114792,116777,-1985,0,0,,2,0
q4probe,fin_Q4s,1309,0,127798,143462,-15664,0,0,,0,0
q4probe,fin_Q4s,1310,0,110109,118353,-8244,0,0,,0,0
q4probe,fin_Q4s,1311,0,95730,95073,657,0,0,,0,0
q4probe,fin_Q4s,1312,0,123429,125532,-2103,0,0,,3,0
q4probe,fin_Q4s,1313,0,105813,106125,-312,0,0,,0,0
q4probe,fin_Q4s,1314,0,138221,131342,6879,0,0,,0,0
q4probe,fin_Q4s,1315,0,86883,89707,-2824,0,0,,0,0
q4probe,fin_Q4s,1316,0,174848,146834,28014,0,0,,1,7
q4probe,fin_Q4s,1317,0,126136,132671,-6535,0,0,,0,0
q4probe,fin_Q4s,1318,0,103231,105870,-2639,0,0,,0,0
q4probe,fin_Q4s,1319,0,85717,87037,-1320,0,0,,0,0
q4probe,fin_Z_rs,1300,0,100915,91674,9241,0,0,,0,0
q4probe,fin_Z_rs,1301,0,118307,115824,2483,0,0,,0,0
q4probe,fin_Z_rs,1302,0,98925,70106,28819,0,0,,0,7
q4probe,fin_Z_rs,1303,0,107223,105386,1837,0,0,,0,0
q4probe,fin_Z_rs,1304,0,100656,92827,7829,0,0,,0,0
q4probe,fin_Z_rs,1305,0,90617,86153,4464,0,0,,0,0
q4probe,fin_Z_rs,1306,0,102944,97863,5081,0,0,,0,0
q4probe,fin_Z_rs,1307,0,86786,85064,1722,0,0,,0,0
q4probe,fin_Z_rs,1308,0,98398,95890,2508,0,0,,0,0
q4probe,fin_Z_rs,1309,0,106996,105102,1894,0,0,,0,0
q4probe,fin_Z_rs,1310,0,109215,105164,4051,0,0,,0,0
q4probe,fin_Z_rs,1311,0,92157,91261,896,0,0,,0,0
q4probe,fin_Z_rs,1312,0,123079,123575,-496,0,0,,0,0
q4probe,fin_Z_rs,1313,0,96484,91144,5340,0,0,,3,0
q4probe,fin_Z_rs,1314,0,101488,99262,2226,0,0,,0,0
q4probe,fin_Z_rs,1315,0,90687,89088,1599,0,0,,0,0
q4probe,fin_Z_rs,1316,0,181819,146393,35426,0,0,,0,7
q4probe,fin_Z_rs,1317,0,121626,118144,3482,0,0,,0,0
q4probe,fin_Z_rs,1318,0,132591,128324,4267,0,0,,0,0
q4probe,fin_Z_rs,1319,0,98697,88603,10094,0,0,,0,0
q4probe,fin_Z_rs_land10,1300,0,86012,85531,481,0,0,,0,0
q4probe,fin_Z_rs_land10,1301,0,110664,120664,-10000,0,0,,0,3
q4probe,fin_Z_rs_land10,1302,0,96634,69216,27418,0,0,,0,7
q4probe,fin_Z_rs_land10,1303,0,126403,122796,3607,0,0,,0,0
q4probe,fin_Z_rs_land10,1304,0,106056,98600,7456,0,0,,0,1
q4probe,fin_Z_rs_land10,1305,0,90617,86153,4464,0,0,,0,0
q4probe,fin_Z_rs_land10,1306,0,112757,104968,7789,0,0,,0,0
q4probe,fin_Z_rs_land10,1307,0,83560,84488,-928,0,0,,0,0
q4probe,fin_Z_rs_land10,1308,0,100399,101018,-619,0,0,,0,0
q4probe,fin_Z_rs_land10,1309,0,116022,109930,6092,0,0,,0,0
q4probe,fin_Z_rs_land10,1310,0,121287,121299,-12,0,0,,0,0
q4probe,fin_Z_rs_land10,1311,0,98035,99792,-1757,0,0,,0,0
q4probe,fin_Z_rs_land10,1312,0,136380,141785,-5405,0,0,,0,0
q4probe,fin_Z_rs_land10,1313,0,96484,91144,5340,0,0,,3,0
q4probe,fin_Z_rs_land10,1314,0,99374,102280,-2906,0,0,,0,0
q4probe,fin_Z_rs_land10,1315,0,88848,90460,-1612,0,0,,0,0
q4probe,fin_Z_rs_land10,1316,0,191078,148971,42107,0,0,,0,7
q4probe,fin_Z_rs_land10,1317,0,97124,93683,3441,0,0,,0,0
q4probe,fin_Z_rs_land10,1318,0,158231,157032,1199,0,0,,0,0
q4probe,fin_Z_rs_land10,1319,0,98697,88603,10094,0,0,,0,0
q4probe,fin_Z_rs_land11,1300,0,94021,96247,-2226,0,0,,0,0
q4probe,fin_Z_rs_land11,1301,0,127946,123563,4383,0,0,,1,0
q4probe,fin_Z_rs_land11,1302,0,108831,83036,25795,0,0,,0,7
q4probe,fin_Z_rs_land11,1303,0,121842,120479,1363,0,0,,0,0
q4probe,fin_Z_rs_land11,1304,0,101507,101024,483,0,0,,0,0
q4probe,fin_Z_rs_land11,1305,0,84610,84720,-110,0,0,,0,0
q4probe,fin_Z_rs_land11,1306,0,115887,113504,2383,0,0,,0,0
q4probe,fin_Z_rs_land11,1307,0,111019,110153,866,0,0,,0,0
q4probe,fin_Z_rs_land11,1308,0,134020,128992,5028,0,0,,2,0
q4probe,fin_Z_rs_land11,1309,0,117843,119982,-2139,0,0,,0,0
q4probe,fin_Z_rs_land11,1310,0,90223,90184,39,0,0,,0,0
q4probe,fin_Z_rs_land11,1311,0,86015,87863,-1848,0,0,,0,0
q4probe,fin_Z_rs_land11,1312,0,169565,181770,-12205,0,0,,3,0
q4probe,fin_Z_rs_land11,1313,0,117615,115593,2022,0,0,,0,0
q4probe,fin_Z_rs_land11,1314,0,126108,131119,-5011,0,0,,3,0
q4probe,fin_Z_rs_land11,1315,0,111617,105917,5700,0,0,,0,0
q4probe,fin_Z_rs_land11,1316,0,154941,129916,25025,0,0,,1,7
q4probe,fin_Z_rs_land11,1317,0,109352,125474,-16122,0,0,,4,0
q4probe,fin_Z_rs_land11,1318,0,107992,106207,1785,0,0,,0,0
q4probe,fin_Z_rs_land11,1319,0,74854,83818,-8964,0,0,,0,0
q4probe,fin_Z_rs_o14,1300,0,85255,83843,1412,0,0,,0,1
q4probe,fin_Z_rs_o14,1301,0,105192,105462,-270,0,0,,1,0
q4probe,fin_Z_rs_o14,1302,0,83628,81909,1719,0,0,,0,0
q4probe,fin_Z_rs_o14,1303,0,128307,125420,2887,0,0,,0,0
q4probe,fin_Z_rs_o14,1304,0,88291,82809,5482,0,0,,0,0
q4probe,fin_Z_rs_o14,1305,0,81458,80574,884,0,0,,0,0
q4probe,fin_Z_rs_o14,1306,0,82029,78776,3253,0,0,,0,0
q4probe,fin_Z_rs_o14,1307,0,89472,86746,2726,0,0,,0,0
q4probe,fin_Z_rs_o14,1308,0,95524,90372,5152,0,0,,0,0
q4probe,fin_Z_rs_o14,1309,0,118205,115186,3019,0,0,,0,0
q4probe,fin_Z_rs_o14,1310,0,125691,125490,201,0,0,,0,0
q4probe,fin_Z_rs_o14,1311,0,117179,116032,1147,0,0,,0,0
q4probe,fin_Z_rs_o14,1312,0,96658,91606,5052,0,0,,0,0
q4probe,fin_Z_rs_o14,1313,0,114738,107457,7281,0,0,,0,0
q4probe,fin_Z_rs_o14,1314,0,109264,106344,2920,0,0,,0,0
q4probe,fin_Z_rs_o14,1315,0,95461,87735,7726,0,0,,1,4
q4probe,fin_Z_rs_o14,1316,0,144073,149302,-5229,0,0,,0,0
q4probe,fin_Z_rs_o14,1317,0,107967,106365,1602,0,0,,0,0
q4probe,fin_Z_rs_o14,1318,0,129804,127751,2053,0,0,,0,0
q4probe,fin_Z_rs_o14,1319,0,96894,88979,7915,0,0,,0,0
q4probe,fin_Z_rs_o30,1300,0,84899,83108,1791,0,0,,0,0
q4probe,fin_Z_rs_o30,1301,0,99221,97534,1687,0,0,,2,0
q4probe,fin_Z_rs_o30,1302,0,86631,84310,2321,0,0,,0,0
q4probe,fin_Z_rs_o30,1303,0,125958,125268,690,0,0,,0,0
q4probe,fin_Z_rs_o30,1304,0,98222,91945,6277,0,0,,0,0
q4probe,fin_Z_rs_o30,1305,0,84973,84003,970,0,0,,0,0
q4probe,fin_Z_rs_o30,1306,0,86162,82017,4145,0,0,,0,0
q4probe,fin_Z_rs_o30,1307,0,92129,91206,923,0,0,,0,0
q4probe,fin_Z_rs_o30,1308,0,112388,111033,1355,0,0,,0,0
q4probe,fin_Z_rs_o30,1309,0,100851,97632,3219,0,0,,0,0
q4probe,fin_Z_rs_o30,1310,0,128527,128611,-84,0,0,,0,0
q4probe,fin_Z_rs_o30,1311,0,126329,120713,5616,0,0,,0,0
q4probe,fin_Z_rs_o30,1312,0,105964,100685,5279,0,0,,0,0
q4probe,fin_Z_rs_o30,1313,0,117424,109578,7846,0,0,,0,0
q4probe,fin_Z_rs_o30,1314,0,107416,103197,4219,0,0,,0,0
q4probe,fin_Z_rs_o30,1315,0,102843,98737,4106,0,0,,1,1
q4probe,fin_Z_rs_o30,1316,0,146330,151134,-4804,0,0,,0,0
q4probe,fin_Z_rs_o30,1317,0,121916,122298,-382,0,0,,0,0
q4probe,fin_Z_rs_o30,1318,0,138732,134613,4119,0,0,,0,0
q4probe,fin_Z_rs_o30,1319,0,103968,101736,2232,0,0,,0,0
