set,file,trace,replayed_seat,seed,own,rival,margin,original_rival,original_other
panel/c2a_gates,replay,data/traces/112895991.txt,1,1644432648,113735,79746,33989,180619,153699
panel/c2a_gates,replay,data/traces/112894098.txt,1,201536810,179200,103828,75372,113525,99999
panel/c2a_gates,replay,data/traces/112891809.txt,1,598297033,83415,86688,-3273,120435,108057
panel/c2a_gates,replay,data/traces/112876320.txt,1,476152589,162642,76246,86396,102021,61723
panel/c2a_gates,replay,data/traces/112659230.txt,1,2038884264,130503,87810,42693,86540,143085
panel/c2a_gates,replay,data/traces/112585731.txt,1,844736241,131976,84469,47507,102835,167577
panel/c2a_gates,replay,data/traces/112531901.txt,0,1130804311,111869,103955,7914,101957,96458
panel/c2a_gates,replay,data/traces/112499720.txt,1,1497090242,95466,90779,4687,100556,97872
panel/c2a_gates,replay,data/traces/112471604.txt,0,998350072,105952,118613,-12661,128198,115014
panel/c2a_gates,replay,data/traces/112446065.txt,0,1299923010,141095,62856,78239,136906,127039
panel/c2a_gates,replay,data/traces/112437698.txt,0,1614861397,109829,72516,37313,92016,87629
panel/c2a_gates,replay,data/traces/112421116.txt,0,1628081126,120801,84663,36138,109273,91536
panel/c2a_gates,replay,data/traces/112417447.txt,0,1389258819,133656,58417,75239,75782,66377
panel/c2a_gates,replay,data/traces/112405569.txt,0,1085226792,152712,110080,42632,98080,85602
panel/c2a_gates,replay,data/traces/112901992.txt,0,1049545150,134232,79311,54921,82000,80911
panel/c2a_gates,replay,data/traces/112890239.txt,0,2063263451,158073,60868,97205,106438,97966
panel/c2a_gates,replay,data/traces/112884369.txt,0,315410585,196092,0,196092,103328,94305
panel/c2a_gates,replay,data/traces/112878538.txt,1,65259409,179877,50637,129240,100890,94694
panel/c2a_gates,replay,data/traces/112875034.txt,0,247098952,118227,62685,55542,89724,74859
panel/c2a_gates,replay,data/traces/112873844.txt,1,1688663938,107129,64309,42820,109053,100820
panel/c2a_gates,replay,data/traces/112872664.txt,1,1968456369,78805,77470,1335,107377,106613
panel/c2a_gates,replay,data/traces/112867945.txt,1,1980437913,191304,1283,190021,87169,80610
panel/c2a_gates,replay,data/traces/112864461.txt,1,1150097132,141541,4691,136850,120166,109868
panel/c2a_gates,replay,data/traces/112863241.txt,1,1326820366,124234,105430,18804,104851,90971
panel/c2a_gates,replay,data/traces/112862128.txt,1,171589976,111830,103685,8145,99921,86499
panel/c2a_gates,replay,data/traces/112850332.txt,0,1218725851,99922,94767,5155,92153,83674
panel/c2a_gates,replay,data/traces/112829996.txt,1,211633960,152259,91320,60939,101117,97191
panel/c2a_gates,replay,data/traces/112806073.txt,1,1991185039,90069,67735,22334,126893,67185
panel/c2a_gates,replay,data/traces/112769830.txt,1,985340199,96879,82455,14424,123633,116873
panel/c2a_gates,replay,data/traces/112642010.txt,0,329948488,107090,68452,38638,132405,124937
panel/c2a_gates,replay,data/traces/112901784.txt,0,2000658955,189482,50232,139250,142586,112816
panel/c2a_gates,replay,data/traces/112892354.txt,0,2005662201,185252,90217,95035,124287,88866
panel/c2a_gates,replay,data/traces/112890005.txt,0,1452090302,109800,44982,64818,101127,80618
panel/c2a_gates,replay,data/traces/112888845.txt,0,285692199,86210,97038,-10828,119485,95751
panel/c2a_gates,replay,data/traces/112885342.txt,1,551771902,144430,119971,24459,114188,97372
panel/c2a_gates,replay,data/traces/112880657.txt,1,2016708405,109581,54906,54675,142650,121361
panel/c2a_gates,replay,data/traces/112878314.txt,0,2083988403,116607,53139,63468,124520,101753
panel/c2a_gates,replay,data/traces/112875475.txt,1,1496757983,211749,29060,182689,85717,58948
panel/c2a_gates,replay,data/traces/112864240.txt,0,1494161876,128401,61280,67121,137452,122839
panel/c2a_gates,replay,data/traces/112863066.txt,1,857129106,175854,46338,129516,118292,86896
panel/c2a_gates,replay,data/traces/112858395.txt,1,1096247145,146740,30198,116542,128400,101398
panel/c2a_gates,replay,data/traces/112853552.txt,0,419625600,194083,38967,155116,123234,87935
panel/c2a_gates,replay,data/traces/112852343.txt,0,1291321718,175700,8220,167480,121939,92633
panel/c2a_gates,replay,data/traces/112831625.txt,1,383964947,143875,74525,69350,141050,51011
panel/c2a_gates,replay,data/traces/112728907.txt,0,758365951,90278,93852,-3574,90670,79404
panel/c2a_gates,replay,data/traces/112589319.txt,1,1085715727,108933,97361,11572,124831,112316
panel/c2a_gates,replay,data/traces/112890239.txt,1,2063263451,152063,111820,40243,97966,106438
panel/c2a_gates,replay,data/traces/112853383.txt,1,2002258695,112333,108406,3927,91914,88659
panel/c2a_gates,replay,data/traces/112843959.txt,0,1270071376,117741,81361,36380,118057,126201
panel/c2a_gates,replay,data/traces/112836021.txt,1,867794122,172048,162215,9833,148877,147719
panel/c2a_gates,replay,data/traces/112822003.txt,1,658386570,78276,64122,14154,88349,102200
panel/c2a_gates,replay,data/traces/112776803.txt,0,367822176,139638,116660,22978,88808,92268
panel/c2a_gates,replay,data/traces/112757903.txt,0,1215990968,121371,131530,-10159,150410,133015
panel/c2a_gates,replay,data/traces/112749903.txt,0,2099715200,156692,107483,49209,94209,91110
panel/c2a_gates,replay,data/traces/112741826.txt,0,1782755185,124145,135249,-11104,123974,128145
panel/c2a_gates,replay,data/traces/112698759.txt,1,823034285,132962,127448,5514,154772,149938
panel/c2a_gates,replay,data/traces/112654478.txt,1,1785631914,86173,74274,11899,129638,148376
panel/c2a_gates,replay,data/traces/112642909.txt,1,1688329554,92190,80130,12060,105276,99881
panel/c2a_gates,replay,data/traces/112637448.txt,1,2068079998,130833,110089,20744,103884,110294
panel/c2a_gates,replay,data/traces/112632279.txt,0,409128422,137158,111263,25895,91132,96962
panel/c2a_gates,replay,data/traces/112626855.txt,1,829921682,177807,106561,71246,81763,71703
panel/c2a_gates,replay,data/traces/112617125.txt,0,1000810244,161354,105625,55729,76966,76251
panel/c2a_gates,replay,data/traces/112654478.txt,0,1785631914,79679,78246,1433,148376,129638
panel/c2a_gates,replay,data/traces/112616237.txt,0,398187590,154375,20450,133925,86841,79700
panel/c2a_gates,replay,data/traces/112503124.txt,0,987490774,81086,68856,12230,83668,82014
panel/c2a_gates,replay,data/traces/112462531.txt,1,519485320,124950,99961,24989,75258,86421
panel/c2a_gates,replay,data/traces/112462537.txt,1,359173333,219024,42231,176793,107063,97695
panel/c2a_gates,replay,data/traces/112396243.txt,0,427986230,88025,71402,16623,94644,94505
panel/c2a_gates,replay,data/traces/112378715.txt,1,146404141,99030,99768,-738,78560,84946
panel/c2a_gates,replay,data/traces/112361930.txt,0,465567551,80230,85565,-5335,112181,114749
panel/c2a_gates,replay,data/traces/112346122.txt,0,1466411344,151876,114379,37497,89103,79804
panel/c2a_gates,replay,data/traces/112330549.txt,1,380056407,124275,121055,3220,87865,80205
panel/c2a_gates,replay,data/traces/112286808.txt,1,1307816317,173195,4164,169031,111093,82147
panel/c2a_gates,replay,data/traces/112279383.txt,0,369266329,122489,93639,28850,125376,115904
panel/c2a_gates,replay,data/traces/112271999.txt,1,2024799368,176131,20638,155493,93412,80816
panel/c2a_gates,replay,data/traces/112258534.txt,0,990193199,86032,55761,30271,80611,76293
panel/c2a_gates,replay,data/traces/112226836.txt,1,1651122030,131857,93098,38759,108992,103161
panel/c2a_gates,replay,data/traces/112212987.txt,1,426346919,134463,79769,54694,164160,146752
panel/c2a_gates,replay,data/traces/112878946.txt,0,1550050350,117161,114876,2285,113781,115502
panel/c2a_gates,replay,data/traces/112862551.txt,0,597683262,166533,94129,72404,89424,97417
panel/c2a_gates,replay,data/traces/112861061.txt,1,652003659,97928,87374,10554,117144,111108
panel/c2a_gates,replay,data/traces/112846229.txt,0,1609498403,115109,67217,47892,92359,87749
panel/c2a_gates,replay,data/traces/112830783.txt,1,572472665,97465,98411,-946,92934,89187
panel/c2a_gates,replay,data/traces/112829996.txt,0,211633960,138756,96990,41766,97191,101117
panel/c2a_gates,replay,data/traces/112822003.txt,0,658386570,129473,121014,8459,102200,88349
panel/c2a_gates,replay,data/traces/112794039.txt,0,1772685646,94044,85134,8910,106170,110333
panel/c2a_gates,replay,data/traces/112769830.txt,0,985340199,133892,113482,20410,116873,123633
panel/c2a_gates,replay,data/traces/112746420.txt,1,1021819996,173582,97490,76092,81788,79841
panel/c2a_gates,replay,data/traces/112730189.txt,0,858010337,153788,128212,25576,130631,128363
panel/c2a_gates,replay,data/traces/112724470.txt,1,1820231052,157304,87513,69791,97930,92272
panel/c2a_gates,replay,data/traces/112690414.txt,0,976872641,78247,75429,2818,95751,99439
panel/c2a_gates,replay,data/traces/112686947.txt,0,730671115,109524,82398,27126,112745,107829
panel/c2a_gates,replay,data/traces/112679068.txt,0,1080694309,150337,128780,21557,118710,109281
panel/c2a_gates,replay,data/traces/112675193.txt,1,900140237,109350,38968,70382,142326,129595
panel/c2a_gates,replay,data/traces/112901992.txt,1,1049545150,92485,81447,11038,80911,82000
panel/c2a_gates,replay,data/traces/112901660.txt,0,1143114248,109436,94421,15015,134151,105498
panel/c2a_gates,replay,data/traces/112898153.txt,1,203817414,126139,54538,71601,99559,85406
panel/c2a_gates,replay,data/traces/112893751.txt,0,1859635584,132308,124522,7786,121739,121502
panel/c2a_gates,replay,data/traces/112888751.txt,1,2006789615,200947,139693,61254,130245,105141
panel/c2a_gates,replay,data/traces/112878228.txt,0,1929055367,138627,55630,82997,100862,77561
panel/c2a_gates,replay,data/traces/112868812.txt,0,1310499696,105435,65327,40108,120867,96664
panel/c2a_gates,replay,data/traces/112863375.txt,1,1158130191,78982,73949,5033,107195,100728
panel/c2a_gates,replay,data/traces/112862816.txt,1,930954182,94003,76396,17607,140648,126732
panel/c2a_gates,replay,data/traces/112861672.txt,1,151597434,180690,19875,160815,138951,119838
panel/c2a_gates,replay,data/traces/112850054.txt,1,1167736,70233,68310,1923,119396,77061
panel/c2a_gates,replay,data/traces/112847788.txt,1,631327013,95088,84605,10483,95940,27823
panel/c2a_gates,replay,data/traces/112901178.txt,0,182532323,155947,83873,72074,118725,83238
panel/c2a_gates,replay,data/traces/112900047.txt,1,1980858488,123594,54541,69053,96775,74285
panel/c2a_gates,replay,data/traces/112896592.txt,0,1137775888,113202,64319,48883,116992,72595
panel/c2a_gates,replay,data/traces/112878946.txt,1,1550050350,160727,83542,77185,115502,113781
panel/c2a_gates,replay,data/traces/112878538.txt,0,65259409,85007,76384,8623,94694,100890
panel/c2a_gates,replay,data/traces/112854357.txt,1,1720475956,136130,33546,102584,96398,88075
panel/c2a_gates,replay,data/traces/112735805.txt,0,401397591,120596,72880,47716,89517,92096
panel/c2a_gates,replay,data/traces/112642987.txt,0,584355409,96117,89137,6980,88978,87661
panel/c2a_gates,replay,data/traces/112639482.txt,1,1150669065,191858,96117,95741,141265,150418
panel/c2a_gates,replay,data/traces/112626855.txt,0,829921682,126105,82349,43756,71703,81763
panel/c2a_gates,replay,data/traces/112616236.txt,1,1084420597,106468,85541,20927,93508,100716
panel/c2a_gates,replay,data/traces/112589319.txt,0,1085715727,101653,100838,815,112316,124831
panel/c2a_gates,replay,data/traces/112505268.txt,1,983635388,159954,99844,60110,99240,98528
panel/c2a_gates,replay,data/traces/112491246.txt,0,1275843248,73797,61890,11907,140446,135222
panel/c2a_gates,replay,data/traces/112897733.txt,1,302661326,116682,84226,32456,100043,58478
panel/c2a_gates,replay,data/traces/112894250.txt,1,435192026,129628,106962,22666,206478,74157
panel/c2a_gates,replay,data/traces/112891989.txt,0,1156944662,98450,76767,21683,153891,96123
panel/c2a_gates,replay,data/traces/112853383.txt,0,2002258695,145849,97519,48330,88659,91914
panel/c2a_gates,replay,data/traces/112794039.txt,1,1772685646,116622,93691,22931,110333,106170
panel/c2a_gates,replay,data/traces/112679068.txt,1,1080694309,160160,96453,63707,109281,118710
panel/c2a_gates,replay,data/traces/112646296.txt,1,1553677118,108988,76432,32556,83312,88683
panel/c2a_gates,replay,data/traces/112601402.txt,1,1441262148,86935,74231,12704,93619,101617
panel/c2a_gates,replay,data/traces/112561571.txt,1,459305426,110514,98751,11763,106446,112946
panel/c2a_gates,replay,data/traces/112893751.txt,1,1859635584,161919,141969,19950,121502,121739
panel/c2a_gates,replay,data/traces/112884689.txt,1,1358502768,195483,35174,160309,118114,102849
panel/c2a_gates,replay,data/traces/112872664.txt,0,1968456369,96711,104809,-8098,106613,107377
panel/c2a_gates,replay,data/traces/112841312.txt,1,1846265686,89669,88721,948,90878,87305
panel/c2a_gates,replay,data/traces/112836021.txt,0,867794122,201842,73120,128722,147719,148877
panel/c2a_gates,replay,data/traces/112830034.txt,0,1801696520,149677,119520,30157,128311,118844
panel/c2a_gates,replay,data/traces/112801017.txt,1,1052798484,129125,109445,19680,84712,89945
panel/c2a_gates,replay,data/traces/112792878.txt,0,61272947,125232,130078,-4846,126250,126702
panel/c2a_gates,replay,data/traces/112757903.txt,1,1215990968,188712,49789,138923,133015,150410
panel/c2a_gates,replay,data/traces/112749902.txt,1,2012408240,106767,100962,5805,97061,101251
panel/c2a_gates,replay,data/traces/112735805.txt,1,401397591,104606,94156,10450,92096,89517
panel/c2a_gates,replay,data/traces/112733515.txt,1,394471166,94560,88394,6166,97136,106741
panel/c2a_gates,replay,data/traces/112728907.txt,1,758365951,90610,89661,949,79404,90670
panel/c2a_gates,replay,data/traces/112721923.txt,0,224020109,174365,105338,69027,91455,95661
panel/c2a_gates,replay,data/traces/112698759.txt,0,823034285,164599,76654,87945,149938,154772
panel/c2a_gates,replay,data/traces/112686947.txt,1,730671115,115828,105240,10588,107829,112745
panel/c2b_gates,replay,data/traces/112895991.txt,1,1644432648,93379,95017,-1638,180619,153699
panel/c2b_gates,replay,data/traces/112894098.txt,1,201536810,179439,104248,75191,113525,99999
panel/c2b_gates,replay,data/traces/112891809.txt,1,598297033,122050,110193,11857,120435,108057
panel/c2b_gates,replay,data/traces/112876320.txt,1,476152589,157069,73984,83085,102021,61723
panel/c2b_gates,replay,data/traces/112659230.txt,1,2038884264,131814,91350,40464,86540,143085
panel/c2b_gates,replay,data/traces/112585731.txt,1,844736241,115130,77547,37583,102835,167577
panel/c2b_gates,replay,data/traces/112531901.txt,0,1130804311,104148,109080,-4932,101957,96458
panel/c2b_gates,replay,data/traces/112499720.txt,1,1497090242,130352,109460,20892,100556,97872
panel/c2b_gates,replay,data/traces/112471604.txt,0,998350072,93103,99734,-6631,128198,115014
panel/c2b_gates,replay,data/traces/112446065.txt,0,1299923010,140083,47164,92919,136906,127039
panel/c2b_gates,replay,data/traces/112437698.txt,0,1614861397,130902,121737,9165,92016,87629
panel/c2b_gates,replay,data/traces/112421116.txt,0,1628081126,137926,103267,34659,109273,91536
panel/c2b_gates,replay,data/traces/112417447.txt,0,1389258819,127430,58338,69092,75782,66377
panel/c2b_gates,replay,data/traces/112405569.txt,0,1085226792,146916,109710,37206,98080,85602
panel/c2b_gates,replay,data/traces/112901992.txt,0,1049545150,148543,101087,47456,82000,80911
panel/c2b_gates,replay,data/traces/112890239.txt,0,2063263451,157842,82832,75010,106438,97966
panel/c2b_gates,replay,data/traces/112884369.txt,0,315410585,198796,225,198571,103328,94305
panel/c2b_gates,replay,data/traces/112878538.txt,1,65259409,194818,69913,124905,100890,94694
panel/c2b_gates,replay,data/traces/112875034.txt,0,247098952,126899,63800,63099,89724,74859
panel/c2b_gates,replay,data/traces/112873844.txt,1,1688663938,79781,49708,30073,109053,100820
panel/c2b_gates,replay,data/traces/112872664.txt,1,1968456369,80901,77330,3571,107377,106613
panel/c2b_gates,replay,data/traces/112867945.txt,1,1980437913,184684,0,184684,87169,80610
panel/c2b_gates,replay,data/traces/112864461.txt,1,1150097132,156735,5318,151417,120166,109868
panel/c2b_gates,replay,data/traces/112863241.txt,1,1326820366,102752,97657,5095,104851,90971
panel/c2b_gates,replay,data/traces/112862128.txt,1,171589976,117049,110575,6474,99921,86499
panel/c2b_gates,replay,data/traces/112850332.txt,0,1218725851,96717,83095,13622,92153,83674
panel/c2b_gates,replay,data/traces/112829996.txt,1,211633960,149654,95881,53773,101117,97191
panel/c2b_gates,replay,data/traces/112806073.txt,1,1991185039,106503,100087,6416,126893,67185
panel/c2b_gates,replay,data/traces/112769830.txt,1,985340199,114859,98894,15965,123633,116873
panel/c2b_gates,replay,data/traces/112642010.txt,0,329948488,136487,52776,83711,132405,124937
panel/c2b_gates,replay,data/traces/112901784.txt,0,2000658955,178478,51782,126696,142586,112816
panel/c2b_gates,replay,data/traces/112892354.txt,0,2005662201,179090,88781,90309,124287,88866
panel/c2b_gates,replay,data/traces/112890005.txt,0,1452090302,114811,42734,72077,101127,80618
panel/c2b_gates,replay,data/traces/112888845.txt,0,285692199,155263,80385,74878,119485,95751
panel/c2b_gates,replay,data/traces/112885342.txt,1,551771902,109758,96258,13500,114188,97372
panel/c2b_gates,replay,data/traces/112880657.txt,1,2016708405,110539,63266,47273,142650,121361
panel/c2b_gates,replay,data/traces/112878314.txt,0,2083988403,116472,53806,62666,124520,101753
panel/c2b_gates,replay,data/traces/112875475.txt,1,1496757983,193793,42161,151632,85717,58948
panel/c2b_gates,replay,data/traces/112864240.txt,0,1494161876,125722,63696,62026,137452,122839
panel/c2b_gates,replay,data/traces/112863066.txt,1,857129106,183506,25990,157516,118292,86896
panel/c2b_gates,replay,data/traces/112858395.txt,1,1096247145,106296,35891,70405,128400,101398
panel/c2b_gates,replay,data/traces/112853552.txt,0,419625600,181256,24811,156445,123234,87935
panel/c2b_gates,replay,data/traces/112852343.txt,0,1291321718,183378,5261,178117,121939,92633
panel/c2b_gates,replay,data/traces/112831625.txt,1,383964947,194273,92677,101596,141050,51011
panel/c2b_gates,replay,data/traces/112728907.txt,0,758365951,77491,94243,-16752,90670,79404
panel/c2b_gates,replay,data/traces/112589319.txt,1,1085715727,133402,104294,29108,124831,112316
panel/c2b_gates,replay,data/traces/112890239.txt,1,2063263451,150798,125613,25185,97966,106438
panel/c2b_gates,replay,data/traces/112853383.txt,1,2002258695,97516,88505,9011,91914,88659
panel/c2b_gates,replay,data/traces/112843959.txt,0,1270071376,104679,86730,17949,118057,126201
panel/c2b_gates,replay,data/traces/112836021.txt,1,867794122,167253,155689,11564,148877,147719
panel/c2b_gates,replay,data/traces/112822003.txt,1,658386570,83410,72277,11133,88349,102200
panel/c2b_gates,replay,data/traces/112776803.txt,0,367822176,137289,114859,22430,88808,92268
panel/c2b_gates,replay,data/traces/112757903.txt,0,1215990968,147856,137850,10006,150410,133015
panel/c2b_gates,replay,data/traces/112749903.txt,0,2099715200,164524,103248,61276,94209,91110
panel/c2b_gates,replay,data/traces/112741826.txt,0,1782755185,129442,136675,-7233,123974,128145
panel/c2b_gates,replay,data/traces/112698759.txt,1,823034285,137029,120567,16462,154772,149938
panel/c2b_gates,replay,data/traces/112654478.txt,1,1785631914,101780,82327,19453,129638,148376
panel/c2b_gates,replay,data/traces/112642909.txt,1,1688329554,141667,67878,73789,105276,99881
panel/c2b_gates,replay,data/traces/112637448.txt,1,2068079998,115727,96177,19550,103884,110294
panel/c2b_gates,replay,data/traces/112632279.txt,0,409128422,155115,126866,28249,91132,96962
panel/c2b_gates,replay,data/traces/112626855.txt,1,829921682,185673,104237,81436,81763,71703
panel/c2b_gates,replay,data/traces/112617125.txt,0,1000810244,194760,115415,79345,76966,76251
panel/c2b_gates,replay,data/traces/112654478.txt,0,1785631914,83265,87146,-3881,148376,129638
panel/c2b_gates,replay,data/traces/112616237.txt,0,398187590,196282,20969,175313,86841,79700
panel/c2b_gates,replay,data/traces/112503124.txt,0,987490774,70417,51179,19238,83668,82014
panel/c2b_gates,replay,data/traces/112462531.txt,1,519485320,105836,90856,14980,75258,86421
panel/c2b_gates,replay,data/traces/112462537.txt,1,359173333,231805,39160,192645,107063,97695
panel/c2b_gates,replay,data/traces/112396243.txt,0,427986230,83089,92689,-9600,94644,94505
panel/c2b_gates,replay,data/traces/112378715.txt,1,146404141,82863,88589,-5726,78560,84946
panel/c2b_gates,replay,data/traces/112361930.txt,0,465567551,82844,83098,-254,112181,114749
panel/c2b_gates,replay,data/traces/112346122.txt,0,1466411344,141858,110094,31764,89103,79804
panel/c2b_gates,replay,data/traces/112330549.txt,1,380056407,131518,121808,9710,87865,80205
panel/c2b_gates,replay,data/traces/112286808.txt,1,1307816317,177193,5466,171727,111093,82147
panel/c2b_gates,replay,data/traces/112279383.txt,0,369266329,160966,121604,39362,125376,115904
panel/c2b_gates,replay,data/traces/112271999.txt,1,2024799368,157819,21933,135886,93412,80816
panel/c2b_gates,replay,data/traces/112258534.txt,0,990193199,92879,58850,34029,80611,76293
panel/c2b_gates,replay,data/traces/112226836.txt,1,1651122030,164816,126375,38441,108992,103161
panel/c2b_gates,replay,data/traces/112212987.txt,1,426346919,108092,75785,32307,164160,146752
panel/c2b_gates,replay,data/traces/112878946.txt,0,1550050350,131327,130087,1240,113781,115502
panel/c2b_gates,replay,data/traces/112862551.txt,0,597683262,140936,82148,58788,89424,97417
panel/c2b_gates,replay,data/traces/112861061.txt,1,652003659,99385,95336,4049,117144,111108
panel/c2b_gates,replay,data/traces/112846229.txt,0,1609498403,150309,104457,45852,92359,87749
panel/c2b_gates,replay,data/traces/112830783.txt,1,572472665,74359,63561,10798,92934,89187
panel/c2b_gates,replay,data/traces/112829996.txt,0,211633960,137621,97275,40346,97191,101117
panel/c2b_gates,replay,data/traces/112822003.txt,0,658386570,141990,117950,24040,102200,88349
panel/c2b_gates,replay,data/traces/112794039.txt,0,1772685646,98237,94498,3739,106170,110333
panel/c2b_gates,replay,data/traces/112769830.txt,0,985340199,114759,101020,13739,116873,123633
panel/c2b_gates,replay,data/traces/112746420.txt,1,1021819996,89986,88173,1813,81788,79841
panel/c2b_gates,replay,data/traces/112730189.txt,0,858010337,114294,69424,44870,130631,128363
panel/c2b_gates,replay,data/traces/112724470.txt,1,1820231052,178850,113480,65370,97930,92272
panel/c2b_gates,replay,data/traces/112690414.txt,0,976872641,85636,104548,-18912,95751,99439
panel/c2b_gates,replay,data/traces/112686947.txt,0,730671115,104798,77225,27573,112745,107829
panel/c2b_gates,replay,data/traces/112679068.txt,0,1080694309,94811,94021,790,118710,109281
panel/c2b_gates,replay,data/traces/112675193.txt,1,900140237,85556,37448,48108,142326,129595
panel/c2b_gates,replay,data/traces/112901992.txt,1,1049545150,116860,85664,31196,80911,82000
panel/c2b_gates,replay,data/traces/112901660.txt,0,1143114248,98811,95022,3789,134151,105498
panel/c2b_gates,replay,data/traces/112898153.txt,1,203817414,134179,126008,8171,99559,85406
panel/c2b_gates,replay,data/traces/112893751.txt,0,1859635584,149630,133135,16495,121739,121502
panel/c2b_gates,replay,data/traces/112888751.txt,1,2006789615,147689,103159,44530,130245,105141
panel/c2b_gates,replay,data/traces/112878228.txt,0,1929055367,153397,53520,99877,100862,77561
panel/c2b_gates,replay,data/traces/112868812.txt,0,1310499696,177444,91909,85535,120867,96664
panel/c2b_gates,replay,data/traces/112863375.txt,1,1158130191,116407,76257,40150,107195,100728
panel/c2b_gates,replay,data/traces/112862816.txt,1,930954182,130045,74567,55478,140648,126732
panel/c2b_gates,replay,data/traces/112861672.txt,1,151597434,154033,23826,130207,138951,119838
panel/c2b_gates,replay,data/traces/112850054.txt,1,1167736,61513,100892,-39379,119396,77061
panel/c2b_gates,replay,data/traces/112847788.txt,1,631327013,93516,78557,14959,95940,27823
panel/c2b_gates,replay,data/traces/112901178.txt,0,182532323,178566,51317,127249,118725,83238
panel/c2b_gates,replay,data/traces/112900047.txt,1,1980858488,160915,91767,69148,96775,74285
panel/c2b_gates,replay,data/traces/112896592.txt,0,1137775888,124074,63855,60219,116992,72595
panel/c2b_gates,replay,data/traces/112878946.txt,1,1550050350,128991,65965,63026,115502,113781
panel/c2b_gates,replay,data/traces/112878538.txt,0,65259409,86591,76416,10175,94694,100890
panel/c2b_gates,replay,data/traces/112854357.txt,1,1720475956,111169,31889,79280,96398,88075
panel/c2b_gates,replay,data/traces/112735805.txt,0,401397591,144681,74677,70004,89517,92096
panel/c2b_gates,replay,data/traces/112642987.txt,0,584355409,98982,85616,13366,88978,87661
panel/c2b_gates,replay,data/traces/112639482.txt,1,1150669065,170256,78728,91528,141265,150418
panel/c2b_gates,replay,data/traces/112626855.txt,0,829921682,129327,87511,41816,71703,81763
panel/c2b_gates,replay,data/traces/112616236.txt,1,1084420597,103779,88066,15713,93508,100716
panel/c2b_gates,replay,data/traces/112589319.txt,0,1085715727,97273,87171,10102,112316,124831
panel/c2b_gates,replay,data/traces/112505268.txt,1,983635388,93970,99622,-5652,99240,98528
panel/c2b_gates,replay,data/traces/112491246.txt,0,1275843248,142415,118735,23680,140446,135222
panel/c2b_gates,replay,data/traces/112897733.txt,1,302661326,134129,110976,23153,100043,58478
panel/c2b_gates,replay,data/traces/112894250.txt,1,435192026,135850,100647,35203,206478,74157
panel/c2b_gates,replay,data/traces/112891989.txt,0,1156944662,96993,76848,20145,153891,96123
panel/c2b_gates,replay,data/traces/112853383.txt,0,2002258695,148380,97768,50612,88659,91914
panel/c2b_gates,replay,data/traces/112794039.txt,1,1772685646,151842,107798,44044,110333,106170
panel/c2b_gates,replay,data/traces/112679068.txt,1,1080694309,138661,107712,30949,109281,118710
panel/c2b_gates,replay,data/traces/112646296.txt,1,1553677118,155739,84871,70868,83312,88683
panel/c2b_gates,replay,data/traces/112601402.txt,1,1441262148,99863,72488,27375,93619,101617
panel/c2b_gates,replay,data/traces/112561571.txt,1,459305426,137629,86295,51334,106446,112946
panel/c2b_gates,replay,data/traces/112893751.txt,1,1859635584,134900,125572,9328,121502,121739
panel/c2b_gates,replay,data/traces/112884689.txt,1,1358502768,206893,44823,162070,118114,102849
panel/c2b_gates,replay,data/traces/112872664.txt,0,1968456369,104337,109053,-4716,106613,107377
panel/c2b_gates,replay,data/traces/112841312.txt,1,1846265686,116547,112764,3783,90878,87305
panel/c2b_gates,replay,data/traces/112836021.txt,0,867794122,194340,66613,127727,147719,148877
panel/c2b_gates,replay,data/traces/112830034.txt,0,1801696520,145225,95942,49283,128311,118844
panel/c2b_gates,replay,data/traces/112801017.txt,1,1052798484,156032,118665,37367,84712,89945
panel/c2b_gates,replay,data/traces/112792878.txt,0,61272947,94506,98073,-3567,126250,126702
panel/c2b_gates,replay,data/traces/112757903.txt,1,1215990968,165125,46143,118982,133015,150410
panel/c2b_gates,replay,data/traces/112749902.txt,1,2012408240,113215,103972,9243,97061,101251
panel/c2b_gates,replay,data/traces/112735805.txt,1,401397591,108759,96122,12637,92096,89517
panel/c2b_gates,replay,data/traces/112733515.txt,1,394471166,114437,95451,18986,97136,106741
panel/c2b_gates,replay,data/traces/112728907.txt,1,758365951,100025,92324,7701,79404,90670
panel/c2b_gates,replay,data/traces/112721923.txt,0,224020109,148892,78663,70229,91455,95661
panel/c2b_gates,replay,data/traces/112698759.txt,0,823034285,165011,75345,89666,149938,154772
panel/c2b_gates,replay,data/traces/112686947.txt,1,730671115,95814,75637,20177,107829,112745
panel/cand_fast,replay,data/traces/112895991.txt,1,1644432648,113396,78881,34515,180619,153699
panel/cand_fast,replay,data/traces/112894098.txt,1,201536810,136667,107617,29050,113525,99999
panel/cand_fast,replay,data/traces/112891809.txt,1,598297033,122055,104779,17276,120435,108057
panel/cand_fast,replay,data/traces/112876320.txt,1,476152589,208891,74647,134244,102021,61723
panel/cand_fast,replay,data/traces/112659230.txt,1,2038884264,137122,95493,41629,86540,143085
panel/cand_fast,replay,data/traces/112585731.txt,1,844736241,177453,128620,48833,102835,167577
panel/cand_fast,replay,data/traces/112531901.txt,0,1130804311,89173,87523,1650,101957,96458
panel/cand_fast,replay,data/traces/112499720.txt,1,1497090242,133852,135572,-1720,100556,97872
panel/cand_fast,replay,data/traces/112471604.txt,0,998350072,91130,111255,-20125,128198,115014
panel/cand_fast,replay,data/traces/112446065.txt,0,1299923010,139657,65724,73933,136906,127039
panel/cand_fast,replay,data/traces/112437698.txt,0,1614861397,116267,85759,30508,92016,87629
panel/cand_fast,replay,data/traces/112421116.txt,0,1628081126,122588,100119,22469,109273,91536
panel/cand_fast,replay,data/traces/112417447.txt,0,1389258819,76624,44204,32420,75782,66377
panel/cand_fast,replay,data/traces/112405569.txt,0,1085226792,174420,130773,43647,98080,85602
panel/cand_fast,replay,data/traces/112901992.txt,0,1049545150,120300,103196,17104,82000,80911
panel/cand_fast,replay,data/traces/112890239.txt,0,2063263451,154978,81088,73890,106438,97966
panel/cand_fast,replay,data/traces/112884369.txt,0,315410585,189322,235,189087,103328,94305
panel/cand_fast,replay,data/traces/112878538.txt,1,65259409,172380,58804,113576,100890,94694
panel/cand_fast,replay,data/traces/112875034.txt,0,247098952,111617,59837,51780,89724,74859
panel/cand_fast,replay,data/traces/112873844.txt,1,1688663938,114089,57499,56590,109053,100820
panel/cand_fast,replay,data/traces/112872664.txt,1,1968456369,109060,102155,6905,107377,106613
panel/cand_fast,replay,data/traces/112867945.txt,1,1980437913,179330,1457,177873,87169,80610
panel/cand_fast,replay,data/traces/112864461.txt,1,1150097132,157252,6021,151231,120166,109868
panel/cand_fast,replay,data/traces/112863241.txt,1,1326820366,98519,99397,-878,104851,90971
panel/cand_fast,replay,data/traces/112862128.txt,1,171589976,122720,104338,18382,99921,86499
panel/cand_fast,replay,data/traces/112850332.txt,0,1218725851,84827,75011,9816,92153,83674
panel/cand_fast,replay,data/traces/112829996.txt,1,211633960,140949,106337,34612,101117,97191
panel/cand_fast,replay,data/traces/112806073.txt,1,1991185039,91833,76157,15676,126893,67185
panel/cand_fast,replay,data/traces/112769830.txt,1,985340199,124730,113655,11075,123633,116873
panel/cand_fast,replay,data/traces/112642010.txt,0,329948488,116274,91180,25094,132405,124937
panel/cand_fast,replay,data/traces/112901784.txt,0,2000658955,173300,52636,120664,142586,112816
panel/cand_fast,replay,data/traces/112892354.txt,0,2005662201,177368,86081,91287,124287,88866
panel/cand_fast,replay,data/traces/112890005.txt,0,1452090302,131562,77038,54524,101127,80618
panel/cand_fast,replay,data/traces/112888845.txt,0,285692199,132842,133861,-1019,119485,95751
panel/cand_fast,replay,data/traces/112885342.txt,1,551771902,129425,104328,25097,114188,97372
panel/cand_fast,replay,data/traces/112880657.txt,1,2016708405,128158,105821,22337,142650,121361
panel/cand_fast,replay,data/traces/112878314.txt,0,2083988403,106546,101561,4985,124520,101753
panel/cand_fast,replay,data/traces/112875475.txt,1,1496757983,193219,49712,143507,85717,58948
panel/cand_fast,replay,data/traces/112864240.txt,0,1494161876,103470,82598,20872,137452,122839
panel/cand_fast,replay,data/traces/112863066.txt,1,857129106,189597,0,189597,118292,86896
panel/cand_fast,replay,data/traces/112858395.txt,1,1096247145,153959,56567,97392,128400,101398
panel/cand_fast,replay,data/traces/112853552.txt,0,419625600,212669,2,212667,123234,87935
panel/cand_fast,replay,data/traces/112852343.txt,0,1291321718,168738,23,168715,121939,92633
panel/cand_fast,replay,data/traces/112831625.txt,1,383964947,180668,98673,81995,141050,51011
panel/cand_fast,replay,data/traces/112728907.txt,0,758365951,96777,96842,-65,90670,79404
panel/cand_fast,replay,data/traces/112589319.txt,1,1085715727,90884,80883,10001,124831,112316
panel/cand_fast,replay,data/traces/112890239.txt,1,2063263451,166792,127958,38834,97966,106438
panel/cand_fast,replay,data/traces/112853383.txt,1,2002258695,151721,111051,40670,91914,88659
panel/cand_fast,replay,data/traces/112843959.txt,0,1270071376,129710,99114,30596,118057,126201
panel/cand_fast,replay,data/traces/112836021.txt,1,867794122,126995,125415,1580,148877,147719
panel/cand_fast,replay,data/traces/112822003.txt,1,658386570,109179,108148,1031,88349,102200
panel/cand_fast,replay,data/traces/112776803.txt,0,367822176,149806,79145,70661,88808,92268
panel/cand_fast,replay,data/traces/112757903.txt,0,1215990968,123138,116926,6212,150410,133015
panel/cand_fast,replay,data/traces/112749903.txt,0,2099715200,177370,129938,47432,94209,91110
panel/cand_fast,replay,data/traces/112741826.txt,0,1782755185,111748,116055,-4307,123974,128145
panel/cand_fast,replay,data/traces/112698759.txt,1,823034285,123615,116970,6645,154772,149938
panel/cand_fast,replay,data/traces/112654478.txt,1,1785631914,112904,101103,11801,129638,148376
panel/cand_fast,replay,data/traces/112642909.txt,1,1688329554,109508,75950,33558,105276,99881
panel/cand_fast,replay,data/traces/112637448.txt,1,2068079998,114106,94327,19779,103884,110294
panel/cand_fast,replay,data/traces/112632279.txt,0,409128422,162615,133420,29195,91132,96962
panel/cand_fast,replay,data/traces/112626855.txt,1,829921682,140036,95177,44859,81763,71703
panel/cand_fast,replay,data/traces/112617125.txt,0,1000810244,186024,116383,69641,76966,76251
panel/cand_fast,replay,data/traces/112654478.txt,0,1785631914,125722,83529,42193,148376,129638
panel/cand_fast,replay,data/traces/112616237.txt,0,398187590,194152,22554,171598,86841,79700
panel/cand_fast,replay,data/traces/112503124.txt,0,987490774,97499,82888,14611,83668,82014
panel/cand_fast,replay,data/traces/112462531.txt,1,519485320,77533,69909,7624,75258,86421
panel/cand_fast,replay,data/traces/112462537.txt,1,359173333,161006,33148,127858,107063,97695
panel/cand_fast,replay,data/traces/112396243.txt,0,427986230,102623,101821,802,94644,94505
panel/cand_fast,replay,data/traces/112378715.txt,1,146404141,80862,88283,-7421,78560,84946
panel/cand_fast,replay,data/traces/112361930.txt,0,465567551,92935,105277,-12342,112181,114749
panel/cand_fast,replay,data/traces/112346122.txt,0,1466411344,143440,108442,34998,89103,79804
panel/cand_fast,replay,data/traces/112330549.txt,1,380056407,124038,123416,622,87865,80205
panel/cand_fast,replay,data/traces/112286808.txt,1,1307816317,190553,15806,174747,111093,82147
panel/cand_fast,replay,data/traces/112279383.txt,0,369266329,131069,67339,63730,125376,115904
panel/cand_fast,replay,data/traces/112271999.txt,1,2024799368,166799,9932,156867,93412,80816
panel/cand_fast,replay,data/traces/112258534.txt,0,990193199,116723,41944,74779,80611,76293
panel/cand_fast,replay,data/traces/112226836.txt,1,1651122030,152940,110151,42789,108992,103161
panel/cand_fast,replay,data/traces/112212987.txt,1,426346919,136376,91353,45023,164160,146752
panel/cand_fast,replay,data/traces/112878946.txt,0,1550050350,135131,91220,43911,113781,115502
panel/cand_fast,replay,data/traces/112862551.txt,0,597683262,161229,100796,60433,89424,97417
panel/cand_fast,replay,data/traces/112861061.txt,1,652003659,101087,105622,-4535,117144,111108
panel/cand_fast,replay,data/traces/112846229.txt,0,1609498403,124211,59208,65003,92359,87749
panel/cand_fast,replay,data/traces/112830783.txt,1,572472665,91956,94782,-2826,92934,89187
panel/cand_fast,replay,data/traces/112829996.txt,0,211633960,126839,84587,42252,97191,101117
panel/cand_fast,replay,data/traces/112822003.txt,0,658386570,117058,105065,11993,102200,88349
panel/cand_fast,replay,data/traces/112794039.txt,0,1772685646,98873,104205,-5332,106170,110333
panel/cand_fast,replay,data/traces/112769830.txt,0,985340199,81947,76360,5587,116873,123633
panel/cand_fast,replay,data/traces/112746420.txt,1,1021819996,104716,102537,2179,81788,79841
panel/cand_fast,replay,data/traces/112730189.txt,0,858010337,109337,115300,-5963,130631,128363
panel/cand_fast,replay,data/traces/112724470.txt,1,1820231052,177398,91108,86290,97930,92272
panel/cand_fast,replay,data/traces/112690414.txt,0,976872641,84646,79830,4816,95751,99439
panel/cand_fast,replay,data/traces/112686947.txt,0,730671115,115526,79453,36073,112745,107829
panel/cand_fast,replay,data/traces/112679068.txt,0,1080694309,96754,83034,13720,118710,109281
panel/cand_fast,replay,data/traces/112675193.txt,1,900140237,135606,114246,21360,142326,129595
panel/cand_fast,replay,data/traces/112901992.txt,1,1049545150,69718,70392,-674,80911,82000
panel/cand_fast,replay,data/traces/112901660.txt,0,1143114248,114111,74458,39653,134151,105498
panel/cand_fast,replay,data/traces/112898153.txt,1,203817414,81211,86049,-4838,99559,85406
panel/cand_fast,replay,data/traces/112893751.txt,0,1859635584,129398,122565,6833,121739,121502
panel/cand_fast,replay,data/traces/112888751.txt,1,2006789615,159744,107598,52146,130245,105141
panel/cand_fast,replay,data/traces/112878228.txt,0,1929055367,97706,60699,37007,100862,77561
panel/cand_fast,replay,data/traces/112868812.txt,0,1310499696,135776,88887,46889,120867,96664
panel/cand_fast,replay,data/traces/112863375.txt,1,1158130191,105878,100904,4974,107195,100728
panel/cand_fast,replay,data/traces/112862816.txt,1,930954182,103279,86432,16847,140648,126732
panel/cand_fast,replay,data/traces/112861672.txt,1,151597434,175174,25454,149720,138951,119838
panel/cand_fast,replay,data/traces/112850054.txt,1,1167736,72168,60557,11611,119396,77061
panel/cand_fast,replay,data/traces/112847788.txt,1,631327013,128184,7248,120936,95940,27823
panel/cand_fast,replay,data/traces/112901178.txt,0,182532323,138887,81451,57436,118725,83238
panel/cand_fast,replay,data/traces/112900047.txt,1,1980858488,176419,45462,130957,96775,74285
panel/cand_fast,replay,data/traces/112896592.txt,0,1137775888,126515,81529,44986,116992,72595
panel/cand_fast,replay,data/traces/112878946.txt,1,1550050350,103321,71973,31348,115502,113781
panel/cand_fast,replay,data/traces/112878538.txt,0,65259409,136580,112994,23586,94694,100890
panel/cand_fast,replay,data/traces/112854357.txt,1,1720475956,112404,32847,79557,96398,88075
panel/cand_fast,replay,data/traces/112735805.txt,0,401397591,110006,59427,50579,89517,92096
panel/cand_fast,replay,data/traces/112642987.txt,0,584355409,93896,98225,-4329,88978,87661
panel/cand_fast,replay,data/traces/112639482.txt,1,1150669065,146190,88728,57462,141265,150418
panel/cand_fast,replay,data/traces/112626855.txt,0,829921682,148011,86646,61365,71703,81763
panel/cand_fast,replay,data/traces/112616236.txt,1,1084420597,116055,102350,13705,93508,100716
panel/cand_fast,replay,data/traces/112589319.txt,0,1085715727,116071,124910,-8839,112316,124831
panel/cand_fast,replay,data/traces/112505268.txt,1,983635388,140825,107416,33409,99240,98528
panel/cand_fast,replay,data/traces/112491246.txt,0,1275843248,67053,58272,8781,140446,135222
panel/cand_fast,replay,data/traces/112897733.txt,1,302661326,125030,108444,16586,100043,58478
panel/cand_fast,replay,data/traces/112894250.txt,1,435192026,139095,131899,7196,206478,74157
panel/cand_fast,replay,data/traces/112891989.txt,0,1156944662,89002,71757,17245,153891,96123
panel/cand_fast,replay,data/traces/112853383.txt,0,2002258695,144968,58604,86364,88659,91914
panel/cand_fast,replay,data/traces/112794039.txt,1,1772685646,94700,74747,19953,110333,106170
panel/cand_fast,replay,data/traces/112679068.txt,1,1080694309,155300,102141,53159,109281,118710
panel/cand_fast,replay,data/traces/112646296.txt,1,1553677118,132714,95006,37708,83312,88683
panel/cand_fast,replay,data/traces/112601402.txt,1,1441262148,117182,73765,43417,93619,101617
panel/cand_fast,replay,data/traces/112561571.txt,1,459305426,147415,99632,47783,106446,112946
panel/cand_fast,replay,data/traces/112893751.txt,1,1859635584,117599,105435,12164,121502,121739
panel/cand_fast,replay,data/traces/112884689.txt,1,1358502768,75221,74362,859,118114,102849
panel/cand_fast,replay,data/traces/112872664.txt,0,1968456369,176033,124461,51572,106613,107377
panel/cand_fast,replay,data/traces/112841312.txt,1,1846265686,161085,129769,31316,90878,87305
panel/cand_fast,replay,data/traces/112836021.txt,0,867794122,144022,71144,72878,147719,148877
panel/cand_fast,replay,data/traces/112830034.txt,0,1801696520,103255,104097,-842,128311,118844
panel/cand_fast,replay,data/traces/112801017.txt,1,1052798484,105894,101258,4636,84712,89945
panel/cand_fast,replay,data/traces/112792878.txt,0,61272947,133092,95605,37487,126250,126702
panel/cand_fast,replay,data/traces/112757903.txt,1,1215990968,159521,59255,100266,133015,150410
panel/cand_fast,replay,data/traces/112749902.txt,1,2012408240,121681,120181,1500,97061,101251
panel/cand_fast,replay,data/traces/112735805.txt,1,401397591,93360,87767,5593,92096,89517
panel/cand_fast,replay,data/traces/112733515.txt,1,394471166,114912,76674,38238,97136,106741
panel/cand_fast,replay,data/traces/112728907.txt,1,758365951,95346,93829,1517,79404,90670
panel/cand_fast,replay,data/traces/112721923.txt,0,224020109,112891,92700,20191,91455,95661
panel/cand_fast,replay,data/traces/112698759.txt,0,823034285,152058,65593,86465,149938,154772
panel/cand_fast,replay,data/traces/112686947.txt,1,730671115,94929,100285,-5356,107829,112745
panel/dsm6_gates,replay,data/traces/112895991.txt,1,1644432648,97963,88619,9344,180619,153699
panel/dsm6_gates,replay,data/traces/112894098.txt,1,201536810,163238,102436,60802,113525,99999
panel/dsm6_gates,replay,data/traces/112891809.txt,1,598297033,103240,102396,844,120435,108057
panel/dsm6_gates,replay,data/traces/112876320.txt,1,476152589,122251,62049,60202,102021,61723
panel/dsm6_gates,replay,data/traces/112659230.txt,1,2038884264,86544,45758,40786,86540,143085
panel/dsm6_gates,replay,data/traces/112585731.txt,1,844736241,122883,65119,57764,102835,167577
panel/dsm6_gates,replay,data/traces/112531901.txt,0,1130804311,94560,95527,-967,101957,96458
panel/dsm6_gates,replay,data/traces/112499720.txt,1,1497090242,116309,89791,26518,100556,97872
panel/dsm6_gates,replay,data/traces/112471604.txt,0,998350072,96056,96246,-190,128198,115014
panel/dsm6_gates,replay,data/traces/112446065.txt,0,1299923010,123348,97667,25681,136906,127039
panel/dsm6_gates,replay,data/traces/112437698.txt,0,1614861397,127024,91662,35362,92016,87629
panel/dsm6_gates,replay,data/traces/112421116.txt,0,1628081126,136854,84403,52451,109273,91536
panel/dsm6_gates,replay,data/traces/112417447.txt,0,1389258819,84568,83039,1529,75782,66377
panel/dsm6_gates,replay,data/traces/112405569.txt,0,1085226792,105923,74725,31198,98080,85602
panel/dsm6_gates,replay,data/traces/112901992.txt,0,1049545150,100830,87652,13178,82000,80911
panel/dsm6_gates,replay,data/traces/112890239.txt,0,2063263451,87593,93719,-6126,106438,97966
panel/dsm6_gates,replay,data/traces/112884369.txt,0,315410585,190284,0,190284,103328,94305
panel/dsm6_gates,replay,data/traces/112878538.txt,1,65259409,137836,57756,80080,100890,94694
panel/dsm6_gates,replay,data/traces/112875034.txt,0,247098952,194828,85898,108930,89724,74859
panel/dsm6_gates,replay,data/traces/112873844.txt,1,1688663938,131435,61604,69831,109053,100820
panel/dsm6_gates,replay,data/traces/112872664.txt,1,1968456369,168053,111645,56408,107377,106613
panel/dsm6_gates,replay,data/traces/112867945.txt,1,1980437913,149955,0,149955,87169,80610
panel/dsm6_gates,replay,data/traces/112864461.txt,1,1150097132,143861,4925,138936,120166,109868
panel/dsm6_gates,replay,data/traces/112863241.txt,1,1326820366,137011,107827,29184,104851,90971
panel/dsm6_gates,replay,data/traces/112862128.txt,1,171589976,108293,100997,7296,99921,86499
panel/dsm6_gates,replay,data/traces/112850332.txt,0,1218725851,128967,101967,27000,92153,83674
panel/dsm6_gates,replay,data/traces/112829996.txt,1,211633960,146029,76961,69068,101117,97191
panel/dsm6_gates,replay,data/traces/112806073.txt,1,1991185039,127091,88166,38925,126893,67185
panel/dsm6_gates,replay,data/traces/112769830.txt,1,985340199,108296,75110,33186,123633,116873
panel/dsm6_gates,replay,data/traces/112642010.txt,0,329948488,133967,92759,41208,132405,124937
panel/dsm6_gates,replay,data/traces/112901784.txt,0,2000658955,167487,36421,131066,142586,112816
panel/dsm6_gates,replay,data/traces/112892354.txt,0,2005662201,181696,91722,89974,124287,88866
panel/dsm6_gates,replay,data/traces/112890005.txt,0,1452090302,117481,46329,71152,101127,80618
panel/dsm6_gates,replay,data/traces/112888845.txt,0,285692199,88399,92471,-4072,119485,95751
panel/dsm6_gates,replay,data/traces/112885342.txt,1,551771902,109192,77908,31284,114188,97372
panel/dsm6_gates,replay,data/traces/112880657.txt,1,2016708405,118327,66973,51354,142650,121361
panel/dsm6_gates,replay,data/traces/112878314.txt,0,2083988403,142566,70654,71912,124520,101753
panel/dsm6_gates,replay,data/traces/112875475.txt,1,1496757983,200714,29722,170992,85717,58948
panel/dsm6_gates,replay,data/traces/112864240.txt,0,1494161876,120310,58815,61495,137452,122839
panel/dsm6_gates,replay,data/traces/112863066.txt,1,857129106,93802,22156,71646,118292,86896
panel/dsm6_gates,replay,data/traces/112858395.txt,1,1096247145,173993,45043,128950,128400,101398
panel/dsm6_gates,replay,data/traces/112853552.txt,0,419625600,159107,30788,128319,123234,87935
panel/dsm6_gates,replay,data/traces/112852343.txt,0,1291321718,211403,262,211141,121939,92633
panel/dsm6_gates,replay,data/traces/112831625.txt,1,383964947,141362,74137,67225,141050,51011
panel/dsm6_gates,replay,data/traces/112728907.txt,0,758365951,89174,84600,4574,90670,79404
panel/dsm6_gates,replay,data/traces/112589319.txt,1,1085715727,98858,87351,11507,124831,112316
panel/dsm6_gates,replay,data/traces/112890239.txt,1,2063263451,166687,119723,46964,97966,106438
panel/dsm6_gates,replay,data/traces/112853383.txt,1,2002258695,135280,97280,38000,91914,88659
panel/dsm6_gates,replay,data/traces/112843959.txt,0,1270071376,116594,96847,19747,118057,126201
panel/dsm6_gates,replay,data/traces/112836021.txt,1,867794122,122577,114130,8447,148877,147719
panel/dsm6_gates,replay,data/traces/112822003.txt,1,658386570,148136,112273,35863,88349,102200
panel/dsm6_gates,replay,data/traces/112776803.txt,0,367822176,109621,89269,20352,88808,92268
panel/dsm6_gates,replay,data/traces/112757903.txt,0,1215990968,123876,97448,26428,150410,133015
panel/dsm6_gates,replay,data/traces/112749903.txt,0,2099715200,131482,71360,60122,94209,91110
panel/dsm6_gates,replay,data/traces/112741826.txt,0,1782755185,132864,100910,31954,123974,128145
panel/dsm6_gates,replay,data/traces/112698759.txt,1,823034285,126377,99259,27118,154772,149938
panel/dsm6_gates,replay,data/traces/112654478.txt,1,1785631914,97427,71359,26068,129638,148376
panel/dsm6_gates,replay,data/traces/112642909.txt,1,1688329554,97290,95772,1518,105276,99881
panel/dsm6_gates,replay,data/traces/112637448.txt,1,2068079998,137071,100822,36249,103884,110294
panel/dsm6_gates,replay,data/traces/112632279.txt,0,409128422,114662,98826,15836,91132,96962
panel/dsm6_gates,replay,data/traces/112626855.txt,1,829921682,161306,99275,62031,81763,71703
panel/dsm6_gates,replay,data/traces/112617125.txt,0,1000810244,90368,81010,9358,76966,76251
panel/dsm6_gates,replay,data/traces/112654478.txt,0,1785631914,95332,96257,-925,148376,129638
panel/dsm6_gates,replay,data/traces/112616237.txt,0,398187590,223062,24725,198337,86841,79700
panel/dsm6_gates,replay,data/traces/112503124.txt,0,987490774,110553,100683,9870,83668,82014
panel/dsm6_gates,replay,data/traces/112462531.txt,1,519485320,71427,69462,1965,75258,86421
panel/dsm6_gates,replay,data/traces/112462537.txt,1,359173333,116709,26507,90202,107063,97695
panel/dsm6_gates,replay,data/traces/112396243.txt,0,427986230,90094,69253,20841,94644,94505
panel/dsm6_gates,replay,data/traces/112378715.txt,1,146404141,66485,68351,-1866,78560,84946
panel/dsm6_gates,replay,data/traces/112361930.txt,0,465567551,106366,111780,-5414,112181,114749
panel/dsm6_gates,replay,data/traces/112346122.txt,0,1466411344,188995,121313,67682,89103,79804
panel/dsm6_gates,replay,data/traces/112330549.txt,1,380056407,79689,91206,-11517,87865,80205
panel/dsm6_gates,replay,data/traces/112286808.txt,1,1307816317,217289,4275,213014,111093,82147
panel/dsm6_gates,replay,data/traces/112279383.txt,0,369266329,131464,97347,34117,125376,115904
panel/dsm6_gates,replay,data/traces/112271999.txt,1,2024799368,189612,14292,175320,93412,80816
panel/dsm6_gates,replay,data/traces/112258534.txt,0,990193199,131813,62073,69740,80611,76293
panel/dsm6_gates,replay,data/traces/112226836.txt,1,1651122030,177157,102065,75092,108992,103161
panel/dsm6_gates,replay,data/traces/112212987.txt,1,426346919,159674,61128,98546,164160,146752
panel/dsm6_gates,replay,data/traces/112878946.txt,0,1550050350,122879,80064,42815,113781,115502
panel/dsm6_gates,replay,data/traces/112862551.txt,0,597683262,106351,79742,26609,89424,97417
panel/dsm6_gates,replay,data/traces/112861061.txt,1,652003659,111568,113538,-1970,117144,111108
panel/dsm6_gates,replay,data/traces/112846229.txt,0,1609498403,107837,104814,3023,92359,87749
panel/dsm6_gates,replay,data/traces/112830783.txt,1,572472665,108279,104848,3431,92934,89187
panel/dsm6_gates,replay,data/traces/112829996.txt,0,211633960,138796,129303,9493,97191,101117
panel/dsm6_gates,replay,data/traces/112822003.txt,0,658386570,143986,125810,18176,102200,88349
panel/dsm6_gates,replay,data/traces/112794039.txt,0,1772685646,117419,95915,21504,106170,110333
panel/dsm6_gates,replay,data/traces/112769830.txt,0,985340199,104844,96147,8697,116873,123633
panel/dsm6_gates,replay,data/traces/112746420.txt,1,1021819996,153393,94493,58900,81788,79841
panel/dsm6_gates,replay,data/traces/112730189.txt,0,858010337,141492,136187,5305,130631,128363
panel/dsm6_gates,replay,data/traces/112724470.txt,1,1820231052,172420,81558,90862,97930,92272
panel/dsm6_gates,replay,data/traces/112690414.txt,0,976872641,81666,67742,13924,95751,99439
panel/dsm6_gates,replay,data/traces/112686947.txt,0,730671115,99452,93694,5758,112745,107829
panel/dsm6_gates,replay,data/traces/112679068.txt,0,1080694309,113559,86250,27309,118710,109281
panel/dsm6_gates,replay,data/traces/112675193.txt,1,900140237,110786,109653,1133,142326,129595
panel/dsm6_gates,replay,data/traces/112901992.txt,1,1049545150,128125,109965,18160,80911,82000
panel/dsm6_gates,replay,data/traces/112901660.txt,0,1143114248,125684,89242,36442,134151,105498
panel/dsm6_gates,replay,data/traces/112898153.txt,1,203817414,138202,52469,85733,99559,85406
panel/dsm6_gates,replay,data/traces/112893751.txt,0,1859635584,107531,104548,2983,121739,121502
panel/dsm6_gates,replay,data/traces/112888751.txt,1,2006789615,103850,105552,-1702,130245,105141
panel/dsm6_gates,replay,data/traces/112878228.txt,0,1929055367,150137,45918,104219,100862,77561
panel/dsm6_gates,replay,data/traces/112868812.txt,0,1310499696,108530,81401,27129,120867,96664
panel/dsm6_gates,replay,data/traces/112863375.txt,1,1158130191,81957,73667,8290,107195,100728
panel/dsm6_gates,replay,data/traces/112862816.txt,1,930954182,135006,91581,43425,140648,126732
panel/dsm6_gates,replay,data/traces/112861672.txt,1,151597434,116519,14254,102265,138951,119838
panel/dsm6_gates,replay,data/traces/112850054.txt,1,1167736,143618,95362,48256,119396,77061
panel/dsm6_gates,replay,data/traces/112847788.txt,1,631327013,101928,80340,21588,95940,27823
panel/dsm6_gates,replay,data/traces/112901178.txt,0,182532323,108047,67759,40288,118725,83238
panel/dsm6_gates,replay,data/traces/112900047.txt,1,1980858488,173604,55365,118239,96775,74285
panel/dsm6_gates,replay,data/traces/112896592.txt,0,1137775888,95161,53293,41868,116992,72595
panel/dsm6_gates,replay,data/traces/112878946.txt,1,1550050350,148389,78222,70167,115502,113781
panel/dsm6_gates,replay,data/traces/112878538.txt,0,65259409,109325,86369,22956,94694,100890
panel/dsm6_gates,replay,data/traces/112854357.txt,1,1720475956,175278,50332,124946,96398,88075
panel/dsm6_gates,replay,data/traces/112735805.txt,0,401397591,123154,76948,46206,89517,92096
panel/dsm6_gates,replay,data/traces/112642987.txt,0,584355409,149717,99570,50147,88978,87661
panel/dsm6_gates,replay,data/traces/112639482.txt,1,1150669065,171184,47008,124176,141265,150418
panel/dsm6_gates,replay,data/traces/112626855.txt,0,829921682,115465,88971,26494,71703,81763
panel/dsm6_gates,replay,data/traces/112616236.txt,1,1084420597,126942,111613,15329,93508,100716
panel/dsm6_gates,replay,data/traces/112589319.txt,0,1085715727,151315,106069,45246,112316,124831
panel/dsm6_gates,replay,data/traces/112505268.txt,1,983635388,106898,70622,36276,99240,98528
panel/dsm6_gates,replay,data/traces/112491246.txt,0,1275843248,125188,80008,45180,140446,135222
panel/dsm6_gates,replay,data/traces/112897733.txt,1,302661326,108384,76998,31386,100043,58478
panel/dsm6_gates,replay,data/traces/112894250.txt,1,435192026,131451,99457,31994,206478,74157
panel/dsm6_gates,replay,data/traces/112891989.txt,0,1156944662,101769,79205,22564,153891,96123
panel/dsm6_gates,replay,data/traces/112853383.txt,0,2002258695,124677,55518,69159,88659,91914
panel/dsm6_gates,replay,data/traces/112794039.txt,1,1772685646,90614,64267,26347,110333,106170
panel/dsm6_gates,replay,data/traces/112679068.txt,1,1080694309,161438,101100,60338,109281,118710
panel/dsm6_gates,replay,data/traces/112646296.txt,1,1553677118,116652,61558,55094,83312,88683
panel/dsm6_gates,replay,data/traces/112601402.txt,1,1441262148,86330,67941,18389,93619,101617
panel/dsm6_gates,replay,data/traces/112561571.txt,1,459305426,99327,72067,27260,106446,112946
panel/dsm6_gates,replay,data/traces/112893751.txt,1,1859635584,134101,121338,12763,121502,121739
panel/dsm6_gates,replay,data/traces/112884689.txt,1,1358502768,146134,39622,106512,118114,102849
panel/dsm6_gates,replay,data/traces/112872664.txt,0,1968456369,146062,119169,26893,106613,107377
panel/dsm6_gates,replay,data/traces/112841312.txt,1,1846265686,132833,127099,5734,90878,87305
panel/dsm6_gates,replay,data/traces/112836021.txt,0,867794122,202676,36346,166330,147719,148877
panel/dsm6_gates,replay,data/traces/112830034.txt,0,1801696520,126939,131898,-4959,128311,118844
panel/dsm6_gates,replay,data/traces/112801017.txt,1,1052798484,174680,105602,69078,84712,89945
panel/dsm6_gates,replay,data/traces/112792878.txt,0,61272947,133197,119583,13614,126250,126702
panel/dsm6_gates,replay,data/traces/112757903.txt,1,1215990968,187943,87796,100147,133015,150410
panel/dsm6_gates,replay,data/traces/112749902.txt,1,2012408240,141821,115899,25922,97061,101251
panel/dsm6_gates,replay,data/traces/112735805.txt,1,401397591,174163,110998,63165,92096,89517
panel/dsm6_gates,replay,data/traces/112733515.txt,1,394471166,164378,87819,76559,97136,106741
panel/dsm6_gates,replay,data/traces/112728907.txt,1,758365951,95095,87032,8063,79404,90670
panel/dsm6_gates,replay,data/traces/112721923.txt,0,224020109,184100,112911,71189,91455,95661
panel/dsm6_gates,replay,data/traces/112698759.txt,0,823034285,139315,44266,95049,149938,154772
panel/dsm6_gates,replay,data/traces/112686947.txt,1,730671115,98088,83931,14157,107829,112745
panel/finI_gates,replay,data/traces/112895991.txt,1,1644432648,95298,90205,5093,180619,153699
panel/finI_gates,replay,data/traces/112894098.txt,1,201536810,120312,88172,32140,113525,99999
panel/finI_gates,replay,data/traces/112891809.txt,1,598297033,120613,110824,9789,120435,108057
panel/finI_gates,replay,data/traces/112876320.txt,1,476152589,161803,67216,94587,102021,61723
panel/finI_gates,replay,data/traces/112659230.txt,1,2038884264,98725,45922,52803,86540,143085
panel/finI_gates,replay,data/traces/112585731.txt,1,844736241,127690,61908,65782,102835,167577
panel/finI_gates,replay,data/traces/112531901.txt,0,1130804311,95935,99768,-3833,101957,96458
panel/finI_gates,replay,data/traces/112499720.txt,1,1497090242,98550,92834,5716,100556,97872
panel/finI_gates,replay,data/traces/112471604.txt,0,998350072,91960,89295,2665,128198,115014
panel/finI_gates,replay,data/traces/112446065.txt,0,1299923010,128131,96639,31492,136906,127039
panel/finI_gates,replay,data/traces/112437698.txt,0,1614861397,113732,86129,27603,92016,87629
panel/finI_gates,replay,data/traces/112421116.txt,0,1628081126,156576,105602,50974,109273,91536
panel/finI_gates,replay,data/traces/112417447.txt,0,1389258819,96938,85558,11380,75782,66377
panel/finI_gates,replay,data/traces/112405569.txt,0,1085226792,126417,80261,46156,98080,85602
panel/finI_gates,replay,data/traces/112901992.txt,0,1049545150,107835,88662,19173,82000,80911
panel/finI_gates,replay,data/traces/112890239.txt,0,2063263451,85920,58064,27856,106438,97966
panel/finI_gates,replay,data/traces/112884369.txt,0,315410585,192696,0,192696,103328,94305
panel/finI_gates,replay,data/traces/112878538.txt,1,65259409,145659,53706,91953,100890,94694
panel/finI_gates,replay,data/traces/112875034.txt,0,247098952,167439,77909,89530,89724,74859
panel/finI_gates,replay,data/traces/112873844.txt,1,1688663938,130894,49590,81304,109053,100820
panel/finI_gates,replay,data/traces/112872664.txt,1,1968456369,139929,116368,23561,107377,106613
panel/finI_gates,replay,data/traces/112867945.txt,1,1980437913,158753,268,158485,87169,80610
panel/finI_gates,replay,data/traces/112864461.txt,1,1150097132,171383,5923,165460,120166,109868
panel/finI_gates,replay,data/traces/112863241.txt,1,1326820366,153990,78593,75397,104851,90971
panel/finI_gates,replay,data/traces/112862128.txt,1,171589976,171925,124054,47871,99921,86499
panel/finI_gates,replay,data/traces/112850332.txt,0,1218725851,105179,78280,26899,92153,83674
panel/finI_gates,replay,data/traces/112829996.txt,1,211633960,115079,69033,46046,101117,97191
panel/finI_gates,replay,data/traces/112806073.txt,1,1991185039,122598,100660,21938,126893,67185
panel/finI_gates,replay,data/traces/112769830.txt,1,985340199,116150,79091,37059,123633,116873
panel/finI_gates,replay,data/traces/112642010.txt,0,329948488,122794,86275,36519,132405,124937
panel/finI_gates,replay,data/traces/112901784.txt,0,2000658955,198363,37444,160919,142586,112816
panel/finI_gates,replay,data/traces/112892354.txt,0,2005662201,162819,84797,78022,124287,88866
panel/finI_gates,replay,data/traces/112890005.txt,0,1452090302,143006,55540,87466,101127,80618
panel/finI_gates,replay,data/traces/112888845.txt,0,285692199,119897,65889,54008,119485,95751
panel/finI_gates,replay,data/traces/112885342.txt,1,551771902,155908,89238,66670,114188,97372
panel/finI_gates,replay,data/traces/112880657.txt,1,2016708405,119370,60779,58591,142650,121361
panel/finI_gates,replay,data/traces/112878314.txt,0,2083988403,156976,78937,78039,124520,101753
panel/finI_gates,replay,data/traces/112875475.txt,1,1496757983,201426,26757,174669,85717,58948
panel/finI_gates,replay,data/traces/112864240.txt,0,1494161876,138260,58653,79607,137452,122839
panel/finI_gates,replay,data/traces/112863066.txt,1,857129106,120524,27780,92744,118292,86896
panel/finI_gates,replay,data/traces/112858395.txt,1,1096247145,150027,45060,104967,128400,101398
panel/finI_gates,replay,data/traces/112853552.txt,0,419625600,175569,31361,144208,123234,87935
panel/finI_gates,replay,data/traces/112852343.txt,0,1291321718,206678,30661,176017,121939,92633
panel/finI_gates,replay,data/traces/112831625.txt,1,383964947,171415,84417,86998,141050,51011
panel/finI_gates,replay,data/traces/112728907.txt,0,758365951,124543,97896,26647,90670,79404
panel/finI_gates,replay,data/traces/112589319.txt,1,1085715727,122488,104036,18452,124831,112316
panel/finI_gates,replay,data/traces/112890239.txt,1,2063263451,174162,118547,55615,97966,106438
panel/finI_gates,replay,data/traces/112853383.txt,1,2002258695,150704,109788,40916,91914,88659
panel/finI_gates,replay,data/traces/112843959.txt,0,1270071376,112250,80961,31289,118057,126201
panel/finI_gates,replay,data/traces/112836021.txt,1,867794122,169947,154394,15553,148877,147719
panel/finI_gates,replay,data/traces/112822003.txt,1,658386570,159975,121849,38126,88349,102200
panel/finI_gates,replay,data/traces/112776803.txt,0,367822176,105343,92776,12567,88808,92268
panel/finI_gates,replay,data/traces/112757903.txt,0,1215990968,121429,88146,33283,150410,133015
panel/finI_gates,replay,data/traces/112749903.txt,0,2099715200,146532,59934,86598,94209,91110
panel/finI_gates,replay,data/traces/112741826.txt,0,1782755185,133570,76954,56616,123974,128145
panel/finI_gates,replay,data/traces/112698759.txt,1,823034285,138432,73526,64906,154772,149938
panel/finI_gates,replay,data/traces/112654478.txt,1,1785631914,100871,68670,32201,129638,148376
panel/finI_gates,replay,data/traces/112642909.txt,1,1688329554,102194,97306,4888,105276,99881
panel/finI_gates,replay,data/traces/112637448.txt,1,2068079998,136907,97922,38985,103884,110294
panel/finI_gates,replay,data/traces/112632279.txt,0,409128422,114222,95882,18340,91132,96962
panel/finI_gates,replay,data/traces/112626855.txt,1,829921682,147870,89491,58379,81763,71703
panel/finI_gates,replay,data/traces/112617125.txt,0,1000810244,89111,78848,10263,76966,76251
panel/finI_gates,replay,data/traces/112654478.txt,0,1785631914,109251,94435,14816,148376,129638
panel/finI_gates,replay,data/traces/112616237.txt,0,398187590,216884,26478,190406,86841,79700
panel/finI_gates,replay,data/traces/112503124.txt,0,987490774,115516,104864,10652,83668,82014
panel/finI_gates,replay,data/traces/112462531.txt,1,519485320,90627,70032,20595,75258,86421
panel/finI_gates,replay,data/traces/112462537.txt,1,359173333,133826,25946,107880,107063,97695
panel/finI_gates,replay,data/traces/112396243.txt,0,427986230,87477,62754,24723,94644,94505
panel/finI_gates,replay,data/traces/112378715.txt,1,146404141,68162,65136,3026,78560,84946
panel/finI_gates,replay,data/traces/112361930.txt,0,465567551,122536,110759,11777,112181,114749
panel/finI_gates,replay,data/traces/112346122.txt,0,1466411344,198081,123503,74578,89103,79804
panel/finI_gates,replay,data/traces/112330549.txt,1,380056407,116896,98514,18382,87865,80205
panel/finI_gates,replay,data/traces/112286808.txt,1,1307816317,217836,4303,213533,111093,82147
panel/finI_gates,replay,data/traces/112279383.txt,0,369266329,134505,107238,27267,125376,115904
panel/finI_gates,replay,data/traces/112271999.txt,1,2024799368,197624,14439,183185,93412,80816
panel/finI_gates,replay,data/traces/112258534.txt,0,990193199,119296,45623,73673,80611,76293
panel/finI_gates,replay,data/traces/112226836.txt,1,1651122030,183792,113698,70094,108992,103161
panel/finI_gates,replay,data/traces/112212987.txt,1,426346919,163908,59402,104506,164160,146752
panel/finI_gates,replay,data/traces/112878946.txt,0,1550050350,126734,86804,39930,113781,115502
panel/finI_gates,replay,data/traces/112862551.txt,0,597683262,110838,86062,24776,89424,97417
panel/finI_gates,replay,data/traces/112861061.txt,1,652003659,107365,105446,1919,117144,111108
panel/finI_gates,replay,data/traces/112846229.txt,0,1609498403,107008,98473,8535,92359,87749
panel/finI_gates,replay,data/traces/112830783.txt,1,572472665,87579,65577,22002,92934,89187
panel/finI_gates,replay,data/traces/112829996.txt,0,211633960,167539,120732,46807,97191,101117
panel/finI_gates,replay,data/traces/112822003.txt,0,658386570,94201,71557,22644,102200,88349
panel/finI_gates,replay,data/traces/112794039.txt,0,1772685646,122736,97241,25495,106170,110333
panel/finI_gates,replay,data/traces/112769830.txt,0,985340199,160863,133262,27601,116873,123633
panel/finI_gates,replay,data/traces/112746420.txt,1,1021819996,156633,92034,64599,81788,79841
panel/finI_gates,replay,data/traces/112730189.txt,0,858010337,129050,109986,19064,130631,128363
panel/finI_gates,replay,data/traces/112724470.txt,1,1820231052,176744,89454,87290,97930,92272
panel/finI_gates,replay,data/traces/112690414.txt,0,976872641,85198,34971,50227,95751,99439
panel/finI_gates,replay,data/traces/112686947.txt,0,730671115,112963,75539,37424,112745,107829
panel/finI_gates,replay,data/traces/112679068.txt,0,1080694309,79868,62429,17439,118710,109281
panel/finI_gates,replay,data/traces/112675193.txt,1,900140237,125998,92757,33241,142326,129595
panel/finI_gates,replay,data/traces/112901992.txt,1,1049545150,141818,116163,25655,80911,82000
panel/finI_gates,replay,data/traces/112901660.txt,0,1143114248,148872,90666,58206,134151,105498
panel/finI_gates,replay,data/traces/112898153.txt,1,203817414,142739,59265,83474,99559,85406
panel/finI_gates,replay,data/traces/112893751.txt,0,1859635584,86525,81036,5489,121739,121502
panel/finI_gates,replay,data/traces/112888751.txt,1,2006789615,117275,109698,7577,130245,105141
panel/finI_gates,replay,data/traces/112878228.txt,0,1929055367,160404,57432,102972,100862,77561
panel/finI_gates,replay,data/traces/112868812.txt,0,1310499696,131679,88476,43203,120867,96664
panel/finI_gates,replay,data/traces/112863375.txt,1,1158130191,76404,65972,10432,107195,100728
panel/finI_gates,replay,data/traces/112862816.txt,1,930954182,139095,109664,29431,140648,126732
panel/finI_gates,replay,data/traces/112861672.txt,1,151597434,129792,15539,114253,138951,119838
panel/finI_gates,replay,data/traces/112850054.txt,1,1167736,90764,68667,22097,119396,77061
panel/finI_gates,replay,data/traces/112847788.txt,1,631327013,102963,81219,21744,95940,27823
panel/finI_gates,replay,data/traces/112901178.txt,0,182532323,146298,65778,80520,118725,83238
panel/finI_gates,replay,data/traces/112900047.txt,1,1980858488,153662,52864,100798,96775,74285
panel/finI_gates,replay,data/traces/112896592.txt,0,1137775888,101401,53084,48317,116992,72595
panel/finI_gates,replay,data/traces/112878946.txt,1,1550050350,151964,78945,73019,115502,113781
panel/finI_gates,replay,data/traces/112878538.txt,0,65259409,119815,92146,27669,94694,100890
panel/finI_gates,replay,data/traces/112854357.txt,1,1720475956,169100,49377,119723,96398,88075
panel/finI_gates,replay,data/traces/112735805.txt,0,401397591,161013,66165,94848,89517,92096
panel/finI_gates,replay,data/traces/112642987.txt,0,584355409,167386,115484,51902,88978,87661
panel/finI_gates,replay,data/traces/112639482.txt,1,1150669065,186278,75338,110940,141265,150418
panel/finI_gates,replay,data/traces/112626855.txt,0,829921682,102964,85695,17269,71703,81763
panel/finI_gates,replay,data/traces/112616236.txt,1,1084420597,114371,91654,22717,93508,100716
panel/finI_gates,replay,data/traces/112589319.txt,0,1085715727,129046,91311,37735,112316,124831
panel/finI_gates,replay,data/traces/112505268.txt,1,983635388,143612,68547,75065,99240,98528
panel/finI_gates,replay,data/traces/112491246.txt,0,1275843248,108853,89512,19341,140446,135222
panel/finI_gates,replay,data/traces/112897733.txt,1,302661326,99784,83208,16576,100043,58478
panel/finI_gates,replay,data/traces/112894250.txt,1,435192026,137827,109694,28133,206478,74157
panel/finI_gates,replay,data/traces/112891989.txt,0,1156944662,105764,76022,29742,153891,96123
panel/finI_gates,replay,data/traces/112853383.txt,0,2002258695,118778,54086,64692,88659,91914
panel/finI_gates,replay,data/traces/112794039.txt,1,1772685646,89699,73429,16270,110333,106170
panel/finI_gates,replay,data/traces/112679068.txt,1,1080694309,165929,94043,71886,109281,118710
panel/finI_gates,replay,data/traces/112646296.txt,1,1553677118,107108,70324,36784,83312,88683
panel/finI_gates,replay,data/traces/112601402.txt,1,1441262148,93485,59639,33846,93619,101617
panel/finI_gates,replay,data/traces/112561571.txt,1,459305426,97977,71634,26343,106446,112946
panel/finI_gates,replay,data/traces/112893751.txt,1,1859635584,117007,104677,12330,121502,121739
panel/finI_gates,replay,data/traces/112884689.txt,1,1358502768,148636,31328,117308,118114,102849
panel/finI_gates,replay,data/traces/112872664.txt,0,1968456369,147686,117775,29911,106613,107377
panel/finI_gates,replay,data/traces/112841312.txt,1,1846265686,166459,129944,36515,90878,87305
panel/finI_gates,replay,data/traces/112836021.txt,0,867794122,201749,43902,157847,147719,148877
panel/finI_gates,replay,data/traces/112830034.txt,0,1801696520,114793,122998,-8205,128311,118844
panel/finI_gates,replay,data/traces/112801017.txt,1,1052798484,119131,102242,16889,84712,89945
panel/finI_gates,replay,data/traces/112792878.txt,0,61272947,166029,138879,27150,126250,126702
panel/finI_gates,replay,data/traces/112757903.txt,1,1215990968,192228,77834,114394,133015,150410
panel/finI_gates,replay,data/traces/112749902.txt,1,2012408240,146019,123810,22209,97061,101251
panel/finI_gates,replay,data/traces/112735805.txt,1,401397591,146059,99176,46883,92096,89517
panel/finI_gates,replay,data/traces/112733515.txt,1,394471166,139705,80003,59702,97136,106741
panel/finI_gates,replay,data/traces/112728907.txt,1,758365951,112557,92794,19763,79404,90670
panel/finI_gates,replay,data/traces/112721923.txt,0,224020109,165921,107165,58756,91455,95661
panel/finI_gates,replay,data/traces/112698759.txt,0,823034285,144938,46527,98411,149938,154772
panel/finI_gates,replay,data/traces/112686947.txt,1,730671115,100509,84711,15798,107829,112745
panel/race10_gates,replay,data/traces/112895991.txt,1,1644432648,103405,73808,29597,180619,153699
panel/race10_gates,replay,data/traces/112894098.txt,1,201536810,167890,85315,82575,113525,99999
panel/race10_gates,replay,data/traces/112891809.txt,1,598297033,86954,67834,19120,120435,108057
panel/race10_gates,replay,data/traces/112876320.txt,1,476152589,158440,70787,87653,102021,61723
panel/race10_gates,replay,data/traces/112659230.txt,1,2038884264,115528,75696,39832,86540,143085
panel/race10_gates,replay,data/traces/112585731.txt,1,844736241,119180,98578,20602,102835,167577
panel/race10_gates,replay,data/traces/112531901.txt,0,1130804311,137077,143236,-6159,101957,96458
panel/race10_gates,replay,data/traces/112499720.txt,1,1497090242,115735,111311,4424,100556,97872
panel/race10_gates,replay,data/traces/112471604.txt,0,998350072,111109,113793,-2684,128198,115014
panel/race10_gates,replay,data/traces/112446065.txt,0,1299923010,81169,62708,18461,136906,127039
panel/race10_gates,replay,data/traces/112437698.txt,0,1614861397,98371,72026,26345,92016,87629
panel/race10_gates,replay,data/traces/112421116.txt,0,1628081126,153174,85104,68070,109273,91536
panel/race10_gates,replay,data/traces/112417447.txt,0,1389258819,109328,94764,14564,75782,66377
panel/race10_gates,replay,data/traces/112405569.txt,0,1085226792,153620,115785,37835,98080,85602
panel/race10_gates,replay,data/traces/112901992.txt,0,1049545150,82882,50258,32624,82000,80911
panel/race10_gates,replay,data/traces/112890239.txt,0,2063263451,80576,60828,19748,106438,97966
panel/race10_gates,replay,data/traces/112884369.txt,0,315410585,232741,0,232741,103328,94305
panel/race10_gates,replay,data/traces/112878538.txt,1,65259409,164343,64486,99857,100890,94694
panel/race10_gates,replay,data/traces/112875034.txt,0,247098952,183336,77828,105508,89724,74859
panel/race10_gates,replay,data/traces/112873844.txt,1,1688663938,155042,69698,85344,109053,100820
panel/race10_gates,replay,data/traces/112872664.txt,1,1968456369,157609,118414,39195,107377,106613
panel/race10_gates,replay,data/traces/112867945.txt,1,1980437913,181968,262,181706,87169,80610
panel/race10_gates,replay,data/traces/112864461.txt,1,1150097132,177040,0,177040,120166,109868
panel/race10_gates,replay,data/traces/112863241.txt,1,1326820366,87690,76954,10736,104851,90971
panel/race10_gates,replay,data/traces/112862128.txt,1,171589976,104580,100477,4103,99921,86499
panel/race10_gates,replay,data/traces/112850332.txt,0,1218725851,84915,77038,7877,92153,83674
panel/race10_gates,replay,data/traces/112829996.txt,1,211633960,123021,66700,56321,101117,97191
panel/race10_gates,replay,data/traces/112806073.txt,1,1991185039,133152,108424,24728,126893,67185
panel/race10_gates,replay,data/traces/112769830.txt,1,985340199,116753,83733,33020,123633,116873
panel/race10_gates,replay,data/traces/112642010.txt,0,329948488,171851,142764,29087,132405,124937
panel/race10_gates,replay,data/traces/112901784.txt,0,2000658955,179388,42820,136568,142586,112816
panel/race10_gates,replay,data/traces/112892354.txt,0,2005662201,190385,94630,95755,124287,88866
panel/race10_gates,replay,data/traces/112890005.txt,0,1452090302,146475,58749,87726,101127,80618
panel/race10_gates,replay,data/traces/112888845.txt,0,285692199,162404,80099,82305,119485,95751
panel/race10_gates,replay,data/traces/112885342.txt,1,551771902,119468,83604,35864,114188,97372
panel/race10_gates,replay,data/traces/112880657.txt,1,2016708405,97170,51901,45269,142650,121361
panel/race10_gates,replay,data/traces/112878314.txt,0,2083988403,119932,64143,55789,124520,101753
panel/race10_gates,replay,data/traces/112875475.txt,1,1496757983,169058,48581,120477,85717,58948
panel/race10_gates,replay,data/traces/112864240.txt,0,1494161876,107874,54558,53316,137452,122839
panel/race10_gates,replay,data/traces/112863066.txt,1,857129106,192454,43523,148931,118292,86896
panel/race10_gates,replay,data/traces/112858395.txt,1,1096247145,110141,37012,73129,128400,101398
panel/race10_gates,replay,data/traces/112853552.txt,0,419625600,199367,33190,166177,123234,87935
panel/race10_gates,replay,data/traces/112852343.txt,0,1291321718,142865,15837,127028,121939,92633
panel/race10_gates,replay,data/traces/112831625.txt,1,383964947,162230,87165,75065,141050,51011
panel/race10_gates,replay,data/traces/112728907.txt,0,758365951,179771,98889,80882,90670,79404
panel/race10_gates,replay,data/traces/112589319.txt,1,1085715727,122412,119664,2748,124831,112316
panel/race10_gates,replay,data/traces/112890239.txt,1,2063263451,111610,102446,9164,97966,106438
panel/race10_gates,replay,data/traces/112853383.txt,1,2002258695,149083,110828,38255,91914,88659
panel/race10_gates,replay,data/traces/112843959.txt,0,1270071376,98210,78246,19964,118057,126201
panel/race10_gates,replay,data/traces/112836021.txt,1,867794122,184963,176064,8899,148877,147719
panel/race10_gates,replay,data/traces/112822003.txt,1,658386570,105671,91887,13784,88349,102200
panel/race10_gates,replay,data/traces/112776803.txt,0,367822176,139004,113323,25681,88808,92268
panel/race10_gates,replay,data/traces/112757903.txt,0,1215990968,108753,107087,1666,150410,133015
panel/race10_gates,replay,data/traces/112749903.txt,0,2099715200,177489,88893,88596,94209,91110
panel/race10_gates,replay,data/traces/112741826.txt,0,1782755185,131071,95624,35447,123974,128145
panel/race10_gates,replay,data/traces/112698759.txt,1,823034285,119030,91752,27278,154772,149938
panel/race10_gates,replay,data/traces/112654478.txt,1,1785631914,90261,65009,25252,129638,148376
panel/race10_gates,replay,data/traces/112642909.txt,1,1688329554,89253,89667,-414,105276,99881
panel/race10_gates,replay,data/traces/112637448.txt,1,2068079998,129553,94466,35087,103884,110294
panel/race10_gates,replay,data/traces/112632279.txt,0,409128422,116188,106094,10094,91132,96962
panel/race10_gates,replay,data/traces/112626855.txt,1,829921682,98503,93321,5182,81763,71703
panel/race10_gates,replay,data/traces/112617125.txt,0,1000810244,76331,69734,6597,76966,76251
panel/race10_gates,replay,data/traces/112654478.txt,0,1785631914,113439,105365,8074,148376,129638
panel/race10_gates,replay,data/traces/112616237.txt,0,398187590,188711,24139,164572,86841,79700
panel/race10_gates,replay,data/traces/112503124.txt,0,987490774,84126,70960,13166,83668,82014
panel/race10_gates,replay,data/traces/112462531.txt,1,519485320,96705,86026,10679,75258,86421
panel/race10_gates,replay,data/traces/112462537.txt,1,359173333,112868,31776,81092,107063,97695
panel/race10_gates,replay,data/traces/112396243.txt,0,427986230,91861,68441,23420,94644,94505
panel/race10_gates,replay,data/traces/112378715.txt,1,146404141,132249,115001,17248,78560,84946
panel/race10_gates,replay,data/traces/112361930.txt,0,465567551,88449,96497,-8048,112181,114749
panel/race10_gates,replay,data/traces/112346122.txt,0,1466411344,165767,121084,44683,89103,79804
panel/race10_gates,replay,data/traces/112330549.txt,1,380056407,114536,116767,-2231,87865,80205
panel/race10_gates,replay,data/traces/112286808.txt,1,1307816317,112163,2551,109612,111093,82147
panel/race10_gates,replay,data/traces/112279383.txt,0,369266329,126326,97963,28363,125376,115904
panel/race10_gates,replay,data/traces/112271999.txt,1,2024799368,140159,15279,124880,93412,80816
panel/race10_gates,replay,data/traces/112258534.txt,0,990193199,118042,50101,67941,80611,76293
panel/race10_gates,replay,data/traces/112226836.txt,1,1651122030,176780,123330,53450,108992,103161
panel/race10_gates,replay,data/traces/112212987.txt,1,426346919,119497,56627,62870,164160,146752
panel/race10_gates,replay,data/traces/112878946.txt,0,1550050350,148633,133159,15474,113781,115502
panel/race10_gates,replay,data/traces/112862551.txt,0,597683262,115551,93531,22020,89424,97417
panel/race10_gates,replay,data/traces/112861061.txt,1,652003659,109291,109883,-592,117144,111108
panel/race10_gates,replay,data/traces/112846229.txt,0,1609498403,86827,84118,2709,92359,87749
panel/race10_gates,replay,data/traces/112830783.txt,1,572472665,92855,92516,339,92934,89187
panel/race10_gates,replay,data/traces/112829996.txt,0,211633960,148508,97253,51255,97191,101117
panel/race10_gates,replay,data/traces/112822003.txt,0,658386570,82120,71440,10680,102200,88349
panel/race10_gates,replay,data/traces/112794039.txt,0,1772685646,169075,96451,72624,106170,110333
panel/race10_gates,replay,data/traces/112769830.txt,0,985340199,113763,80361,33402,116873,123633
panel/race10_gates,replay,data/traces/112746420.txt,1,1021819996,89386,87245,2141,81788,79841
panel/race10_gates,replay,data/traces/112730189.txt,0,858010337,143398,110799,32599,130631,128363
panel/race10_gates,replay,data/traces/112724470.txt,1,1820231052,161861,97837,64024,97930,92272
panel/race10_gates,replay,data/traces/112690414.txt,0,976872641,112888,74842,38046,95751,99439
panel/race10_gates,replay,data/traces/112686947.txt,0,730671115,103028,76176,26852,112745,107829
panel/race10_gates,replay,data/traces/112679068.txt,0,1080694309,122390,104900,17490,118710,109281
panel/race10_gates,replay,data/traces/112675193.txt,1,900140237,104756,100880,3876,142326,129595
panel/race10_gates,replay,data/traces/112901992.txt,1,1049545150,75042,74051,991,80911,82000
panel/race10_gates,replay,data/traces/112901660.txt,0,1143114248,84262,63864,20398,134151,105498
panel/race10_gates,replay,data/traces/112898153.txt,1,203817414,105947,65066,40881,99559,85406
panel/race10_gates,replay,data/traces/112893751.txt,0,1859635584,116414,109953,6461,121739,121502
panel/race10_gates,replay,data/traces/112888751.txt,1,2006789615,149834,113282,36552,130245,105141
panel/race10_gates,replay,data/traces/112878228.txt,0,1929055367,124275,33129,91146,100862,77561
panel/race10_gates,replay,data/traces/112868812.txt,0,1310499696,141861,78754,63107,120867,96664
panel/race10_gates,replay,data/traces/112863375.txt,1,1158130191,127229,26363,100866,107195,100728
panel/race10_gates,replay,data/traces/112862816.txt,1,930954182,78933,70218,8715,140648,126732
panel/race10_gates,replay,data/traces/112861672.txt,1,151597434,190103,25411,164692,138951,119838
panel/race10_gates,replay,data/traces/112850054.txt,1,1167736,97507,82744,14763,119396,77061
panel/race10_gates,replay,data/traces/112847788.txt,1,631327013,67277,65950,1327,95940,27823
panel/race10_gates,replay,data/traces/112901178.txt,0,182532323,139349,75838,63511,118725,83238
panel/race10_gates,replay,data/traces/112900047.txt,1,1980858488,155969,50917,105052,96775,74285
panel/race10_gates,replay,data/traces/112896592.txt,0,1137775888,103939,56151,47788,116992,72595
panel/race10_gates,replay,data/traces/112878946.txt,1,1550050350,135977,69471,66506,115502,113781
panel/race10_gates,replay,data/traces/112878538.txt,0,65259409,100574,67241,33333,94694,100890
panel/race10_gates,replay,data/traces/112854357.txt,1,1720475956,131350,38244,93106,96398,88075
panel/race10_gates,replay,data/traces/112735805.txt,0,401397591,115827,59466,56361,89517,92096
panel/race10_gates,replay,data/traces/112642987.txt,0,584355409,106460,102186,4274,88978,87661
panel/race10_gates,replay,data/traces/112639482.txt,1,1150669065,192817,109006,83811,141265,150418
panel/race10_gates,replay,data/traces/112626855.txt,0,829921682,130417,90939,39478,71703,81763
panel/race10_gates,replay,data/traces/112616236.txt,1,1084420597,118905,73185,45720,93508,100716
panel/race10_gates,replay,data/traces/112589319.txt,0,1085715727,153438,122887,30551,112316,124831
panel/race10_gates,replay,data/traces/112505268.txt,1,983635388,119835,99084,20751,99240,98528
panel/race10_gates,replay,data/traces/112491246.txt,0,1275843248,127798,87147,40651,140446,135222
panel/race10_gates,replay,data/traces/112897733.txt,1,302661326,99136,70648,28488,100043,58478
panel/race10_gates,replay,data/traces/112894250.txt,1,435192026,168984,87105,81879,206478,74157
panel/race10_gates,replay,data/traces/112891989.txt,0,1156944662,93158,78327,14831,153891,96123
panel/race10_gates,replay,data/traces/112853383.txt,0,2002258695,155036,98394,56642,88659,91914
panel/race10_gates,replay,data/traces/112794039.txt,1,1772685646,115598,95278,20320,110333,106170
panel/race10_gates,replay,data/traces/112679068.txt,1,1080694309,98784,60246,38538,109281,118710
panel/race10_gates,replay,data/traces/112646296.txt,1,1553677118,140697,99751,40946,83312,88683
panel/race10_gates,replay,data/traces/112601402.txt,1,1441262148,112271,97503,14768,93619,101617
panel/race10_gates,replay,data/traces/112561571.txt,1,459305426,127053,62114,64939,106446,112946
panel/race10_gates,replay,data/traces/112893751.txt,1,1859635584,90008,88543,1465,121502,121739
panel/race10_gates,replay,data/traces/112884689.txt,1,1358502768,182337,51338,130999,118114,102849
panel/race10_gates,replay,data/traces/112872664.txt,0,1968456369,141265,112938,28327,106613,107377
panel/race10_gates,replay,data/traces/112841312.txt,1,1846265686,145402,115740,29662,90878,87305
panel/race10_gates,replay,data/traces/112836021.txt,0,867794122,183777,37704,146073,147719,148877
panel/race10_gates,replay,data/traces/112830034.txt,0,1801696520,102854,99978,2876,128311,118844
panel/race10_gates,replay,data/traces/112801017.txt,1,1052798484,150067,119082,30985,84712,89945
panel/race10_gates,replay,data/traces/112792878.txt,0,61272947,165756,120475,45281,126250,126702
panel/race10_gates,replay,data/traces/112757903.txt,1,1215990968,136323,53047,83276,133015,150410
panel/race10_gates,replay,data/traces/112749902.txt,1,2012408240,106216,104262,1954,97061,101251
panel/race10_gates,replay,data/traces/112735805.txt,1,401397591,134203,94486,39717,92096,89517
panel/race10_gates,replay,data/traces/112733515.txt,1,394471166,115527,75291,40236,97136,106741
panel/race10_gates,replay,data/traces/112728907.txt,1,758365951,114814,106255,8559,79404,90670
panel/race10_gates,replay,data/traces/112721923.txt,0,224020109,121563,107470,14093,91455,95661
panel/race10_gates,replay,data/traces/112698759.txt,0,823034285,95329,36390,58939,149938,154772
panel/race10_gates,replay,data/traces/112686947.txt,1,730671115,120176,62596,57580,107829,112745
panel/reach8_gates,replay,data/traces/112895991.txt,1,1644432648,109576,99964,9612,180619,153699
panel/reach8_gates,replay,data/traces/112894098.txt,1,201536810,125225,94138,31087,113525,99999
panel/reach8_gates,replay,data/traces/112891809.txt,1,598297033,108802,106782,2020,120435,108057
panel/reach8_gates,replay,data/traces/112876320.txt,1,476152589,164900,70623,94277,102021,61723
panel/reach8_gates,replay,data/traces/112659230.txt,1,2038884264,90832,56887,33945,86540,143085
panel/reach8_gates,replay,data/traces/112585731.txt,1,844736241,112732,61621,51111,102835,167577
panel/reach8_gates,replay,data/traces/112531901.txt,0,1130804311,99944,105067,-5123,101957,96458
panel/reach8_gates,replay,data/traces/112499720.txt,1,1497090242,111298,82600,28698,100556,97872
panel/reach8_gates,replay,data/traces/112471604.txt,0,998350072,100874,92865,8009,128198,115014
panel/reach8_gates,replay,data/traces/112446065.txt,0,1299923010,124909,97371,27538,136906,127039
panel/reach8_gates,replay,data/traces/112437698.txt,0,1614861397,127067,92021,35046,92016,87629
panel/reach8_gates,replay,data/traces/112421116.txt,0,1628081126,153844,95376,58468,109273,91536
panel/reach8_gates,replay,data/traces/112417447.txt,0,1389258819,101305,90169,11136,75782,66377
panel/reach8_gates,replay,data/traces/112405569.txt,0,1085226792,95785,73166,22619,98080,85602
panel/reach8_gates,replay,data/traces/112901992.txt,0,1049545150,104083,88712,15371,82000,80911
panel/reach8_gates,replay,data/traces/112890239.txt,0,2063263451,79520,69312,10208,106438,97966
panel/reach8_gates,replay,data/traces/112884369.txt,0,315410585,192847,0,192847,103328,94305
panel/reach8_gates,replay,data/traces/112878538.txt,1,65259409,147565,55422,92143,100890,94694
panel/reach8_gates,replay,data/traces/112875034.txt,0,247098952,196942,85865,111077,89724,74859
panel/reach8_gates,replay,data/traces/112873844.txt,1,1688663938,131520,49868,81652,109053,100820
panel/reach8_gates,replay,data/traces/112872664.txt,1,1968456369,167718,122342,45376,107377,106613
panel/reach8_gates,replay,data/traces/112867945.txt,1,1980437913,161849,0,161849,87169,80610
panel/reach8_gates,replay,data/traces/112864461.txt,1,1150097132,179560,5807,173753,120166,109868
panel/reach8_gates,replay,data/traces/112863241.txt,1,1326820366,137011,107827,29184,104851,90971
panel/reach8_gates,replay,data/traces/112862128.txt,1,171589976,145484,115069,30415,99921,86499
panel/reach8_gates,replay,data/traces/112850332.txt,0,1218725851,97399,82640,14759,92153,83674
panel/reach8_gates,replay,data/traces/112829996.txt,1,211633960,130651,100655,29996,101117,97191
panel/reach8_gates,replay,data/traces/112806073.txt,1,1991185039,133131,107658,25473,126893,67185
panel/reach8_gates,replay,data/traces/112769830.txt,1,985340199,116591,78969,37622,123633,116873
panel/reach8_gates,replay,data/traces/112642010.txt,0,329948488,157874,122123,35751,132405,124937
panel/reach8_gates,replay,data/traces/112901784.txt,0,2000658955,177696,35754,141942,142586,112816
panel/reach8_gates,replay,data/traces/112892354.txt,0,2005662201,200025,96833,103192,124287,88866
panel/reach8_gates,replay,data/traces/112890005.txt,0,1452090302,127346,51344,76002,101127,80618
panel/reach8_gates,replay,data/traces/112888845.txt,0,285692199,89930,95833,-5903,119485,95751
panel/reach8_gates,replay,data/traces/112885342.txt,1,551771902,153537,89055,64482,114188,97372
panel/reach8_gates,replay,data/traces/112880657.txt,1,2016708405,120023,57702,62321,142650,121361
panel/reach8_gates,replay,data/traces/112878314.txt,0,2083988403,140854,73683,67171,124520,101753
panel/reach8_gates,replay,data/traces/112875475.txt,1,1496757983,202636,28238,174398,85717,58948
panel/reach8_gates,replay,data/traces/112864240.txt,0,1494161876,120310,58815,61495,137452,122839
panel/reach8_gates,replay,data/traces/112863066.txt,1,857129106,119051,27725,91326,118292,86896
panel/reach8_gates,replay,data/traces/112858395.txt,1,1096247145,184836,58694,126142,128400,101398
panel/reach8_gates,replay,data/traces/112853552.txt,0,419625600,168065,32518,135547,123234,87935
panel/reach8_gates,replay,data/traces/112852343.txt,0,1291321718,207978,357,207621,121939,92633
panel/reach8_gates,replay,data/traces/112831625.txt,1,383964947,148065,77931,70134,141050,51011
panel/reach8_gates,replay,data/traces/112728907.txt,0,758365951,129883,100199,29684,90670,79404
panel/reach8_gates,replay,data/traces/112589319.txt,1,1085715727,102689,87225,15464,124831,112316
panel/reach8_gates,replay,data/traces/112890239.txt,1,2063263451,147289,104779,42510,97966,106438
panel/reach8_gates,replay,data/traces/112853383.txt,1,2002258695,153624,111196,42428,91914,88659
panel/reach8_gates,replay,data/traces/112843959.txt,0,1270071376,114879,87620,27259,118057,126201
panel/reach8_gates,replay,data/traces/112836021.txt,1,867794122,149961,149589,372,148877,147719
panel/reach8_gates,replay,data/traces/112822003.txt,1,658386570,155822,118810,37012,88349,102200
panel/reach8_gates,replay,data/traces/112776803.txt,0,367822176,105170,92220,12950,88808,92268
panel/reach8_gates,replay,data/traces/112757903.txt,0,1215990968,116754,78259,38495,150410,133015
panel/reach8_gates,replay,data/traces/112749903.txt,0,2099715200,127054,70129,56925,94209,91110
panel/reach8_gates,replay,data/traces/112741826.txt,0,1782755185,137731,105829,31902,123974,128145
panel/reach8_gates,replay,data/traces/112698759.txt,1,823034285,119761,91883,27878,154772,149938
panel/reach8_gates,replay,data/traces/112654478.txt,1,1785631914,97200,69016,28184,129638,148376
panel/reach8_gates,replay,data/traces/112642909.txt,1,1688329554,98605,96954,1651,105276,99881
panel/reach8_gates,replay,data/traces/112637448.txt,1,2068079998,114012,97953,16059,103884,110294
panel/reach8_gates,replay,data/traces/112632279.txt,0,409128422,114662,98826,15836,91132,96962
panel/reach8_gates,replay,data/traces/112626855.txt,1,829921682,148215,89658,58557,81763,71703
panel/reach8_gates,replay,data/traces/112617125.txt,0,1000810244,90368,81010,9358,76966,76251
panel/reach8_gates,replay,data/traces/112654478.txt,0,1785631914,101298,92354,8944,148376,129638
panel/reach8_gates,replay,data/traces/112616237.txt,0,398187590,229300,24787,204513,86841,79700
panel/reach8_gates,replay,data/traces/112503124.txt,0,987490774,112888,104911,7977,83668,82014
panel/reach8_gates,replay,data/traces/112462531.txt,1,519485320,78317,76773,1544,75258,86421
panel/reach8_gates,replay,data/traces/112462537.txt,1,359173333,136039,28009,108030,107063,97695
panel/reach8_gates,replay,data/traces/112396243.txt,0,427986230,90094,69253,20841,94644,94505
panel/reach8_gates,replay,data/traces/112378715.txt,1,146404141,69039,69382,-343,78560,84946
panel/reach8_gates,replay,data/traces/112361930.txt,0,465567551,106532,110168,-3636,112181,114749
panel/reach8_gates,replay,data/traces/112346122.txt,0,1466411344,194448,131313,63135,89103,79804
panel/reach8_gates,replay,data/traces/112330549.txt,1,380056407,155929,117063,38866,87865,80205
panel/reach8_gates,replay,data/traces/112286808.txt,1,1307816317,217176,4289,212887,111093,82147
panel/reach8_gates,replay,data/traces/112279383.txt,0,369266329,128987,104778,24209,125376,115904
panel/reach8_gates,replay,data/traces/112271999.txt,1,2024799368,199073,14523,184550,93412,80816
panel/reach8_gates,replay,data/traces/112258534.txt,0,990193199,129567,60732,68835,80611,76293
panel/reach8_gates,replay,data/traces/112226836.txt,1,1651122030,193410,127447,65963,108992,103161
panel/reach8_gates,replay,data/traces/112212987.txt,1,426346919,163665,68370,95295,164160,146752
panel/reach8_gates,replay,data/traces/112878946.txt,0,1550050350,127468,89315,38153,113781,115502
panel/reach8_gates,replay,data/traces/112862551.txt,0,597683262,95916,78705,17211,89424,97417
panel/reach8_gates,replay,data/traces/112861061.txt,1,652003659,114503,115850,-1347,117144,111108
panel/reach8_gates,replay,data/traces/112846229.txt,0,1609498403,84979,75493,9486,92359,87749
panel/reach8_gates,replay,data/traces/112830783.txt,1,572472665,93660,74699,18961,92934,89187
panel/reach8_gates,replay,data/traces/112829996.txt,0,211633960,125951,114923,11028,97191,101117
panel/reach8_gates,replay,data/traces/112822003.txt,0,658386570,143986,125810,18176,102200,88349
panel/reach8_gates,replay,data/traces/112794039.txt,0,1772685646,129581,104667,24914,106170,110333
panel/reach8_gates,replay,data/traces/112769830.txt,0,985340199,117885,105794,12091,116873,123633
panel/reach8_gates,replay,data/traces/112746420.txt,1,1021819996,184076,96803,87273,81788,79841
panel/reach8_gates,replay,data/traces/112730189.txt,0,858010337,141492,136187,5305,130631,128363
panel/reach8_gates,replay,data/traces/112724470.txt,1,1820231052,153451,94272,59179,97930,92272
panel/reach8_gates,replay,data/traces/112690414.txt,0,976872641,76129,55678,20451,95751,99439
panel/reach8_gates,replay,data/traces/112686947.txt,0,730671115,99887,92968,6919,112745,107829
panel/reach8_gates,replay,data/traces/112679068.txt,0,1080694309,113559,86250,27309,118710,109281
panel/reach8_gates,replay,data/traces/112675193.txt,1,900140237,112576,110111,2465,142326,129595
panel/reach8_gates,replay,data/traces/112901992.txt,1,1049545150,129646,108593,21053,80911,82000
panel/reach8_gates,replay,data/traces/112901660.txt,0,1143114248,121133,72386,48747,134151,105498
panel/reach8_gates,replay,data/traces/112898153.txt,1,203817414,142317,58811,83506,99559,85406
panel/reach8_gates,replay,data/traces/112893751.txt,0,1859635584,107031,103408,3623,121739,121502
panel/reach8_gates,replay,data/traces/112888751.txt,1,2006789615,111251,107471,3780,130245,105141
panel/reach8_gates,replay,data/traces/112878228.txt,0,1929055367,163858,54337,109521,100862,77561
panel/reach8_gates,replay,data/traces/112868812.txt,0,1310499696,129171,88870,40301,120867,96664
panel/reach8_gates,replay,data/traces/112863375.txt,1,1158130191,81608,73789,7819,107195,100728
panel/reach8_gates,replay,data/traces/112862816.txt,1,930954182,129068,93944,35124,140648,126732
panel/reach8_gates,replay,data/traces/112861672.txt,1,151597434,116519,14254,102265,138951,119838
panel/reach8_gates,replay,data/traces/112850054.txt,1,1167736,90144,71809,18335,119396,77061
panel/reach8_gates,replay,data/traces/112847788.txt,1,631327013,101536,80914,20622,95940,27823
panel/reach8_gates,replay,data/traces/112901178.txt,0,182532323,149481,71538,77943,118725,83238
panel/reach8_gates,replay,data/traces/112900047.txt,1,1980858488,170089,56734,113355,96775,74285
panel/reach8_gates,replay,data/traces/112896592.txt,0,1137775888,96457,54696,41761,116992,72595
panel/reach8_gates,replay,data/traces/112878946.txt,1,1550050350,150785,77458,73327,115502,113781
panel/reach8_gates,replay,data/traces/112878538.txt,0,65259409,124472,98890,25582,94694,100890
panel/reach8_gates,replay,data/traces/112854357.txt,1,1720475956,174995,49739,125256,96398,88075
panel/reach8_gates,replay,data/traces/112735805.txt,0,401397591,140135,72324,67811,89517,92096
panel/reach8_gates,replay,data/traces/112642987.txt,0,584355409,183194,116912,66282,88978,87661
panel/reach8_gates,replay,data/traces/112639482.txt,1,1150669065,192236,77738,114498,141265,150418
panel/reach8_gates,replay,data/traces/112626855.txt,0,829921682,102439,91803,10636,71703,81763
panel/reach8_gates,replay,data/traces/112616236.txt,1,1084420597,122968,100158,22810,93508,100716
panel/reach8_gates,replay,data/traces/112589319.txt,0,1085715727,128303,98827,29476,112316,124831
panel/reach8_gates,replay,data/traces/112505268.txt,1,983635388,106846,68170,38676,99240,98528
panel/reach8_gates,replay,data/traces/112491246.txt,0,1275843248,104383,86794,17589,140446,135222
panel/reach8_gates,replay,data/traces/112897733.txt,1,302661326,114036,78793,35243,100043,58478
panel/reach8_gates,replay,data/traces/112894250.txt,1,435192026,143168,110629,32539,206478,74157
panel/reach8_gates,replay,data/traces/112891989.txt,0,1156944662,179760,132807,46953,153891,96123
panel/reach8_gates,replay,data/traces/112853383.txt,0,2002258695,154577,67790,86787,88659,91914
panel/reach8_gates,replay,data/traces/112794039.txt,1,1772685646,89401,72315,17086,110333,106170
panel/reach8_gates,replay,data/traces/112679068.txt,1,1080694309,157746,84613,73133,109281,118710
panel/reach8_gates,replay,data/traces/112646296.txt,1,1553677118,109984,65723,44261,83312,88683
panel/reach8_gates,replay,data/traces/112601402.txt,1,1441262148,86489,71846,14643,93619,101617
panel/reach8_gates,replay,data/traces/112561571.txt,1,459305426,88714,73012,15702,106446,112946
panel/reach8_gates,replay,data/traces/112893751.txt,1,1859635584,134545,119185,15360,121502,121739
panel/reach8_gates,replay,data/traces/112884689.txt,1,1358502768,137700,31264,106436,118114,102849
panel/reach8_gates,replay,data/traces/112872664.txt,0,1968456369,156932,119112,37820,106613,107377
panel/reach8_gates,replay,data/traces/112841312.txt,1,1846265686,127543,103287,24256,90878,87305
panel/reach8_gates,replay,data/traces/112836021.txt,0,867794122,197606,38437,159169,147719,148877
panel/reach8_gates,replay,data/traces/112830034.txt,0,1801696520,119777,123071,-3294,128311,118844
panel/reach8_gates,replay,data/traces/112801017.txt,1,1052798484,119079,110923,8156,84712,89945
panel/reach8_gates,replay,data/traces/112792878.txt,0,61272947,151074,134181,16893,126250,126702
panel/reach8_gates,replay,data/traces/112757903.txt,1,1215990968,184870,84336,100534,133015,150410
panel/reach8_gates,replay,data/traces/112749902.txt,1,2012408240,140651,121309,19342,97061,101251
panel/reach8_gates,replay,data/traces/112735805.txt,1,401397591,157514,97710,59804,92096,89517
panel/reach8_gates,replay,data/traces/112733515.txt,1,394471166,160708,88130,72578,97136,106741
panel/reach8_gates,replay,data/traces/112728907.txt,1,758365951,103050,91561,11489,79404,90670
panel/reach8_gates,replay,data/traces/112721923.txt,0,224020109,147111,108942,38169,91455,95661
panel/reach8_gates,replay,data/traces/112698759.txt,0,823034285,143326,47228,96098,149938,154772
panel/reach8_gates,replay,data/traces/112686947.txt,1,730671115,102888,86895,15993,107829,112745
panel/so2_gates,replay,data/traces/112895991.txt,1,1644432648,113780,79735,34045,180619,153699
panel/so2_gates,replay,data/traces/112894098.txt,1,201536810,179318,103787,75531,113525,99999
panel/so2_gates,replay,data/traces/112891809.txt,1,598297033,100495,67371,33124,120435,108057
panel/so2_gates,replay,data/traces/112876320.txt,1,476152589,162637,76252,86385,102021,61723
panel/so2_gates,replay,data/traces/112659230.txt,1,2038884264,131076,86944,44132,86540,143085
panel/so2_gates,replay,data/traces/112585731.txt,1,844736241,132270,84186,48084,102835,167577
panel/so2_gates,replay,data/traces/112531901.txt,0,1130804311,111885,103934,7951,101957,96458
panel/so2_gates,replay,data/traces/112499720.txt,1,1497090242,95440,90817,4623,100556,97872
panel/so2_gates,replay,data/traces/112471604.txt,0,998350072,106046,118558,-12512,128198,115014
panel/so2_gates,replay,data/traces/112446065.txt,0,1299923010,141095,62843,78252,136906,127039
panel/so2_gates,replay,data/traces/112437698.txt,0,1614861397,109842,72507,37335,92016,87629
panel/so2_gates,replay,data/traces/112421116.txt,0,1628081126,120794,84684,36110,109273,91536
panel/so2_gates,replay,data/traces/112417447.txt,0,1389258819,133649,58423,75226,75782,66377
panel/so2_gates,replay,data/traces/112405569.txt,0,1085226792,151409,109996,41413,98080,85602
panel/so2_gates,replay,data/traces/112901992.txt,0,1049545150,134276,79282,54994,82000,80911
panel/so2_gates,replay,data/traces/112890239.txt,0,2063263451,158086,60865,97221,106438,97966
panel/so2_gates,replay,data/traces/112884369.txt,0,315410585,196092,0,196092,103328,94305
panel/so2_gates,replay,data/traces/112878538.txt,1,65259409,179863,50649,129214,100890,94694
panel/so2_gates,replay,data/traces/112875034.txt,0,247098952,118211,62639,55572,89724,74859
panel/so2_gates,replay,data/traces/112873844.txt,1,1688663938,107186,64252,42934,109053,100820
panel/so2_gates,replay,data/traces/112872664.txt,1,1968456369,79135,77111,2024,107377,106613
panel/so2_gates,replay,data/traces/112867945.txt,1,1980437913,191304,1283,190021,87169,80610
panel/so2_gates,replay,data/traces/112864461.txt,1,1150097132,141541,4691,136850,120166,109868
panel/so2_gates,replay,data/traces/112863241.txt,1,1326820366,124295,105376,18919,104851,90971
panel/so2_gates,replay,data/traces/112862128.txt,1,171589976,111871,103650,8221,99921,86499
panel/so2_gates,replay,data/traces/112850332.txt,0,1218725851,100040,94644,5396,92153,83674
panel/so2_gates,replay,data/traces/112829996.txt,1,211633960,152299,91289,61010,101117,97191
panel/so2_gates,replay,data/traces/112806073.txt,1,1991185039,89984,67726,22258,126893,67185
panel/so2_gates,replay,data/traces/112769830.txt,1,985340199,96878,82453,14425,123633,116873
panel/so2_gates,replay,data/traces/112642010.txt,0,329948488,107185,68381,38804,132405,124937
panel/so2_gates,replay,data/traces/112901784.txt,0,2000658955,189521,50226,139295,142586,112816
panel/so2_gates,replay,data/traces/112892354.txt,0,2005662201,185298,90171,95127,124287,88866
panel/so2_gates,replay,data/traces/112890005.txt,0,1452090302,109800,44982,64818,101127,80618
panel/so2_gates,replay,data/traces/112888845.txt,0,285692199,86310,96951,-10641,119485,95751
panel/so2_gates,replay,data/traces/112885342.txt,1,551771902,144396,120028,24368,114188,97372
panel/so2_gates,replay,data/traces/112880657.txt,1,2016708405,109549,54950,54599,142650,121361
panel/so2_gates,replay,data/traces/112878314.txt,0,2083988403,116607,53139,63468,124520,101753
panel/so2_gates,replay,data/traces/112875475.txt,1,1496757983,211751,29061,182690,85717,58948
panel/so2_gates,replay,data/traces/112864240.txt,0,1494161876,128401,61280,67121,137452,122839
panel/so2_gates,replay,data/traces/112863066.txt,1,857129106,175843,46354,129489,118292,86896
panel/so2_gates,replay,data/traces/112858395.txt,1,1096247145,146734,30203,116531,128400,101398
panel/so2_gates,replay,data/traces/112853552.txt,0,419625600,194159,38898,155261,123234,87935
panel/so2_gates,replay,data/traces/112852343.txt,0,1291321718,175705,8224,167481,121939,92633
panel/so2_gates,replay,data/traces/112831625.txt,1,383964947,143930,74490,69440,141050,51011
panel/so2_gates,replay,data/traces/112728907.txt,0,758365951,90522,93702,-3180,90670,79404
panel/so2_gates,replay,data/traces/112589319.txt,1,1085715727,108955,97358,11597,124831,112316
panel/so2_gates,replay,data/traces/112890239.txt,1,2063263451,152220,111690,40530,97966,106438
panel/so2_gates,replay,data/traces/112853383.txt,1,2002258695,112523,108246,4277,91914,88659
panel/so2_gates,replay,data/traces/112843959.txt,0,1270071376,117503,80506,36997,118057,126201
panel/so2_gates,replay,data/traces/112836021.txt,1,867794122,172522,162067,10455,148877,147719
panel/so2_gates,replay,data/traces/112822003.txt,1,658386570,78279,64127,14152,88349,102200
panel/so2_gates,replay,data/traces/112776803.txt,0,367822176,139538,116768,22770,88808,92268
panel/so2_gates,replay,data/traces/112757903.txt,0,1215990968,122183,130769,-8586,150410,133015
panel/so2_gates,replay,data/traces/112749903.txt,0,2099715200,158099,105610,52489,94209,91110
panel/so2_gates,replay,data/traces/112741826.txt,0,1782755185,124923,134483,-9560,123974,128145
panel/so2_gates,replay,data/traces/112698759.txt,1,823034285,134249,126214,8035,154772,149938
panel/so2_gates,replay,data/traces/112654478.txt,1,1785631914,86394,73962,12432,129638,148376
panel/so2_gates,replay,data/traces/112642909.txt,1,1688329554,92230,80109,12121,105276,99881
panel/so2_gates,replay,data/traces/112637448.txt,1,2068079998,130891,110049,20842,103884,110294
panel/so2_gates,replay,data/traces/112632279.txt,0,409128422,137098,111313,25785,91132,96962
panel/so2_gates,replay,data/traces/112626855.txt,1,829921682,177790,106588,71202,81763,71703
panel/so2_gates,replay,data/traces/112617125.txt,0,1000810244,161329,105668,55661,76966,76251
panel/so2_gates,replay,data/traces/112654478.txt,0,1785631914,79795,78163,1632,148376,129638
panel/so2_gates,replay,data/traces/112616237.txt,0,398187590,154375,20450,133925,86841,79700
panel/so2_gates,replay,data/traces/112503124.txt,0,987490774,81085,68856,12229,83668,82014
panel/so2_gates,replay,data/traces/112462531.txt,1,519485320,125065,99840,25225,75258,86421
panel/so2_gates,replay,data/traces/112462537.txt,1,359173333,219020,42236,176784,107063,97695
panel/so2_gates,replay,data/traces/112396243.txt,0,427986230,88033,71394,16639,94644,94505
panel/so2_gates,replay,data/traces/112378715.txt,1,146404141,99050,99758,-708,78560,84946
panel/so2_gates,replay,data/traces/112361930.txt,0,465567551,80212,85596,-5384,112181,114749
panel/so2_gates,replay,data/traces/112346122.txt,0,1466411344,151967,114284,37683,89103,79804
panel/so2_gates,replay,data/traces/112330549.txt,1,380056407,124427,120933,3494,87865,80205
panel/so2_gates,replay,data/traces/112286808.txt,1,1307816317,173193,4165,169028,111093,82147
panel/so2_gates,replay,data/traces/112279383.txt,0,369266329,122537,93612,28925,125376,115904
panel/so2_gates,replay,data/traces/112271999.txt,1,2024799368,176131,20638,155493,93412,80816
panel/so2_gates,replay,data/traces/112258534.txt,0,990193199,86045,55753,30292,80611,76293
panel/so2_gates,replay,data/traces/112226836.txt,1,1651122030,131888,93083,38805,108992,103161
panel/so2_gates,replay,data/traces/112212987.txt,1,426346919,134461,79771,54690,164160,146752
panel/so2_gates,replay,data/traces/112878946.txt,0,1550050350,117165,114879,2286,113781,115502
panel/so2_gates,replay,data/traces/112862551.txt,0,597683262,166674,93992,72682,89424,97417
panel/so2_gates,replay,data/traces/112861061.txt,1,652003659,97962,87351,10611,117144,111108
panel/so2_gates,replay,data/traces/112846229.txt,0,1609498403,115206,67122,48084,92359,87749
panel/so2_gates,replay,data/traces/112830783.txt,1,572472665,97498,98390,-892,92934,89187
panel/so2_gates,replay,data/traces/112829996.txt,0,211633960,138759,96986,41773,97191,101117
panel/so2_gates,replay,data/traces/112822003.txt,0,658386570,129613,120872,8741,102200,88349
panel/so2_gates,replay,data/traces/112794039.txt,0,1772685646,94046,85134,8912,106170,110333
panel/so2_gates,replay,data/traces/112769830.txt,0,985340199,134306,113093,21213,116873,123633
panel/so2_gates,replay,data/traces/112746420.txt,1,1021819996,173594,97478,76116,81788,79841
panel/so2_gates,replay,data/traces/112730189.txt,0,858010337,153712,128294,25418,130631,128363
panel/so2_gates,replay,data/traces/112724470.txt,1,1820231052,157365,87444,69921,97930,92272
panel/so2_gates,replay,data/traces/112690414.txt,0,976872641,78394,75312,3082,95751,99439
panel/so2_gates,replay,data/traces/112686947.txt,0,730671115,109535,82396,27139,112745,107829
panel/so2_gates,replay,data/traces/112679068.txt,0,1080694309,150549,128574,21975,118710,109281
panel/so2_gates,replay,data/traces/112675193.txt,1,900140237,109352,38969,70383,142326,129595
panel/so2_gates,replay,data/traces/112901992.txt,1,1049545150,92669,81275,11394,80911,82000
panel/so2_gates,replay,data/traces/112901660.txt,0,1143114248,109336,94425,14911,134151,105498
panel/so2_gates,replay,data/traces/112898153.txt,1,203817414,126142,54538,71604,99559,85406
panel/so2_gates,replay,data/traces/112893751.txt,0,1859635584,132084,124435,7649,121739,121502
panel/so2_gates,replay,data/traces/112888751.txt,1,2006789615,200935,139697,61238,130245,105141
panel/so2_gates,replay,data/traces/112878228.txt,0,1929055367,138643,55622,83021,100862,77561
panel/so2_gates,replay,data/traces/112868812.txt,0,1310499696,105446,65316,40130,120867,96664
panel/so2_gates,replay,data/traces/112863375.txt,1,1158130191,79026,73916,5110,107195,100728
panel/so2_gates,replay,data/traces/112862816.txt,1,930954182,94452,75846,18606,140648,126732
panel/so2_gates,replay,data/traces/112861672.txt,1,151597434,180609,19972,160637,138951,119838
panel/so2_gates,replay,data/traces/112850054.txt,1,1167736,70273,68297,1976,119396,77061
panel/so2_gates,replay,data/traces/112847788.txt,1,631327013,95093,84601,10492,95940,27823
panel/so2_gates,replay,data/traces/112901178.txt,0,182532323,155968,83856,72112,118725,83238
panel/so2_gates,replay,data/traces/112900047.txt,1,1980858488,123598,54535,69063,96775,74285
panel/so2_gates,replay,data/traces/112896592.txt,0,1137775888,113182,64334,48848,116992,72595
panel/so2_gates,replay,data/traces/112878946.txt,1,1550050350,160759,83509,77250,115502,113781
panel/so2_gates,replay,data/traces/112878538.txt,0,65259409,85069,76344,8725,94694,100890
panel/so2_gates,replay,data/traces/112854357.txt,1,1720475956,136129,33547,102582,96398,88075
panel/so2_gates,replay,data/traces/112735805.txt,0,401397591,120612,72881,47731,89517,92096
panel/so2_gates,replay,data/traces/112642987.txt,0,584355409,96155,89105,7050,88978,87661
panel/so2_gates,replay,data/traces/112639482.txt,1,1150669065,191961,96163,95798,141265,150418
panel/so2_gates,replay,data/traces/112626855.txt,0,829921682,126122,82328,43794,71703,81763
panel/so2_gates,replay,data/traces/112616236.txt,1,1084420597,106544,85491,21053,93508,100716
panel/so2_gates,replay,data/traces/112589319.txt,0,1085715727,101674,100813,861,112316,124831
panel/so2_gates,replay,data/traces/112505268.txt,1,983635388,159967,99825,60142,99240,98528
panel/so2_gates,replay,data/traces/112491246.txt,0,1275843248,73898,61784,12114,140446,135222
panel/so2_gates,replay,data/traces/112897733.txt,1,302661326,117347,84373,32974,100043,58478
panel/so2_gates,replay,data/traces/112894250.txt,1,435192026,131583,105071,26512,206478,74157
panel/so2_gates,replay,data/traces/112891989.txt,0,1156944662,99123,76115,23008,153891,96123
panel/so2_gates,replay,data/traces/112853383.txt,0,2002258695,145938,97448,48490,88659,91914
panel/so2_gates,replay,data/traces/112794039.txt,1,1772685646,117641,92681,24960,110333,106170
panel/so2_gates,replay,data/traces/112679068.txt,1,1080694309,160124,96453,63671,109281,118710
panel/so2_gates,replay,data/traces/112646296.txt,1,1553677118,110125,76779,33346,83312,88683
panel/so2_gates,replay,data/traces/112601402.txt,1,1441262148,87953,77321,10632,93619,101617
panel/so2_gates,replay,data/traces/112561571.txt,1,459305426,110747,98525,12222,106446,112946
panel/so2_gates,replay,data/traces/112893751.txt,1,1859635584,162151,141599,20552,121502,121739
panel/so2_gates,replay,data/traces/112884689.txt,1,1358502768,195573,35070,160503,118114,102849
panel/so2_gates,replay,data/traces/112872664.txt,0,1968456369,97041,104355,-7314,106613,107377
panel/so2_gates,replay,data/traces/112841312.txt,1,1846265686,89845,88528,1317,90878,87305
panel/so2_gates,replay,data/traces/112836021.txt,0,867794122,201845,73123,128722,147719,148877
panel/so2_gates,replay,data/traces/112830034.txt,0,1801696520,150178,119473,30705,128311,118844
panel/so2_gates,replay,data/traces/112801017.txt,1,1052798484,129387,109173,20214,84712,89945
panel/so2_gates,replay,data/traces/112792878.txt,0,61272947,125623,129639,-4016,126250,126702
panel/so2_gates,replay,data/traces/112757903.txt,1,1215990968,188825,49721,139104,133015,150410
panel/so2_gates,replay,data/traces/112749902.txt,1,2012408240,107104,100389,6715,97061,101251
panel/so2_gates,replay,data/traces/112735805.txt,1,401397591,104914,93322,11592,92096,89517
panel/so2_gates,replay,data/traces/112733515.txt,1,394471166,96860,88791,8069,97136,106741
panel/so2_gates,replay,data/traces/112728907.txt,1,758365951,91375,89301,2074,79404,90670
panel/so2_gates,replay,data/traces/112721923.txt,0,224020109,173927,104896,69031,91455,95661
panel/so2_gates,replay,data/traces/112698759.txt,0,823034285,164612,76647,87965,149938,154772
panel/so2_gates,replay,data/traces/112686947.txt,1,730671115,117721,105930,11791,107829,112745
panel/so2rw_gates,replay,data/traces/112895991.txt,1,1644432648,121837,84613,37224,180619,153699
panel/so2rw_gates,replay,data/traces/112894098.txt,1,201536810,179135,100056,79079,113525,99999
panel/so2rw_gates,replay,data/traces/112891809.txt,1,598297033,101171,67443,33728,120435,108057
panel/so2rw_gates,replay,data/traces/112876320.txt,1,476152589,163157,76212,86945,102021,61723
panel/so2rw_gates,replay,data/traces/112659230.txt,1,2038884264,131998,86378,45620,86540,143085
panel/so2rw_gates,replay,data/traces/112585731.txt,1,844736241,142240,90076,52164,102835,167577
panel/so2rw_gates,replay,data/traces/112531901.txt,0,1130804311,115466,107647,7819,101957,96458
panel/so2rw_gates,replay,data/traces/112499720.txt,1,1497090242,95316,87162,8154,100556,97872
panel/so2rw_gates,replay,data/traces/112471604.txt,0,998350072,100863,114957,-14094,128198,115014
panel/so2rw_gates,replay,data/traces/112446065.txt,0,1299923010,140361,62165,78196,136906,127039
panel/so2rw_gates,replay,data/traces/112437698.txt,0,1614861397,108231,71188,37043,92016,87629
panel/so2rw_gates,replay,data/traces/112421116.txt,0,1628081126,128510,89442,39068,109273,91536
panel/so2rw_gates,replay,data/traces/112417447.txt,0,1389258819,133367,58420,74947,75782,66377
panel/so2rw_gates,replay,data/traces/112405569.txt,0,1085226792,134006,106375,27631,98080,85602
panel/so2rw_gates,replay,data/traces/112901992.txt,0,1049545150,137622,82301,55321,82000,80911
panel/so2rw_gates,replay,data/traces/112890239.txt,0,2063263451,158555,60942,97613,106438,97966
panel/so2rw_gates,replay,data/traces/112884369.txt,0,315410585,195382,0,195382,103328,94305
panel/so2rw_gates,replay,data/traces/112878538.txt,1,65259409,179863,50649,129214,100890,94694
panel/so2rw_gates,replay,data/traces/112875034.txt,0,247098952,107553,61448,46105,89724,74859
panel/so2rw_gates,replay,data/traces/112873844.txt,1,1688663938,109445,64162,45283,109053,100820
panel/so2rw_gates,replay,data/traces/112872664.txt,1,1968456369,84264,81928,2336,107377,106613
panel/so2rw_gates,replay,data/traces/112867945.txt,1,1980437913,192140,1283,190857,87169,80610
panel/so2rw_gates,replay,data/traces/112864461.txt,1,1150097132,144542,4840,139702,120166,109868
panel/so2rw_gates,replay,data/traces/112863241.txt,1,1326820366,123502,102515,20987,104851,90971
panel/so2rw_gates,replay,data/traces/112862128.txt,1,171589976,120804,108403,12401,99921,86499
panel/so2rw_gates,replay,data/traces/112850332.txt,0,1218725851,95573,95185,388,92153,83674
panel/so2rw_gates,replay,data/traces/112829996.txt,1,211633960,120199,89683,30516,101117,97191
panel/so2rw_gates,replay,data/traces/112806073.txt,1,1991185039,90471,68204,22267,126893,67185
panel/so2rw_gates,replay,data/traces/112769830.txt,1,985340199,97678,81621,16057,123633,116873
panel/so2rw_gates,replay,data/traces/112642010.txt,0,329948488,119601,86644,32957,132405,124937
panel/so2rw_gates,replay,data/traces/112901784.txt,0,2000658955,191551,50966,140585,142586,112816
panel/so2rw_gates,replay,data/traces/112892354.txt,0,2005662201,182766,89243,93523,124287,88866
panel/so2rw_gates,replay,data/traces/112890005.txt,0,1452090302,113206,45214,67992,101127,80618
panel/so2rw_gates,replay,data/traces/112888845.txt,0,285692199,86673,100056,-13383,119485,95751
panel/so2rw_gates,replay,data/traces/112885342.txt,1,551771902,144271,120035,24236,114188,97372
panel/so2rw_gates,replay,data/traces/112880657.txt,1,2016708405,110524,55524,55000,142650,121361
panel/so2rw_gates,replay,data/traces/112878314.txt,0,2083988403,117148,53167,63981,124520,101753
panel/so2rw_gates,replay,data/traces/112875475.txt,1,1496757983,209355,29293,180062,85717,58948
panel/so2rw_gates,replay,data/traces/112864240.txt,0,1494161876,131239,60617,70622,137452,122839
panel/so2rw_gates,replay,data/traces/112863066.txt,1,857129106,173088,47014,126074,118292,86896
panel/so2rw_gates,replay,data/traces/112858395.txt,1,1096247145,144209,27502,116707,128400,101398
panel/so2rw_gates,replay,data/traces/112853552.txt,0,419625600,195433,39006,156427,123234,87935
panel/so2rw_gates,replay,data/traces/112852343.txt,0,1291321718,175705,8224,167481,121939,92633
panel/so2rw_gates,replay,data/traces/112831625.txt,1,383964947,144182,74426,69756,141050,51011
panel/so2rw_gates,replay,data/traces/112728907.txt,0,758365951,89425,90236,-811,90670,79404
panel/so2rw_gates,replay,data/traces/112589319.txt,1,1085715727,103560,94933,8627,124831,112316
panel/so2rw_gates,replay,data/traces/112890239.txt,1,2063263451,149408,109133,40275,97966,106438
panel/so2rw_gates,replay,data/traces/112853383.txt,1,2002258695,112979,108466,4513,91914,88659
panel/so2rw_gates,replay,data/traces/112843959.txt,0,1270071376,119136,80568,38568,118057,126201
panel/so2rw_gates,replay,data/traces/112836021.txt,1,867794122,192322,175141,17181,148877,147719
panel/so2rw_gates,replay,data/traces/112822003.txt,1,658386570,78576,60789,17787,88349,102200
panel/so2rw_gates,replay,data/traces/112776803.txt,0,367822176,139999,116906,23093,88808,92268
panel/so2rw_gates,replay,data/traces/112757903.txt,0,1215990968,122408,130620,-8212,150410,133015
panel/so2rw_gates,replay,data/traces/112749903.txt,0,2099715200,161298,107292,54006,94209,91110
panel/so2rw_gates,replay,data/traces/112741826.txt,0,1782755185,129018,139438,-10420,123974,128145
panel/so2rw_gates,replay,data/traces/112698759.txt,1,823034285,133390,126975,6415,154772,149938
panel/so2rw_gates,replay,data/traces/112654478.txt,1,1785631914,87689,74490,13199,129638,148376
panel/so2rw_gates,replay,data/traces/112642909.txt,1,1688329554,94774,77085,17689,105276,99881
panel/so2rw_gates,replay,data/traces/112637448.txt,1,2068079998,136993,102395,34598,103884,110294
panel/so2rw_gates,replay,data/traces/112632279.txt,0,409128422,138748,111512,27236,91132,96962
panel/so2rw_gates,replay,data/traces/112626855.txt,1,829921682,177956,106613,71343,81763,71703
panel/so2rw_gates,replay,data/traces/112617125.txt,0,1000810244,161865,105696,56169,76966,76251
panel/so2rw_gates,replay,data/traces/112654478.txt,0,1785631914,81720,81294,426,148376,129638
panel/so2rw_gates,replay,data/traces/112616237.txt,0,398187590,160280,20938,139342,86841,79700
panel/so2rw_gates,replay,data/traces/112503124.txt,0,987490774,83388,69097,14291,83668,82014
panel/so2rw_gates,replay,data/traces/112462531.txt,1,519485320,128633,102560,26073,75258,86421
panel/so2rw_gates,replay,data/traces/112462537.txt,1,359173333,217248,42222,175026,107063,97695
panel/so2rw_gates,replay,data/traces/112396243.txt,0,427986230,95076,75158,19918,94644,94505
panel/so2rw_gates,replay,data/traces/112378715.txt,1,146404141,89044,91601,-2557,78560,84946
panel/so2rw_gates,replay,data/traces/112361930.txt,0,465567551,91552,84852,6700,112181,114749
panel/so2rw_gates,replay,data/traces/112346122.txt,0,1466411344,155072,113821,41251,89103,79804
panel/so2rw_gates,replay,data/traces/112330549.txt,1,380056407,123456,120743,2713,87865,80205
panel/so2rw_gates,replay,data/traces/112286808.txt,1,1307816317,178503,4215,174288,111093,82147
panel/so2rw_gates,replay,data/traces/112279383.txt,0,369266329,123179,93505,29674,125376,115904
panel/so2rw_gates,replay,data/traces/112271999.txt,1,2024799368,176404,20627,155777,93412,80816
panel/so2rw_gates,replay,data/traces/112258534.txt,0,990193199,88459,55845,32614,80611,76293
panel/so2rw_gates,replay,data/traces/112226836.txt,1,1651122030,133562,94613,38949,108992,103161
panel/so2rw_gates,replay,data/traces/112212987.txt,1,426346919,137810,80243,57567,164160,146752
panel/so2rw_gates,replay,data/traces/112878946.txt,0,1550050350,105362,98182,7180,113781,115502
panel/so2rw_gates,replay,data/traces/112862551.txt,0,597683262,167896,93973,73923,89424,97417
panel/so2rw_gates,replay,data/traces/112861061.txt,1,652003659,101498,94871,6627,117144,111108
panel/so2rw_gates,replay,data/traces/112846229.txt,0,1609498403,138664,104436,34228,92359,87749
panel/so2rw_gates,replay,data/traces/112830783.txt,1,572472665,86136,85416,720,92934,89187
panel/so2rw_gates,replay,data/traces/112829996.txt,0,211633960,140796,97245,43551,97191,101117
panel/so2rw_gates,replay,data/traces/112822003.txt,0,658386570,132124,120551,11573,102200,88349
panel/so2rw_gates,replay,data/traces/112794039.txt,0,1772685646,95282,85083,10199,106170,110333
panel/so2rw_gates,replay,data/traces/112769830.txt,0,985340199,137932,116162,21770,116873,123633
panel/so2rw_gates,replay,data/traces/112746420.txt,1,1021819996,175616,97830,77786,81788,79841
panel/so2rw_gates,replay,data/traces/112730189.txt,0,858010337,154978,129074,25904,130631,128363
panel/so2rw_gates,replay,data/traces/112724470.txt,1,1820231052,163476,98130,65346,97930,92272
panel/so2rw_gates,replay,data/traces/112690414.txt,0,976872641,79419,75802,3617,95751,99439
panel/so2rw_gates,replay,data/traces/112686947.txt,0,730671115,107572,78845,28727,112745,107829
panel/so2rw_gates,replay,data/traces/112679068.txt,0,1080694309,151035,128602,22433,118710,109281
panel/so2rw_gates,replay,data/traces/112675193.txt,1,900140237,112568,42432,70136,142326,129595
panel/so2rw_gates,replay,data/traces/112901992.txt,1,1049545150,93453,80960,12493,80911,82000
panel/so2rw_gates,replay,data/traces/112901660.txt,0,1143114248,111736,94411,17325,134151,105498
panel/so2rw_gates,replay,data/traces/112898153.txt,1,203817414,129800,54928,74872,99559,85406
panel/so2rw_gates,replay,data/traces/112893751.txt,0,1859635584,135409,125297,10112,121739,121502
panel/so2rw_gates,replay,data/traces/112888751.txt,1,2006789615,196614,136804,59810,130245,105141
panel/so2rw_gates,replay,data/traces/112878228.txt,0,1929055367,139021,55079,83942,100862,77561
panel/so2rw_gates,replay,data/traces/112868812.txt,0,1310499696,107500,66077,41423,120867,96664
panel/so2rw_gates,replay,data/traces/112863375.txt,1,1158130191,81529,78209,3320,107195,100728
panel/so2rw_gates,replay,data/traces/112862816.txt,1,930954182,95032,75726,19306,140648,126732
panel/so2rw_gates,replay,data/traces/112861672.txt,1,151597434,183617,20130,163487,138951,119838
panel/so2rw_gates,replay,data/traces/112850054.txt,1,1167736,71475,69785,1690,119396,77061
panel/so2rw_gates,replay,data/traces/112847788.txt,1,631327013,82928,76809,6119,95940,27823
panel/so2rw_gates,replay,data/traces/112901178.txt,0,182532323,136713,83737,52976,118725,83238
panel/so2rw_gates,replay,data/traces/112900047.txt,1,1980858488,124011,55059,68952,96775,74285
panel/so2rw_gates,replay,data/traces/112896592.txt,0,1137775888,114434,65075,49359,116992,72595
panel/so2rw_gates,replay,data/traces/112878946.txt,1,1550050350,160511,82592,77919,115502,113781
panel/so2rw_gates,replay,data/traces/112878538.txt,0,65259409,86713,76927,9786,94694,100890
panel/so2rw_gates,replay,data/traces/112854357.txt,1,1720475956,140633,35877,104756,96398,88075
panel/so2rw_gates,replay,data/traces/112735805.txt,0,401397591,122025,72954,49071,89517,92096
panel/so2rw_gates,replay,data/traces/112642987.txt,0,584355409,88910,84109,4801,88978,87661
panel/so2rw_gates,replay,data/traces/112639482.txt,1,1150669065,182648,88742,93906,141265,150418
panel/so2rw_gates,replay,data/traces/112626855.txt,0,829921682,127160,82279,44881,71703,81763
panel/so2rw_gates,replay,data/traces/112616236.txt,1,1084420597,106697,85210,21487,93508,100716
panel/so2rw_gates,replay,data/traces/112589319.txt,0,1085715727,100273,93756,6517,112316,124831
panel/so2rw_gates,replay,data/traces/112505268.txt,1,983635388,158641,102614,56027,99240,98528
panel/so2rw_gates,replay,data/traces/112491246.txt,0,1275843248,72053,55940,16113,140446,135222
panel/so2rw_gates,replay,data/traces/112897733.txt,1,302661326,117424,81488,35936,100043,58478
panel/so2rw_gates,replay,data/traces/112894250.txt,1,435192026,133354,103936,29418,206478,74157
panel/so2rw_gates,replay,data/traces/112891989.txt,0,1156944662,98634,77361,21273,153891,96123
panel/so2rw_gates,replay,data/traces/112853383.txt,0,2002258695,147251,96955,50296,88659,91914
panel/so2rw_gates,replay,data/traces/112794039.txt,1,1772685646,125522,87664,37858,110333,106170
panel/so2rw_gates,replay,data/traces/112679068.txt,1,1080694309,161393,96485,64908,109281,118710
panel/so2rw_gates,replay,data/traces/112646296.txt,1,1553677118,109855,76705,33150,83312,88683
panel/so2rw_gates,replay,data/traces/112601402.txt,1,1441262148,89068,75788,13280,93619,101617
panel/so2rw_gates,replay,data/traces/112561571.txt,1,459305426,114638,89713,24925,106446,112946
panel/so2rw_gates,replay,data/traces/112893751.txt,1,1859635584,145521,134809,10712,121502,121739
panel/so2rw_gates,replay,data/traces/112884689.txt,1,1358502768,200885,36675,164210,118114,102849
panel/so2rw_gates,replay,data/traces/112872664.txt,0,1968456369,95616,104058,-8442,106613,107377
panel/so2rw_gates,replay,data/traces/112841312.txt,1,1846265686,90028,89119,909,90878,87305
panel/so2rw_gates,replay,data/traces/112836021.txt,0,867794122,201170,72750,128420,147719,148877
panel/so2rw_gates,replay,data/traces/112830034.txt,0,1801696520,149974,119384,30590,128311,118844
panel/so2rw_gates,replay,data/traces/112801017.txt,1,1052798484,134817,109559,25258,84712,89945
panel/so2rw_gates,replay,data/traces/112792878.txt,0,61272947,118379,123279,-4900,126250,126702
panel/so2rw_gates,replay,data/traces/112757903.txt,1,1215990968,184650,49500,135150,133015,150410
panel/so2rw_gates,replay,data/traces/112749902.txt,1,2012408240,94551,94941,-390,97061,101251
panel/so2rw_gates,replay,data/traces/112735805.txt,1,401397591,113086,98507,14579,92096,89517
panel/so2rw_gates,replay,data/traces/112733515.txt,1,394471166,97183,86988,10195,97136,106741
panel/so2rw_gates,replay,data/traces/112728907.txt,1,758365951,114216,95232,18984,79404,90670
panel/so2rw_gates,replay,data/traces/112721923.txt,0,224020109,146978,97220,49758,91455,95661
panel/so2rw_gates,replay,data/traces/112698759.txt,0,823034285,165037,76734,88303,149938,154772
panel/so2rw_gates,replay,data/traces/112686947.txt,1,730671115,134559,122790,11769,107829,112745
panel/tm_gates,replay,data/traces/112895991.txt,1,1644432648,92096,82580,9516,180619,153699
panel/tm_gates,replay,data/traces/112894098.txt,1,201536810,164478,107004,57474,113525,99999
panel/tm_gates,replay,data/traces/112891809.txt,1,598297033,112473,109747,2726,120435,108057
panel/tm_gates,replay,data/traces/112876320.txt,1,476152589,132509,69084,63425,102021,61723
panel/tm_gates,replay,data/traces/112659230.txt,1,2038884264,91289,37735,53554,86540,143085
panel/tm_gates,replay,data/traces/112585731.txt,1,844736241,162941,61421,101520,102835,167577
panel/tm_gates,replay,data/traces/112531901.txt,0,1130804311,105717,102892,2825,101957,96458
panel/tm_gates,replay,data/traces/112499720.txt,1,1497090242,91795,96001,-4206,100556,97872
panel/tm_gates,replay,data/traces/112471604.txt,0,998350072,106782,108566,-1784,128198,115014
panel/tm_gates,replay,data/traces/112446065.txt,0,1299923010,111827,119616,-7789,136906,127039
panel/tm_gates,replay,data/traces/112437698.txt,0,1614861397,138408,123705,14703,92016,87629
panel/tm_gates,replay,data/traces/112421116.txt,0,1628081126,126264,113117,13147,109273,91536
panel/tm_gates,replay,data/traces/112417447.txt,0,1389258819,65981,75293,-9312,75782,66377
panel/tm_gates,replay,data/traces/112405569.txt,0,1085226792,142862,86996,55866,98080,85602
panel/tm_gates,replay,data/traces/112901992.txt,0,1049545150,160761,59453,101308,82000,80911
panel/tm_gates,replay,data/traces/112890239.txt,0,2063263451,123226,111167,12059,106438,97966
panel/tm_gates,replay,data/traces/112884369.txt,0,315410585,160885,0,160885,103328,94305
panel/tm_gates,replay,data/traces/112878538.txt,1,65259409,165319,59629,105690,100890,94694
panel/tm_gates,replay,data/traces/112875034.txt,0,247098952,184545,82253,102292,89724,74859
panel/tm_gates,replay,data/traces/112873844.txt,1,1688663938,122402,73269,49133,109053,100820
panel/tm_gates,replay,data/traces/112872664.txt,1,1968456369,166978,88261,78717,107377,106613
panel/tm_gates,replay,data/traces/112867945.txt,1,1980437913,207028,2658,204370,87169,80610
panel/tm_gates,replay,data/traces/112864461.txt,1,1150097132,191175,2702,188473,120166,109868
panel/tm_gates,replay,data/traces/112863241.txt,1,1326820366,104844,84912,19932,104851,90971
panel/tm_gates,replay,data/traces/112862128.txt,1,171589976,105161,110575,-5414,99921,86499
panel/tm_gates,replay,data/traces/112850332.txt,0,1218725851,163646,31003,132643,92153,83674
panel/tm_gates,replay,data/traces/112829996.txt,1,211633960,113661,71286,42375,101117,97191
panel/tm_gates,replay,data/traces/112806073.txt,1,1991185039,146593,102277,44316,126893,67185
panel/tm_gates,replay,data/traces/112769830.txt,1,985340199,85280,51479,33801,123633,116873
panel/tm_gates,replay,data/traces/112642010.txt,0,329948488,133660,98635,35025,132405,124937
panel/tm_gates,replay,data/traces/112901784.txt,0,2000658955,158101,36848,121253,142586,112816
panel/tm_gates,replay,data/traces/112892354.txt,0,2005662201,185941,91146,94795,124287,88866
panel/tm_gates,replay,data/traces/112890005.txt,0,1452090302,92044,42193,49851,101127,80618
panel/tm_gates,replay,data/traces/112888845.txt,0,285692199,159037,147100,11937,119485,95751
panel/tm_gates,replay,data/traces/112885342.txt,1,551771902,127931,79002,48929,114188,97372
panel/tm_gates,replay,data/traces/112880657.txt,1,2016708405,107803,62950,44853,142650,121361
panel/tm_gates,replay,data/traces/112878314.txt,0,2083988403,129114,51034,78080,124520,101753
panel/tm_gates,replay,data/traces/112875475.txt,1,1496757983,154986,25397,129589,85717,58948
panel/tm_gates,replay,data/traces/112864240.txt,0,1494161876,126497,31433,95064,137452,122839
panel/tm_gates,replay,data/traces/112863066.txt,1,857129106,138849,32191,106658,118292,86896
panel/tm_gates,replay,data/traces/112858395.txt,1,1096247145,182552,30291,152261,128400,101398
panel/tm_gates,replay,data/traces/112853552.txt,0,419625600,200551,32729,167822,123234,87935
panel/tm_gates,replay,data/traces/112852343.txt,0,1291321718,230878,7454,223424,121939,92633
panel/tm_gates,replay,data/traces/112831625.txt,1,383964947,96807,67005,29802,141050,51011
panel/tm_gates,replay,data/traces/112728907.txt,0,758365951,90164,83235,6929,90670,79404
panel/tm_gates,replay,data/traces/112589319.txt,1,1085715727,92011,84181,7830,124831,112316
panel/tm_gates,replay,data/traces/112890239.txt,1,2063263451,98279,79262,19017,97966,106438
panel/tm_gates,replay,data/traces/112853383.txt,1,2002258695,112698,110264,2434,91914,88659
panel/tm_gates,replay,data/traces/112843959.txt,0,1270071376,145158,92579,52579,118057,126201
panel/tm_gates,replay,data/traces/112836021.txt,1,867794122,167855,155914,11941,148877,147719
panel/tm_gates,replay,data/traces/112822003.txt,1,658386570,89876,86313,3563,88349,102200
panel/tm_gates,replay,data/traces/112776803.txt,0,367822176,137014,113950,23064,88808,92268
panel/tm_gates,replay,data/traces/112757903.txt,0,1215990968,111675,87677,23998,150410,133015
panel/tm_gates,replay,data/traces/112749903.txt,0,2099715200,138841,61433,77408,94209,91110
panel/tm_gates,replay,data/traces/112741826.txt,0,1782755185,135516,91972,43544,123974,128145
panel/tm_gates,replay,data/traces/112698759.txt,1,823034285,153973,120214,33759,154772,149938
panel/tm_gates,replay,data/traces/112654478.txt,1,1785631914,113703,58499,55204,129638,148376
panel/tm_gates,replay,data/traces/112642909.txt,1,1688329554,78753,74783,3970,105276,99881
panel/tm_gates,replay,data/traces/112637448.txt,1,2068079998,87016,71429,15587,103884,110294
panel/tm_gates,replay,data/traces/112632279.txt,0,409128422,116114,107675,8439,91132,96962
panel/tm_gates,replay,data/traces/112626855.txt,1,829921682,137261,101615,35646,81763,71703
panel/tm_gates,replay,data/traces/112617125.txt,0,1000810244,90453,70082,20371,76966,76251
panel/tm_gates,replay,data/traces/112654478.txt,0,1785631914,104816,62669,42147,148376,129638
panel/tm_gates,replay,data/traces/112616237.txt,0,398187590,226147,25794,200353,86841,79700
panel/tm_gates,replay,data/traces/112503124.txt,0,987490774,109381,101325,8056,83668,82014
panel/tm_gates,replay,data/traces/112462531.txt,1,519485320,74008,62132,11876,75258,86421
panel/tm_gates,replay,data/traces/112462537.txt,1,359173333,132565,27686,104879,107063,97695
panel/tm_gates,replay,data/traces/112396243.txt,0,427986230,106716,104470,2246,94644,94505
panel/tm_gates,replay,data/traces/112378715.txt,1,146404141,67594,70030,-2436,78560,84946
panel/tm_gates,replay,data/traces/112361930.txt,0,465567551,95149,90035,5114,112181,114749
panel/tm_gates,replay,data/traces/112346122.txt,0,1466411344,141919,115761,26158,89103,79804
panel/tm_gates,replay,data/traces/112330549.txt,1,380056407,126360,92459,33901,87865,80205
panel/tm_gates,replay,data/traces/112286808.txt,1,1307816317,198672,0,198672,111093,82147
panel/tm_gates,replay,data/traces/112279383.txt,0,369266329,125565,81771,43794,125376,115904
panel/tm_gates,replay,data/traces/112271999.txt,1,2024799368,188731,20636,168095,93412,80816
panel/tm_gates,replay,data/traces/112258534.txt,0,990193199,96574,60631,35943,80611,76293
panel/tm_gates,replay,data/traces/112226836.txt,1,1651122030,160928,120934,39994,108992,103161
panel/tm_gates,replay,data/traces/112212987.txt,1,426346919,110888,54891,55997,164160,146752
panel/tm_gates,replay,data/traces/112878946.txt,0,1550050350,157002,140675,16327,113781,115502
panel/tm_gates,replay,data/traces/112862551.txt,0,597683262,118752,98297,20455,89424,97417
panel/tm_gates,replay,data/traces/112861061.txt,1,652003659,95515,92108,3407,117144,111108
panel/tm_gates,replay,data/traces/112846229.txt,0,1609498403,90855,91065,-210,92359,87749
panel/tm_gates,replay,data/traces/112830783.txt,1,572472665,119612,107194,12418,92934,89187
panel/tm_gates,replay,data/traces/112829996.txt,0,211633960,114935,104332,10603,97191,101117
panel/tm_gates,replay,data/traces/112822003.txt,0,658386570,82112,74165,7947,102200,88349
panel/tm_gates,replay,data/traces/112794039.txt,0,1772685646,96546,90923,5623,106170,110333
panel/tm_gates,replay,data/traces/112769830.txt,0,985340199,146022,101076,44946,116873,123633
panel/tm_gates,replay,data/traces/112746420.txt,1,1021819996,161849,100625,61224,81788,79841
panel/tm_gates,replay,data/traces/112730189.txt,0,858010337,105632,103588,2044,130631,128363
panel/tm_gates,replay,data/traces/112724470.txt,1,1820231052,126261,82414,43847,97930,92272
panel/tm_gates,replay,data/traces/112690414.txt,0,976872641,116968,97913,19055,95751,99439
panel/tm_gates,replay,data/traces/112686947.txt,0,730671115,161240,138648,22592,112745,107829
panel/tm_gates,replay,data/traces/112679068.txt,0,1080694309,98846,68229,30617,118710,109281
panel/tm_gates,replay,data/traces/112675193.txt,1,900140237,120482,100021,20461,142326,129595
panel/tm_gates,replay,data/traces/112901992.txt,1,1049545150,124222,93072,31150,80911,82000
panel/tm_gates,replay,data/traces/112901660.txt,0,1143114248,162714,48345,114369,134151,105498
panel/tm_gates,replay,data/traces/112898153.txt,1,203817414,73942,44683,29259,99559,85406
panel/tm_gates,replay,data/traces/112893751.txt,0,1859635584,101142,86870,14272,121739,121502
panel/tm_gates,replay,data/traces/112888751.txt,1,2006789615,157342,67565,89777,130245,105141
panel/tm_gates,replay,data/traces/112878228.txt,0,1929055367,139545,38863,100682,100862,77561
panel/tm_gates,replay,data/traces/112868812.txt,0,1310499696,129828,27383,102445,120867,96664
panel/tm_gates,replay,data/traces/112863375.txt,1,1158130191,115931,43477,72454,107195,100728
panel/tm_gates,replay,data/traces/112862816.txt,1,930954182,151250,51510,99740,140648,126732
panel/tm_gates,replay,data/traces/112861672.txt,1,151597434,146984,20196,126788,138951,119838
panel/tm_gates,replay,data/traces/112850054.txt,1,1167736,99784,84390,15394,119396,77061
panel/tm_gates,replay,data/traces/112847788.txt,1,631327013,117394,93485,23909,95940,27823
panel/tm_gates,replay,data/traces/112901178.txt,0,182532323,155380,85189,70191,118725,83238
panel/tm_gates,replay,data/traces/112900047.txt,1,1980858488,180591,64334,116257,96775,74285
panel/tm_gates,replay,data/traces/112896592.txt,0,1137775888,126997,56405,70592,116992,72595
panel/tm_gates,replay,data/traces/112878946.txt,1,1550050350,137810,49374,88436,115502,113781
panel/tm_gates,replay,data/traces/112878538.txt,0,65259409,115003,91564,23439,94694,100890
panel/tm_gates,replay,data/traces/112854357.txt,1,1720475956,141330,42755,98575,96398,88075
panel/tm_gates,replay,data/traces/112735805.txt,0,401397591,135642,36468,99174,89517,92096
panel/tm_gates,replay,data/traces/112642987.txt,0,584355409,177506,115538,61968,88978,87661
panel/tm_gates,replay,data/traces/112639482.txt,1,1150669065,147309,87103,60206,141265,150418
panel/tm_gates,replay,data/traces/112626855.txt,0,829921682,117628,84063,33565,71703,81763
panel/tm_gates,replay,data/traces/112616236.txt,1,1084420597,129923,103622,26301,93508,100716
panel/tm_gates,replay,data/traces/112589319.txt,0,1085715727,104127,97717,6410,112316,124831
panel/tm_gates,replay,data/traces/112505268.txt,1,983635388,167474,82491,84983,99240,98528
panel/tm_gates,replay,data/traces/112491246.txt,0,1275843248,181573,165996,15577,140446,135222
panel/tm_gates,replay,data/traces/112897733.txt,1,302661326,154420,91962,62458,100043,58478
panel/tm_gates,replay,data/traces/112894250.txt,1,435192026,128468,94712,33756,206478,74157
panel/tm_gates,replay,data/traces/112891989.txt,0,1156944662,122453,85198,37255,153891,96123
panel/tm_gates,replay,data/traces/112853383.txt,0,2002258695,178935,50282,128653,88659,91914
panel/tm_gates,replay,data/traces/112794039.txt,1,1772685646,98836,89778,9058,110333,106170
panel/tm_gates,replay,data/traces/112679068.txt,1,1080694309,143536,89523,54013,109281,118710
panel/tm_gates,replay,data/traces/112646296.txt,1,1553677118,129056,87667,41389,83312,88683
panel/tm_gates,replay,data/traces/112601402.txt,1,1441262148,129303,92191,37112,93619,101617
panel/tm_gates,replay,data/traces/112561571.txt,1,459305426,129804,73662,56142,106446,112946
panel/tm_gates,replay,data/traces/112893751.txt,1,1859635584,133472,124496,8976,121502,121739
panel/tm_gates,replay,data/traces/112884689.txt,1,1358502768,185577,45129,140448,118114,102849
panel/tm_gates,replay,data/traces/112872664.txt,0,1968456369,148576,72620,75956,106613,107377
panel/tm_gates,replay,data/traces/112841312.txt,1,1846265686,131872,114793,17079,90878,87305
panel/tm_gates,replay,data/traces/112836021.txt,0,867794122,156882,57692,99190,147719,148877
panel/tm_gates,replay,data/traces/112830034.txt,0,1801696520,119435,123257,-3822,128311,118844
panel/tm_gates,replay,data/traces/112801017.txt,1,1052798484,111383,106870,4513,84712,89945
panel/tm_gates,replay,data/traces/112792878.txt,0,61272947,109593,114435,-4842,126250,126702
panel/tm_gates,replay,data/traces/112757903.txt,1,1215990968,201728,87341,114387,133015,150410
panel/tm_gates,replay,data/traces/112749902.txt,1,2012408240,148478,126757,21721,97061,101251
panel/tm_gates,replay,data/traces/112735805.txt,1,401397591,106051,80214,25837,92096,89517
panel/tm_gates,replay,data/traces/112733515.txt,1,394471166,113221,77966,35255,97136,106741
panel/tm_gates,replay,data/traces/112728907.txt,1,758365951,104736,81514,23222,79404,90670
panel/tm_gates,replay,data/traces/112721923.txt,0,224020109,159115,113730,45385,91455,95661
panel/tm_gates,replay,data/traces/112698759.txt,0,823034285,93391,27887,65504,149938,154772
panel/tm_gates,replay,data/traces/112686947.txt,1,730671115,87097,78084,9013,107829,112745
panel/tmrace_gates,replay,data/traces/112895991.txt,1,1644432648,116211,89497,26714,180619,153699
panel/tmrace_gates,replay,data/traces/112894098.txt,1,201536810,157070,99469,57601,113525,99999
panel/tmrace_gates,replay,data/traces/112891809.txt,1,598297033,112835,108870,3965,120435,108057
panel/tmrace_gates,replay,data/traces/112876320.txt,1,476152589,113807,61575,52232,102021,61723
panel/tmrace_gates,replay,data/traces/112659230.txt,1,2038884264,101687,39941,61746,86540,143085
panel/tmrace_gates,replay,data/traces/112585731.txt,1,844736241,172765,52544,120221,102835,167577
panel/tmrace_gates,replay,data/traces/112531901.txt,0,1130804311,93606,87876,5730,101957,96458
panel/tmrace_gates,replay,data/traces/112499720.txt,1,1497090242,110891,115517,-4626,100556,97872
panel/tmrace_gates,replay,data/traces/112471604.txt,0,998350072,99911,73732,26179,128198,115014
panel/tmrace_gates,replay,data/traces/112446065.txt,0,1299923010,117947,121848,-3901,136906,127039
panel/tmrace_gates,replay,data/traces/112437698.txt,0,1614861397,112469,81903,30566,92016,87629
panel/tmrace_gates,replay,data/traces/112421116.txt,0,1628081126,110701,89422,21279,109273,91536
panel/tmrace_gates,replay,data/traces/112417447.txt,0,1389258819,82503,81469,1034,75782,66377
panel/tmrace_gates,replay,data/traces/112405569.txt,0,1085226792,158917,92094,66823,98080,85602
panel/tmrace_gates,replay,data/traces/112901992.txt,0,1049545150,153303,55453,97850,82000,80911
panel/tmrace_gates,replay,data/traces/112890239.txt,0,2063263451,130211,108079,22132,106438,97966
panel/tmrace_gates,replay,data/traces/112884369.txt,0,315410585,192020,0,192020,103328,94305
panel/tmrace_gates,replay,data/traces/112878538.txt,1,65259409,141394,54812,86582,100890,94694
panel/tmrace_gates,replay,data/traces/112875034.txt,0,247098952,158882,78839,80043,89724,74859
panel/tmrace_gates,replay,data/traces/112873844.txt,1,1688663938,110623,55695,54928,109053,100820
panel/tmrace_gates,replay,data/traces/112872664.txt,1,1968456369,129682,89863,39819,107377,106613
panel/tmrace_gates,replay,data/traces/112867945.txt,1,1980437913,201086,2548,198538,87169,80610
panel/tmrace_gates,replay,data/traces/112864461.txt,1,1150097132,191260,4982,186278,120166,109868
panel/tmrace_gates,replay,data/traces/112863241.txt,1,1326820366,113010,59583,53427,104851,90971
panel/tmrace_gates,replay,data/traces/112862128.txt,1,171589976,96670,102779,-6109,99921,86499
panel/tmrace_gates,replay,data/traces/112850332.txt,0,1218725851,183836,35462,148374,92153,83674
panel/tmrace_gates,replay,data/traces/112829996.txt,1,211633960,86731,45512,41219,101117,97191
panel/tmrace_gates,replay,data/traces/112806073.txt,1,1991185039,147107,103108,43999,126893,67185
panel/tmrace_gates,replay,data/traces/112769830.txt,1,985340199,89519,55477,34042,123633,116873
panel/tmrace_gates,replay,data/traces/112642010.txt,0,329948488,136082,110445,25637,132405,124937
panel/tmrace_gates,replay,data/traces/112901784.txt,0,2000658955,148167,33947,114220,142586,112816
panel/tmrace_gates,replay,data/traces/112892354.txt,0,2005662201,188882,84530,104352,124287,88866
panel/tmrace_gates,replay,data/traces/112890005.txt,0,1452090302,123900,47016,76884,101127,80618
panel/tmrace_gates,replay,data/traces/112888845.txt,0,285692199,154263,144769,9494,119485,95751
panel/tmrace_gates,replay,data/traces/112885342.txt,1,551771902,108821,90455,18366,114188,97372
panel/tmrace_gates,replay,data/traces/112880657.txt,1,2016708405,129479,62588,66891,142650,121361
panel/tmrace_gates,replay,data/traces/112878314.txt,0,2083988403,115091,48158,66933,124520,101753
panel/tmrace_gates,replay,data/traces/112875475.txt,1,1496757983,164416,22906,141510,85717,58948
panel/tmrace_gates,replay,data/traces/112864240.txt,0,1494161876,137441,28839,108602,137452,122839
panel/tmrace_gates,replay,data/traces/112863066.txt,1,857129106,154256,31938,122318,118292,86896
panel/tmrace_gates,replay,data/traces/112858395.txt,1,1096247145,153337,32472,120865,128400,101398
panel/tmrace_gates,replay,data/traces/112853552.txt,0,419625600,198689,32740,165949,123234,87935
panel/tmrace_gates,replay,data/traces/112852343.txt,0,1291321718,206471,50,206421,121939,92633
panel/tmrace_gates,replay,data/traces/112831625.txt,1,383964947,107284,63719,43565,141050,51011
panel/tmrace_gates,replay,data/traces/112728907.txt,0,758365951,83581,86462,-2881,90670,79404
panel/tmrace_gates,replay,data/traces/112589319.txt,1,1085715727,113072,57567,55505,124831,112316
panel/tmrace_gates,replay,data/traces/112890239.txt,1,2063263451,91860,80175,11685,97966,106438
panel/tmrace_gates,replay,data/traces/112853383.txt,1,2002258695,114309,111396,2913,91914,88659
panel/tmrace_gates,replay,data/traces/112843959.txt,0,1270071376,144077,88829,55248,118057,126201
panel/tmrace_gates,replay,data/traces/112836021.txt,1,867794122,168363,153381,14982,148877,147719
panel/tmrace_gates,replay,data/traces/112822003.txt,1,658386570,107729,98137,9592,88349,102200
panel/tmrace_gates,replay,data/traces/112776803.txt,0,367822176,137914,122748,15166,88808,92268
panel/tmrace_gates,replay,data/traces/112757903.txt,0,1215990968,124074,77793,46281,150410,133015
panel/tmrace_gates,replay,data/traces/112749903.txt,0,2099715200,132391,43536,88855,94209,91110
panel/tmrace_gates,replay,data/traces/112741826.txt,0,1782755185,136498,98204,38294,123974,128145
panel/tmrace_gates,replay,data/traces/112698759.txt,1,823034285,117586,91878,25708,154772,149938
panel/tmrace_gates,replay,data/traces/112654478.txt,1,1785631914,123946,60076,63870,129638,148376
panel/tmrace_gates,replay,data/traces/112642909.txt,1,1688329554,81166,74299,6867,105276,99881
panel/tmrace_gates,replay,data/traces/112637448.txt,1,2068079998,92708,78124,14584,103884,110294
panel/tmrace_gates,replay,data/traces/112632279.txt,0,409128422,115407,109610,5797,91132,96962
panel/tmrace_gates,replay,data/traces/112626855.txt,1,829921682,144379,102146,42233,81763,71703
panel/tmrace_gates,replay,data/traces/112617125.txt,0,1000810244,146931,85000,61931,76966,76251
panel/tmrace_gates,replay,data/traces/112654478.txt,0,1785631914,102844,64812,38032,148376,129638
panel/tmrace_gates,replay,data/traces/112616237.txt,0,398187590,211410,20213,191197,86841,79700
panel/tmrace_gates,replay,data/traces/112503124.txt,0,987490774,116653,100680,15973,83668,82014
panel/tmrace_gates,replay,data/traces/112462531.txt,1,519485320,73665,59235,14430,75258,86421
panel/tmrace_gates,replay,data/traces/112462537.txt,1,359173333,121432,27006,94426,107063,97695
panel/tmrace_gates,replay,data/traces/112396243.txt,0,427986230,94687,92022,2665,94644,94505
panel/tmrace_gates,replay,data/traces/112378715.txt,1,146404141,73534,75888,-2354,78560,84946
panel/tmrace_gates,replay,data/traces/112361930.txt,0,465567551,87333,89153,-1820,112181,114749
panel/tmrace_gates,replay,data/traces/112346122.txt,0,1466411344,182667,142566,40101,89103,79804
panel/tmrace_gates,replay,data/traces/112330549.txt,1,380056407,146015,91450,54565,87865,80205
panel/tmrace_gates,replay,data/traces/112286808.txt,1,1307816317,170886,3324,167562,111093,82147
panel/tmrace_gates,replay,data/traces/112279383.txt,0,369266329,129100,87817,41283,125376,115904
panel/tmrace_gates,replay,data/traces/112271999.txt,1,2024799368,187220,19953,167267,93412,80816
panel/tmrace_gates,replay,data/traces/112258534.txt,0,990193199,98783,58906,39877,80611,76293
panel/tmrace_gates,replay,data/traces/112226836.txt,1,1651122030,107856,101724,6132,108992,103161
panel/tmrace_gates,replay,data/traces/112212987.txt,1,426346919,112534,63024,49510,164160,146752
panel/tmrace_gates,replay,data/traces/112878946.txt,0,1550050350,87099,125084,-37985,113781,115502
panel/tmrace_gates,replay,data/traces/112862551.txt,0,597683262,116765,95210,21555,89424,97417
panel/tmrace_gates,replay,data/traces/112861061.txt,1,652003659,93269,90122,3147,117144,111108
panel/tmrace_gates,replay,data/traces/112846229.txt,0,1609498403,108571,103298,5273,92359,87749
panel/tmrace_gates,replay,data/traces/112830783.txt,1,572472665,146019,120506,25513,92934,89187
panel/tmrace_gates,replay,data/traces/112829996.txt,0,211633960,114741,96554,18187,97191,101117
panel/tmrace_gates,replay,data/traces/112822003.txt,0,658386570,120819,105614,15205,102200,88349
panel/tmrace_gates,replay,data/traces/112794039.txt,0,1772685646,117851,97874,19977,106170,110333
panel/tmrace_gates,replay,data/traces/112769830.txt,0,985340199,101598,74818,26780,116873,123633
panel/tmrace_gates,replay,data/traces/112746420.txt,1,1021819996,121317,100207,21110,81788,79841
panel/tmrace_gates,replay,data/traces/112730189.txt,0,858010337,134600,103201,31399,130631,128363
panel/tmrace_gates,replay,data/traces/112724470.txt,1,1820231052,139847,90864,48983,97930,92272
panel/tmrace_gates,replay,data/traces/112690414.txt,0,976872641,142470,102885,39585,95751,99439
panel/tmrace_gates,replay,data/traces/112686947.txt,0,730671115,134941,112155,22786,112745,107829
panel/tmrace_gates,replay,data/traces/112679068.txt,0,1080694309,73402,53850,19552,118710,109281
panel/tmrace_gates,replay,data/traces/112675193.txt,1,900140237,98049,83987,14062,142326,129595
panel/tmrace_gates,replay,data/traces/112901992.txt,1,1049545150,129283,95407,33876,80911,82000
panel/tmrace_gates,replay,data/traces/112901660.txt,0,1143114248,133307,36288,97019,134151,105498
panel/tmrace_gates,replay,data/traces/112898153.txt,1,203817414,88472,55509,32963,99559,85406
panel/tmrace_gates,replay,data/traces/112893751.txt,0,1859635584,107098,91053,16045,121739,121502
panel/tmrace_gates,replay,data/traces/112888751.txt,1,2006789615,149932,64437,85495,130245,105141
panel/tmrace_gates,replay,data/traces/112878228.txt,0,1929055367,142597,36868,105729,100862,77561
panel/tmrace_gates,replay,data/traces/112868812.txt,0,1310499696,142829,30615,112214,120867,96664
panel/tmrace_gates,replay,data/traces/112863375.txt,1,1158130191,114038,43195,70843,107195,100728
panel/tmrace_gates,replay,data/traces/112862816.txt,1,930954182,158940,50338,108602,140648,126732
panel/tmrace_gates,replay,data/traces/112861672.txt,1,151597434,146267,17786,128481,138951,119838
panel/tmrace_gates,replay,data/traces/112850054.txt,1,1167736,130425,98584,31841,119396,77061
panel/tmrace_gates,replay,data/traces/112847788.txt,1,631327013,130928,98150,32778,95940,27823
panel/tmrace_gates,replay,data/traces/112901178.txt,0,182532323,141297,81685,59612,118725,83238
panel/tmrace_gates,replay,data/traces/112900047.txt,1,1980858488,189427,63654,125773,96775,74285
panel/tmrace_gates,replay,data/traces/112896592.txt,0,1137775888,127220,56362,70858,116992,72595
panel/tmrace_gates,replay,data/traces/112878946.txt,1,1550050350,156691,78814,77877,115502,113781
panel/tmrace_gates,replay,data/traces/112878538.txt,0,65259409,114612,93592,21020,94694,100890
panel/tmrace_gates,replay,data/traces/112854357.txt,1,1720475956,168011,54640,113371,96398,88075
panel/tmrace_gates,replay,data/traces/112735805.txt,0,401397591,128234,85909,42325,89517,92096
panel/tmrace_gates,replay,data/traces/112642987.txt,0,584355409,181173,117236,63937,88978,87661
panel/tmrace_gates,replay,data/traces/112639482.txt,1,1150669065,147184,86526,60658,141265,150418
panel/tmrace_gates,replay,data/traces/112626855.txt,0,829921682,130176,89307,40869,71703,81763
panel/tmrace_gates,replay,data/traces/112616236.txt,1,1084420597,126674,87026,39648,93508,100716
panel/tmrace_gates,replay,data/traces/112589319.txt,0,1085715727,120285,112476,7809,112316,124831
panel/tmrace_gates,replay,data/traces/112505268.txt,1,983635388,127517,72718,54799,99240,98528
panel/tmrace_gates,replay,data/traces/112491246.txt,0,1275843248,152310,151224,1086,140446,135222
panel/tmrace_gates,replay,data/traces/112897733.txt,1,302661326,149379,82708,66671,100043,58478
panel/tmrace_gates,replay,data/traces/112894250.txt,1,435192026,136090,105556,30534,206478,74157
panel/tmrace_gates,replay,data/traces/112891989.txt,0,1156944662,124875,88563,36312,153891,96123
panel/tmrace_gates,replay,data/traces/112853383.txt,0,2002258695,177559,70499,107060,88659,91914
panel/tmrace_gates,replay,data/traces/112794039.txt,1,1772685646,104955,96173,8782,110333,106170
panel/tmrace_gates,replay,data/traces/112679068.txt,1,1080694309,151939,106804,45135,109281,118710
panel/tmrace_gates,replay,data/traces/112646296.txt,1,1553677118,129443,86316,43127,83312,88683
panel/tmrace_gates,replay,data/traces/112601402.txt,1,1441262148,143581,105161,38420,93619,101617
panel/tmrace_gates,replay,data/traces/112561571.txt,1,459305426,133125,64106,69019,106446,112946
panel/tmrace_gates,replay,data/traces/112893751.txt,1,1859635584,127410,114046,13364,121502,121739
panel/tmrace_gates,replay,data/traces/112884689.txt,1,1358502768,194431,52471,141960,118114,102849
panel/tmrace_gates,replay,data/traces/112872664.txt,0,1968456369,142410,82391,60019,106613,107377
panel/tmrace_gates,replay,data/traces/112841312.txt,1,1846265686,149177,131685,17492,90878,87305
panel/tmrace_gates,replay,data/traces/112836021.txt,0,867794122,154600,47779,106821,147719,148877
panel/tmrace_gates,replay,data/traces/112830034.txt,0,1801696520,132478,126736,5742,128311,118844
panel/tmrace_gates,replay,data/traces/112801017.txt,1,1052798484,99568,95939,3629,84712,89945
panel/tmrace_gates,replay,data/traces/112792878.txt,0,61272947,109414,115104,-5690,126250,126702
panel/tmrace_gates,replay,data/traces/112757903.txt,1,1215990968,199689,72299,127390,133015,150410
panel/tmrace_gates,replay,data/traces/112749902.txt,1,2012408240,153117,125979,27138,97061,101251
panel/tmrace_gates,replay,data/traces/112735805.txt,1,401397591,109353,77922,31431,92096,89517
panel/tmrace_gates,replay,data/traces/112733515.txt,1,394471166,84227,65825,18402,97136,106741
panel/tmrace_gates,replay,data/traces/112728907.txt,1,758365951,109799,85347,24452,79404,90670
panel/tmrace_gates,replay,data/traces/112721923.txt,0,224020109,140509,110026,30483,91455,95661
panel/tmrace_gates,replay,data/traces/112698759.txt,0,823034285,93486,28025,65461,149938,154772
panel/tmrace_gates,replay,data/traces/112686947.txt,1,730671115,73172,59014,14158,107829,112745
panel/trim0_gates,replay,data/traces/112895991.txt,1,1644432648,130315,82489,47826,180619,153699
panel/trim0_gates,replay,data/traces/112894098.txt,1,201536810,155510,80552,74958,113525,99999
panel/trim0_gates,replay,data/traces/112891809.txt,1,598297033,88245,90587,-2342,120435,108057
panel/trim0_gates,replay,data/traces/112876320.txt,1,476152589,157040,66201,90839,102021,61723
panel/trim0_gates,replay,data/traces/112659230.txt,1,2038884264,115655,77815,37840,86540,143085
panel/trim0_gates,replay,data/traces/112585731.txt,1,844736241,119200,94032,25168,102835,167577
panel/trim0_gates,replay,data/traces/112531901.txt,0,1130804311,94622,108970,-14348,101957,96458
panel/trim0_gates,replay,data/traces/112499720.txt,1,1497090242,83141,90399,-7258,100556,97872
panel/trim0_gates,replay,data/traces/112471604.txt,0,998350072,99246,110038,-10792,128198,115014
panel/trim0_gates,replay,data/traces/112446065.txt,0,1299923010,96123,75970,20153,136906,127039
panel/trim0_gates,replay,data/traces/112437698.txt,0,1614861397,139272,135399,3873,92016,87629
panel/trim0_gates,replay,data/traces/112421116.txt,0,1628081126,143853,99387,44466,109273,91536
panel/trim0_gates,replay,data/traces/112417447.txt,0,1389258819,110395,93682,16713,75782,66377
panel/trim0_gates,replay,data/traces/112405569.txt,0,1085226792,146478,115841,30637,98080,85602
panel/trim0_gates,replay,data/traces/112901992.txt,0,1049545150,104833,58129,46704,82000,80911
panel/trim0_gates,replay,data/traces/112890239.txt,0,2063263451,84658,65988,18670,106438,97966
panel/trim0_gates,replay,data/traces/112884369.txt,0,315410585,215737,0,215737,103328,94305
panel/trim0_gates,replay,data/traces/112878538.txt,1,65259409,140747,63072,77675,100890,94694
panel/trim0_gates,replay,data/traces/112875034.txt,0,247098952,184716,82437,102279,89724,74859
panel/trim0_gates,replay,data/traces/112873844.txt,1,1688663938,148933,75087,73846,109053,100820
panel/trim0_gates,replay,data/traces/112872664.txt,1,1968456369,154629,117132,37497,107377,106613
panel/trim0_gates,replay,data/traces/112867945.txt,1,1980437913,183878,1260,182618,87169,80610
panel/trim0_gates,replay,data/traces/112864461.txt,1,1150097132,165999,1741,164258,120166,109868
panel/trim0_gates,replay,data/traces/112863241.txt,1,1326820366,97941,100002,-2061,104851,90971
panel/trim0_gates,replay,data/traces/112862128.txt,1,171589976,94234,95029,-795,99921,86499
panel/trim0_gates,replay,data/traces/112850332.txt,0,1218725851,122786,34081,88705,92153,83674
panel/trim0_gates,replay,data/traces/112829996.txt,1,211633960,122781,89059,33722,101117,97191
panel/trim0_gates,replay,data/traces/112806073.txt,1,1991185039,98781,91243,7538,126893,67185
panel/trim0_gates,replay,data/traces/112769830.txt,1,985340199,146129,83515,62614,123633,116873
panel/trim0_gates,replay,data/traces/112642010.txt,0,329948488,108992,63658,45334,132405,124937
panel/trim0_gates,replay,data/traces/112901784.txt,0,2000658955,180886,43576,137310,142586,112816
panel/trim0_gates,replay,data/traces/112892354.txt,0,2005662201,180596,77782,102814,124287,88866
panel/trim0_gates,replay,data/traces/112890005.txt,0,1452090302,150372,58830,91542,101127,80618
panel/trim0_gates,replay,data/traces/112888845.txt,0,285692199,146147,132359,13788,119485,95751
panel/trim0_gates,replay,data/traces/112885342.txt,1,551771902,121300,82932,38368,114188,97372
panel/trim0_gates,replay,data/traces/112880657.txt,1,2016708405,106034,67178,38856,142650,121361
panel/trim0_gates,replay,data/traces/112878314.txt,0,2083988403,115419,39590,75829,124520,101753
panel/trim0_gates,replay,data/traces/112875475.txt,1,1496757983,184553,32322,152231,85717,58948
panel/trim0_gates,replay,data/traces/112864240.txt,0,1494161876,112736,21412,91324,137452,122839
panel/trim0_gates,replay,data/traces/112863066.txt,1,857129106,206594,43853,162741,118292,86896
panel/trim0_gates,replay,data/traces/112858395.txt,1,1096247145,162749,28122,134627,128400,101398
panel/trim0_gates,replay,data/traces/112853552.txt,0,419625600,170485,30098,140387,123234,87935
panel/trim0_gates,replay,data/traces/112852343.txt,0,1291321718,177777,8359,169418,121939,92633
panel/trim0_gates,replay,data/traces/112831625.txt,1,383964947,163319,88992,74327,141050,51011
panel/trim0_gates,replay,data/traces/112728907.txt,0,758365951,183325,100961,82364,90670,79404
panel/trim0_gates,replay,data/traces/112589319.txt,1,1085715727,132410,125583,6827,124831,112316
panel/trim0_gates,replay,data/traces/112890239.txt,1,2063263451,141639,113801,27838,97966,106438
panel/trim0_gates,replay,data/traces/112853383.txt,1,2002258695,146950,109588,37362,91914,88659
panel/trim0_gates,replay,data/traces/112843959.txt,0,1270071376,92724,72237,20487,118057,126201
panel/trim0_gates,replay,data/traces/112836021.txt,1,867794122,183674,176710,6964,148877,147719
panel/trim0_gates,replay,data/traces/112822003.txt,1,658386570,90292,84390,5902,88349,102200
panel/trim0_gates,replay,data/traces/112776803.txt,0,367822176,136781,115062,21719,88808,92268
panel/trim0_gates,replay,data/traces/112757903.txt,0,1215990968,137994,130933,7061,150410,133015
panel/trim0_gates,replay,data/traces/112749903.txt,0,2099715200,184449,95857,88592,94209,91110
panel/trim0_gates,replay,data/traces/112741826.txt,0,1782755185,126765,86773,39992,123974,128145
panel/trim0_gates,replay,data/traces/112698759.txt,1,823034285,126572,96655,29917,154772,149938
panel/trim0_gates,replay,data/traces/112654478.txt,1,1785631914,86840,50521,36319,129638,148376
panel/trim0_gates,replay,data/traces/112642909.txt,1,1688329554,101393,99598,1795,105276,99881
panel/trim0_gates,replay,data/traces/112637448.txt,1,2068079998,131774,112379,19395,103884,110294
panel/trim0_gates,replay,data/traces/112632279.txt,0,409128422,115795,105804,9991,91132,96962
panel/trim0_gates,replay,data/traces/112626855.txt,1,829921682,128882,89301,39581,81763,71703
panel/trim0_gates,replay,data/traces/112617125.txt,0,1000810244,95226,81866,13360,76966,76251
panel/trim0_gates,replay,data/traces/112654478.txt,0,1785631914,81948,87219,-5271,148376,129638
panel/trim0_gates,replay,data/traces/112616237.txt,0,398187590,165036,23133,141903,86841,79700
panel/trim0_gates,replay,data/traces/112503124.txt,0,987490774,82001,69846,12155,83668,82014
panel/trim0_gates,replay,data/traces/112462531.txt,1,519485320,95808,85499,10309,75258,86421
panel/trim0_gates,replay,data/traces/112462537.txt,1,359173333,130247,29014,101233,107063,97695
panel/trim0_gates,replay,data/traces/112396243.txt,0,427986230,101186,75535,25651,94644,94505
panel/trim0_gates,replay,data/traces/112378715.txt,1,146404141,121264,108737,12527,78560,84946
panel/trim0_gates,replay,data/traces/112361930.txt,0,465567551,89504,94900,-5396,112181,114749
panel/trim0_gates,replay,data/traces/112346122.txt,0,1466411344,155274,116368,38906,89103,79804
panel/trim0_gates,replay,data/traces/112330549.txt,1,380056407,121205,120293,912,87865,80205
panel/trim0_gates,replay,data/traces/112286808.txt,1,1307816317,121717,2207,119510,111093,82147
panel/trim0_gates,replay,data/traces/112279383.txt,0,369266329,127731,97932,29799,125376,115904
panel/trim0_gates,replay,data/traces/112271999.txt,1,2024799368,135518,17433,118085,93412,80816
panel/trim0_gates,replay,data/traces/112258534.txt,0,990193199,120787,50671,70116,80611,76293
panel/trim0_gates,replay,data/traces/112226836.txt,1,1651122030,176437,108651,67786,108992,103161
panel/trim0_gates,replay,data/traces/112212987.txt,1,426346919,112291,53263,59028,164160,146752
panel/trim0_gates,replay,data/traces/112878946.txt,0,1550050350,137320,125751,11569,113781,115502
panel/trim0_gates,replay,data/traces/112862551.txt,0,597683262,129550,104381,25169,89424,97417
panel/trim0_gates,replay,data/traces/112861061.txt,1,652003659,104151,106999,-2848,117144,111108
panel/trim0_gates,replay,data/traces/112846229.txt,0,1609498403,84284,88448,-4164,92359,87749
panel/trim0_gates,replay,data/traces/112830783.txt,1,572472665,110483,111906,-1423,92934,89187
panel/trim0_gates,replay,data/traces/112829996.txt,0,211633960,125588,87588,38000,97191,101117
panel/trim0_gates,replay,data/traces/112822003.txt,0,658386570,77599,67104,10495,102200,88349
panel/trim0_gates,replay,data/traces/112794039.txt,0,1772685646,78590,74544,4046,106170,110333
panel/trim0_gates,replay,data/traces/112769830.txt,0,985340199,85253,58580,26673,116873,123633
panel/trim0_gates,replay,data/traces/112746420.txt,1,1021819996,91391,89197,2194,81788,79841
panel/trim0_gates,replay,data/traces/112730189.txt,0,858010337,94527,85212,9315,130631,128363
panel/trim0_gates,replay,data/traces/112724470.txt,1,1820231052,118165,88786,29379,97930,92272
panel/trim0_gates,replay,data/traces/112690414.txt,0,976872641,127018,82978,44040,95751,99439
panel/trim0_gates,replay,data/traces/112686947.txt,0,730671115,109056,85799,23257,112745,107829
panel/trim0_gates,replay,data/traces/112679068.txt,0,1080694309,132223,111956,20267,118710,109281
panel/trim0_gates,replay,data/traces/112675193.txt,1,900140237,104817,104560,257,142326,129595
panel/trim0_gates,replay,data/traces/112901992.txt,1,1049545150,86899,77018,9881,80911,82000
panel/trim0_gates,replay,data/traces/112901660.txt,0,1143114248,150881,11681,139200,134151,105498
panel/trim0_gates,replay,data/traces/112898153.txt,1,203817414,97975,60442,37533,99559,85406
panel/trim0_gates,replay,data/traces/112893751.txt,0,1859635584,112803,106759,6044,121739,121502
panel/trim0_gates,replay,data/traces/112888751.txt,1,2006789615,162720,81727,80993,130245,105141
panel/trim0_gates,replay,data/traces/112878228.txt,0,1929055367,118352,31931,86421,100862,77561
panel/trim0_gates,replay,data/traces/112868812.txt,0,1310499696,164326,32481,131845,120867,96664
panel/trim0_gates,replay,data/traces/112863375.txt,1,1158130191,130035,59670,70365,107195,100728
panel/trim0_gates,replay,data/traces/112862816.txt,1,930954182,96617,29017,67600,140648,126732
panel/trim0_gates,replay,data/traces/112861672.txt,1,151597434,176530,20363,156167,138951,119838
panel/trim0_gates,replay,data/traces/112850054.txt,1,1167736,78039,67613,10426,119396,77061
panel/trim0_gates,replay,data/traces/112847788.txt,1,631327013,70897,64958,5939,95940,27823
panel/trim0_gates,replay,data/traces/112901178.txt,0,182532323,137959,76594,61365,118725,83238
panel/trim0_gates,replay,data/traces/112900047.txt,1,1980858488,176970,46053,130917,96775,74285
panel/trim0_gates,replay,data/traces/112896592.txt,0,1137775888,88944,55705,33239,116992,72595
panel/trim0_gates,replay,data/traces/112878946.txt,1,1550050350,152161,73774,78387,115502,113781
panel/trim0_gates,replay,data/traces/112878538.txt,0,65259409,103475,69102,34373,94694,100890
panel/trim0_gates,replay,data/traces/112854357.txt,1,1720475956,127447,37462,89985,96398,88075
panel/trim0_gates,replay,data/traces/112735805.txt,0,401397591,154103,117630,36473,89517,92096
panel/trim0_gates,replay,data/traces/112642987.txt,0,584355409,105776,101290,4486,88978,87661
panel/trim0_gates,replay,data/traces/112639482.txt,1,1150669065,151177,89973,61204,141265,150418
panel/trim0_gates,replay,data/traces/112626855.txt,0,829921682,168757,98338,70419,71703,81763
panel/trim0_gates,replay,data/traces/112616236.txt,1,1084420597,118884,83720,35164,93508,100716
panel/trim0_gates,replay,data/traces/112589319.txt,0,1085715727,155584,108845,46739,112316,124831
panel/trim0_gates,replay,data/traces/112505268.txt,1,983635388,109302,88732,20570,99240,98528
panel/trim0_gates,replay,data/traces/112491246.txt,0,1275843248,98760,97357,1403,140446,135222
panel/trim0_gates,replay,data/traces/112897733.txt,1,302661326,116956,86153,30803,100043,58478
panel/trim0_gates,replay,data/traces/112894250.txt,1,435192026,148944,76484,72460,206478,74157
panel/trim0_gates,replay,data/traces/112891989.txt,0,1156944662,83587,65031,18556,153891,96123
panel/trim0_gates,replay,data/traces/112853383.txt,0,2002258695,151330,92876,58454,88659,91914
panel/trim0_gates,replay,data/traces/112794039.txt,1,1772685646,126458,106569,19889,110333,106170
panel/trim0_gates,replay,data/traces/112679068.txt,1,1080694309,113559,73366,40193,109281,118710
panel/trim0_gates,replay,data/traces/112646296.txt,1,1553677118,106223,83800,22423,83312,88683
panel/trim0_gates,replay,data/traces/112601402.txt,1,1441262148,107154,97690,9464,93619,101617
panel/trim0_gates,replay,data/traces/112561571.txt,1,459305426,98615,69961,28654,106446,112946
panel/trim0_gates,replay,data/traces/112893751.txt,1,1859635584,103592,92317,11275,121502,121739
panel/trim0_gates,replay,data/traces/112884689.txt,1,1358502768,181694,51047,130647,118114,102849
panel/trim0_gates,replay,data/traces/112872664.txt,0,1968456369,139755,114421,25334,106613,107377
panel/trim0_gates,replay,data/traces/112841312.txt,1,1846265686,142589,129047,13542,90878,87305
panel/trim0_gates,replay,data/traces/112836021.txt,0,867794122,178869,39520,139349,147719,148877
panel/trim0_gates,replay,data/traces/112830034.txt,0,1801696520,90519,98992,-8473,128311,118844
panel/trim0_gates,replay,data/traces/112801017.txt,1,1052798484,143159,120878,22281,84712,89945
panel/trim0_gates,replay,data/traces/112792878.txt,0,61272947,165701,123663,42038,126250,126702
panel/trim0_gates,replay,data/traces/112757903.txt,1,1215990968,124758,54696,70062,133015,150410
panel/trim0_gates,replay,data/traces/112749902.txt,1,2012408240,103761,108417,-4656,97061,101251
panel/trim0_gates,replay,data/traces/112735805.txt,1,401397591,124351,90435,33916,92096,89517
panel/trim0_gates,replay,data/traces/112733515.txt,1,394471166,119580,86403,33177,97136,106741
panel/trim0_gates,replay,data/traces/112728907.txt,1,758365951,136134,110662,25472,79404,90670
panel/trim0_gates,replay,data/traces/112721923.txt,0,224020109,144889,124164,20725,91455,95661
panel/trim0_gates,replay,data/traces/112698759.txt,0,823034285,120979,47543,73436,149938,154772
panel/trim0_gates,replay,data/traces/112686947.txt,1,730671115,130615,61679,68936,107829,112745
panel/v11,replay,data/traces/112895991.txt,1,1644432648,124023,144082,-20059,180619,153699
panel/v11,replay,data/traces/112894098.txt,1,201536810,133729,129467,4262,113525,99999
panel/v11,replay,data/traces/112891809.txt,1,598297033,107377,95665,11712,120435,108057
panel/v11,replay,data/traces/112876320.txt,1,476152589,83259,58170,25089,102021,61723
panel/v11,replay,data/traces/112659230.txt,1,2038884264,125524,107386,18138,86540,143085
panel/v11,replay,data/traces/112585731.txt,1,844736241,122798,112556,10242,102835,167577
panel/v11,replay,data/traces/112531901.txt,0,1130804311,101499,79491,22008,101957,96458
panel/v11,replay,data/traces/112499720.txt,1,1497090242,168909,130038,38871,100556,97872
panel/v11,replay,data/traces/112471604.txt,0,998350072,160775,101767,59008,128198,115014
panel/v11,replay,data/traces/112446065.txt,0,1299923010,99236,64857,34379,136906,127039
panel/v11,replay,data/traces/112437698.txt,0,1614861397,139899,103286,36613,92016,87629
panel/v11,replay,data/traces/112421116.txt,0,1628081126,118301,99548,18753,109273,91536
panel/v11,replay,data/traces/112417447.txt,0,1389258819,120658,57595,63063,75782,66377
panel/v11,replay,data/traces/112405569.txt,0,1085226792,164358,129979,34379,98080,85602
panel/v11,replay,data/traces/112901992.txt,0,1049545150,114425,79899,34526,82000,80911
panel/v11,replay,data/traces/112890239.txt,0,2063263451,163720,114705,49015,106438,97966
panel/v11,replay,data/traces/112884369.txt,0,315410585,195502,447,195055,103328,94305
panel/v11,replay,data/traces/112878538.txt,1,65259409,148550,86561,61989,100890,94694
panel/v11,replay,data/traces/112875034.txt,0,247098952,165166,98395,66771,89724,74859
panel/v11,replay,data/traces/112873844.txt,1,1688663938,133706,75744,57962,109053,100820
panel/v11,replay,data/traces/112872664.txt,1,1968456369,117503,33430,84073,107377,106613
panel/v11,replay,data/traces/112867945.txt,1,1980437913,157987,225,157762,87169,80610
panel/v11,replay,data/traces/112864461.txt,1,1150097132,147699,2827,144872,120166,109868
panel/v11,replay,data/traces/112863241.txt,1,1326820366,156022,148222,7800,104851,90971
panel/v11,replay,data/traces/112862128.txt,1,171589976,119874,110439,9435,99921,86499
panel/v11,replay,data/traces/112850332.txt,0,1218725851,117356,105803,11553,92153,83674
panel/v11,replay,data/traces/112829996.txt,1,211633960,126409,95360,31049,101117,97191
panel/v11,replay,data/traces/112806073.txt,1,1991185039,102514,113886,-11372,126893,67185
panel/v11,replay,data/traces/112769830.txt,1,985340199,71860,65233,6627,123633,116873
panel/v11,replay,data/traces/112642010.txt,0,329948488,116024,88357,27667,132405,124937
panel/v11,replay,data/traces/112901784.txt,0,2000658955,198784,18676,180108,142586,112816
panel/v11,replay,data/traces/112892354.txt,0,2005662201,131384,52434,78950,124287,88866
panel/v11,replay,data/traces/112890005.txt,0,1452090302,156060,99055,57005,101127,80618
panel/v11,replay,data/traces/112888845.txt,0,285692199,89466,106893,-17427,119485,95751
panel/v11,replay,data/traces/112885342.txt,1,551771902,77967,79296,-1329,114188,97372
panel/v11,replay,data/traces/112880657.txt,1,2016708405,137168,137675,-507,142650,121361
panel/v11,replay,data/traces/112878314.txt,0,2083988403,62734,52058,10676,124520,101753
panel/v11,replay,data/traces/112875475.txt,1,1496757983,168776,48939,119837,85717,58948
panel/v11,replay,data/traces/112864240.txt,0,1494161876,85304,40657,44647,137452,122839
panel/v11,replay,data/traces/112863066.txt,1,857129106,178823,0,178823,118292,86896
panel/v11,replay,data/traces/112858395.txt,1,1096247145,122279,62468,59811,128400,101398
panel/v11,replay,data/traces/112853552.txt,0,419625600,177972,3,177969,123234,87935
panel/v11,replay,data/traces/112852343.txt,0,1291321718,168728,7,168721,121939,92633
panel/v11,replay,data/traces/112831625.txt,1,383964947,105693,64985,40708,141050,51011
panel/v11,replay,data/traces/112728907.txt,0,758365951,129763,98904,30859,90670,79404
panel/v11,replay,data/traces/112589319.txt,1,1085715727,145548,140558,4990,124831,112316
panel/v11,replay,data/traces/112890239.txt,1,2063263451,144942,126648,18294,97966,106438
panel/v11,replay,data/traces/112853383.txt,1,2002258695,134158,119525,14633,91914,88659
panel/v11,replay,data/traces/112843959.txt,0,1270071376,102102,33429,68673,118057,126201
panel/v11,replay,data/traces/112836021.txt,1,867794122,130466,135339,-4873,148877,147719
panel/v11,replay,data/traces/112822003.txt,1,658386570,168286,63446,104840,88349,102200
panel/v11,replay,data/traces/112776803.txt,0,367822176,101096,96279,4817,88808,92268
panel/v11,replay,data/traces/112757903.txt,0,1215990968,123668,111308,12360,150410,133015
panel/v11,replay,data/traces/112749903.txt,0,2099715200,110301,111624,-1323,94209,91110
panel/v11,replay,data/traces/112741826.txt,0,1782755185,113311,34480,78831,123974,128145
panel/v11,replay,data/traces/112698759.txt,1,823034285,101779,121667,-19888,154772,149938
panel/v11,replay,data/traces/112654478.txt,1,1785631914,140431,119254,21177,129638,148376
panel/v11,replay,data/traces/112642909.txt,1,1688329554,92450,96084,-3634,105276,99881
panel/v11,replay,data/traces/112637448.txt,1,2068079998,147763,102970,44793,103884,110294
panel/v11,replay,data/traces/112632279.txt,0,409128422,139102,114919,24183,91132,96962
panel/v11,replay,data/traces/112626855.txt,1,829921682,185529,110539,74990,81763,71703
panel/v11,replay,data/traces/112617125.txt,0,1000810244,168342,112973,55369,76966,76251
panel/v11,replay,data/traces/112654478.txt,0,1785631914,80881,87621,-6740,148376,129638
panel/v11,replay,data/traces/112616237.txt,0,398187590,184864,30625,154239,86841,79700
panel/v11,replay,data/traces/112503124.txt,0,987490774,133501,94615,38886,83668,82014
panel/v11,replay,data/traces/112462531.txt,1,519485320,143568,113108,30460,75258,86421
panel/v11,replay,data/traces/112462537.txt,1,359173333,93316,24139,69177,107063,97695
panel/v11,replay,data/traces/112396243.txt,0,427986230,106074,88898,17176,94644,94505
panel/v11,replay,data/traces/112378715.txt,1,146404141,66076,71840,-5764,78560,84946
panel/v11,replay,data/traces/112361930.txt,0,465567551,94695,105051,-10356,112181,114749
panel/v11,replay,data/traces/112346122.txt,0,1466411344,87687,118814,-31127,89103,79804
panel/v11,replay,data/traces/112330549.txt,1,380056407,123460,107227,16233,87865,80205
panel/v11,replay,data/traces/112286808.txt,1,1307816317,187957,3382,184575,111093,82147
panel/v11,replay,data/traces/112279383.txt,0,369266329,109650,109925,-275,125376,115904
panel/v11,replay,data/traces/112271999.txt,1,2024799368,116165,11502,104663,93412,80816
panel/v11,replay,data/traces/112258534.txt,0,990193199,102655,55611,47044,80611,76293
panel/v11,replay,data/traces/112226836.txt,1,1651122030,176014,115710,60304,108992,103161
panel/v11,replay,data/traces/112212987.txt,1,426346919,109600,114265,-4665,164160,146752
panel/v11,replay,data/traces/112878946.txt,0,1550050350,83974,78917,5057,113781,115502
panel/v11,replay,data/traces/112862551.txt,0,597683262,121513,86980,34533,89424,97417
panel/v11,replay,data/traces/112861061.txt,1,652003659,111134,100550,10584,117144,111108
panel/v11,replay,data/traces/112846229.txt,0,1609498403,180244,53848,126396,92359,87749
panel/v11,replay,data/traces/112830783.txt,1,572472665,113542,83062,30480,92934,89187
panel/v11,replay,data/traces/112829996.txt,0,211633960,121938,99984,21954,97191,101117
panel/v11,replay,data/traces/112822003.txt,0,658386570,130284,113033,17251,102200,88349
panel/v11,replay,data/traces/112794039.txt,0,1772685646,125531,72595,52936,106170,110333
panel/v11,replay,data/traces/112769830.txt,0,985340199,101751,115418,-13667,116873,123633
panel/v11,replay,data/traces/112746420.txt,1,1021819996,134676,106376,28300,81788,79841
panel/v11,replay,data/traces/112730189.txt,0,858010337,154071,115740,38331,130631,128363
panel/v11,replay,data/traces/112724470.txt,1,1820231052,102263,69698,32565,97930,92272
panel/v11,replay,data/traces/112690414.txt,0,976872641,113475,83608,29867,95751,99439
panel/v11,replay,data/traces/112686947.txt,0,730671115,120144,94637,25507,112745,107829
panel/v11,replay,data/traces/112679068.txt,0,1080694309,148175,115620,32555,118710,109281
panel/v11,replay,data/traces/112675193.txt,1,900140237,103111,35323,67788,142326,129595
panel/v11,replay,data/traces/112901992.txt,1,1049545150,118209,83393,34816,80911,82000
panel/v11,replay,data/traces/112901660.txt,0,1143114248,75162,63547,11615,134151,105498
panel/v11,replay,data/traces/112898153.txt,1,203817414,156180,129601,26579,99559,85406
panel/v11,replay,data/traces/112893751.txt,0,1859635584,117868,124178,-6310,121739,121502
panel/v11,replay,data/traces/112888751.txt,1,2006789615,135878,119809,16069,130245,105141
panel/v11,replay,data/traces/112878228.txt,0,1929055367,173826,86644,87182,100862,77561
panel/v11,replay,data/traces/112868812.txt,0,1310499696,166667,109049,57618,120867,96664
panel/v11,replay,data/traces/112863375.txt,1,1158130191,122288,112639,9649,107195,100728
panel/v11,replay,data/traces/112862816.txt,1,930954182,109172,94656,14516,140648,126732
panel/v11,replay,data/traces/112861672.txt,1,151597434,193397,19132,174265,138951,119838
panel/v11,replay,data/traces/112850054.txt,1,1167736,107602,101133,6469,119396,77061
panel/v11,replay,data/traces/112847788.txt,1,631327013,147956,15439,132517,95940,27823
panel/v11,replay,data/traces/112901178.txt,0,182532323,90929,81028,9901,118725,83238
panel/v11,replay,data/traces/112900047.txt,1,1980858488,176614,74746,101868,96775,74285
panel/v11,replay,data/traces/112896592.txt,0,1137775888,114439,74209,40230,116992,72595
panel/v11,replay,data/traces/112878946.txt,1,1550050350,152191,91364,60827,115502,113781
panel/v11,replay,data/traces/112878538.txt,0,65259409,145453,130164,15289,94694,100890
panel/v11,replay,data/traces/112854357.txt,1,1720475956,129712,45546,84166,96398,88075
panel/v11,replay,data/traces/112735805.txt,0,401397591,146798,111456,35342,89517,92096
panel/v11,replay,data/traces/112642987.txt,0,584355409,122168,105475,16693,88978,87661
panel/v11,replay,data/traces/112639482.txt,1,1150669065,127822,124213,3609,141265,150418
panel/v11,replay,data/traces/112626855.txt,0,829921682,89321,83218,6103,71703,81763
panel/v11,replay,data/traces/112616236.txt,1,1084420597,103361,81558,21803,93508,100716
panel/v11,replay,data/traces/112589319.txt,0,1085715727,144661,129663,14998,112316,124831
panel/v11,replay,data/traces/112505268.txt,1,983635388,148434,66558,81876,99240,98528
panel/v11,replay,data/traces/112491246.txt,0,1275843248,74250,52074,22176,140446,135222
panel/v11,replay,data/traces/112897733.txt,1,302661326,85694,76010,9684,100043,58478
panel/v11,replay,data/traces/112894250.txt,1,435192026,158421,112717,45704,206478,74157
panel/v11,replay,data/traces/112891989.txt,0,1156944662,69180,57321,11859,153891,96123
panel/v11,replay,data/traces/112853383.txt,0,2002258695,162194,67148,95046,88659,91914
panel/v11,replay,data/traces/112794039.txt,1,1772685646,123685,64026,59659,110333,106170
panel/v11,replay,data/traces/112679068.txt,1,1080694309,107967,91437,16530,109281,118710
panel/v11,replay,data/traces/112646296.txt,1,1553677118,126948,84831,42117,83312,88683
panel/v11,replay,data/traces/112601402.txt,1,1441262148,134734,106708,28026,93619,101617
panel/v11,replay,data/traces/112561571.txt,1,459305426,87695,60505,27190,106446,112946
panel/v11,replay,data/traces/112893751.txt,1,1859635584,127328,132757,-5429,121502,121739
panel/v11,replay,data/traces/112884689.txt,1,1358502768,96689,114423,-17734,118114,102849
panel/v11,replay,data/traces/112872664.txt,0,1968456369,106451,97456,8995,106613,107377
panel/v11,replay,data/traces/112841312.txt,1,1846265686,72593,81449,-8856,90878,87305
panel/v11,replay,data/traces/112836021.txt,0,867794122,173863,73546,100317,147719,148877
panel/v11,replay,data/traces/112830034.txt,0,1801696520,150771,134651,16120,128311,118844
panel/v11,replay,data/traces/112801017.txt,1,1052798484,94476,87492,6984,84712,89945
panel/v11,replay,data/traces/112792878.txt,0,61272947,110211,85280,24931,126250,126702
panel/v11,replay,data/traces/112757903.txt,1,1215990968,128846,47585,81261,133015,150410
panel/v11,replay,data/traces/112749902.txt,1,2012408240,95294,97617,-2323,97061,101251
panel/v11,replay,data/traces/112735805.txt,1,401397591,76754,78208,-1454,92096,89517
panel/v11,replay,data/traces/112733515.txt,1,394471166,131415,107771,23644,97136,106741
panel/v11,replay,data/traces/112728907.txt,1,758365951,91873,85800,6073,79404,90670
panel/v11,replay,data/traces/112721923.txt,0,224020109,136966,101660,35306,91455,95661
panel/v11,replay,data/traces/112698759.txt,0,823034285,115310,47986,67324,149938,154772
panel/v11,replay,data/traces/112686947.txt,1,730671115,109245,72712,36533,107829,112745
panel/v12_aug,replay,data/traces/112895991.txt,1,1644432648,88013,75510,12503,180619,153699
panel/v12_aug,replay,data/traces/112894098.txt,1,201536810,126941,82442,44499,113525,99999
panel/v12_aug,replay,data/traces/112891809.txt,1,598297033,126855,113397,13458,120435,108057
panel/v12_aug,replay,data/traces/112876320.txt,1,476152589,184397,77332,107065,102021,61723
panel/v12_aug,replay,data/traces/112659230.txt,1,2038884264,96223,37758,58465,86540,143085
panel/v12_aug,replay,data/traces/112585731.txt,1,844736241,190227,130246,59981,102835,167577
panel/v12_aug,replay,data/traces/112531901.txt,0,1130804311,134554,136562,-2008,101957,96458
panel/v12_aug,replay,data/traces/112499720.txt,1,1497090242,91588,87544,4044,100556,97872
panel/v12_aug,replay,data/traces/112471604.txt,0,998350072,96204,102400,-6196,128198,115014
panel/v12_aug,replay,data/traces/112446065.txt,0,1299923010,89534,94242,-4708,136906,127039
panel/v12_aug,replay,data/traces/112437698.txt,0,1614861397,122737,109801,12936,92016,87629
panel/v12_aug,replay,data/traces/112421116.txt,0,1628081126,109554,97349,12205,109273,91536
panel/v12_aug,replay,data/traces/112417447.txt,0,1389258819,103314,94641,8673,75782,66377
panel/v12_aug,replay,data/traces/112405569.txt,0,1085226792,188527,132088,56439,98080,85602
panel/v12_aug,replay,data/traces/112901992.txt,0,1049545150,143862,62072,81790,82000,80911
panel/v12_aug,replay,data/traces/112890239.txt,0,2063263451,135259,71838,63421,106438,97966
panel/v12_aug,replay,data/traces/112884369.txt,0,315410585,179149,246,178903,103328,94305
panel/v12_aug,replay,data/traces/112878538.txt,1,65259409,166558,80263,86295,100890,94694
panel/v12_aug,replay,data/traces/112875034.txt,0,247098952,175668,84634,91034,89724,74859
panel/v12_aug,replay,data/traces/112873844.txt,1,1688663938,158112,82017,76095,109053,100820
panel/v12_aug,replay,data/traces/112872664.txt,1,1968456369,142947,47668,95279,107377,106613
panel/v12_aug,replay,data/traces/112867945.txt,1,1980437913,213403,0,213403,87169,80610
panel/v12_aug,replay,data/traces/112864461.txt,1,1150097132,131574,6169,125405,120166,109868
panel/v12_aug,replay,data/traces/112863241.txt,1,1326820366,169496,134655,34841,104851,90971
panel/v12_aug,replay,data/traces/112862128.txt,1,171589976,141921,101026,40895,99921,86499
panel/v12_aug,replay,data/traces/112850332.txt,0,1218725851,103104,101075,2029,92153,83674
panel/v12_aug,replay,data/traces/112829996.txt,1,211633960,136872,105763,31109,101117,97191
panel/v12_aug,replay,data/traces/112806073.txt,1,1991185039,163017,143806,19211,126893,67185
panel/v12_aug,replay,data/traces/112769830.txt,1,985340199,157984,87573,70411,123633,116873
panel/v12_aug,replay,data/traces/112642010.txt,0,329948488,110113,86201,23912,132405,124937
panel/v12_aug,replay,data/traces/112901784.txt,0,2000658955,170524,39101,131423,142586,112816
panel/v12_aug,replay,data/traces/112892354.txt,0,2005662201,147332,69645,77687,124287,88866
panel/v12_aug,replay,data/traces/112890005.txt,0,1452090302,125365,77461,47904,101127,80618
panel/v12_aug,replay,data/traces/112888845.txt,0,285692199,120382,125577,-5195,119485,95751
panel/v12_aug,replay,data/traces/112885342.txt,1,551771902,156883,94722,62161,114188,97372
panel/v12_aug,replay,data/traces/112880657.txt,1,2016708405,120324,87920,32404,142650,121361
panel/v12_aug,replay,data/traces/112878314.txt,0,2083988403,127054,125359,1695,124520,101753
panel/v12_aug,replay,data/traces/112875475.txt,1,1496757983,191573,53530,138043,85717,58948
panel/v12_aug,replay,data/traces/112864240.txt,0,1494161876,121574,75365,46209,137452,122839
panel/v12_aug,replay,data/traces/112863066.txt,1,857129106,164046,0,164046,118292,86896
panel/v12_aug,replay,data/traces/112858395.txt,1,1096247145,109932,65803,44129,128400,101398
panel/v12_aug,replay,data/traces/112853552.txt,0,419625600,228124,3,228121,123234,87935
panel/v12_aug,replay,data/traces/112852343.txt,0,1291321718,253414,54,253360,121939,92633
panel/v12_aug,replay,data/traces/112831625.txt,1,383964947,167809,87960,79849,141050,51011
panel/v12_aug,replay,data/traces/112728907.txt,0,758365951,84497,75005,9492,90670,79404
panel/v12_aug,replay,data/traces/112589319.txt,1,1085715727,130998,92449,38549,124831,112316
panel/v12_aug,replay,data/traces/112890239.txt,1,2063263451,174190,100190,74000,97966,106438
panel/v12_aug,replay,data/traces/112853383.txt,1,2002258695,117997,73405,44592,91914,88659
panel/v12_aug,replay,data/traces/112843959.txt,0,1270071376,138915,127125,11790,118057,126201
panel/v12_aug,replay,data/traces/112836021.txt,1,867794122,118206,85631,32575,148877,147719
panel/v12_aug,replay,data/traces/112822003.txt,1,658386570,139348,118003,21345,88349,102200
panel/v12_aug,replay,data/traces/112776803.txt,0,367822176,110909,104560,6349,88808,92268
panel/v12_aug,replay,data/traces/112757903.txt,0,1215990968,125443,106418,19025,150410,133015
panel/v12_aug,replay,data/traces/112749903.txt,0,2099715200,151822,105495,46327,94209,91110
panel/v12_aug,replay,data/traces/112741826.txt,0,1782755185,138505,103351,35154,123974,128145
panel/v12_aug,replay,data/traces/112698759.txt,1,823034285,140635,112283,28352,154772,149938
panel/v12_aug,replay,data/traces/112654478.txt,1,1785631914,139210,101891,37319,129638,148376
panel/v12_aug,replay,data/traces/112642909.txt,1,1688329554,111986,113722,-1736,105276,99881
panel/v12_aug,replay,data/traces/112637448.txt,1,2068079998,124520,98021,26499,103884,110294
panel/v12_aug,replay,data/traces/112632279.txt,0,409128422,120819,110271,10548,91132,96962
panel/v12_aug,replay,data/traces/112626855.txt,1,829921682,90009,75162,14847,81763,71703
panel/v12_aug,replay,data/traces/112617125.txt,0,1000810244,107341,94761,12580,76966,76251
panel/v12_aug,replay,data/traces/112654478.txt,0,1785631914,113342,80765,32577,148376,129638
panel/v12_aug,replay,data/traces/112616237.txt,0,398187590,163851,22326,141525,86841,79700
panel/v12_aug,replay,data/traces/112503124.txt,0,987490774,72566,55890,16676,83668,82014
panel/v12_aug,replay,data/traces/112462531.txt,1,519485320,101555,95372,6183,75258,86421
panel/v12_aug,replay,data/traces/112462537.txt,1,359173333,126921,31292,95629,107063,97695
panel/v12_aug,replay,data/traces/112396243.txt,0,427986230,82165,68584,13581,94644,94505
panel/v12_aug,replay,data/traces/112378715.txt,1,146404141,107489,113695,-6206,78560,84946
panel/v12_aug,replay,data/traces/112361930.txt,0,465567551,103966,120011,-16045,112181,114749
panel/v12_aug,replay,data/traces/112346122.txt,0,1466411344,103253,90426,12827,89103,79804
panel/v12_aug,replay,data/traces/112330549.txt,1,380056407,152759,129333,23426,87865,80205
panel/v12_aug,replay,data/traces/112286808.txt,1,1307816317,174672,6131,168541,111093,82147
panel/v12_aug,replay,data/traces/112279383.txt,0,369266329,143724,118252,25472,125376,115904
panel/v12_aug,replay,data/traces/112271999.txt,1,2024799368,162257,11448,150809,93412,80816
panel/v12_aug,replay,data/traces/112258534.txt,0,990193199,117957,41576,76381,80611,76293
panel/v12_aug,replay,data/traces/112226836.txt,1,1651122030,163840,137942,25898,108992,103161
panel/v12_aug,replay,data/traces/112212987.txt,1,426346919,127056,64329,62727,164160,146752
panel/v12_aug,replay,data/traces/112878946.txt,0,1550050350,136315,105230,31085,113781,115502
panel/v12_aug,replay,data/traces/112862551.txt,0,597683262,140878,91394,49484,89424,97417
panel/v12_aug,replay,data/traces/112861061.txt,1,652003659,113303,90409,22894,117144,111108
panel/v12_aug,replay,data/traces/112846229.txt,0,1609498403,88309,45704,42605,92359,87749
panel/v12_aug,replay,data/traces/112830783.txt,1,572472665,78569,73547,5022,92934,89187
panel/v12_aug,replay,data/traces/112829996.txt,0,211633960,103622,86851,16771,97191,101117
panel/v12_aug,replay,data/traces/112822003.txt,0,658386570,142669,111772,30897,102200,88349
panel/v12_aug,replay,data/traces/112794039.txt,0,1772685646,118924,114144,4780,106170,110333
panel/v12_aug,replay,data/traces/112769830.txt,0,985340199,155624,136251,19373,116873,123633
panel/v12_aug,replay,data/traces/112746420.txt,1,1021819996,123950,108431,15519,81788,79841
panel/v12_aug,replay,data/traces/112730189.txt,0,858010337,141888,134891,6997,130631,128363
panel/v12_aug,replay,data/traces/112724470.txt,1,1820231052,170090,107347,62743,97930,92272
panel/v12_aug,replay,data/traces/112690414.txt,0,976872641,72764,56308,16456,95751,99439
panel/v12_aug,replay,data/traces/112686947.txt,0,730671115,107410,85954,21456,112745,107829
panel/v12_aug,replay,data/traces/112679068.txt,0,1080694309,112291,71565,40726,118710,109281
panel/v12_aug,replay,data/traces/112675193.txt,1,900140237,109534,106233,3301,142326,129595
panel/v12_aug,replay,data/traces/112901992.txt,1,1049545150,106173,100831,5342,80911,82000
panel/v12_aug,replay,data/traces/112901660.txt,0,1143114248,94005,78374,15631,134151,105498
panel/v12_aug,replay,data/traces/112898153.txt,1,203817414,111796,78465,33331,99559,85406
panel/v12_aug,replay,data/traces/112893751.txt,0,1859635584,125224,117223,8001,121739,121502
panel/v12_aug,replay,data/traces/112888751.txt,1,2006789615,144734,128627,16107,130245,105141
panel/v12_aug,replay,data/traces/112878228.txt,0,1929055367,108565,59527,49038,100862,77561
panel/v12_aug,replay,data/traces/112868812.txt,0,1310499696,129100,70972,58128,120867,96664
panel/v12_aug,replay,data/traces/112863375.txt,1,1158130191,70545,58078,12467,107195,100728
panel/v12_aug,replay,data/traces/112862816.txt,1,930954182,129728,105200,24528,140648,126732
panel/v12_aug,replay,data/traces/112861672.txt,1,151597434,135202,18533,116669,138951,119838
panel/v12_aug,replay,data/traces/112850054.txt,1,1167736,140689,99870,40819,119396,77061
panel/v12_aug,replay,data/traces/112847788.txt,1,631327013,129168,21137,108031,95940,27823
panel/v12_aug,replay,data/traces/112901178.txt,0,182532323,140082,94400,45682,118725,83238
panel/v12_aug,replay,data/traces/112900047.txt,1,1980858488,150752,60820,89932,96775,74285
panel/v12_aug,replay,data/traces/112896592.txt,0,1137775888,122190,79012,43178,116992,72595
panel/v12_aug,replay,data/traces/112878946.txt,1,1550050350,155771,53582,102189,115502,113781
panel/v12_aug,replay,data/traces/112878538.txt,0,65259409,130148,102417,27731,94694,100890
panel/v12_aug,replay,data/traces/112854357.txt,1,1720475956,208336,59071,149265,96398,88075
panel/v12_aug,replay,data/traces/112735805.txt,0,401397591,123392,107583,15809,89517,92096
panel/v12_aug,replay,data/traces/112642987.txt,0,584355409,109856,102620,7236,88978,87661
panel/v12_aug,replay,data/traces/112639482.txt,1,1150669065,148996,106284,42712,141265,150418
panel/v12_aug,replay,data/traces/112626855.txt,0,829921682,165666,100629,65037,71703,81763
panel/v12_aug,replay,data/traces/112616236.txt,1,1084420597,117497,95880,21617,93508,100716
panel/v12_aug,replay,data/traces/112589319.txt,0,1085715727,120004,121201,-1197,112316,124831
panel/v12_aug,replay,data/traces/112505268.txt,1,983635388,103982,97640,6342,99240,98528
panel/v12_aug,replay,data/traces/112491246.txt,0,1275843248,118711,122519,-3808,140446,135222
panel/v12_aug,replay,data/traces/112897733.txt,1,302661326,140043,93442,46601,100043,58478
panel/v12_aug,replay,data/traces/112894250.txt,1,435192026,129340,76793,52547,206478,74157
panel/v12_aug,replay,data/traces/112891989.txt,0,1156944662,133467,109968,23499,153891,96123
panel/v12_aug,replay,data/traces/112853383.txt,0,2002258695,138019,91706,46313,88659,91914
panel/v12_aug,replay,data/traces/112794039.txt,1,1772685646,167783,122549,45234,110333,106170
panel/v12_aug,replay,data/traces/112679068.txt,1,1080694309,148894,68992,79902,109281,118710
panel/v12_aug,replay,data/traces/112646296.txt,1,1553677118,131246,94916,36330,83312,88683
panel/v12_aug,replay,data/traces/112601402.txt,1,1441262148,89105,68962,20143,93619,101617
panel/v12_aug,replay,data/traces/112561571.txt,1,459305426,148677,93367,55310,106446,112946
panel/v12_aug,replay,data/traces/112893751.txt,1,1859635584,124217,108819,15398,121502,121739
panel/v12_aug,replay,data/traces/112884689.txt,1,1358502768,72825,69299,3526,118114,102849
panel/v12_aug,replay,data/traces/112872664.txt,0,1968456369,120012,96896,23116,106613,107377
panel/v12_aug,replay,data/traces/112841312.txt,1,1846265686,129820,115954,13866,90878,87305
panel/v12_aug,replay,data/traces/112836021.txt,0,867794122,187655,49369,138286,147719,148877
panel/v12_aug,replay,data/traces/112830034.txt,0,1801696520,135326,137112,-1786,128311,118844
panel/v12_aug,replay,data/traces/112801017.txt,1,1052798484,110135,104103,6032,84712,89945
panel/v12_aug,replay,data/traces/112792878.txt,0,61272947,141545,116247,25298,126250,126702
panel/v12_aug,replay,data/traces/112757903.txt,1,1215990968,161209,77528,83681,133015,150410
panel/v12_aug,replay,data/traces/112749902.txt,1,2012408240,100952,86797,14155,97061,101251
panel/v12_aug,replay,data/traces/112735805.txt,1,401397591,104018,72218,31800,92096,89517
panel/v12_aug,replay,data/traces/112733515.txt,1,394471166,120356,82282,38074,97136,106741
panel/v12_aug,replay,data/traces/112728907.txt,1,758365951,88611,80526,8085,79404,90670
panel/v12_aug,replay,data/traces/112721923.txt,0,224020109,114182,105892,8290,91455,95661
panel/v12_aug,replay,data/traces/112698759.txt,0,823034285,125118,49630,75488,149938,154772
panel/v12_aug,replay,data/traces/112686947.txt,1,730671115,103774,107611,-3837,107829,112745
panel/v12_cond,replay,data/traces/112895991.txt,1,1644432648,79462,54317,25145,180619,153699
panel/v12_cond,replay,data/traces/112894098.txt,1,201536810,154459,77242,77217,113525,99999
panel/v12_cond,replay,data/traces/112891809.txt,1,598297033,96969,105905,-8936,120435,108057
panel/v12_cond,replay,data/traces/112876320.txt,1,476152589,154144,71611,82533,102021,61723
panel/v12_cond,replay,data/traces/112659230.txt,1,2038884264,133810,88123,45687,86540,143085
panel/v12_cond,replay,data/traces/112585731.txt,1,844736241,128357,80930,47427,102835,167577
panel/v12_cond,replay,data/traces/112531901.txt,0,1130804311,106650,101093,5557,101957,96458
panel/v12_cond,replay,data/traces/112499720.txt,1,1497090242,95240,85508,9732,100556,97872
panel/v12_cond,replay,data/traces/112471604.txt,0,998350072,88817,96738,-7921,128198,115014
panel/v12_cond,replay,data/traces/112446065.txt,0,1299923010,126501,80398,46103,136906,127039
panel/v12_cond,replay,data/traces/112437698.txt,0,1614861397,99935,110238,-10303,92016,87629
panel/v12_cond,replay,data/traces/112421116.txt,0,1628081126,100637,90419,10218,109273,91536
panel/v12_cond,replay,data/traces/112417447.txt,0,1389258819,97072,50238,46834,75782,66377
panel/v12_cond,replay,data/traces/112405569.txt,0,1085226792,152535,116326,36209,98080,85602
panel/v12_cond,replay,data/traces/112901992.txt,0,1049545150,129965,60931,69034,82000,80911
panel/v12_cond,replay,data/traces/112890239.txt,0,2063263451,165674,87440,78234,106438,97966
panel/v12_cond,replay,data/traces/112884369.txt,0,315410585,195086,222,194864,103328,94305
panel/v12_cond,replay,data/traces/112878538.txt,1,65259409,111003,59638,51365,100890,94694
panel/v12_cond,replay,data/traces/112875034.txt,0,247098952,174570,96435,78135,89724,74859
panel/v12_cond,replay,data/traces/112873844.txt,1,1688663938,121058,68660,52398,109053,100820
panel/v12_cond,replay,data/traces/112872664.txt,1,1968456369,148963,31387,117576,107377,106613
panel/v12_cond,replay,data/traces/112867945.txt,1,1980437913,152340,30502,121838,87169,80610
panel/v12_cond,replay,data/traces/112864461.txt,1,1150097132,147011,16545,130466,120166,109868
panel/v12_cond,replay,data/traces/112863241.txt,1,1326820366,160240,129781,30459,104851,90971
panel/v12_cond,replay,data/traces/112862128.txt,1,171589976,92344,81233,11111,99921,86499
panel/v12_cond,replay,data/traces/112850332.txt,0,1218725851,83291,76143,7148,92153,83674
panel/v12_cond,replay,data/traces/112829996.txt,1,211633960,148484,103018,45466,101117,97191
panel/v12_cond,replay,data/traces/112806073.txt,1,1991185039,102656,102651,5,126893,67185
panel/v12_cond,replay,data/traces/112769830.txt,1,985340199,134269,128131,6138,123633,116873
panel/v12_cond,replay,data/traces/112642010.txt,0,329948488,140883,55690,85193,132405,124937
panel/v12_cond,replay,data/traces/112901784.txt,0,2000658955,163927,48978,114949,142586,112816
panel/v12_cond,replay,data/traces/112892354.txt,0,2005662201,168882,35876,133006,124287,88866
panel/v12_cond,replay,data/traces/112890005.txt,0,1452090302,113617,78540,35077,101127,80618
panel/v12_cond,replay,data/traces/112888845.txt,0,285692199,79209,82900,-3691,119485,95751
panel/v12_cond,replay,data/traces/112885342.txt,1,551771902,139219,107757,31462,114188,97372
panel/v12_cond,replay,data/traces/112880657.txt,1,2016708405,166500,143523,22977,142650,121361
panel/v12_cond,replay,data/traces/112878314.txt,0,2083988403,162469,87229,75240,124520,101753
panel/v12_cond,replay,data/traces/112875475.txt,1,1496757983,177769,54595,123174,85717,58948
panel/v12_cond,replay,data/traces/112864240.txt,0,1494161876,104932,55324,49608,137452,122839
panel/v12_cond,replay,data/traces/112863066.txt,1,857129106,202438,0,202438,118292,86896
panel/v12_cond,replay,data/traces/112858395.txt,1,1096247145,134730,71701,63029,128400,101398
panel/v12_cond,replay,data/traces/112853552.txt,0,419625600,228231,0,228231,123234,87935
panel/v12_cond,replay,data/traces/112852343.txt,0,1291321718,185948,54,185894,121939,92633
panel/v12_cond,replay,data/traces/112831625.txt,1,383964947,73740,48266,25474,141050,51011
panel/v12_cond,replay,data/traces/112728907.txt,0,758365951,83016,80364,2652,90670,79404
panel/v12_cond,replay,data/traces/112589319.txt,1,1085715727,155611,134324,21287,124831,112316
panel/v12_cond,replay,data/traces/112890239.txt,1,2063263451,147378,114268,33110,97966,106438
panel/v12_cond,replay,data/traces/112853383.txt,1,2002258695,141002,105305,35697,91914,88659
panel/v12_cond,replay,data/traces/112843959.txt,0,1270071376,83010,36343,46667,118057,126201
panel/v12_cond,replay,data/traces/112836021.txt,1,867794122,115064,123613,-8549,148877,147719
panel/v12_cond,replay,data/traces/112822003.txt,1,658386570,138948,112528,26420,88349,102200
panel/v12_cond,replay,data/traces/112776803.txt,0,367822176,127215,109262,17953,88808,92268
panel/v12_cond,replay,data/traces/112757903.txt,0,1215990968,102600,96844,5756,150410,133015
panel/v12_cond,replay,data/traces/112749903.txt,0,2099715200,129098,116557,12541,94209,91110
panel/v12_cond,replay,data/traces/112741826.txt,0,1782755185,127263,136402,-9139,123974,128145
panel/v12_cond,replay,data/traces/112698759.txt,1,823034285,139247,136822,2425,154772,149938
panel/v12_cond,replay,data/traces/112654478.txt,1,1785631914,114105,107568,6537,129638,148376
panel/v12_cond,replay,data/traces/112642909.txt,1,1688329554,148227,112006,36221,105276,99881
panel/v12_cond,replay,data/traces/112637448.txt,1,2068079998,105246,100920,4326,103884,110294
panel/v12_cond,replay,data/traces/112632279.txt,0,409128422,146052,124993,21059,91132,96962
panel/v12_cond,replay,data/traces/112626855.txt,1,829921682,158990,100711,58279,81763,71703
panel/v12_cond,replay,data/traces/112617125.txt,0,1000810244,133881,104079,29802,76966,76251
panel/v12_cond,replay,data/traces/112654478.txt,0,1785631914,97163,112469,-15306,148376,129638
panel/v12_cond,replay,data/traces/112616237.txt,0,398187590,209360,23794,185566,86841,79700
panel/v12_cond,replay,data/traces/112503124.txt,0,987490774,79331,84818,-5487,83668,82014
panel/v12_cond,replay,data/traces/112462531.txt,1,519485320,86080,81586,4494,75258,86421
panel/v12_cond,replay,data/traces/112462537.txt,1,359173333,132389,30939,101450,107063,97695
panel/v12_cond,replay,data/traces/112396243.txt,0,427986230,123574,126500,-2926,94644,94505
panel/v12_cond,replay,data/traces/112378715.txt,1,146404141,94019,88512,5507,78560,84946
panel/v12_cond,replay,data/traces/112361930.txt,0,465567551,112378,121766,-9388,112181,114749
panel/v12_cond,replay,data/traces/112346122.txt,0,1466411344,77710,84285,-6575,89103,79804
panel/v12_cond,replay,data/traces/112330549.txt,1,380056407,168801,120380,48421,87865,80205
panel/v12_cond,replay,data/traces/112286808.txt,1,1307816317,179309,8621,170688,111093,82147
panel/v12_cond,replay,data/traces/112279383.txt,0,369266329,136203,102549,33654,125376,115904
panel/v12_cond,replay,data/traces/112271999.txt,1,2024799368,153303,14470,138833,93412,80816
panel/v12_cond,replay,data/traces/112258534.txt,0,990193199,72291,41827,30464,80611,76293
panel/v12_cond,replay,data/traces/112226836.txt,1,1651122030,163201,79166,84035,108992,103161
panel/v12_cond,replay,data/traces/112212987.txt,1,426346919,142596,88594,54002,164160,146752
panel/v12_cond,replay,data/traces/112878946.txt,0,1550050350,132112,125773,6339,113781,115502
panel/v12_cond,replay,data/traces/112862551.txt,0,597683262,150273,114161,36112,89424,97417
panel/v12_cond,replay,data/traces/112861061.txt,1,652003659,119975,124489,-4514,117144,111108
panel/v12_cond,replay,data/traces/112846229.txt,0,1609498403,106612,101780,4832,92359,87749
panel/v12_cond,replay,data/traces/112830783.txt,1,572472665,84615,83794,821,92934,89187
panel/v12_cond,replay,data/traces/112829996.txt,0,211633960,150028,109240,40788,97191,101117
panel/v12_cond,replay,data/traces/112822003.txt,0,658386570,81010,78896,2114,102200,88349
panel/v12_cond,replay,data/traces/112794039.txt,0,1772685646,125236,99479,25757,106170,110333
panel/v12_cond,replay,data/traces/112769830.txt,0,985340199,135629,103535,32094,116873,123633
panel/v12_cond,replay,data/traces/112746420.txt,1,1021819996,124880,117984,6896,81788,79841
panel/v12_cond,replay,data/traces/112730189.txt,0,858010337,116384,118872,-2488,130631,128363
panel/v12_cond,replay,data/traces/112724470.txt,1,1820231052,145134,98050,47084,97930,92272
panel/v12_cond,replay,data/traces/112690414.txt,0,976872641,124338,80181,44157,95751,99439
panel/v12_cond,replay,data/traces/112686947.txt,0,730671115,120702,135257,-14555,112745,107829
panel/v12_cond,replay,data/traces/112679068.txt,0,1080694309,100242,94518,5724,118710,109281
panel/v12_cond,replay,data/traces/112675193.txt,1,900140237,149101,134999,14102,142326,129595
panel/v12_cond,replay,data/traces/112901992.txt,1,1049545150,94417,89383,5034,80911,82000
panel/v12_cond,replay,data/traces/112901660.txt,0,1143114248,80192,54344,25848,134151,105498
panel/v12_cond,replay,data/traces/112898153.txt,1,203817414,110659,90475,20184,99559,85406
panel/v12_cond,replay,data/traces/112893751.txt,0,1859635584,128213,123644,4569,121739,121502
panel/v12_cond,replay,data/traces/112888751.txt,1,2006789615,109136,104289,4847,130245,105141
panel/v12_cond,replay,data/traces/112878228.txt,0,1929055367,123388,58608,64780,100862,77561
panel/v12_cond,replay,data/traces/112868812.txt,0,1310499696,143472,88397,55075,120867,96664
panel/v12_cond,replay,data/traces/112863375.txt,1,1158130191,117822,114622,3200,107195,100728
panel/v12_cond,replay,data/traces/112862816.txt,1,930954182,105175,78867,26308,140648,126732
panel/v12_cond,replay,data/traces/112861672.txt,1,151597434,170899,28878,142021,138951,119838
panel/v12_cond,replay,data/traces/112850054.txt,1,1167736,106369,95573,10796,119396,77061
panel/v12_cond,replay,data/traces/112847788.txt,1,631327013,209118,23036,186082,95940,27823
panel/v12_cond,replay,data/traces/112901178.txt,0,182532323,132006,108617,23389,118725,83238
panel/v12_cond,replay,data/traces/112900047.txt,1,1980858488,170225,66429,103796,96775,74285
panel/v12_cond,replay,data/traces/112896592.txt,0,1137775888,142918,85354,57564,116992,72595
panel/v12_cond,replay,data/traces/112878946.txt,1,1550050350,138264,76971,61293,115502,113781
panel/v12_cond,replay,data/traces/112878538.txt,0,65259409,143803,123918,19885,94694,100890
panel/v12_cond,replay,data/traces/112854357.txt,1,1720475956,116586,56629,59957,96398,88075
panel/v12_cond,replay,data/traces/112735805.txt,0,401397591,138249,99713,38536,89517,92096
panel/v12_cond,replay,data/traces/112642987.txt,0,584355409,112068,103359,8709,88978,87661
panel/v12_cond,replay,data/traces/112639482.txt,1,1150669065,169151,122064,47087,141265,150418
panel/v12_cond,replay,data/traces/112626855.txt,0,829921682,102774,83741,19033,71703,81763
panel/v12_cond,replay,data/traces/112616236.txt,1,1084420597,121550,105854,15696,93508,100716
panel/v12_cond,replay,data/traces/112589319.txt,0,1085715727,137039,103348,33691,112316,124831
panel/v12_cond,replay,data/traces/112505268.txt,1,983635388,150309,53859,96450,99240,98528
panel/v12_cond,replay,data/traces/112491246.txt,0,1275843248,105038,107441,-2403,140446,135222
panel/v12_cond,replay,data/traces/112897733.txt,1,302661326,102587,80335,22252,100043,58478
panel/v12_cond,replay,data/traces/112894250.txt,1,435192026,149180,88763,60417,206478,74157
panel/v12_cond,replay,data/traces/112891989.txt,0,1156944662,113322,106606,6716,153891,96123
panel/v12_cond,replay,data/traces/112853383.txt,0,2002258695,157585,71267,86318,88659,91914
panel/v12_cond,replay,data/traces/112794039.txt,1,1772685646,156621,92285,64336,110333,106170
panel/v12_cond,replay,data/traces/112679068.txt,1,1080694309,115384,65751,49633,109281,118710
panel/v12_cond,replay,data/traces/112646296.txt,1,1553677118,135837,92120,43717,83312,88683
panel/v12_cond,replay,data/traces/112601402.txt,1,1441262148,119690,114278,5412,93619,101617
panel/v12_cond,replay,data/traces/112561571.txt,1,459305426,96052,77524,18528,106446,112946
panel/v12_cond,replay,data/traces/112893751.txt,1,1859635584,164688,151559,13129,121502,121739
panel/v12_cond,replay,data/traces/112884689.txt,1,1358502768,136226,136421,-195,118114,102849
panel/v12_cond,replay,data/traces/112872664.txt,0,1968456369,121499,90482,31017,106613,107377
panel/v12_cond,replay,data/traces/112841312.txt,1,1846265686,94185,96997,-2812,90878,87305
panel/v12_cond,replay,data/traces/112836021.txt,0,867794122,124467,53979,70488,147719,148877
panel/v12_cond,replay,data/traces/112830034.txt,0,1801696520,135927,127997,7930,128311,118844
panel/v12_cond,replay,data/traces/112801017.txt,1,1052798484,141056,111713,29343,84712,89945
panel/v12_cond,replay,data/traces/112792878.txt,0,61272947,125482,133917,-8435,126250,126702
panel/v12_cond,replay,data/traces/112757903.txt,1,1215990968,162999,49114,113885,133015,150410
panel/v12_cond,replay,data/traces/112749902.txt,1,2012408240,174211,138786,35425,97061,101251
panel/v12_cond,replay,data/traces/112735805.txt,1,401397591,146354,111339,35015,92096,89517
panel/v12_cond,replay,data/traces/112733515.txt,1,394471166,158838,120753,38085,97136,106741
panel/v12_cond,replay,data/traces/112728907.txt,1,758365951,99641,75564,24077,79404,90670
panel/v12_cond,replay,data/traces/112721923.txt,0,224020109,128464,85740,42724,91455,95661
panel/v12_cond,replay,data/traces/112698759.txt,0,823034285,130200,43002,87198,149938,154772
panel/v12_cond,replay,data/traces/112686947.txt,1,730671115,97958,108583,-10625,107829,112745
panel/v12_open6_vadim,replay,data/traces/112895991.txt,1,1644432648,80938,58674,22264,180619,153699
panel/v12_open6_vadim,replay,data/traces/112894098.txt,1,201536810,168424,99498,68926,113525,99999
panel/v12_open6_vadim,replay,data/traces/112891809.txt,1,598297033,121600,105044,16556,120435,108057
panel/v12_open6_vadim,replay,data/traces/112876320.txt,1,476152589,192463,74365,118098,102021,61723
panel/v12_open6_vadim,replay,data/traces/112659230.txt,1,2038884264,137515,99437,38078,86540,143085
panel/v12_open6_vadim,replay,data/traces/112585731.txt,1,844736241,174698,91555,83143,102835,167577
panel/v12_open6_vadim,replay,data/traces/112531901.txt,0,1130804311,89953,88094,1859,101957,96458
panel/v12_open6_vadim,replay,data/traces/112499720.txt,1,1497090242,136730,132326,4404,100556,97872
panel/v12_open6_vadim,replay,data/traces/112471604.txt,0,998350072,99912,119356,-19444,128198,115014
panel/v12_open6_vadim,replay,data/traces/112446065.txt,0,1299923010,143691,63114,80577,136906,127039
panel/v12_open6_vadim,replay,data/traces/112437698.txt,0,1614861397,126669,119907,6762,92016,87629
panel/v12_open6_vadim,replay,data/traces/112421116.txt,0,1628081126,139669,106636,33033,109273,91536
panel/v12_open6_vadim,replay,data/traces/112417447.txt,0,1389258819,78232,44982,33250,75782,66377
panel/v12_open6_vadim,replay,data/traces/112405569.txt,0,1085226792,173029,130497,42532,98080,85602
panel/v12_open6_vadim,replay,data/traces/112901992.txt,0,1049545150,116753,91435,25318,82000,80911
panel/v12_open6_vadim,replay,data/traces/112890239.txt,0,2063263451,152611,80997,71614,106438,97966
panel/v12_open6_vadim,replay,data/traces/112884369.txt,0,315410585,183942,237,183705,103328,94305
panel/v12_open6_vadim,replay,data/traces/112878538.txt,1,65259409,175924,58203,117721,100890,94694
panel/v12_open6_vadim,replay,data/traces/112875034.txt,0,247098952,119099,62471,56628,89724,74859
panel/v12_open6_vadim,replay,data/traces/112873844.txt,1,1688663938,90686,51009,39677,109053,100820
panel/v12_open6_vadim,replay,data/traces/112872664.txt,1,1968456369,91098,85429,5669,107377,106613
panel/v12_open6_vadim,replay,data/traces/112867945.txt,1,1980437913,160991,1383,159608,87169,80610
panel/v12_open6_vadim,replay,data/traces/112864461.txt,1,1150097132,163397,6434,156963,120166,109868
panel/v12_open6_vadim,replay,data/traces/112863241.txt,1,1326820366,117953,104563,13390,104851,90971
panel/v12_open6_vadim,replay,data/traces/112862128.txt,1,171589976,123382,114290,9092,99921,86499
panel/v12_open6_vadim,replay,data/traces/112850332.txt,0,1218725851,78375,74758,3617,92153,83674
panel/v12_open6_vadim,replay,data/traces/112829996.txt,1,211633960,143636,107460,36176,101117,97191
panel/v12_open6_vadim,replay,data/traces/112806073.txt,1,1991185039,91000,68965,22035,126893,67185
panel/v12_open6_vadim,replay,data/traces/112769830.txt,1,985340199,139187,141639,-2452,123633,116873
panel/v12_open6_vadim,replay,data/traces/112642010.txt,0,329948488,136631,63570,73061,132405,124937
panel/v12_open6_vadim,replay,data/traces/112901784.txt,0,2000658955,185657,39163,146494,142586,112816
panel/v12_open6_vadim,replay,data/traces/112892354.txt,0,2005662201,176827,85192,91635,124287,88866
panel/v12_open6_vadim,replay,data/traces/112890005.txt,0,1452090302,136609,82359,54250,101127,80618
panel/v12_open6_vadim,replay,data/traces/112888845.txt,0,285692199,126575,129781,-3206,119485,95751
panel/v12_open6_vadim,replay,data/traces/112885342.txt,1,551771902,154528,113038,41490,114188,97372
panel/v12_open6_vadim,replay,data/traces/112880657.txt,1,2016708405,127224,106239,20985,142650,121361
panel/v12_open6_vadim,replay,data/traces/112878314.txt,0,2083988403,102074,95269,6805,124520,101753
panel/v12_open6_vadim,replay,data/traces/112875475.txt,1,1496757983,192677,47960,144717,85717,58948
panel/v12_open6_vadim,replay,data/traces/112864240.txt,0,1494161876,99076,82565,16511,137452,122839
panel/v12_open6_vadim,replay,data/traces/112863066.txt,1,857129106,205328,0,205328,118292,86896
panel/v12_open6_vadim,replay,data/traces/112858395.txt,1,1096247145,156970,58254,98716,128400,101398
panel/v12_open6_vadim,replay,data/traces/112853552.txt,0,419625600,213163,2,213161,123234,87935
panel/v12_open6_vadim,replay,data/traces/112852343.txt,0,1291321718,179134,29,179105,121939,92633
panel/v12_open6_vadim,replay,data/traces/112831625.txt,1,383964947,198874,101014,97860,141050,51011
panel/v12_open6_vadim,replay,data/traces/112728907.txt,0,758365951,93887,93678,209,90670,79404
panel/v12_open6_vadim,replay,data/traces/112589319.txt,1,1085715727,92123,90806,1317,124831,112316
panel/v12_open6_vadim,replay,data/traces/112890239.txt,1,2063263451,156659,128883,27776,97966,106438
panel/v12_open6_vadim,replay,data/traces/112853383.txt,1,2002258695,152167,109439,42728,91914,88659
panel/v12_open6_vadim,replay,data/traces/112843959.txt,0,1270071376,112500,77264,35236,118057,126201
panel/v12_open6_vadim,replay,data/traces/112836021.txt,1,867794122,117150,125323,-8173,148877,147719
panel/v12_open6_vadim,replay,data/traces/112822003.txt,1,658386570,109652,108305,1347,88349,102200
panel/v12_open6_vadim,replay,data/traces/112776803.txt,0,367822176,137529,98249,39280,88808,92268
panel/v12_open6_vadim,replay,data/traces/112757903.txt,0,1215990968,117304,128998,-11694,150410,133015
panel/v12_open6_vadim,replay,data/traces/112749903.txt,0,2099715200,191390,102073,89317,94209,91110
panel/v12_open6_vadim,replay,data/traces/112741826.txt,0,1782755185,121697,128869,-7172,123974,128145
panel/v12_open6_vadim,replay,data/traces/112698759.txt,1,823034285,145752,147472,-1720,154772,149938
panel/v12_open6_vadim,replay,data/traces/112654478.txt,1,1785631914,120814,123269,-2455,129638,148376
panel/v12_open6_vadim,replay,data/traces/112642909.txt,1,1688329554,138730,110317,28413,105276,99881
panel/v12_open6_vadim,replay,data/traces/112637448.txt,1,2068079998,116017,94401,21616,103884,110294
panel/v12_open6_vadim,replay,data/traces/112632279.txt,0,409128422,137582,129912,7670,91132,96962
panel/v12_open6_vadim,replay,data/traces/112626855.txt,1,829921682,178750,107992,70758,81763,71703
panel/v12_open6_vadim,replay,data/traces/112617125.txt,0,1000810244,152811,108682,44129,76966,76251
panel/v12_open6_vadim,replay,data/traces/112654478.txt,0,1785631914,141153,86423,54730,148376,129638
panel/v12_open6_vadim,replay,data/traces/112616237.txt,0,398187590,172975,24282,148693,86841,79700
panel/v12_open6_vadim,replay,data/traces/112503124.txt,0,987490774,92824,75820,17004,83668,82014
panel/v12_open6_vadim,replay,data/traces/112462531.txt,1,519485320,77180,69962,7218,75258,86421
panel/v12_open6_vadim,replay,data/traces/112462537.txt,1,359173333,161231,33147,128084,107063,97695
panel/v12_open6_vadim,replay,data/traces/112396243.txt,0,427986230,79708,78723,985,94644,94505
panel/v12_open6_vadim,replay,data/traces/112378715.txt,1,146404141,78144,81780,-3636,78560,84946
panel/v12_open6_vadim,replay,data/traces/112361930.txt,0,465567551,93095,105036,-11941,112181,114749
panel/v12_open6_vadim,replay,data/traces/112346122.txt,0,1466411344,142148,107496,34652,89103,79804
panel/v12_open6_vadim,replay,data/traces/112330549.txt,1,380056407,131038,127269,3769,87865,80205
panel/v12_open6_vadim,replay,data/traces/112286808.txt,1,1307816317,189408,15766,173642,111093,82147
panel/v12_open6_vadim,replay,data/traces/112279383.txt,0,369266329,126034,73319,52715,125376,115904
panel/v12_open6_vadim,replay,data/traces/112271999.txt,1,2024799368,165106,9929,155177,93412,80816
panel/v12_open6_vadim,replay,data/traces/112258534.txt,0,990193199,124779,50546,74233,80611,76293
panel/v12_open6_vadim,replay,data/traces/112226836.txt,1,1651122030,176161,114403,61758,108992,103161
panel/v12_open6_vadim,replay,data/traces/112212987.txt,1,426346919,137541,91176,46365,164160,146752
panel/v12_open6_vadim,replay,data/traces/112878946.txt,0,1550050350,140684,103333,37351,113781,115502
panel/v12_open6_vadim,replay,data/traces/112862551.txt,0,597683262,136829,91727,45102,89424,97417
panel/v12_open6_vadim,replay,data/traces/112861061.txt,1,652003659,99206,107382,-8176,117144,111108
panel/v12_open6_vadim,replay,data/traces/112846229.txt,0,1609498403,122933,59137,63796,92359,87749
panel/v12_open6_vadim,replay,data/traces/112830783.txt,1,572472665,92370,94134,-1764,92934,89187
panel/v12_open6_vadim,replay,data/traces/112829996.txt,0,211633960,95780,68714,27066,97191,101117
panel/v12_open6_vadim,replay,data/traces/112822003.txt,0,658386570,115035,104329,10706,102200,88349
panel/v12_open6_vadim,replay,data/traces/112794039.txt,0,1772685646,114070,96435,17635,106170,110333
panel/v12_open6_vadim,replay,data/traces/112769830.txt,0,985340199,87321,84712,2609,116873,123633
panel/v12_open6_vadim,replay,data/traces/112746420.txt,1,1021819996,102109,101870,239,81788,79841
panel/v12_open6_vadim,replay,data/traces/112730189.txt,0,858010337,106326,108431,-2105,130631,128363
panel/v12_open6_vadim,replay,data/traces/112724470.txt,1,1820231052,159637,95067,64570,97930,92272
panel/v12_open6_vadim,replay,data/traces/112690414.txt,0,976872641,75627,77345,-1718,95751,99439
panel/v12_open6_vadim,replay,data/traces/112686947.txt,0,730671115,130069,105828,24241,112745,107829
panel/v12_open6_vadim,replay,data/traces/112679068.txt,0,1080694309,93607,80419,13188,118710,109281
panel/v12_open6_vadim,replay,data/traces/112675193.txt,1,900140237,136777,103140,33637,142326,129595
panel/v12_open6_vadim,replay,data/traces/112901992.txt,1,1049545150,114986,91092,23894,80911,82000
panel/v12_open6_vadim,replay,data/traces/112901660.txt,0,1143114248,107261,72741,34520,134151,105498
panel/v12_open6_vadim,replay,data/traces/112898153.txt,1,203817414,96643,89088,7555,99559,85406
panel/v12_open6_vadim,replay,data/traces/112893751.txt,0,1859635584,131613,125049,6564,121739,121502
panel/v12_open6_vadim,replay,data/traces/112888751.txt,1,2006789615,114364,75289,39075,130245,105141
panel/v12_open6_vadim,replay,data/traces/112878228.txt,0,1929055367,96334,57969,38365,100862,77561
panel/v12_open6_vadim,replay,data/traces/112868812.txt,0,1310499696,136160,87071,49089,120867,96664
panel/v12_open6_vadim,replay,data/traces/112863375.txt,1,1158130191,107536,103181,4355,107195,100728
panel/v12_open6_vadim,replay,data/traces/112862816.txt,1,930954182,103618,86358,17260,140648,126732
panel/v12_open6_vadim,replay,data/traces/112861672.txt,1,151597434,177342,25322,152020,138951,119838
panel/v12_open6_vadim,replay,data/traces/112850054.txt,1,1167736,68716,54798,13918,119396,77061
panel/v12_open6_vadim,replay,data/traces/112847788.txt,1,631327013,128518,7264,121254,95940,27823
panel/v12_open6_vadim,replay,data/traces/112901178.txt,0,182532323,138882,81274,57608,118725,83238
panel/v12_open6_vadim,replay,data/traces/112900047.txt,1,1980858488,152959,42103,110856,96775,74285
panel/v12_open6_vadim,replay,data/traces/112896592.txt,0,1137775888,131077,82210,48867,116992,72595
panel/v12_open6_vadim,replay,data/traces/112878946.txt,1,1550050350,112381,73962,38419,115502,113781
panel/v12_open6_vadim,replay,data/traces/112878538.txt,0,65259409,117765,97906,19859,94694,100890
panel/v12_open6_vadim,replay,data/traces/112854357.txt,1,1720475956,143898,41005,102893,96398,88075
panel/v12_open6_vadim,replay,data/traces/112735805.txt,0,401397591,117043,59317,57726,89517,92096
panel/v12_open6_vadim,replay,data/traces/112642987.txt,0,584355409,88337,84292,4045,88978,87661
panel/v12_open6_vadim,replay,data/traces/112639482.txt,1,1150669065,146224,88720,57504,141265,150418
panel/v12_open6_vadim,replay,data/traces/112626855.txt,0,829921682,136364,88436,47928,71703,81763
panel/v12_open6_vadim,replay,data/traces/112616236.txt,1,1084420597,115981,102280,13701,93508,100716
panel/v12_open6_vadim,replay,data/traces/112589319.txt,0,1085715727,111188,113218,-2030,112316,124831
panel/v12_open6_vadim,replay,data/traces/112505268.txt,1,983635388,140787,107015,33772,99240,98528
panel/v12_open6_vadim,replay,data/traces/112491246.txt,0,1275843248,63604,59292,4312,140446,135222
panel/v12_open6_vadim,replay,data/traces/112897733.txt,1,302661326,123997,107713,16284,100043,58478
panel/v12_open6_vadim,replay,data/traces/112894250.txt,1,435192026,131128,128796,2332,206478,74157
panel/v12_open6_vadim,replay,data/traces/112891989.txt,0,1156944662,90523,74903,15620,153891,96123
panel/v12_open6_vadim,replay,data/traces/112853383.txt,0,2002258695,155071,66600,88471,88659,91914
panel/v12_open6_vadim,replay,data/traces/112794039.txt,1,1772685646,96008,69360,26648,110333,106170
panel/v12_open6_vadim,replay,data/traces/112679068.txt,1,1080694309,153464,101767,51697,109281,118710
panel/v12_open6_vadim,replay,data/traces/112646296.txt,1,1553677118,133535,94326,39209,83312,88683
panel/v12_open6_vadim,replay,data/traces/112601402.txt,1,1441262148,128926,93398,35528,93619,101617
panel/v12_open6_vadim,replay,data/traces/112561571.txt,1,459305426,135777,94563,41214,106446,112946
panel/v12_open6_vadim,replay,data/traces/112893751.txt,1,1859635584,113159,103099,10060,121502,121739
panel/v12_open6_vadim,replay,data/traces/112884689.txt,1,1358502768,77506,70999,6507,118114,102849
panel/v12_open6_vadim,replay,data/traces/112872664.txt,0,1968456369,159472,110387,49085,106613,107377
panel/v12_open6_vadim,replay,data/traces/112841312.txt,1,1846265686,147856,109385,38471,90878,87305
panel/v12_open6_vadim,replay,data/traces/112836021.txt,0,867794122,144763,71079,73684,147719,148877
panel/v12_open6_vadim,replay,data/traces/112830034.txt,0,1801696520,126208,125260,948,128311,118844
panel/v12_open6_vadim,replay,data/traces/112801017.txt,1,1052798484,106890,100810,6080,84712,89945
panel/v12_open6_vadim,replay,data/traces/112792878.txt,0,61272947,131681,95810,35871,126250,126702
panel/v12_open6_vadim,replay,data/traces/112757903.txt,1,1215990968,156544,57792,98752,133015,150410
panel/v12_open6_vadim,replay,data/traces/112749902.txt,1,2012408240,121124,123004,-1880,97061,101251
panel/v12_open6_vadim,replay,data/traces/112735805.txt,1,401397591,88803,85345,3458,92096,89517
panel/v12_open6_vadim,replay,data/traces/112733515.txt,1,394471166,105375,78637,26738,97136,106741
panel/v12_open6_vadim,replay,data/traces/112728907.txt,1,758365951,90508,90795,-287,79404,90670
panel/v12_open6_vadim,replay,data/traces/112721923.txt,0,224020109,112561,93820,18741,91455,95661
panel/v12_open6_vadim,replay,data/traces/112698759.txt,0,823034285,133768,53634,80134,149938,154772
panel/v12_open6_vadim,replay,data/traces/112686947.txt,1,730671115,92758,102984,-10226,107829,112745
panel/x10_gates,replay,data/traces/112895991.txt,1,1644432648,101393,90328,11065,180619,153699
panel/x10_gates,replay,data/traces/112894098.txt,1,201536810,179200,103828,75372,113525,99999
panel/x10_gates,replay,data/traces/112891809.txt,1,598297033,95836,102851,-7015,120435,108057
panel/x10_gates,replay,data/traces/112876320.txt,1,476152589,201438,76339,125099,102021,61723
panel/x10_gates,replay,data/traces/112659230.txt,1,2038884264,147965,105159,42806,86540,143085
panel/x10_gates,replay,data/traces/112585731.txt,1,844736241,131683,75967,55716,102835,167577
panel/x10_gates,replay,data/traces/112531901.txt,0,1130804311,105520,106043,-523,101957,96458
panel/x10_gates,replay,data/traces/112499720.txt,1,1497090242,95466,90779,4687,100556,97872
panel/x10_gates,replay,data/traces/112471604.txt,0,998350072,91052,100483,-9431,128198,115014
panel/x10_gates,replay,data/traces/112446065.txt,0,1299923010,141837,63631,78206,136906,127039
panel/x10_gates,replay,data/traces/112437698.txt,0,1614861397,94083,65995,28088,92016,87629
panel/x10_gates,replay,data/traces/112421116.txt,0,1628081126,147900,95663,52237,109273,91536
panel/x10_gates,replay,data/traces/112417447.txt,0,1389258819,133656,58417,75239,75782,66377
panel/x10_gates,replay,data/traces/112405569.txt,0,1085226792,152712,110080,42632,98080,85602
panel/x10_gates,replay,data/traces/112901992.txt,0,1049545150,145524,88908,56616,82000,80911
panel/x10_gates,replay,data/traces/112890239.txt,0,2063263451,164678,102286,62392,106438,97966
panel/x10_gates,replay,data/traces/112884369.txt,0,315410585,201535,0,201535,103328,94305
panel/x10_gates,replay,data/traces/112878538.txt,1,65259409,192855,53341,139514,100890,94694
panel/x10_gates,replay,data/traces/112875034.txt,0,247098952,101760,67149,34611,89724,74859
panel/x10_gates,replay,data/traces/112873844.txt,1,1688663938,86620,50992,35628,109053,100820
panel/x10_gates,replay,data/traces/112872664.txt,1,1968456369,91526,87488,4038,107377,106613
panel/x10_gates,replay,data/traces/112867945.txt,1,1980437913,169787,243,169544,87169,80610
panel/x10_gates,replay,data/traces/112864461.txt,1,1150097132,151463,4904,146559,120166,109868
panel/x10_gates,replay,data/traces/112863241.txt,1,1326820366,105578,92942,12636,104851,90971
panel/x10_gates,replay,data/traces/112862128.txt,1,171589976,111830,103685,8145,99921,86499
panel/x10_gates,replay,data/traces/112850332.txt,0,1218725851,99922,94767,5155,92153,83674
panel/x10_gates,replay,data/traces/112829996.txt,1,211633960,152259,91320,60939,101117,97191
panel/x10_gates,replay,data/traces/112806073.txt,1,1991185039,87718,73173,14545,126893,67185
panel/x10_gates,replay,data/traces/112769830.txt,1,985340199,112881,100513,12368,123633,116873
panel/x10_gates,replay,data/traces/112642010.txt,0,329948488,114935,80410,34525,132405,124937
panel/x10_gates,replay,data/traces/112901784.txt,0,2000658955,167884,49995,117889,142586,112816
panel/x10_gates,replay,data/traces/112892354.txt,0,2005662201,185252,90217,95035,124287,88866
panel/x10_gates,replay,data/traces/112890005.txt,0,1452090302,113341,44821,68520,101127,80618
panel/x10_gates,replay,data/traces/112888845.txt,0,285692199,88332,96421,-8089,119485,95751
panel/x10_gates,replay,data/traces/112885342.txt,1,551771902,108296,86196,22100,114188,97372
panel/x10_gates,replay,data/traces/112880657.txt,1,2016708405,120657,45907,74750,142650,121361
panel/x10_gates,replay,data/traces/112878314.txt,0,2083988403,116607,53139,63468,124520,101753
panel/x10_gates,replay,data/traces/112875475.txt,1,1496757983,216093,27952,188141,85717,58948
panel/x10_gates,replay,data/traces/112864240.txt,0,1494161876,136565,59620,76945,137452,122839
panel/x10_gates,replay,data/traces/112863066.txt,1,857129106,163573,49496,114077,118292,86896
panel/x10_gates,replay,data/traces/112858395.txt,1,1096247145,105423,36259,69164,128400,101398
panel/x10_gates,replay,data/traces/112853552.txt,0,419625600,184160,33569,150591,123234,87935
panel/x10_gates,replay,data/traces/112852343.txt,0,1291321718,175025,8388,166637,121939,92633
panel/x10_gates,replay,data/traces/112831625.txt,1,383964947,190297,92095,98202,141050,51011
panel/x10_gates,replay,data/traces/112728907.txt,0,758365951,75382,80487,-5105,90670,79404
panel/x10_gates,replay,data/traces/112589319.txt,1,1085715727,124494,110577,13917,124831,112316
panel/x10_gates,replay,data/traces/112890239.txt,1,2063263451,163152,117492,45660,97966,106438
panel/x10_gates,replay,data/traces/112853383.txt,1,2002258695,112333,108406,3927,91914,88659
panel/x10_gates,replay,data/traces/112843959.txt,0,1270071376,162575,112090,50485,118057,126201
panel/x10_gates,replay,data/traces/112836021.txt,1,867794122,128173,113963,14210,148877,147719
panel/x10_gates,replay,data/traces/112822003.txt,1,658386570,105003,82501,22502,88349,102200
panel/x10_gates,replay,data/traces/112776803.txt,0,367822176,152673,122205,30468,88808,92268
panel/x10_gates,replay,data/traces/112757903.txt,0,1215990968,110985,110379,606,150410,133015
panel/x10_gates,replay,data/traces/112749903.txt,0,2099715200,156692,107483,49209,94209,91110
panel/x10_gates,replay,data/traces/112741826.txt,0,1782755185,124145,135249,-11104,123974,128145
panel/x10_gates,replay,data/traces/112698759.txt,1,823034285,132962,127448,5514,154772,149938
panel/x10_gates,replay,data/traces/112654478.txt,1,1785631914,86173,74274,11899,129638,148376
panel/x10_gates,replay,data/traces/112642909.txt,1,1688329554,136042,75127,60915,105276,99881
panel/x10_gates,replay,data/traces/112637448.txt,1,2068079998,124214,107156,17058,103884,110294
panel/x10_gates,replay,data/traces/112632279.txt,0,409128422,137158,111263,25895,91132,96962
panel/x10_gates,replay,data/traces/112626855.txt,1,829921682,177807,106561,71246,81763,71703
panel/x10_gates,replay,data/traces/112617125.txt,0,1000810244,193386,115612,77774,76966,76251
panel/x10_gates,replay,data/traces/112654478.txt,0,1785631914,79679,78246,1433,148376,129638
panel/x10_gates,replay,data/traces/112616237.txt,0,398187590,185949,20745,165204,86841,79700
panel/x10_gates,replay,data/traces/112503124.txt,0,987490774,81086,68856,12230,83668,82014
panel/x10_gates,replay,data/traces/112462531.txt,1,519485320,124950,99961,24989,75258,86421
panel/x10_gates,replay,data/traces/112462537.txt,1,359173333,226784,42891,183893,107063,97695
panel/x10_gates,replay,data/traces/112396243.txt,0,427986230,88550,70932,17618,94644,94505
panel/x10_gates,replay,data/traces/112378715.txt,1,146404141,99030,99768,-738,78560,84946
panel/x10_gates,replay,data/traces/112361930.txt,0,465567551,80230,85565,-5335,112181,114749
panel/x10_gates,replay,data/traces/112346122.txt,0,1466411344,151876,114379,37497,89103,79804
panel/x10_gates,replay,data/traces/112330549.txt,1,380056407,147358,132226,15132,87865,80205
panel/x10_gates,replay,data/traces/112286808.txt,1,1307816317,170444,4101,166343,111093,82147
panel/x10_gates,replay,data/traces/112279383.txt,0,369266329,140589,80901,59688,125376,115904
panel/x10_gates,replay,data/traces/112271999.txt,1,2024799368,176131,20638,155493,93412,80816
panel/x10_gates,replay,data/traces/112258534.txt,0,990193199,80925,49610,31315,80611,76293
panel/x10_gates,replay,data/traces/112226836.txt,1,1651122030,175192,121376,53816,108992,103161
panel/x10_gates,replay,data/traces/112212987.txt,1,426346919,116569,69755,46814,164160,146752
panel/x10_gates,replay,data/traces/112878946.txt,0,1550050350,117317,117135,182,113781,115502
panel/x10_gates,replay,data/traces/112862551.txt,0,597683262,165048,94137,70911,89424,97417
panel/x10_gates,replay,data/traces/112861061.txt,1,652003659,97928,87374,10554,117144,111108
panel/x10_gates,replay,data/traces/112846229.txt,0,1609498403,115109,67217,47892,92359,87749
panel/x10_gates,replay,data/traces/112830783.txt,1,572472665,79418,74038,5380,92934,89187
panel/x10_gates,replay,data/traces/112829996.txt,0,211633960,116451,95541,20910,97191,101117
panel/x10_gates,replay,data/traces/112822003.txt,0,658386570,152964,131202,21762,102200,88349
panel/x10_gates,replay,data/traces/112794039.txt,0,1772685646,94044,85134,8910,106170,110333
panel/x10_gates,replay,data/traces/112769830.txt,0,985340199,134587,118940,15647,116873,123633
panel/x10_gates,replay,data/traces/112746420.txt,1,1021819996,172265,94594,77671,81788,79841
panel/x10_gates,replay,data/traces/112730189.txt,0,858010337,119305,84105,35200,130631,128363
panel/x10_gates,replay,data/traces/112724470.txt,1,1820231052,176849,90241,86608,97930,92272
panel/x10_gates,replay,data/traces/112690414.txt,0,976872641,76083,69420,6663,95751,99439
panel/x10_gates,replay,data/traces/112686947.txt,0,730671115,116468,88181,28287,112745,107829
panel/x10_gates,replay,data/traces/112679068.txt,0,1080694309,150337,128780,21557,118710,109281
panel/x10_gates,replay,data/traces/112675193.txt,1,900140237,110170,41299,68871,142326,129595
panel/x10_gates,replay,data/traces/112901992.txt,1,1049545150,92485,81447,11038,80911,82000
panel/x10_gates,replay,data/traces/112901660.txt,0,1143114248,100786,87156,13630,134151,105498
panel/x10_gates,replay,data/traces/112898153.txt,1,203817414,127771,54668,73103,99559,85406
panel/x10_gates,replay,data/traces/112893751.txt,0,1859635584,146799,131513,15286,121739,121502
panel/x10_gates,replay,data/traces/112888751.txt,1,2006789615,200947,139693,61254,130245,105141
panel/x10_gates,replay,data/traces/112878228.txt,0,1929055367,138627,55630,82997,100862,77561
panel/x10_gates,replay,data/traces/112868812.txt,0,1310499696,96928,64363,32565,120867,96664
panel/x10_gates,replay,data/traces/112863375.txt,1,1158130191,79849,74120,5729,107195,100728
panel/x10_gates,replay,data/traces/112862816.txt,1,930954182,98066,82995,15071,140648,126732
panel/x10_gates,replay,data/traces/112861672.txt,1,151597434,165694,24684,141010,138951,119838
panel/x10_gates,replay,data/traces/112850054.txt,1,1167736,87683,76246,11437,119396,77061
panel/x10_gates,replay,data/traces/112847788.txt,1,631327013,80677,72320,8357,95940,27823
panel/x10_gates,replay,data/traces/112901178.txt,0,182532323,155947,83873,72074,118725,83238
panel/x10_gates,replay,data/traces/112900047.txt,1,1980858488,123594,54541,69053,96775,74285
panel/x10_gates,replay,data/traces/112896592.txt,0,1137775888,113202,64319,48883,116992,72595
panel/x10_gates,replay,data/traces/112878946.txt,1,1550050350,160268,82512,77756,115502,113781
panel/x10_gates,replay,data/traces/112878538.txt,0,65259409,85007,76384,8623,94694,100890
panel/x10_gates,replay,data/traces/112854357.txt,1,1720475956,120578,39187,81391,96398,88075
panel/x10_gates,replay,data/traces/112735805.txt,0,401397591,113805,66289,47516,89517,92096
panel/x10_gates,replay,data/traces/112642987.txt,0,584355409,96117,89137,6980,88978,87661
panel/x10_gates,replay,data/traces/112639482.txt,1,1150669065,191858,96117,95741,141265,150418
panel/x10_gates,replay,data/traces/112626855.txt,0,829921682,127327,87372,39955,71703,81763
panel/x10_gates,replay,data/traces/112616236.txt,1,1084420597,115753,88581,27172,93508,100716
panel/x10_gates,replay,data/traces/112589319.txt,0,1085715727,101653,100838,815,112316,124831
panel/x10_gates,replay,data/traces/112505268.txt,1,983635388,155556,104333,51223,99240,98528
panel/x10_gates,replay,data/traces/112491246.txt,0,1275843248,108697,57514,51183,140446,135222
panel/x10_gates,replay,data/traces/112897733.txt,1,302661326,115306,98112,17194,100043,58478
panel/x10_gates,replay,data/traces/112894250.txt,1,435192026,129628,106962,22666,206478,74157
panel/x10_gates,replay,data/traces/112891989.txt,0,1156944662,104640,92836,11804,153891,96123
panel/x10_gates,replay,data/traces/112853383.txt,0,2002258695,145849,97519,48330,88659,91914
panel/x10_gates,replay,data/traces/112794039.txt,1,1772685646,135555,111994,23561,110333,106170
panel/x10_gates,replay,data/traces/112679068.txt,1,1080694309,127808,99125,28683,109281,118710
panel/x10_gates,replay,data/traces/112646296.txt,1,1553677118,131848,91502,40346,83312,88683
panel/x10_gates,replay,data/traces/112601402.txt,1,1441262148,106085,86598,19487,93619,101617
panel/x10_gates,replay,data/traces/112561571.txt,1,459305426,135933,81306,54627,106446,112946
panel/x10_gates,replay,data/traces/112893751.txt,1,1859635584,141047,131705,9342,121502,121739
panel/x10_gates,replay,data/traces/112884689.txt,1,1358502768,197283,42762,154521,118114,102849
panel/x10_gates,replay,data/traces/112872664.txt,0,1968456369,98018,101724,-3706,106613,107377
panel/x10_gates,replay,data/traces/112841312.txt,1,1846265686,89669,88721,948,90878,87305
panel/x10_gates,replay,data/traces/112836021.txt,0,867794122,201842,73120,128722,147719,148877
panel/x10_gates,replay,data/traces/112830034.txt,0,1801696520,149615,115658,33957,128311,118844
panel/x10_gates,replay,data/traces/112801017.txt,1,1052798484,129125,109445,19680,84712,89945
panel/x10_gates,replay,data/traces/112792878.txt,0,61272947,110494,112591,-2097,126250,126702
panel/x10_gates,replay,data/traces/112757903.txt,1,1215990968,188712,49789,138923,133015,150410
panel/x10_gates,replay,data/traces/112749902.txt,1,2012408240,84560,116788,-32228,97061,101251
panel/x10_gates,replay,data/traces/112735805.txt,1,401397591,104606,94156,10450,92096,89517
panel/x10_gates,replay,data/traces/112733515.txt,1,394471166,138492,103228,35264,97136,106741
panel/x10_gates,replay,data/traces/112728907.txt,1,758365951,92642,88799,3843,79404,90670
panel/x10_gates,replay,data/traces/112721923.txt,0,224020109,174365,105338,69027,91455,95661
panel/x10_gates,replay,data/traces/112698759.txt,0,823034285,154264,72122,82142,149938,154772
panel/x10_gates,replay,data/traces/112686947.txt,1,730671115,115828,105240,10588,107829,112745
panel/x1_gates,replay,data/traces/112895991.txt,1,1644432648,113735,79746,33989,180619,153699
panel/x1_gates,replay,data/traces/112894098.txt,1,201536810,179200,103828,75372,113525,99999
panel/x1_gates,replay,data/traces/112891809.txt,1,598297033,83415,86688,-3273,120435,108057
panel/x1_gates,replay,data/traces/112876320.txt,1,476152589,162642,76246,86396,102021,61723
panel/x1_gates,replay,data/traces/112659230.txt,1,2038884264,130503,87810,42693,86540,143085
panel/x1_gates,replay,data/traces/112585731.txt,1,844736241,131976,84469,47507,102835,167577
panel/x1_gates,replay,data/traces/112531901.txt,0,1130804311,111869,103955,7914,101957,96458
panel/x1_gates,replay,data/traces/112499720.txt,1,1497090242,95466,90779,4687,100556,97872
panel/x1_gates,replay,data/traces/112471604.txt,0,998350072,105952,118613,-12661,128198,115014
panel/x1_gates,replay,data/traces/112446065.txt,0,1299923010,141095,62856,78239,136906,127039
panel/x1_gates,replay,data/traces/112437698.txt,0,1614861397,109829,72516,37313,92016,87629
panel/x1_gates,replay,data/traces/112421116.txt,0,1628081126,120801,84663,36138,109273,91536
panel/x1_gates,replay,data/traces/112417447.txt,0,1389258819,133656,58417,75239,75782,66377
panel/x1_gates,replay,data/traces/112405569.txt,0,1085226792,152712,110080,42632,98080,85602
panel/x1_gates,replay,data/traces/112901992.txt,0,1049545150,134232,79311,54921,82000,80911
panel/x1_gates,replay,data/traces/112890239.txt,0,2063263451,158073,60868,97205,106438,97966
panel/x1_gates,replay,data/traces/112884369.txt,0,315410585,196092,0,196092,103328,94305
panel/x1_gates,replay,data/traces/112878538.txt,1,65259409,179877,50637,129240,100890,94694
panel/x1_gates,replay,data/traces/112875034.txt,0,247098952,70743,74115,-3372,89724,74859
panel/x1_gates,replay,data/traces/112873844.txt,1,1688663938,107129,64309,42820,109053,100820
panel/x1_gates,replay,data/traces/112872664.txt,1,1968456369,78805,77470,1335,107377,106613
panel/x1_gates,replay,data/traces/112867945.txt,1,1980437913,191304,1283,190021,87169,80610
panel/x1_gates,replay,data/traces/112864461.txt,1,1150097132,141541,4691,136850,120166,109868
panel/x1_gates,replay,data/traces/112863241.txt,1,1326820366,124234,105430,18804,104851,90971
panel/x1_gates,replay,data/traces/112862128.txt,1,171589976,111830,103685,8145,99921,86499
panel/x1_gates,replay,data/traces/112850332.txt,0,1218725851,99922,94767,5155,92153,83674
panel/x1_gates,replay,data/traces/112829996.txt,1,211633960,152259,91320,60939,101117,97191
panel/x1_gates,replay,data/traces/112806073.txt,1,1991185039,90069,67735,22334,126893,67185
panel/x1_gates,replay,data/traces/112769830.txt,1,985340199,96879,82455,14424,123633,116873
panel/x1_gates,replay,data/traces/112642010.txt,0,329948488,107090,68452,38638,132405,124937
panel/x1_gates,replay,data/traces/112901784.txt,0,2000658955,189482,50232,139250,142586,112816
panel/x1_gates,replay,data/traces/112892354.txt,0,2005662201,185252,90217,95035,124287,88866
panel/x1_gates,replay,data/traces/112890005.txt,0,1452090302,109800,44982,64818,101127,80618
panel/x1_gates,replay,data/traces/112888845.txt,0,285692199,86210,97038,-10828,119485,95751
panel/x1_gates,replay,data/traces/112885342.txt,1,551771902,144430,119971,24459,114188,97372
panel/x1_gates,replay,data/traces/112880657.txt,1,2016708405,109581,54906,54675,142650,121361
panel/x1_gates,replay,data/traces/112878314.txt,0,2083988403,116607,53139,63468,124520,101753
panel/x1_gates,replay,data/traces/112875475.txt,1,1496757983,211749,29060,182689,85717,58948
panel/x1_gates,replay,data/traces/112864240.txt,0,1494161876,128401,61280,67121,137452,122839
panel/x1_gates,replay,data/traces/112863066.txt,1,857129106,175854,46338,129516,118292,86896
panel/x1_gates,replay,data/traces/112858395.txt,1,1096247145,146740,30198,116542,128400,101398
panel/x1_gates,replay,data/traces/112853552.txt,0,419625600,194083,38967,155116,123234,87935
panel/x1_gates,replay,data/traces/112852343.txt,0,1291321718,175700,8220,167480,121939,92633
panel/x1_gates,replay,data/traces/112831625.txt,1,383964947,143875,74525,69350,141050,51011
panel/x1_gates,replay,data/traces/112728907.txt,0,758365951,90278,93852,-3574,90670,79404
panel/x1_gates,replay,data/traces/112589319.txt,1,1085715727,108933,97361,11572,124831,112316
panel/x1_gates,replay,data/traces/112890239.txt,1,2063263451,152063,111820,40243,97966,106438
panel/x1_gates,replay,data/traces/112853383.txt,1,2002258695,112333,108406,3927,91914,88659
panel/x1_gates,replay,data/traces/112843959.txt,0,1270071376,117741,81361,36380,118057,126201
panel/x1_gates,replay,data/traces/112836021.txt,1,867794122,172048,162215,9833,148877,147719
panel/x1_gates,replay,data/traces/112822003.txt,1,658386570,78276,64122,14154,88349,102200
panel/x1_gates,replay,data/traces/112776803.txt,0,367822176,139638,116660,22978,88808,92268
panel/x1_gates,replay,data/traces/112757903.txt,0,1215990968,121371,131530,-10159,150410,133015
panel/x1_gates,replay,data/traces/112749903.txt,0,2099715200,156692,107483,49209,94209,91110
panel/x1_gates,replay,data/traces/112741826.txt,0,1782755185,124145,135249,-11104,123974,128145
panel/x1_gates,replay,data/traces/112698759.txt,1,823034285,132962,127448,5514,154772,149938
panel/x1_gates,replay,data/traces/112654478.txt,1,1785631914,86173,74274,11899,129638,148376
panel/x1_gates,replay,data/traces/112642909.txt,1,1688329554,92190,80130,12060,105276,99881
panel/x1_gates,replay,data/traces/112637448.txt,1,2068079998,130833,110089,20744,103884,110294
panel/x1_gates,replay,data/traces/112632279.txt,0,409128422,137158,111263,25895,91132,96962
panel/x1_gates,replay,data/traces/112626855.txt,1,829921682,177807,106561,71246,81763,71703
panel/x1_gates,replay,data/traces/112617125.txt,0,1000810244,161354,105625,55729,76966,76251
panel/x1_gates,replay,data/traces/112654478.txt,0,1785631914,79679,78246,1433,148376,129638
panel/x1_gates,replay,data/traces/112616237.txt,0,398187590,154375,20450,133925,86841,79700
panel/x1_gates,replay,data/traces/112503124.txt,0,987490774,81086,68856,12230,83668,82014
panel/x1_gates,replay,data/traces/112462531.txt,1,519485320,124950,99961,24989,75258,86421
panel/x1_gates,replay,data/traces/112462537.txt,1,359173333,219024,42231,176793,107063,97695
panel/x1_gates,replay,data/traces/112396243.txt,0,427986230,88025,71402,16623,94644,94505
panel/x1_gates,replay,data/traces/112378715.txt,1,146404141,99030,99768,-738,78560,84946
panel/x1_gates,replay,data/traces/112361930.txt,0,465567551,80230,85565,-5335,112181,114749
panel/x1_gates,replay,data/traces/112346122.txt,0,1466411344,151876,114379,37497,89103,79804
panel/x1_gates,replay,data/traces/112330549.txt,1,380056407,124275,121055,3220,87865,80205
panel/x1_gates,replay,data/traces/112286808.txt,1,1307816317,173195,4164,169031,111093,82147
panel/x1_gates,replay,data/traces/112279383.txt,0,369266329,122489,93639,28850,125376,115904
panel/x1_gates,replay,data/traces/112271999.txt,1,2024799368,176131,20638,155493,93412,80816
panel/x1_gates,replay,data/traces/112258534.txt,0,990193199,86032,55761,30271,80611,76293
panel/x1_gates,replay,data/traces/112226836.txt,1,1651122030,131857,93098,38759,108992,103161
panel/x1_gates,replay,data/traces/112212987.txt,1,426346919,134463,79769,54694,164160,146752
panel/x1_gates,replay,data/traces/112878946.txt,0,1550050350,117161,114876,2285,113781,115502
panel/x1_gates,replay,data/traces/112862551.txt,0,597683262,166533,94129,72404,89424,97417
panel/x1_gates,replay,data/traces/112861061.txt,1,652003659,97928,87374,10554,117144,111108
panel/x1_gates,replay,data/traces/112846229.txt,0,1609498403,115109,67217,47892,92359,87749
panel/x1_gates,replay,data/traces/112830783.txt,1,572472665,97465,98411,-946,92934,89187
panel/x1_gates,replay,data/traces/112829996.txt,0,211633960,138756,96990,41766,97191,101117
panel/x1_gates,replay,data/traces/112822003.txt,0,658386570,129473,121014,8459,102200,88349
panel/x1_gates,replay,data/traces/112794039.txt,0,1772685646,94044,85134,8910,106170,110333
panel/x1_gates,replay,data/traces/112769830.txt,0,985340199,133892,113482,20410,116873,123633
panel/x1_gates,replay,data/traces/112746420.txt,1,1021819996,173582,97490,76092,81788,79841
panel/x1_gates,replay,data/traces/112730189.txt,0,858010337,153788,128212,25576,130631,128363
panel/x1_gates,replay,data/traces/112724470.txt,1,1820231052,157304,87513,69791,97930,92272
panel/x1_gates,replay,data/traces/112690414.txt,0,976872641,21249,140011,-118762,95751,99439
panel/x1_gates,replay,data/traces/112686947.txt,0,730671115,109524,82398,27126,112745,107829
panel/x1_gates,replay,data/traces/112679068.txt,0,1080694309,150337,128780,21557,118710,109281
panel/x1_gates,replay,data/traces/112675193.txt,1,900140237,109350,38968,70382,142326,129595
panel/x1_gates,replay,data/traces/112901992.txt,1,1049545150,92485,81447,11038,80911,82000
panel/x1_gates,replay,data/traces/112901660.txt,0,1143114248,109436,94421,15015,134151,105498
panel/x1_gates,replay,data/traces/112898153.txt,1,203817414,126139,54538,71601,99559,85406
panel/x1_gates,replay,data/traces/112893751.txt,0,1859635584,132308,124522,7786,121739,121502
panel/x1_gates,replay,data/traces/112888751.txt,1,2006789615,200947,139693,61254,130245,105141
panel/x1_gates,replay,data/traces/112878228.txt,0,1929055367,138627,55630,82997,100862,77561
panel/x1_gates,replay,data/traces/112868812.txt,0,1310499696,105435,65327,40108,120867,96664
panel/x1_gates,replay,data/traces/112863375.txt,1,1158130191,78982,73949,5033,107195,100728
panel/x1_gates,replay,data/traces/112862816.txt,1,930954182,94003,76396,17607,140648,126732
panel/x1_gates,replay,data/traces/112861672.txt,1,151597434,180690,19875,160815,138951,119838
panel/x1_gates,replay,data/traces/112850054.txt,1,1167736,5832,84555,-78723,119396,77061
panel/x1_gates,replay,data/traces/112847788.txt,1,631327013,95088,84605,10483,95940,27823
panel/x1_gates,replay,data/traces/112901178.txt,0,182532323,155947,83873,72074,118725,83238
panel/x1_gates,replay,data/traces/112900047.txt,1,1980858488,123594,54541,69053,96775,74285
panel/x1_gates,replay,data/traces/112896592.txt,0,1137775888,113202,64319,48883,116992,72595
panel/x1_gates,replay,data/traces/112878946.txt,1,1550050350,160727,83542,77185,115502,113781
panel/x1_gates,replay,data/traces/112878538.txt,0,65259409,85007,76384,8623,94694,100890
panel/x1_gates,replay,data/traces/112854357.txt,1,1720475956,136130,33546,102584,96398,88075
panel/x1_gates,replay,data/traces/112735805.txt,0,401397591,120596,72880,47716,89517,92096
panel/x1_gates,replay,data/traces/112642987.txt,0,584355409,96117,89137,6980,88978,87661
panel/x1_gates,replay,data/traces/112639482.txt,1,1150669065,191858,96117,95741,141265,150418
panel/x1_gates,replay,data/traces/112626855.txt,0,829921682,126105,82349,43756,71703,81763
panel/x1_gates,replay,data/traces/112616236.txt,1,1084420597,18249,113610,-95361,93508,100716
panel/x1_gates,replay,data/traces/112589319.txt,0,1085715727,101653,100838,815,112316,124831
panel/x1_gates,replay,data/traces/112505268.txt,1,983635388,159954,99844,60110,99240,98528
panel/x1_gates,replay,data/traces/112491246.txt,0,1275843248,73797,61890,11907,140446,135222
panel/x1_gates,replay,data/traces/112897733.txt,1,302661326,116682,84226,32456,100043,58478
panel/x1_gates,replay,data/traces/112894250.txt,1,435192026,129628,106962,22666,206478,74157
panel/x1_gates,replay,data/traces/112891989.txt,0,1156944662,98450,76767,21683,153891,96123
panel/x1_gates,replay,data/traces/112853383.txt,0,2002258695,145849,97519,48330,88659,91914
panel/x1_gates,replay,data/traces/112794039.txt,1,1772685646,116622,93691,22931,110333,106170
panel/x1_gates,replay,data/traces/112679068.txt,1,1080694309,160160,96453,63707,109281,118710
panel/x1_gates,replay,data/traces/112646296.txt,1,1553677118,108988,76432,32556,83312,88683
panel/x1_gates,replay,data/traces/112601402.txt,1,1441262148,86935,74231,12704,93619,101617
panel/x1_gates,replay,data/traces/112561571.txt,1,459305426,110514,98751,11763,106446,112946
panel/x1_gates,replay,data/traces/112893751.txt,1,1859635584,161919,141969,19950,121502,121739
panel/x1_gates,replay,data/traces/112884689.txt,1,1358502768,195483,35174,160309,118114,102849
panel/x1_gates,replay,data/traces/112872664.txt,0,1968456369,96711,104809,-8098,106613,107377
panel/x1_gates,replay,data/traces/112841312.txt,1,1846265686,89669,88721,948,90878,87305
panel/x1_gates,replay,data/traces/112836021.txt,0,867794122,201842,73120,128722,147719,148877
panel/x1_gates,replay,data/traces/112830034.txt,0,1801696520,149677,119520,30157,128311,118844
panel/x1_gates,replay,data/traces/112801017.txt,1,1052798484,129125,109445,19680,84712,89945
panel/x1_gates,replay,data/traces/112792878.txt,0,61272947,125232,130078,-4846,126250,126702
panel/x1_gates,replay,data/traces/112757903.txt,1,1215990968,188712,49789,138923,133015,150410
panel/x1_gates,replay,data/traces/112749902.txt,1,2012408240,106767,100962,5805,97061,101251
panel/x1_gates,replay,data/traces/112735805.txt,1,401397591,104606,94156,10450,92096,89517
panel/x1_gates,replay,data/traces/112733515.txt,1,394471166,94560,88394,6166,97136,106741
panel/x1_gates,replay,data/traces/112728907.txt,1,758365951,90610,89661,949,79404,90670
panel/x1_gates,replay,data/traces/112721923.txt,0,224020109,174365,105338,69027,91455,95661
panel/x1_gates,replay,data/traces/112698759.txt,0,823034285,164599,76654,87945,149938,154772
panel/x1_gates,replay,data/traces/112686947.txt,1,730671115,115828,105240,10588,107829,112745
